titulo;url;letra;views;composicao
Livin' On a Prayer;https://www.letras.mus.br/bon-jovi/4932/;(Once upon a time, not so long ago)Tommy used to work on the docksUnion's been on strike, he's down on his luckIt's tough, so toughGina works the diner all dayWorking for her man, she brings home her payFor love, for loveShe says: We've got to hold on to what we've gotIt doesn't make a difference if we make it or notWe've got each other and that's a lotFor love, we'll give it a shotWhoa, we're halfway thereOh-oh, living on a prayerTake my hand, we'll make it, I swearOh-oh, living on a prayerTommy's got his six string in hockNow he's holding in what he used to make it talkSo tough, it's toughGina dreams of running awayWhen she cries in the night, Tommy whispersBaby, it's okay, somedayWe've got to hold on to what we've gotIt doesn't make a difference if we make it or notWe've got each other and that's a lotFor love, we'll give it a shotWhoa, we're halfway thereOh-oh, living on a prayerTake my hand, we'll make it, I swearOh-oh, living on a prayerLiving on a prayerOoh, we've got to hold on, ready or notYou live for the fight when that's all that you've gotWhoa, we're halfway thereOh-oh, living on a prayerTake my hand and we'll make it, I swearOh-oh, living on a prayerWhoa, we're halfway thereOh-oh, living on a prayerTake my hand and we'll make it, I swearOh-oh, living on a prayerWhoa, we're halfway thereOh-oh, living on a prayerTake my hand;5.520.512;Desmond Child / Jon Bon Jovi / Richie Sambora
It's My Life;https://www.letras.mus.br/bon-jovi/4924/;This ain't a song for the broken-heartedNo silent prayer for faith-departedI ain't gonna be just a face in the crowdYou're gonna hear my voice when I shout it out loudIt's my life, it's now or neverI ain't gonna live foreverI just want to live while I'm alive(It's my life) my heart is like an open highwayLike Frankie said: I did it my wayI just wanna live while I'm aliveIt's my lifeThis is for the ones who stood their groundFor Tommy and Gina who never backed downTomorrow's getting harder, make no mistakeLuck ain't even lucky, got to make your owns breaksIt's my life, it's now or neverI ain't gonna live foreverI just want to live while I'm alive(It's my life) my heart is like an open highwayLike Frankie said: I did it my wayI just wanna live while I'm alive'Cause it's my lifeBetter stand tall when they're calling you outDon't bend, don't break, baby, don't back downIt's my life, it's now or neverI ain't gonna live foreverI just want to live while I'm alive(It's my life) my heart is like an open highwayLike Frankie said: I did it my wayI just wanna live while I'm aliveIt's my lifeIt's now or neverI ain't gonna live foreverI just want to live while I'm alive(It's my life) my heart is like an open highwayLike Frankie said: I did it my wayI just wanna live while I'm aliveIt's my life;4.321.430;Jon Bon Jovi / Max Martin / Richie Sambora
Always;https://www.letras.mus.br/bon-jovi/4923/;This Romeo is bleedingBut you can't see his bloodIt's nothing but some feelingsThat this old dog kicked upIt's been raining since you left meNow I'm drowning in the floodYou see I've always been a fighterBut without you, I give upI can't sing a love songLike the way it's meant to beWell, I guess I'm not that good anymoreBut, babe, that's just meYeah I will love you, babyAlwaysAnd I'll be there, forever and a dayAlwaysI'll be there till the stars don't shineTill the heavens burst and the words don't rhymeI know when I die, you'll be on my mindAnd I'll love you, alwaysNow your pictures that you left behindAre just memories of a different lifeSome that made us laughSome that made us cryOne that made you have to say good byeWhat I'd give to run my fingers through your hairTo touch your lips, to hold you nearWhen you say your prayers, try to understandI've made mistakes, I'm just a manWhen he holds you closeWhen he pulls you nearWhen he says the wordsYou've been needing to hearI wish I was him, 'cause those words are mineTo say to you till the end of time thatI will love you, babyAlwaysAnd I'll be there, forever and a dayAlwaysIf you told me to cry for you, I couldIf you told me to die for you, I wouldTake a look at my faceThere's no price I won't payTo say these words to youWell, there ain't no luck in this loaded diceBut, babe, if you give me just one more tryWe can pack up our old dreams and our old livesWe'll find a place where the Sun still shines andI will love you, babyAlwaysAnd I'll be there, forever and a dayAlwaysI'll be there till the stars don't shineTill the heavens burst and the words don't rhymeI know when I die, you'll be on my mindAnd I'll love you, alwaysAlwaysOh baby, don't you do me no wrongBaby, don't you do me no wrongOh baby, don't you do me no wrong, oh noOh, yeah, yeah, yeah, yeah;5.741.940;Jon Bon Jovi
Misunderstood;https://www.letras.mus.br/bon-jovi/64854/;Should I? Could I?Have said the wrong things right a thousand timesIf I could just rewind, I see it in my mindIf I could turn back time, you'd still be mineYou cried, I diedI should have shut my mouth, things headed southAs the words slipped off my tongue, they sounded dumbIf this old heart could talk, it'd say you're the oneI'm wasting time when I think about itI should have drove all nightI would have run all the lightsI was misunderstoodI stumbled like my wordsDid the best I couldDamn, misunderstoodCould I? Should I?Apologize for sleeping on the couch that nightStaying out too late with all my friendsYou found me passed out in the yard againYou cried, I triedTo stretch the truth, but didn't lieIt's not so bad when you think about itI should have drove all nightI would have run all the lightsI was misunderstoodI stumbled like my wordsDid the best I couldI'm hanging outside your doorI've been here beforeMisunderstoodI stumbled like my wordsDid the best I couldDamn, misunderstoodIntentions goodIt's you and I, just think about itI should have drove all nightI would have run all the lightsI was misunderstoodI stumbled like my wordsDid the best I could, misunderstoodI'm hanging outside your doorI've been here beforeMisunderstoodI stumbled like my wordsDid the best I couldDamn, misunderstoodIntentions good;1.984.152;Richie Sambora / Jon Bon Jovi / Andreas Carlsson / Desmond Child
Bed Of Roses;https://www.letras.mus.br/bon-jovi/4928/;Sitting here, wasted and woundedAt this old pianoTrying hard to capture the momentThis morning, I don't know'Cause a bottle of vodka is still lodged in my headAnd some blonde gave me nightmaresI think that she's still in my bedAs I dream about movies they won't make of me when I'm deadWith an ironclad fistI wake up and French kiss the morningWhile some marching band keeps its own beat in my headWhile we're talkingAbout all of the things that I long to believeAbout love, the truth, what you mean to meAnd the truth isBaby, you're all that I needI wanna lay you down in a bed of rosesFor tonight I sleep on a bed of nailsOh, I wanna be just as close as the Holy Ghost isAnd lay you down on a bed of rosesWell, I'm so far awayEach step that I take is on my way homeA king's ransom in dimesI'd given each night just to see through this payphoneStill I run out of time or it's hard to get throughTill the bird on the wire flies me back to youI'll just close my eyes and whisperBaby, blind love is trueI wanna lay you down in a bed of rosesFor tonight I sleep on a bed of nailsOh, I wanna be just as close as the Holy Ghost isAnd lay you down on a bed of rosesWell, this hotel bar's hangover, whiskey's gone dryThe barkeeper's wig's crookedAnd she's giving me the eyeI might have said: YeahBut I laughed so hard I think I diedOh, yeahNow, as you close your eyesKnow I'll be thinking about youWhile my mistress, she calls meTo stand in her spotlight againTonight I won't be aloneBut you know that don't mean I'm not lonelyI've got nothing to proveFor it's you that I'd die to defendI wanna lay you down in a bed of rosesFor tonight I sleep on a bed of nailsOh, I wanna be just as close as the Holy Ghost isAnd lay you downI wanna lay you down in a bed of rosesFor tonight I sleep on a bed of nailsI wanna be just as close as the Holy Ghost isAnd lay you down on a bed of roses;1.637.829;Jon Bon Jovi
I'll Be There For You;https://www.letras.mus.br/bon-jovi/4931/;I guess this time you're really leavingI heard your suitcase say goodbyeWell, as my broken heart lies bleedingYou say: True love, it's suicideYou say you've cried a thousand riversAnd now you're swimming for the shoreYou left me drowning in my tearsAnd you won't save me anymoreI'm praying to God you give me one more chance, girlI'll be there for youThese five words I swear to youWhen you breathe, I wanna be the air for youI'll be there for youI'd live and I'd die for youI'd steal the Sun from the sky for youWords can't say what love can doI'll be there for youI know you know we've had some good timesNow they have their own hiding placeI can promise you tomorrowBut I can't buy back yesterdayAnd, baby, you know my hands are dirty (oh, woman, you know my hands are dirty)But I wanted to be your valentineI'll be the water when you get thirsty, babyWhen you get drunk, I'll be the wine, ohI'll be there for youThese five words I swear to youWhen you breathe, I wanna be the air for youI'll be there for youI'd live and I'd die for youI'd steal the Sun from the sky for youWords can't say what love can doI'll be there for youI wasn't there when you were happy (I wasn't there to make you happy)And I wasn't there when you were down, downI didn't mean to miss your birthday, babyI wish I'd seen you blow those candles outI'll be there for youThese five words I swear to youWhen you breathe, I wanna be the air for youI'll be there for youI'd live and I'd die for youI'd steal the Sun from the sky for youWords can't say what love can doI'll be there for youI'll be there for youThese five words I swear to youWhen you breathe, I wanna be the air for youI'll be there for youI'd live and I'd die for youI'd steal the Sun from the sky for youWords can't say what love can doI'll be there for youWhoa, whoa, whoa, whoa, whoa-oh;1.998.460;Jon Bon Jovi / Richie Sambora
You Give Love A Bad Name;https://www.letras.mus.br/bon-jovi/4964/;Shot through the heart, and you're to blameDarling, you give love a bad nameAn angel's smile is what you sellYou promise me heaven, then put me through hellChains of love got a hold on meWhen passion's a prison, you can't break freeOh, you're a loaded gun, yeahOh, there's nowhere to runNo one can save meThe damage is doneShot through the heart, and you're to blameYou give love a bad name (bad name)I play my part and you play your gameYou give love a bad name (bad name)Hey, you give love a bad namePaint your smile on your lipsBlood-red nails on your fingertipsA school boy's dream, you act so shyYour very first kiss was your first kiss goodbyeOh, you're a loaded gunOh, there's nowhere to runNo one can save meThe damage is doneShot through the heart, and you're to blameYou give love a bad name (bad name)I play my part and you play your gameYou give love a bad name (bad name)You give loveOh, shot through the heart, and you're to blameYou give love a bad nameI play my part and you play your gameYou give love a bad name (bad name)Shot through the heart, and you're to blameYou give love a bad name (bad name)I play my part and you play your gameYou give love a bad name (bad name)You give love (woah, oh-oh-oh)You give love (woah, oh-oh-oh), (bad name)You give love (woah, oh-oh-oh)You give love (woah, oh-oh-oh), (bad name)You give love (woah, oh-oh-oh)You give love (woah, oh-oh-oh), (bad name)You give love (woah, oh-oh-oh);1.545.663;Desmond Child / Richie Sambora / Jon Bon Jovi
These Days;https://www.letras.mus.br/bon-jovi/4939/;I was walking around, just a face in the crowdTrying to keep myself out of the rainSaw a vagabond king wear a styrofoam crownWondered if I might end up the sameThere's a man out on the corner, singing old songs about changeEverybody got their cross to bare, these daysShe came looking for some shelter with a suitcase full of dreamsTo a motel room on the boulevardI guess she's trying to be James DeanShe's seen all the disciples and all the wannabesNo one wants to be themselves these daysStill there's nothing to hold on to but these daysThese days the stars seem out of reachThese days there ain't a ladder on the streetsThese days are fast, nothing lasts in this graceless ageThere ain't nobody left but us these daysJimmy shoes busted both his legs, trying to learn to flyFrom a second story window, he just jumped and closed his eyesHis mamma said he was crazyHe said: Mamma, I've got to tryDon't you know that all my heroes diedAnd I guess I'd rather die than fade awayThese days the stars seem out of reachBut these days, there ain't a ladder on the streetsThese days are fast, nothing lasts, it's a graceless ageEven innocence has caught the midnight trainAnd there ain't nobody left but us these daysI know Rome's still burningThough the times have changedThis world keeps turning 'round and 'round and 'round and 'roundThese daysThese days the stars seem out of reachBut these days there ain't a ladder on the streetsThese days are fast, nothing lastsThere ain't no time to wasteThere ain't nobody left to take the blameThere ain't nobody left but us these daysAin't nobody left but us these days;646.137;Jon Bon Jovi / Richie Sambora
Wanted Dead Or Alive;https://www.letras.mus.br/bon-jovi/4972/;It's all the sameOnly the names will changeEveryday it seems we're wasting awayAnother place where the faces are so coldI'd drive all night just to get back homeI'm a cowboyOn a steel horse I rideI'm wanted dead or aliveWanted dead or aliveSometimes I sleepSometimes is not for daysAnd the people I meetAlways go their separate waysSometimes you tell the dayBy the bottle that you drinkAnd times when you're aloneAll you do is thinkI'm a cowboyOn a steel horse I rideI'm wanted (wanted) dead or aliveWanted (wanted) dead or aliveOh, and I ride!Ooh, I'm a cowboyOn a steel horse I rideI'm wanted (wanted) dead or aliveAnd I walk these streetsA loaded six string on my backI play for keeps'Cause I might not make it backI've been everywhere (oh, yeah)Still, I'm standing tallI've seen a million facesAnd I've rocked them all'Cause I'm a cowboyOn a steel horse I rideI'm wanted (wanted) dead or alive;772.074;Jon Bon Jovi / Richie Sambora
Never Say Goodbye;https://www.letras.mus.br/bon-jovi/4933/;As I sit in this smokey roomThe night about to endI pass my time with strangersBut this bottle's my only friendRemember when we used to parkOn Butler Street, out in the dark?Remember when we lost the keys?And you lost more than that in my backseat, babyRemember how we used to talk about busting out?We'd break their heartsTogether foreverNever say goodbye, never say goodbyeYou and me and my old friendsHoping it would never endSay goodbye, never say goodbyeHoldin' on, we've gotta tryHoldin' on to never say goodbyeRemember days of skipping schoolRacing cars and being cool?With a six-pack and the radioWe didn't need no place to goRemember at the prom that night?You and me, we had a fightBut the band, they played our favorite songAnd I held you in my arms so strongWe danced so closeWe danced so slowAnd I swore I'd never let you goTogether foreverNever say goodbye, never say goodbyeYou and me and my old friendsHoping it would never endSay goodbye, never say goodbyeHoldin' on, we've gotta tryHoldin' on to never say goodbyeOoh, I guess you'd say we used to talkAbout busting outWe'd break their heartsTogether foreverNever say goodbye, never say goodbyeYou and me and my old friendsHoping it would never endSay goodbye, never say goodbyeHoldin' on, we've gotta tryHoldin' on to never say goodbye;580.969;Jon Bon Jovi / Richie Sambora
Thank You For Loving Me;https://www.letras.mus.br/bon-jovi/4925/;It's hard for me to say the thingsI want to say, sometimesThere's no one here but you and meAnd that broken old street lightLock the doorsWe'll leave the world outsideAll I've got to give to youAre these five words, and IThank you for loving meFor being my eyesWhen I couldn't seeFor parting my lipsWhen I couldn't breatheThank you for loving meThank you for loving meI never knew I had a dreamUntil that dream was youWhen I look into your eyesThe sky's a different blueCross my heart, I wear no disguiseIf I tried, you'd make believeThat you believed my liesThank you for loving meFor being my eyesWhen I couldn't seeFor parting my lipsWhen I couldn't breatheThank you for loving meYou pick me up when I fall downYou ring the bell before they count me outIf I was drowning you would part the seaAnd risk your own life to rescue me, yeahYeah, yeah, yeah, yeah, yeah, yeah, yeahLock the doorsWe'll leave the world outsideAll I've got to give to youAre these five words tonight, and IThank you for loving meFor being my eyesOh, when I couldn't seeFor parting my lipsWhen I couldn't breatheThank you for loving meThank you for loving meThank you for loving meOh, for loving me;1.022.764;Jon Bon Jovi / Richie Sambora
Have a Nice Day;https://www.letras.mus.br/bon-jovi/242851/;Why you wanna tell me how to live my life?Who are you to tell me if it's black or white?Mama, can you hear me? Try to understandIs innocence the difference between a boy and a man?My daddy lived the lie, that's just the price that he paidSacrificed his life just slavin' awayOh, if there's one thing I hang ontoThat gets me through the nightI ain't gonna do what I don't want toI'm gonna live my lifeShinin' like a diamond, rollin' with the diceStandin' on the ledge, I show the wind how to flyWhen the world gets in my face, I sayHave a nice dayHave a nice dayTake a look around you, nothing's what it seemsWe're livin' in the broken home of hopes and dreamsLet me be the first to shake a helpin' handAnybody brave enough to take a standI've knocked on every door, on every dead-end streetLookin' for forgiveness, what's left to believe?Oh, if there's one thing I hang ontoThat gets me through the nightI ain't gonna do what I don't want toI'm gonna live my lifeShinin' like a diamond, rollin' with the diceStandin' on the ledge, I show the wind how to flyWhen the world gets in my face I sayHave a nice dayHave a nice dayOh, oh, if there's one thing I hang ontoThat gets me through the nightI ain't gonna do what I don't want toI'm gonna live my lifeShinin' like a diamond, rollin' with the diceStandin' on the ledge, I show the wind how to flyWhen the world gets in my face I sayHave a nice dayHave a nice dayHave a nice day(Have a nice day) when the world keeps tryin' to drag me down(Have a nice day) I gotta raise my hands, I'm gonna stand my ground(Have a nice day) I say: Hey, have a nice dayHave a nice dayHave a nice dayHave a nice day;476.262;John Shanks / Jon Bon Jovi / Richie Sambora
Blaze Of Glory;https://www.letras.mus.br/bon-jovi/1587440/;I wake up in the morning and I raise my weary headI've got an old coat for a pillowAnd the earth was last night's bedI don't know where I'm goin'Only God knows where I've beenI'm a devil on the run, a six-gun loverA candle in the wind, yeahWhen you're brought into this worldThey say you're born in sinWell, at least they gave me somethin'I didn't have to steal or have to winWell, they tell me that I'm wantedYeah, I'm a wanted manI'm a colt in your stable, I'm what Cain was to AbelMister Catch-Me-If-You-CanI'm goin' down in a blaze of gloryTake me now, but know the truthI'm goin' out in a blaze of gloryAnd, Lord, I never drew first, but I drew first bloodI'm no one's son, call me young gunYou ask about my conscienceAnd I offer you my soulYou ask If I'll grow to be a wise manWell, I ask if I'll grow oldYou ask me if I've known love and what it's like to sing songs in the rainWell, I've seen love come, I've seen it shot downI've seen it die in vainShot down in a blaze of gloryTake me now, but know the truth'Cause I'm goin' out in a blaze of gloryLord, I never drew first, but I drew first bloodI'm the devil's son, call me young gunYeahEach night I go to bedI pray the Lord my soul to keepNo, I ain't lookin' for forgivenessBut before I'm six foot deepLord, I gotta ask a favorAnd I'll hope You'll understand'Cause I've lived life to the fullestLet this boy die like a manStarin' down a bulletLet me make my final standShot down in a blaze of gloryTake me now, but know the truthI'm goin' out in a blaze of gloryLord, I never drew first, but I drew first bloodAnd I'm no one's son, call me young gunI'm a young gun, yeahYoung gun, yeah, yeah, yeahYoung gun;516.448;Jon Bon Jovi
Miracle;https://www.letras.mus.br/bon-jovi/1692666/;A penny for your thoughts now, babyLooks like the weight of the world's on your shoulders nowI know you think you're going crazyJust when it seems everything's gonna work itself outThey drive you right back downAnd you said it ain't fair that a man walksWhen a bird can fly, we have to kick the groundThe stars kiss the skyThey say that spirits live, a man has to dieThey promised us truth, now they're giving us liesGonna take a miracle to save us this timeAnd your savior has just left townGonna need a miracle'Cause it's all on the lineAnd I won't let you down (no, I won't let you down)The river of your hope is floodingAnd I know the dam is bustedIf you need me, I'll come runningI won't let you down, no, noYou're looking for salvationYou thought that it'd be shining like an angel's lightWell, the angels left this nationAnd salvation caught the last train out tonightHe lost one hell of a fightHe said: I'm just one manThat's all I'll ever beI never can be everything you wanted from meI've got big plans, so big that any blind man could seeI'm standing in the river, now I'm drowning in the seaGonna take a miracle to save us this timeAnd your savior has just left townGonna need a miracle'Cause your heart's on the lineAnd your heartbeat is slowing down (heartbeat slowing)Your feet are grounded still, you're reaching for the skyYou can let 'em clip your wings'Cause I believe that you can flyWell, my eyes have seen the horrorOf the coming of the floodI've driven deep the thorny crownInto the soul of someone's sonStill I'll look you in the eye'Cause I've believed in things I've thoughtAnd I'll die without regretFor the wars I have foughtGonna take a miracle to save you this timeAnd your savior has just left townGonna need a miracle'Cause your heart's doing timeAnd your conscience is calling you out (conscience calling you)It ain't all for nothing, life ain't written in the sandI know the tide is comingBut it's time we made a standWith a miracleGonna take a miracleI need a miracleI need a miracleI need a miracleI need a miracle;122.317;Jon Bon Jovi
Someday I'll Be Saturday Night;https://www.letras.mus.br/bon-jovi/4979/;Hey, man I'm alive I'm takin' each day and night at a timeI'm feelin' like a monday but someday I'll be saturday nightHey, my name is jim, where did I go wrongMy life's a bargain basement, all the good shit's goneI just can't hold a job, where do I belongI'm sleeping in my car, my dreams move onMy name is billy jean, my love was bought and soldI'm only sixteen, I feel a hundred years oldMy foster daddy went, took my innocence awayThe street life aint much better, but at least I get paidAnd tuesday just might go my wayIt can't get worse than yesterdayThursdays, fridays ain't been kindBut somehow I'll surviveHey man I'm alive I'm takin' each day and night at a timeYeah I'm down, but I know I'll get byHey hey hey hey, man gotta live my lifeLike I ain't got nothin' but this roll of the diceI'm feelin' like a monday, but someday I'll be saturday nightNow I can't say my name, and tell you where I amI want to roll myself away, don't know if I canI wish that I could be in some other time and placeWith someone elses soul, someone elses faceOh, tuesday just might go my wayIt can't get worse than yesterdayThursdays, fridays ain't been kindBut somehow I'll surviveHey, man I'm alive I'm takin' each day and night at a timeYeah I'm down, but I know I'll get byHey hey hey hey, man gotta live my lifeI'm gonna pick up all the pieces and what's left of my prideI'm feelin' like a monday, but someday I'll be saturday nightSaturday night here we goSome day I'll be saturday nightI'll be back on my feet, I'll be doin' alrightIt may not be tomorrow baby, that's okI ain't goin' down, gonna find a way, hey hey heyHey man I'm alive I'm takin' each day and night at a timeYeah, I'm down, but I know I'll get byHey hey hey hey, man, gotta live my lifeLike I ain't got nothin' but this roll of the diceI'm feelin' like a monday, but someday I'll be saturday nightI'm feelin' like a monday, but someday I'll be saturday nightSaturday night,all right, all rightSaturday night;248.924;Sérgio Bittencourt / Jon Bon Jovi / Richie Sambora
This Ain't a Love Song;https://www.letras.mus.br/bon-jovi/2654/;I should have seen it comin' when the roses diedShould have seen the end of summer in your eyesI should have listened when you said good nightYou really meant goodbyeBaby, ain't it funny how we never ever learn to fall?You're really on your knees when you think you're standin' tallBut only fools are know-it-alls and I played that fool for youI cried and I cried, there were nights that I died for you, babyI tried and I tried to deny your love drove me crazy, babyIf the love that I've got for you is goneAnd if the river I've cried ain't that longThen I'm wrongYeah, I'm wrongThis ain't a love songBaby, I thought you and me would stand the test of timeLike we got away with the perfect crimeBut we were just a legend in my mindI guess that I was blindRemember those nights dancin' at the masquerade?The clowns wore smiles that wouldn't fadeBut you and I were the renegadesSome things never changeIt made me so mad 'cause I wanted it bad for us, babyAnd now it's so sad that whatever we had ain't worth savingOh, if the love that I've got for you is goneAnd if the river I've cried ain't that longThen I'm wrongYeah, I'm wrongThis ain't a love songIf the pain that I'm feelin' so strongIs the reason I'm holdin' onThen I'm wrongYeah, I'm wrongThis ain't a love songOh, ohI cried and I cried, there were nights that I died for you, babyI tried and I tried to deny your love drove me crazy, babyIf the love that I've got for you is goneAnd if the river I've cried ain't that longThen I'm wrongYeah, I'm wrongThis ain't a love songIf the pain that I'm feelin' so strongIs the reason I'm holdin' onThen I'm wrongYeah, I'm wrongThis ain't a love songThen I'm wrongYeah, I'm wrongThis ain't a love songThen I'm wrongYeah, I'm wrongThis ain't a love song;636.254;Richie Sambora / Jon Bon Jovi / Desmond Child
Runaway;https://www.letras.mus.br/bon-jovi/4970/;On the street where you live girls talk about their social livesThey're made of lipstick, plastic and paintA touch of sable in their eyes(All your life) all your life all you've askedWhen's your daddy gonna talk to youBut you was livin' in another worldTryin' to get your message throughNo one heard a single word you saidThey should have seen it in your eyesWhat was goin' around your headOh, she's a little runawayDaddy's girl learned fastAll those things she couldn't sayOh, she's a little runawayTake a line every nightGuaranteed to blow your mindI see you out on the streetsCallin' for a wild timeSo you sit home aloneCause there's nothin' left that you can doThere's only pictures hung in the shadowsLeft there to look at youYou know she likes the lights at nightsOn the neon Broadway signsShe don't really mindIt's only love she hoped to findOh, she's a little runawayDaddy's girl learned fastAll those things she couldn't sayOh, she's a little runawayNo one heard a single word you saidThey should have seen it in your eyes (seen it in your eyes)What was goin' around your headOh, she's a little runawayDaddy's girl learned fastAll those things she couldn't sayOh, she's a little runawayDaddy's girl learned fastNow she works the night awayOh, she's a little runawayDaddy's girl learned fastAll those things she couldn't sayOh, she's a little runawayDaddy's girl learned fastNow she works the night awayOh, she's a little runaway;485.273;George Karak / Jon Bon Jovi
Born To Be My Baby;https://www.letras.mus.br/bon-jovi/4966/;Rainy night and we worked all dayWe both got jobs cause there's bills to payWe got something they can't take awayOur love, our livesClose the door, leave the cold outsideI don't need nothing when I'm by your sideWe got something that'll never dieOur dreams, our prideMy heart beats like a drum (All night)Flesh to flesh, one to one (And it's alright)And I'll never let go 'causeThere's something I know deep insideYou were born to be my babyAnd baby, I was made to be your manWe got something to believe inEven if we don't know where we standOnly God would know the reasonsBut I bet he must have had a plan'Cause you were born to be my babyAnd baby, I was made to be your manLight a candle, blow the world awayTable for two on a TV trayIt ain't fancy, baby that's okOur time, our waySo hold me close better hang on tightBuckle up, baby, it's a bumpy rideWe're two kids hitching down the road of lifeOur world, our flightIf we stand side by side (All night)There's a chance we'll get by (And it's alright)And I'll know that you'll liveIn my heart till the day that I die'Cause you were born to be my babyAnd baby, I was made to be your manWe got something to believe inEven if we don't know where we standOnly God would know the reasonsBut I bet he must have had a planCause you were born to be my babyAnd baby, I was made to be your manAnd my heart beats like a drum (All night)Flesh to flesh, one to one (And it's alright)And I'll never let go 'causeThere's something I know deep insideYou were born to be my babyAnd baby, I was made to be your manWe got something to believe inEven if we don't know where we standOnly God would know the reasonsBut I bet he must have had a planCause you were born to be my babyAnd baby, I was made to be your manYou were born to be my babyAnd baby, I was made to be your man;390.215;Jon Bon Jovi / Richie Sambora / Desmond Child
In These Arms;https://www.letras.mus.br/bon-jovi/4929/;You want commitmentTake a look into these eyesThey burn with fire, yeahUntil the end of timeAnd I would do anythingI'd beg, I'd steal, I'd dieTo have you in these arms tonightBaby I want youLike the roses want the rainYou know I need youLike a poet needs the painAnd I would give anythingMy blood my love my lifeIf you were in these arms tonightI'd hold youI'd need youI'd get down on my knees for youAnd make everything alrightIf you were in these armsI'd love youI'd please youI'd tell you that I'd never leave youAnd love you till the end of timeIf you were in these arms tonightWe stared at the sunAnd we made a promiseA promise this world would never blind usAnd these were our wordsOur words were our songsOur songs are our prayersThese prayers keep me strongAnd I still believeIf you were in these armsI'd hold youI'd need youI'd get down on my knees for youAnd make everything alrightIf you were in these armsI'd love youI'd please youI'd tell you that I'd never leave youAnd love you till the end of timeIf you were in these arms tonightYour clothes are still scatteredAll over our roomThis old place still smells likeYour cheap perfumeEverything here reminds me of youAnd there's nothing I wouldn't doAnd these were our wordsThey keep me strongI'd hold youI'd need youI'd get down on my knees for youAnd make everything alrightIf you were in these armsI'd love youI'd please youI'd tell you that I'd never leave youAnd love you till the end of timeIf you were in these arms tonightIf you were in these arms tonightIf you were in these arms tonightBaby!Like the roses need the rainLike the seasons need to changeLike a poet needs the painI need you, in these arms tonight;339.063;David Bryan / Jon Bon Jovi / Richie Sambora
Red, White and Jersey;https://www.letras.mus.br/bon-jovi/red-white-and-jersey/;WoahI knew before I knew yaThat you were gonna be the oneSlow dancing in the fast laneThat's just what we do where we come fromWhen you lean in to kiss meSaid: Boy, you don't deserve meYeah, we started crackin' upBut now, look at us, look at us, look at usYeah, we held on tight, lookin' up all nightAt the lights of New York CityWhen you're seventeen, those basic dreamsWhere you're dreamin' right there with meIt ain't no surprise your blue eyesStill feel like home to meWe'll always be red, white, and JerseyThat summer with the top downWe were singing along to American GirlBig diamond in a small townWhen it was you and me against the worldYeah, we both didn't know any betterThat we'd live like that foreverYeah, we held on tight, lookin' up all nightAt the lights of New York CityWhen you're seventeen, those basic dreamsWhere you're dreamin' right there with meIt ain't no surprise your blue eyesStill feel like home to meWe'll always be red, white, and JerseyNow where have all the summers gone?Here we are, still goin' strong, goin' strong, goin' strongYeah, we held on tight, lookin' up all nightAt the lights of New York CityWhen you're seventeen, those basic dreamsWhere you're dreaming right there with meIt ain't no surprise your blue eyesStill feel like home to meWe'll always be red, white, and JerseyWoah(Woah) red, white, and Jersey(Woah) red, white, and JerseyWoah;128;Ashley Gorley / Jon Bon Jovi / John Shanks / Casey Brown
634-5789;https://www.letras.mus.br/bon-jovi/303667/;If you need a little loving, you call on meAnd if you want a little hugging, you call on me baby, ooh yeahYou can call me right here at homeAll you got to do is pick up the telephoneAnd dial now 634-5789What's my number (634-5789)If you need a little hugging, you call on meAnd if you want some kissin, you call on me, it's all rightNo more lonely nights, who'll be alone nowAll you got to do is pick up the telephoneAnd dial now 634-5789That's my number 634-5789Oh, I'll be right there just as soon as I canIf I be a little bit late now I hope that you'll understandAnd if you need a little loving, you call on me, Lord have mercyAnd if you want a little kissin, you call up Johnny B. baby, it's all rightAin't no more lonely nights, we'll be alone nowAll you got to do is pick up the telephoneAnd dial it 634-5789That's my number 634-5789Hey, 634-5789That's my number 634-5789Ooh, hoo 634-5789I'm running to you baby, where I belong 634-5789Cause if you need me, want me, tell me that you love me 634-5789Anytime, anywhere, come on baby, 634-5789Ooh hoo 634-5789, 634-5789, 634-5789;28.144;Eddie Floyd / Steve Cropper
99 In The Shade;https://www.letras.mus.br/bon-jovi/5055/;I feel I'm burning up with feverBut the fire's feeling really good tonightAnd it's alrightI'm gonna see Sahara Jack and Suntan SallySomebody tells me even Tommy's coming down tonightIf Gina says it's alrightI'm gonna see those SenoritasLying under the SunThey're greasing it upWith the stereos onYou know I want to be their blanketGonna tell every girlHey, baby, you're the oneOh tell the boys I'm on my wayI got the radio blasting in my old man's ChevroletI got a party in my pocket and you know I just got paidAnd I'm feeling fine, it's 99 in the shadeWhen the Sun goes down that's when the street heats upSenorita Margarita fills your empty cup tonight -She make me feel alrightA good time here doesn't cost much moneyJust a little sweet talking and a pretty native honeyAnd you're set on lifeOr one hell of a nightI'm gonna see those sons of beachesOut there living it up the surfAnd the sandMan, that life ain't so toughSo get me in the action, gonna tellEvery girl she's the oneOh, tell the boys I'm on my wayI got the radio blasting in my old man's ChevroletI got a party in my pocket and you know I just got paidAnd I'm feeling fine, it's 99 in the shadeI'm feeling fine, it's 99 in the shade;29.890;Jon Bon Jovi / Richie Sambora
A Hard Day's Night;https://www.letras.mus.br/bon-jovi/303668/;It's been a hard day's nightAnd I've been working like a dogIt's been a hard day's nightI should be sleeping like a logBut when I get home to youI find the things that you doWill make me feel alrightYou know I work all dayTo get you money to buy you thingsAnd it's worth it just to hear you sayYou're gonna give me everythingSo why on earth should I moan'Cos when I get you aloneYou know I feel okayWhen I'm home everything seems to be rightWhen I'm home feeling you holding meTight, tight, yeahIt's been a hard day's nightAnd I've been working like a dogIt's been a hard day's nightI should be sleeping like a logBut when I get home to youI find the things that you doWill make me feel alrightYou know I work all dayTo get you money to buy you thingsAnd it's worth it just to hear you sayYou're gonna give me everythingSo why on earth should I moan'Cos when I get you aloneYou know I feel alrightWhen I'm home everything seems to be rightWhen I'm home feeling you holding meTight, tight, yeahIt's been a hard day's nightAnd I've been working like a dogIt's been a hard day's nightI should be sleeping like a logBut when I get home to youI find the things that you doWill make me feel alright;40.116;Lennon / McCartney
A Teardrop To The Sea;https://www.letras.mus.br/bon-jovi/a-teardrop-to-the-sea/;So this is it, here it isA pot o' gold, a Judas kissI got what I wantedI paid every costI’d give it all backTo get back what I’ve lostLike a wave on the beachLast leaf on the treeIt’s all just a memoryLove pick me upI’m down on my kneesMy treasure just ragsWings that don’t flyI ain’t praying, I’m chokingI’ll fix what’s been brokenGot nothing to hideNo time for goodbyeNobody grievesA teardrop to the seaThey shake my handPat my backThey know my drinkWelcome backThe life of the partyTears of a clownCan’t hear a heartbreakThe music’s too loudLove pick me upI’m down on my kneesMy treasure just ragsWings that don’t flyI ain’t prayingI’m chokingI’ll fix what’s been brokenGot nothing to hideNo time for goodbyeNobody grievesA teardrop to the seaIt’s just broken glassChalk lines on the streetMove alongMove alongAin’t nothing hereTo seeLove pick me upI’m down on my kneesMy riches just ragsWings that don’t flyI ain’t prayingI’m chokingI’ll fix what’s been brokenGot nothing to hideNo bitter goodbyesOh, love pick me upOh, love pick me upNobody grievesA teardrop to the seaA teardrop to the seaA teardrop to the sea;11.091;Billy Falcon / Jon Bon Jovi
Abraham Martin And John;https://www.letras.mus.br/bon-jovi/303669/;Anybody here seen my old friend Abraham?Can you tell me where he's gone?He freed lotta peopleGood they die youngI just looked around and he's goneAnybody here seen my old friend John?Can you tell me where he's gone?He freed lotta people but it seems the good they die youngI just looked around and he's goneAnybody here seen my old friend Martin?Can you tell me where he's gone?He freed lotta peopleGood they die youngI just looked around and he's goneDidn't you love the things that they stood for?Didn't they try to find some good for you and me?And we'll be freeSome day soon, it's gonna be one dayAnybody here seen my old friend bobby?Can you tell me where he's gone?Thought I saw him walkin' up over the hillWith Abraham, Martin, e John;17.634;Abraham Martin / Dick Holler / John
Ain't Done Yet;https://www.letras.mus.br/bon-jovi/aint-done-yet/;Some days the road behind meSeems longer than the road aheadThe Sun is setting, tomorrow is callingBut I ain't done yetIt ain't fear, all my faith that drives meWhat's in my heart is in my headHear my prayer let your angels guide meI ain't done yetYou think you've seen it all, you ain't seen nothingHold on pot of gas for the fire I've got leftYou can try, but you won't deny meI ain't done yetSo hold on tight to the tires above meI've lived this life with no regretsI still got some fire inside meAnd I ain't done yetI ain't done yetEveryday is a new clock tickingAnother chance to start againEvery end is a new beginningAnd I ain't done yetSo step aside the time ain’t waitingI walk the wire without a netWe gotta make every step we're takingAnd I ain't done yetYou think you've seen it all, you ain't seen nothingHold a pot of gas for the fire I've got leftYou can try, but you won't deny meI ain't done yetSo hold on tight to the tires above meI've lived this life with no regretsI still got some fire inside meAnd I ain't done yet, I ain't done yetI can't got that chip from my shoulderSame pound beneath my chestI little wiser, a little bit boarderBring it on, what's coming next?Some days the road behind me seems longer than the road aheadThe Sun is setting, tomorrow is calling, but I ain't done yetYou think you've seen it all, you ain't seen nothingHold a pot of gas for the fire I've got leftYou can try, but you won't deny meI ain't done yetSo hold on tight to the tires above meI've lived this life with no regretsI still got some fire inside meAnd I ain't done yet, I ain't done yet;1.083;John Shanks / Desmond Child / Jon Bon Jovi
Ain't No Cure For love;https://www.letras.mus.br/bon-jovi/80457/;Ain't no cure for loveAin't no cure for loveThere ain't no cure for loveAin't no cureCupid was a blind manHe must have missed his markShot an arrow in the air and hit me in the heartI went to see Saint ValentineSaid: What's come over meDaddy must have missed the chapter about the birds and beesYou can be the King of diamondsYou can cash in all your goldYou could hire Johnnie CochranIt's too late to save your soulDon't need no shot, no ambulanceDon't need prescription drugsThere ain't no cure for loveThey can find the cure for the common coldWhen the pushing comes to shoveThere ain't no cure for loveNow someone call my lawyerI'm going to see my shrinkI found myself in the jewelry store buying a diamond ringI went to see my doctorSaid: Won't you help me please?He said: Son I'm sorry, it's a terminal diseaseCan't get no love insuranceCupid draws his bowI ain't waving boys, I'm drowningIt's a damn good way to goDon't need no shot, no ambulanceDon't need prescription drugsThere ain't no cure for loveThey can find the cure for the common coldWhen the pushing comes to shoveThere ain't no cure for loveYou can be the King of DiamondsYou can cash in all your goldYou can hire Johnnie CochranIt's too late to save your soulDon't need no shot, no ambulanceDon't need prescription drugsThere ain't no cure for loveThey can find the cure for the common coldWhen the pushing comes to shoveThere ain't no cure for loveNo aspirinNo ambulanceOr Voodoo you can think upAin't no cure for loveAin't no cure for loveAin't no cure for loveAin't no cure for loveThere ain't no cure for loveAin't no cure for loveAin't no cure for love;36.750;Bon Jovi
Alive;https://www.letras.mus.br/bon-jovi/69846/;Feel me like I feel youWon't you let me come insideHeal me like I heal youLet your mind, body, soul, come aliveOn my knees (but I'm rising)On my feet (getting higher)I will flyHey, hey, I'm aliveIt's a brand new dayAnd I feel fineHere to say I'm alive (didn't think I'd make it)Hey, hey, I'm aliveDidn't think I'd make it to the other sideHere to stay I'm aliveWant me like I want youThat's my heart you hold in your handsTouch me like I touch youMake me feel like supermanOn my knees (but I'm rising)On my feet (getting higher)I will flyHey, hey, I'm aliveIt's a brand new dayAnd I feel fineHere to say I'm alive (didn't think I'd make it)Hey, hey, I'm aliveDidn't think I'd make it to the other sideHere to stay I'm aliveLike the wind run with meTake my hand come with meThose bastards ain't bringing us downFor all the dreams that diedAnd all of the tears we criedOne thing I've learned life is nowOn my knees (but I'm rising)On my feet (getting higher)I will flyHey, hey, I'm aliveIt's a brand new dayAnd I feel fineHere to say I'm alive (didn't think I'd make it)Hey, hey, I'm aliveDidn't think I'd make it to the other sideHere to stay I'm aliveHey, hey, I'm aliveIt's a brand new dayAnd I feel fineHere to say I'm alive (didn't think I'd make it)Hey, hey, I'm aliveDidn't think I'd make it to the other sideHere to stay I'm alive;44.729;Andreas Carlsson / Sérgio Bittencourt / Jon Bon Jovi / Richie Sambora
All About Lovin' You;https://www.letras.mus.br/bon-jovi/75210/;Looking at the pages of my lifeFaded memories of me and youMistakes, you know I've made a fewI took some shots and fell from time to timeBaby, you were there to pull me throughWe've been around the block a time or twoI'm gonna lay it on the lineAsk me how we've come this farThe answer's written in my eyesEvery time I look at you, baby, I see something newThat takes me higher than before and makes me want you moreI don't wanna sleep tonight, dreaming's just a waste of timeWhen I look at what my life's been comin' toI'm all about lovin' youI've lived, I've loved, I've lost, I've paid some dues, babyWe've been to hell and back againThrough it all, you're always my best friendFor all the words I didn't say and all the things I didn't doTonight I'm gonna find a wayEvery time I look at you, baby, I see something newThat takes me higher than before and makes me want you moreI don't wanna sleep tonight, dreaming's just a waste of timeWhen I look at what my life's been comin' toI'm all about lovin' youYou can take this world awayYou're everything I amJust read the lines upon my faceI'm all about lovin' youI'm all about, I'm all aboutI'm all about loving youEvery time I look at you, baby, I see something new (oh)That takes me higher than before and makes me want you moreI don't wanna sleep tonight, dreaming's just a waste of timeWhen I look at what my life's been comin' toI'm all about lovin' youAll about lovin' you;514.045;Andreas Carlsson / Desmond Child / Jon Bon Jovi / Richie Sambora
All Hail The King;https://www.letras.mus.br/bon-jovi/all-hail-the-king/;Heavy is the head that wears the crownAll the people came to hear him speak from miles aroundThey hung on every word, a song in every soundHeavy is the head that wears the crownHe touched the sky to light up all the starsHe could snap his fingers and catch lightning in a jarI am you and you are me and we are who we areTouch the sky and light up all the starsAll hail the king whose castle's falling downThe paper prince who wears a cardboard crownPoor man has his moneyRich man has his goldAll hail the king whose fortune is his soulHe climbed the clouds to heaven's highest hillWhen you get that high the earth below looks just like a blue pillGave wind to all his horses and to all his men good willWhen he climbed down from heaven's highest hillAll hail the king whose castle's falling downThe paper prince who wears a cardboard crownPoor man has his moneyRich man has his goldAll hail the king whose fortune is his soulHe breathed his last they laid him in the groundFalse prophets spoke of riches and said all hail to us nowThe faithful wouldn't listen and they never would bow downHe breathed his last they laid him in the groundAll hail the king whose castle's falling downThe paper prince who wears a cardboard crownPoor man has his moneyRich man has his goldAll hail the king whose fortune is his soul;4.371;Sabe de quem é a composição? Envie pra gente.
All I Wanna Do Is You;https://www.letras.mus.br/bon-jovi/75760/;All I wanna do is youWorking hard eight days a weekMost days we got no time to speakI feel like I'm chasing after my own lifeGirl can't you see you're my only voiceTake the phone off the hookTurn the lights down lowWe'll play some old Sam CookeBaby, let yourself goAll I wanna do is youAll I wanna do is youI'll do anything you want me toAll I wanna do is youI don't care what kinda clothes you wearIt doesn't matter how you do your hearI don't need no champagne on iceGirl, can't you see that you're my only voiceTurn the whole world offKeep your high heels onTake it nice and slowAnd make it last 'til dawnAll I wanna do is youAll I wanna do is youI'll do anything you want me toAll I wanna do is youI don't wanna eatI don't wanna sleepDon't wanna sit around and watch TVWhen you're next to me it's where I wanna beAll I wanna, all I wanna, all I wanna doAll I wanna do is youAll I wanna do is youI'll do anything you want me toAll I wanna do is you;36.183;Jon Bon Jovi / Richie Sambora
All I Want Is Everything;https://www.letras.mus.br/bon-jovi/101809/;Some 15 year old kid sits on his porchJust half-past noonTriying to figure out just what he's doingWhy he had to grow up so soonWith all the gangs, all the gunsWhatcha gonna learn in schoolThere's got to be some way out of hereHe says: Man, this life is cruelI knew this Puerto Rican girlWho lied to change her lifeShe changed her name, her faceBecause the grass lookedGreener on the other sideShe turned her back, she ran awayStraight into the nightHer friends, her family feel the painBut she's the one who criesTell me what you wantTell me what you needI want everythingI've had enough of havin nothingI wont take just anythingI got my mind set on somethingAll I want is everythingIt's my life MrI ain't runningI'm no puppet on a stringI want more than I see comingAll I want is everythingAll I want is everythingSave a prayer for DonnieHe died in his room just the other dayHis brother come homeFound him dead on the floorWith a needle in his veinCops came down with a body bagThey said Donnie was a casualtyI said: All it's about is the boy checked outHe couldn't handle realityTell me what you wantTell me what you needI want everythingI'v had enough of havin' nothingI won't take just anythingI got my mind set on somethingAll I want is everythingIt's my life MrI ain't runningI'm no puppet on a stringI want more than I see comingAll I want is everythingAll I want is everything;29.955;Jon Bon Jovi / Richie Sambora
All Right Now;https://www.letras.mus.br/bon-jovi/303670/;There she stood in the streetSmiling from her head to her feetI said: Hey, what is this?Now baby, maybe she's in need of a kissI said: Hey, what's your name, babyMaybe we can see things the sameNow don't you wait or hesitateLet's move before they raise the parking rateAll right now baby, it's all right nowAll right now baby, it's all right nowI took her home to my placeWatching every move on her faceShe said: Look, what's your game, babyAre you tryin' to put me in shame?I said: Slow, don't go so fastDon't you think that love can last?She said: Love, Lord aboveNow you're tryin' to trick me in loveAll right now baby, it's all right nowAll right now baby, it's all right now;18.803;Sabe de quem é a composição? Envie pra gente.
All Talk No Action;https://www.letras.mus.br/bon-jovi/100701/;First time I saw you girlI knew that wouldn't longI tried holdin' back my feelingBut you como on so strongNo one told me about herBut I know they all knowThat I know about the girl'sThat do the things you do'Cause you're all talk, no actionYou're playing those games with me babyWell one of us has go to winSome day all the boys are gonna find outThay you won't even play with themYou're runnin' out of numbers babyYou won't say no, you just say maybeOne of these days you're gonna getWhat's comin' to you'Cause you're all talk, no actionYou better stop this foolin' aroundYou tore it up to cool me downStick and stones will break my bonesBut their names could never hurt meI ain't afraid of you running awayIf you love me tonight and desert me;11.646;John Bongiovi
Always;https://www.letras.mus.br/bon-jovi/4923/;This Romeo is bleedingBut you can't see his bloodIt's nothing but some feelingsThat this old dog kicked upIt's been raining since you left meNow I'm drowning in the floodYou see I've always been a fighterBut without you, I give upI can't sing a love songLike the way it's meant to beWell, I guess I'm not that good anymoreBut, babe, that's just meYeah I will love you, babyAlwaysAnd I'll be there, forever and a dayAlwaysI'll be there till the stars don't shineTill the heavens burst and the words don't rhymeI know when I die, you'll be on my mindAnd I'll love you, alwaysNow your pictures that you left behindAre just memories of a different lifeSome that made us laughSome that made us cryOne that made you have to say good byeWhat I'd give to run my fingers through your hairTo touch your lips, to hold you nearWhen you say your prayers, try to understandI've made mistakes, I'm just a manWhen he holds you closeWhen he pulls you nearWhen he says the wordsYou've been needing to hearI wish I was him, 'cause those words are mineTo say to you till the end of time thatI will love you, babyAlwaysAnd I'll be there, forever and a dayAlwaysIf you told me to cry for you, I couldIf you told me to die for you, I wouldTake a look at my faceThere's no price I won't payTo say these words to youWell, there ain't no luck in this loaded diceBut, babe, if you give me just one more tryWe can pack up our old dreams and our old livesWe'll find a place where the Sun still shines andI will love you, babyAlwaysAnd I'll be there, forever and a dayAlwaysI'll be there till the stars don't shineTill the heavens burst and the words don't rhymeI know when I die, you'll be on my mindAnd I'll love you, alwaysAlwaysOh baby, don't you do me no wrongBaby, don't you do me no wrongOh baby, don't you do me no wrong, oh noOh, yeah, yeah, yeah, yeah;5.741.940;Jon Bon Jovi
Always On My Mind;https://www.letras.mus.br/bon-jovi/1865626/;Maybe I didn't love youQuite as often as I could haveMaybe I didn't treat youQuite as good as I should haveIf I made you feel second bestGirl I'm sorry I was blindYou were always on my mindYou were always on my mindMaybe I didn't hold youAll those lonely, lonely timesAnd I guess I never told youI'm so happy that you're mineLittle things I should have said and doneI just never took the timeYou were always on my mindYou were always on my mindTell me, tell me that yourSweet love hasn't diedAnd give meGive me one more chanceTo keep you satisfiedSatisfiedLittle things I should haveSaid and doneI just never took the timeYou were always on my mindYou were always on my mindYou were always on my mind;22.369;Johnny Christopher / Mark James / Wayne Carson Thompson
Always Run To You;https://www.letras.mus.br/bon-jovi/5016/;The clock strikes tenOut on the streets againI been looking for something to please me since I don't know whenOut on the dark side of townAnother rumbles gone downAnd life on the high side isn't what this boys aboutShe's got something I want man, it's something I needIt takes more than the night to satisfy meI stand accusedThat I can always run to youAny road that you chooseI can always run to youI stand accusedI can always run to youI run to youBaby, I can always runTo a heart of chromeAnd a soul of steelWe've done more white lines than you'll know any one we could stealAnd when I give her the gunYou know she feels so rightAnd we don't let go when we're alone when I'm holding her so tightShe's got something I want man, it's something I needIt takes more than the night to satisfy meI stand accusedI can always run to youAny road that you chooseI can always run to youI stand accusedI can always run to youI run to youBaby, I can always runAnd when the morning comes and I go to sleepWhen I close my eyes she's waiting for meI know that tonight she'll satisfy meI stand accusedI can always run to youAny road that you chooseI can always run to youI stand accusedI can always run to youI run to youBaby, I can always run;34.224;Jon Bon Jovi / Richie Sambora
Amen;https://www.letras.mus.br/bon-jovi/amen/;Last night I had a dreamThe dream I had was trueI fell through the starsWent walkin on the MoonBurned like a thousand candles in her armsHer skin under my finger tipsThe honey suckle on her lipsSweeter than a man deserves to tasteMercy, mercyWhat else can I say?But amenAmenAmenLast night we were born togetherIt was like we'd always beenShe'll be with me foreverIf I don't see her againWe poured the wine until our cup ran overUnfolding like a mysteryInside of her like poetryA thousand horses running through my veinsMercy, mercyWhat else can I say?AmenAmenAmenI laid down in her gardenNaked on her floorWindows up the curtains blowingShe don't lock the doorAmenAmenAt the banquet tableA beggar at a feastI felt her tongue between my lipsAnd I forgot to breatheWe stayed there 'til the candles burned the carpetLast night I had a dreamThe dream I had was trueMercy, mercyWhat else can I say?Mercy, mercyI'll kneel down and prayAmenAmenAmen;27.366;Billy Falcon / Jon Bon Jovi
America The Beautiful;https://www.letras.mus.br/bon-jovi/303671/;O beautiful for spacious skiesFor amber waves of grainFor purple mountain majestiesAbove the fruited plain!America! America!God shed his grace on theeAnd crown thy good with brotherhoodFrom sea to shining sea!O beautiful for pilgrim feetWhose stern impassioned stressA thoroughfare for freedom beatAcross the wilderness!America! America!God mend thine every flawConfirm thy soul in self-controlThy liberty in law!O beautiful for heroes provedIn liberating strifeWho more than self the country lovedAnd mercy more than life!America! America!May God thy gold refineTill all success be noblenessAnd every gain divine!O beautiful for patriot dreamThat sees beyond the yearsThine alabaster cities gleamUndimmed by human tears!America! America!God shed his grace on theeAnd crown thy good with brotherhoodFrom sea to shining sea!O beautiful for halcyon skiesFor amber waves of grainFor purple mountain majestiesAbove the enameled plain!America! America!God shed his grace on theeTill souls wax fair as earth and airAnd music-hearted sea!O beautiful for pilgrims feetWhose stem impassioned stressA thoroughfare for freedom beatAcross the wilderness!America! America!God shed his grace on theeTill paths be wrought throughWilds of thoughtBy pilgrim foot and knee!O beautiful for glory-taleOf liberating strifeWhen once and twiceFor man's availMen lavished precious life!America! America!God shed his grace on theeTill selfish gain no longer stainThe banner of the free!O beautiful for patriot dreamThat sees beyond the yearsThine alabaster cities gleamUndimmed by human tears!America! America!God shed his grace on theeTill nobler men keep once againThy whiter jubilee!;12.494;Sabe de quem é a composição? Envie pra gente.
American Dreams;https://www.letras.mus.br/bon-jovi/5075/;I used to see you on every TVYour smiling face looked back at meI used to see you on every TVYour smiling face looked back at meThen they caught you with the girl next doorPeople's money piled on the floorAccusations that you try to denyRevelations and rumours begin to flyNow you think about reaching outTry to get some help from aboveNow you think about reaching outTry to get some help from aboveReporters crowd around your houseGoing through your garbage like a pack of houndsSpeculating what they may find outIt don't matter now, you're all washed upYou wake up in the middle of the nightYour sheets are wet and your face is whiteYou tried to make a good thing lastHow could something so good, go bad, so fast?American dream, American dreamAmerican dream, American dreamDon't know when things went wrongMight have been when you were young and strongDon't know when things went wrongMight have been when you were young and strongReporters crowd around your houseGoing through your garbage like a pack of houndsSpeculating what they may find outIt don't matter now, you're all washed upDon't know when things went wrongMight have been when you were young and strongAmerican dream, American dreamDon't know when things went wrongMight have been when you were young and strongAmerican dream, American dream;10.938;Sabe de quem é a composição? Envie pra gente.
American Reckoning;https://www.letras.mus.br/bon-jovi/american-reckoning/;America's on fireThere's protests in the streetHer conscience has been lootedAnd her soul is under siegeAnother mother's crying, as history repeatsI can't breatheGod damn those 8 long minutesLying face down in cuffs on the groundBystanders pleaded for mercyAs one, cop shoved a kid in the crowdWhen did a judge and a juryBecome a badge and a knee on these streets?Stay alive, stay aliveShine a light, stay aliveUse your voice and you remember meAmerican reckoningI'll never know what it's likeTo walk a mile in his shoesAnd I'll never have to have the talkSo it don't happen to youThree little words written 'cross the chestOf a twelve year old who hasn't lived life yetAm I next? Am I next?Stay alive, stay aliveShine a light, stay aliveUse your voice and you remember meAmerican reckoningIs this a moment or movement?Is this the tide or a flood?Is our American reckoning?Our story written in bloodOr in loveOr in peaceStay alive, stay aliveShine a light, stay aliveUse your voice and you remember meStay alive, stay aliveShine a light, stay aliveUse your voice and you remember meAmerican reckoningIn our American reckoning;6.670;Jon Bon Jovi
Another Reason To Believe;https://www.letras.mus.br/bon-jovi/69875/;"BOUNCE B-side; JBJ, RS, Billy Falcon and J. SteeleLove, love, love, love, love, love, love, love, loveLove lives in New York CityHe got a place off of the parkBut he was standing in the ruinsAnd in his hand's a broken heartHe called an army of his angelsI hear they had to hide their wingsIt was them who brought you waterIf you listen closelyI know you can hear the choir singHey, Halleluiah baby, rise upHold out your hands and reach higherGet up on your feet, rise upLet it flow through you babyRunning through your veinsLike a healing rainEverywhere you'll seeAnother reason to believeSouth of Canal StreetRight there in a mother's eyesAt a table in a restaurant windowIn a taxi passing byI saw Love go running up that stairwellAnd the sky came falling downIt was him and a newborn baby's cryHe was there to make that soundKeeps this whole world spinning aroundSay Halleluiah baby, rise upHold out your hands and reach higherGet up on your feet, rise upLet it flow through you babyRunning through your veinsLike a healing rainEverywhere you'll seeSay Halleluiah babyIt's different than it was beforeNow we need it even moreFire falling from the skyInnocence just said goodbyeIt may never be the sameMaybe it was time to changeTime to grieve, time to cryTime to live, time to flySing Halleluiah baby, rise upHold out your hands and reach higherGet up on your feet, rise upLet it flow through you babyRunning through your veinsLike a healing rainRise upHold out your hands and reach higherGet up on your feet, rise upYou've got a reason to believe, rise upAnother reason to believe, rise upYou've got a reason to believe, rise upJust a reason to believe";17.712;Jon Bon Jovi
Any Other Day;https://www.letras.mus.br/bon-jovi/1012446/;The alarm clock rings it's 6:45Must have hit that snooze button at least three timesI'm wishing this morning was still last nightOn any other day, just might wanna dieTraffic packed up twenty miles to the eastMust have heated the damned red light on the streetThe weatherman says it's gonna rain for a weekHey, what can you do?On any other day I'd be blue eyes cryingI can tell the world that at least I'm tryingThe cloud is breaking, the Sun is shining new for me and youOn any other day I might just go crazyThe grace of knowin' that you're gonna save meMaybe luck and love can pull us throughOn any other day I might just stay in bedSit down in a sea of blankets pull em up over my headCatch a beer buzz in the morning just to get a little edgeThen maybe just get up in time to do it all againHey, I like where this it's going, yeah'Cause I know where it's beenOn any other day I'd be blue eyes cryingI can tell the world that at least I'm tryingThe cloud is breaking, the Sun is shining new for me and youOn any other day I might just go crazyThe grace of knowin' that you're gonna save meMaybe luck and love can pull us throughOh, Any other day, yeah, yeahAlarm clock rings, it's 6:45I like waking up with you on my mindKnowing that your saving me one more timeOn any other day I'd be blue eyes cryingI can tell the world that at least I'm tryingThe cloud is breaking, the Sun is shining new for me and youOn any other day I might just go crazyThe grace of knowin' that you're gonna save meMaybe luck and love can pull us throughAny other day, yeah, yeah;28.690;Gordie Sampson / Jon Bon Jovi / Richie Sambora
Army Of One;https://www.letras.mus.br/bon-jovi/army-of-one/;I’m in this warBut got no gunStill standing strongIn army of oneSo sign me upI’m a soldierI got a voiceThat’s all I needA beating heart inside of meI’m an army of oneI’m a soldierThese eyes don’t know disguiseWe’re fighting for all livesWe’re all trying to get back home tonightNever give upNever give upNeverNever give upNever let upEverNever give inYou’re an army of oneNever give upNever give upNeverNever forgetWhere you’re fromNever give upYou’re an army of oneI can’t hurt but I still feelI know that life’s a battlefieldWhen the times get toughI’m a soldierAnd when it’s time to face the fightWith just my shadow at my sideI’m an army of oneI’m a soldierNever give upNever give upNeverNever give upNever let upEverNever give inYou’re an army of oneNever give upNever give upNeverNever forgetWhere you’re fromNever give upYou’re an army of oneSo don’t apologizeDefend for being aliveWe’re all tryingTo get it right tonightNever give upNever give upNeverNever give upNever let upEverNever give inYou’re an army of oneNever give upNever give upNeverNever forgetWhere you’re fromNever give upYou’re an army of one;12.171;"Desmond Child / Jon Bon Jovi; Richie Sambora"
August 7, 4:15;https://www.letras.mus.br/bon-jovi/4969/;It was another dayA perfect Texas afternoonA mother and two childrenPlay the way they always doAs they raced home from the mailboxA mother and her sonAgainst a little girl of 6 years oldThe independent oneThe deputies went door to doorThrough all the neighborhoodThey said I got some news to tell you folksI'm afraid it ain't so goodSomehow something happenedSomeone got awaySomeone got the answersFor what happened here todayOh, no, oh, no, oh, no, no, no, noTell me it was just a dream - August 7, 4:15God close His eyes and the world got meanAugust 7, 4:15Now the people from the papersAnd the local TV newsTried to find the reasonCop dogs sniffed around for cluesSomeone shouted: Hit and RunThe coroner cried: FoulHer blue dress was what she woreThe day they laid her body downOh, no, oh, no, oh, no, no, no, noTell me it was just a dream - August 7, 4:15God close His eyes and the world got meanAugust 7, 4:15I know tonight that there's an angelUp on Heaven's highest hillAnd no one there can hurt you babyNo one ever willSomewhere someone's conscienceIs like a burning bedThe flames are all around youHow you gonna sleep againOh, no, oh, no, oh, no, no, no, noTell me it was just a dream - August 7, 4:15God close His eyes and the world got meanAugust 7, 4:15;10.020;Sabe de quem é a composição? Envie pra gente.
Baby What You Want Me To do (I'm Going Up);https://www.letras.mus.br/bon-jovi/303673/;We're goin' up, we're goin' downWe're goin' up, down down upAny way you wanna let it rollYeah, yeah, yeahYou got me doin' what you want meOh baby what you want me to doYou got me peepin', you got me hidin'You got me peep hide hide peepAny way you wanna let it rollYeah yeah yeahYou got me doin' what you want meBaby what you want me to do;17.974;Sabe de quem é a composição? Envie pra gente.
Back In Black (feat. Phil X);https://www.letras.mus.br/bon-jovi/back-in-black-feat-phil-x/;Back in black, I hit the sackI've been too longI'm glad to be backYes I'm let loose from the nooseThat's kept me hangin' aboutI been livin like a star 'cause it's gettin' me highForget the hearse, 'cause I never dieI got nine lives, cat's eyesAbusing every one of them and running wild'Cause I'm back! Yes, I'm back!Well, I'm back! Yes, I'm back!Well, I'm baaack, baaackWell, I'm back in blackYes, I'm back in black!Back in a band, I got CadillacNumber one with a bullet, I'm a power packYes I'm in a band with a gangThey gotta catch me if they want me to hang'Cause I'm back on the trackAnd I'm beatin' the flackNobody's gonna get me on another trapSo look at me now, I'm just a makin' my payDon't try to push your luckJust get outta my way'Cause I'm back! Yes, I'm back!Well, I'm back! Yeah, I'm back!Well, I'm baaack, baaackWell, I'm back in blackYes, I'm back in black!Let's go!Well, I'm back! Yes, I'm back!Well, I'm back! Yes, I'm back!Well, I'm baaack, baaackWell, I'm back in blackYes, I'm back in black-ow!Aww yeah! Let's go!Keep on goin'! Yeah yeah!Yeah... Aww yeah yeah!Here we go!Well, I'm baaack (I'm back!)Baaack (well, I'm back!)Baaack (I'm back!)Baaack (I'm back!)Baaack (I'm back!)BaaackYes, back in blackYes, I'm back in blackOutta sight!;934;Sabe de quem é a composição? Envie pra gente.
Backdoor Santa;https://www.letras.mus.br/bon-jovi/297349/;Okay boys, let's do it!I'm your backdoor SantaI make my run at the break of dayThey call me backdoor SantaI make my run at the break of dayI keep the little girls happy, while the boys are out to playWell I ain't like old Saint Nick, he don't come but once a year (once a year)Well I ain't like old Saint Nick, he don't come but once a yearI come runnin' with my presents, every time you call me dearI kept some change in my pocket, when the jumpin's goin' onI gave a few pennies, so we could be aloneI kept that door open, in case anyone smelled a mouse'Cause Jonny's in some trouble, there ain't no chimney in the houseUh-oh, could be in some trouble boysHey Rudolph, Richie, get me outta hereThey call me backdoor SantaI make my run at the break of dayThey call me backdoor SantaI make my run at the break of dayI keep the little girls happy, while the boys are out to playHo ho ho ho (ho ho ho ho), hey hey hey hey (hey hey hey hey)Ho ho ho ho (ho ho ho ho), hey hey hey hey (hey hey hey hey)Ho ho ho ho (ho ho ho ho), hey hey hey hey (hey hey hey hey)Ho ho ho ho (ho ho ho ho), hey hey hey hey (hey hey hey hey)Ho ho ho ho (ho ho ho ho), hey hey hey hey (hey hey hey hey)Ho ho ho ho (ho ho ho ho), merry ghristmas everybodyMerry Christmas 'y'all;6.087;Sabe de quem é a composição? Envie pra gente.
Backdoor To Heaven;https://www.letras.mus.br/bon-jovi/290079/;Well, now we're aloneMy heart's in your handsI need someone to loveCan't I be your friend?I feel your innocence baby. Someones guilty tonightI need someone to save me, to keep me warm cause its cold outsideWont you help me baby, dont you hide nowWont you take me darlin for a ride nowYou got me beggin and I'm on my kneesYou gotta let me in, let me in, let me inThe backdoor to heaven is in your arms tonightYou're my backdoor to heavenSo baby let me in, let me in, let me inYou make it so hard to open your doorI know youre an angel you just never have, never flown beforeIm in the dark, wont you give me some light nowCome over tell us baby whats wrong or right nowYouve got me beggin on my kneesOh wont you let me in, let me in, let me inThe backdoor to heaven its in your arms tonightYoure my backdoor to heaven (yeah baby)Wont you let me in, let me in, let me inI'm just a sinner but this aint no sinSo let me in, let me in, let me in, let me in, let me inThe backdoor to heaven is in your arms tonightYou're my backdoor to heavenBaby you gotta let me in, let me inLet me in the backdoor to heavenYeah, baby, it's my timeYou're my backdoor to heaven;10.552;Desmond Child / Jon Bon Jovi / Richie Sambora
Backstreets;https://www.letras.mus.br/bon-jovi/303674/;One soft infested summer, me and Terry became friendsTrying in vain to breathe the fire we was born inCatching rides to the outskirts, tying faith between our teethSleeping in that old abandoned beach house, getting wasted in the heatAnd hiding on the backstreetsHiding on the backstreetsWith a love so hard and filled with defeatRunning for our lives at night on them backstreetsSlow dancing in the dark on the beach at Stockton's WingWhere desperate lovers park, we sat with the last of the Duke Street KingsHuddled in our cars, waiting for the bells that ringIn the deep heart of the night they set us loose of everythingTo go running on the backstreetsRunning on the backstreetsTerry, you swore we'd live foreverTaking it on them backstreets togetherEndless juke joints and Valentino dragWhere famous dancers scraped the tears up off the street, dressed down in ragsRunning into the darkness, some hurt bad, some really dyingAt night sometimes it seemed you could hear the whole damn city cryingBlame it on the lies that killed us, blame it on the truth that ran us downYou can blame it all on me, Terry, it don't matter to me nowWhen the breakdown hit at midnight, there was nothing to sayBut I hated him, and I hated you when you went awayLaying here in the dark, you're like an angel on my chestJust another tramp of hearts crying tears of faithlessnessRemember all the movies, Terry, we'd go seeTrying to learn to walk like the heroes we thought we had to beAnd after all this time, to find we're just like all the restStranded in the park and forced to confessTo hiding on the backstreetsHiding on the backstreetsWhere we swore forever friendsOn the backstreets until the endHiding on the backstreetsHiding on the backstreetsHiding on the backstreetsHiding on the backstreets;7.048;Sabe de quem é a composição? Envie pra gente.
Bad Medicine;https://www.letras.mus.br/bon-jovi/4955/;Your love is like bad medicineBad medicine is what I need oh, oh, ohShake it up, just like bad medicineThere ain't no doctor that can cure my disease(Bad medicine)I ain't got a fever got a permanent diseaseAnd it'll take more than a doctor to prescribe a remedyI got lots of money but it isn't what I needGonna take more than a shot to get this poison out of meAnd I got all the symptoms count 'em 1, 2, 3First you need(That's what you get for falling in love)Then you bleed(You get a little and it’s never enough)And then you're on your knees(That's what you get for falling in love)Now this boy's addicted 'cause your kiss is the drugOh, oh, ohYour love is like bad medicineBad medicine is what I need oh, oh, ohShake it up, just like bad medicineThere ain't no doctor that can cure my diseaseBad, bad (medicine)I don't need no needle to be giving me a thrillAnd I don't need no anesthesia or a nurse to bring a pillI got a dirty down addiction, that doesn't leave a trackI got a jones for your affection like a monkey on my backThere ain't no paramedic gonna save this heart attackWhen you need(That's what you get for falling in love)Then you bleed(You get a little and it's never enough)And then you're on your knees(That's what you get for falling in love)Now this boy's addicted 'cause your kiss is the drugOh, oh, ohYour love is like bad medicineBad medicine is what I need oh, oh, ohShake it up, just like bad medicineSo let's play doctor, baby, cure my disease(Bad, bad medicine)Is what I want(Bad, bad medicine)Is what I needI need a respirator 'causeI'm running out of breathFor you're an all night generatorWrapped in stockings and a dressWhen you find your medicineYou take what you can get'Cause if there's something better babyWell they haven't found it yetOh, oh, ohYour love is like bad medicineBad medicine is what I need, oh, oh, ohShake it up, just like bad medicineThere ain't no doctor that can cure my diseaseYour love - bad medicineBad medicine is what I need oh, oh, ohShake it up, just like bad medicineYour love's the potion that can cure my disease(Bad, bad medicine)Is what I want(Bad, bad medicine)Who's bad, who's badI gotta do, I gotta(Bad, bad medicine)I gotta do, I gottaI gotta, I gottaI gotta do it againWait a minuteWait a minuteHold onI'm not doneOne more time with feelingCome onOne for thatHelp me out nowYour love is like bad medicineBad medicine is what I need oh, oh, ohShake it up, just like bad medicineYou got the potion that can cure my diseaseYour love, bad medicineYour kiss is what I needYour love, bad medicine;213.472;Sérgio Bittencourt / Jon Bon Jovi / Richie Sambora
Badlands;https://www.letras.mus.br/bon-jovi/303675/;Lights out tonight, trouble in the heartlandGot a head-on collision smashin' in my guts, manI'm caught in a crossfire that I don't understandBut there's one thing I know for sureI don't give a damn for the same old played out scenesI don't give a damn for just the in-betweensHoney I want the heart I want the soulI want control right nowTalk about a dream, try to make it realYou wake up in the night with a fear so realSpend your life waiting for a moment that just don't comeWell don't waste your time waitingBadlands you gotta live it every dayLet the broken hearts stand as the price you've gotta payWe'll keep pushin' till it's understoodAnd these badlands start treating us goodWorkin' in the field till you get your back burnedWorkin' 'neath the wheels till you get your facts learnedBaby I got my facts learned real good right nowYou better get it straight darlingPoor man wanna be rich, rich man wanna be kingAnd a king ain't satisfied till he rules everythingI wanna go out tonight, I wanna find out what I gotNow I believe in the love that you gave meI believe in the faith that could save meI believe in the hope and I pray that some day it will raise me above theseBadlands you gotta live it every dayLet the broken hearts stand as the price you've gotta payWe'll keep pushin' till it's understoodAnd these badlands start treating us goodFor the ones who had a notion, a notion deep insideThat it ain't no sin to be glad you're aliveI wanna find one face that ain't looking through meI wanna find one placeI wanna spit in the face of theseBadlands you gotta live it every dayLet the broken hearts stand as the price you've gotta payWe'll keep pushin' till it's understoodAnd these badlands start treating us good;6.068;Sabe de quem é a composição? Envie pra gente.
Bang a Drum;https://www.letras.mus.br/bon-jovi/1673574/;I went to see the preacher to teach me how to prayHe looked at me and smiledThen that preacher turned awayHe said if you want to tell him somethingYou ain't gotta fold your handsSay it with your heart, your soul and believe itAnd I'd say amenBang a drum for the sinnersBang a drum for the sinsBang a drum for the losersAnd those who winBang a drum, bang it loudlyOr as soft as you needBang a drum for yourself sonAnd a drum for meOoh, let me hear you say yeah (yeah), hallelujah, amenI called upon my brother just the other dayHe said: John I'm gonna die if I don't start to live againI work each day and night like clockworkJust trying to make ends meetI could kick this bad world's assIf I could just get on my feetI'd bang a drum for the dyingBang a drum for the truthBang a drum for the innocence lost in our youthBang a drum, bang it loudlyOr as soft as you needBang a drum for you brotherAnd a drum for meI don't know where all the rivers runI don't know how far, I don't know how comeWell I'm gonna die believin' each step that I takeAin't worth the ground that I walk onIf we don't walk it our wayNo I don't claim to be a wiseman, a poet or a saintI'm just another man who's searching for a better wayBut my heart beats loud as thunderFor the things that I believeSometimes I wanna run for coverSometimes I want to screamBang a drum for tomorrowBang a drum for the pastBang a drum for the heroes that won't come backBang a drum for the promiseBang a drum for the liesBang a drum for the lovers and the tears they've criedBang a drum, bang it loudlyOr as soft as you needBut as long as my heart keeps on bangin'I got a reason to believe (I got a reason to believe)(Yeah, yeah, oh, yeah, yeah, hallelujah, amen)Let me hear you say yeah (yeah) yeah (yeah) oh, yeahLet me hear you say yeah (yeah) hallelujah, amenCome on now (yeah) yeah (yeah) oh, yeahLet me hear you say yeah (yeah) hallelujah, amenAll right girls (yeah) brother (yeah) yeah (yeah) oh, yeahLet me hear you say yeah (yeah) hallelujah, amen;9.481;Jon Bon Jovi
Bang Bang;https://www.letras.mus.br/bon-jovi/303676/;You were five when I was sixWe rode on horses made of sticksWhen you were 9, I was 10You swore your love to the endBang bangYou shot me downBang bangI hit the groundThat awful sound that nightMy baby shot me down;7.044;Sabe de quem é a composição? Envie pra gente.
Beautiful Drug;https://www.letras.mus.br/bon-jovi/beautiful-drug/;Tear off your mask, no need to hideThere's a prescription that no doctor can prescribeCan’t walk on water, down on your kneesYou enter numbers, step right up, the stuff is guaranteedAin't got the fever, fever got meNo need to call an ambulance, you got the remedyLove is a beautiful drugLove is a beautifulA mystery that sets you free, it's what you want, it’s all we needLove is a beautiful drugA beautiful drugThe poets verse can not describeThis kind of wonder that mystifiesLove is the drink to healing thirstHear my confession, I don't even need a churchLove is a beautiful drugI'm talking 'bout, love is a beautifulA mystery that sets you free, it's what you want, it's all we needLove is a beautiful drugA beautiful drugIt pulls you in just like a tideThe deeper deep, a higher highThe taste, the touch, the stuff of dreamsThe paradise that's in betweenSweet honey of another hitYou'd almost bite through your own lipThe thorny rose that makes you bleedA kind of hurt that makes you screamLove is a beautiful drugI'm talking ’bout, love is a beautifulA mystery that sets you free, it's what you want, it’s all we needLove is a beautiful drugA beautiful drugA beautiful drugA beautiful drug;3.863;Sabe de quem é a composição? Envie pra gente.
Beautiful World;https://www.letras.mus.br/bon-jovi/beautiful-world/;Every day it's the same when they say that it might be the endIn the end when it ends I don't listen to themYou wake up go to work go to sleep then you do it, you do itIf you're lucky then you do it againYeah we walk through a world that we don't understandWhen I look in your eyes I'm just happy I canYeah will laugh and will cry and will lose and will winWill get through it and to prove it, yeah will do it againThere's glory in my saddest storyLook at it, just sticks and bricksMakes you wonder how the pieces fitWhere we go and where we've beenThis ain't paradise we're living inIt's a diamond, it's a dirty plastic pearlUh, but ain't it a beautiful worldIt's a shame when they say that's it's binned on the sinThey can dig in that grave up and aheadsThere's a kid with a dream in the sky for his starsThere's another first kiss, in them back of some carTurn our page and write the storyLook at it, just sticks and bricksMakes you wonder how the pieces fitWhere we go and where we've beenThis ain't paradise we're living inIt's a diamond, it's a dirty plastic pearlUh, but ain't it a beautiful worldThey're running numbers out of the Spanish coastWhere merry mary sends her roseWe get a ladder, there's a cat up in a treeUh, the pretzel man's wearing Gucci glassesThe widow spreads her lover's ashesI hold on to you, hold on to me, yeahWill do it, will do it, never lucky then will do it againI look at it, just sticks and bricksMakes you wonder how the pieces fitWhere we go and where we've beenThis ain't paradise we're living inIt's a diamond, it's a dirty plastic pearlUh, but ain't it a beautiful worldAin't it a beautiful worldOh, ain't it a beautiful worldOh, aint' it a beautiful world;12.074;Billy Falcon / Jon Bon Jovi
Because The Night;https://www.letras.mus.br/bon-jovi/303677/;Take me now baby here as I amPull me close try and understandI work all day out in the hot SunStay with me now till the mornin' comesCome on now try and understandThe way I feel when I'm in your handsTake me now as the Sun descendsThey can't hurt you nowThey can't hurt you nowThey can't hurt you nowBecause the night belongs to loversBecause the night belongs to usBecause the night belongs to loversBecause the night belongs to usWhat I got I have earnedWhat I'm not I have learnedDesire and hunger is the fire I breatheJust stay in my bed till the morning comesCome on now try and understandThe way I feel when I'm in your handsTake me now as the Sun descendsThey can't hurt you nowThey can't hurt you nowThey can't hurt you nowBecause the nightYour love is here and nowThe vicious circle turns and burns withoutThough I cannot live forgive me nowThe time has come to take this moment andThey can't hurt you nowBecause the night;13.991;Sabe de quem é a composição? Envie pra gente.
Because We Can;https://www.letras.mus.br/bon-jovi/because-we-can/;I don't want to be another wave in the oceanI am a rock, not just another grain of sand (that's alright)I want to be the one you run to when you need a shoulderI ain't a soldier but I'm here to take a stand because we canShe's in the kitchen starin' out the windowSo tired of livin' life in black and whiteRight now she's missin' those technicolour kissesWhen he turns down the lightsBut lately feelin' like a broken promiseIn the mirror starin' down his doubtThere's only one thing in this world that he'd knowHe said forever and he'll never let her downI don't want to be another wave in the oceanI am a rock, not just another grain of sand (that's alright)I want to be the one you run to when you need a shoulderI ain't a soldier but I'm here to take a stand because we canT.V. and takeout on the coffee tablePaper dishes, pour a glass of wineTurn down the sound and move a little closerAnd for the moment everything is alrightI don't want to be another wave in the oceanI am a rock, not just another grain of sand (that's alright)I want to be the one you run to when you need a shoulderI ain't a soldier but I'm here to take a standBecause we can, our love can move a mountainWe can, if you believe in weWe can, just wrap your arms around meWe can, we canI don't want to be another wave in the oceanI am a rock, not just another grain of sand (that's alright)I want to be the one you run to when you need a shoulderI ain't a soldier but I'm here to take a standBecause we can, our love can move a mountainWe can, if you believe in weWe can, just wrap your arms around meWe can, we can;194.758;Billy Falcon / Jon Bon Jovi / Richie Sambora
Bed Of Roses;https://www.letras.mus.br/bon-jovi/4928/;Sitting here, wasted and woundedAt this old pianoTrying hard to capture the momentThis morning, I don't know'Cause a bottle of vodka is still lodged in my headAnd some blonde gave me nightmaresI think that she's still in my bedAs I dream about movies they won't make of me when I'm deadWith an ironclad fistI wake up and French kiss the morningWhile some marching band keeps its own beat in my headWhile we're talkingAbout all of the things that I long to believeAbout love, the truth, what you mean to meAnd the truth isBaby, you're all that I needI wanna lay you down in a bed of rosesFor tonight I sleep on a bed of nailsOh, I wanna be just as close as the Holy Ghost isAnd lay you down on a bed of rosesWell, I'm so far awayEach step that I take is on my way homeA king's ransom in dimesI'd given each night just to see through this payphoneStill I run out of time or it's hard to get throughTill the bird on the wire flies me back to youI'll just close my eyes and whisperBaby, blind love is trueI wanna lay you down in a bed of rosesFor tonight I sleep on a bed of nailsOh, I wanna be just as close as the Holy Ghost isAnd lay you down on a bed of rosesWell, this hotel bar's hangover, whiskey's gone dryThe barkeeper's wig's crookedAnd she's giving me the eyeI might have said: YeahBut I laughed so hard I think I diedOh, yeahNow, as you close your eyesKnow I'll be thinking about youWhile my mistress, she calls meTo stand in her spotlight againTonight I won't be aloneBut you know that don't mean I'm not lonelyI've got nothing to proveFor it's you that I'd die to defendI wanna lay you down in a bed of rosesFor tonight I sleep on a bed of nailsOh, I wanna be just as close as the Holy Ghost isAnd lay you downI wanna lay you down in a bed of rosesFor tonight I sleep on a bed of nailsI wanna be just as close as the Holy Ghost isAnd lay you down on a bed of roses;1.637.829;Jon Bon Jovi
Bed Of Roses (Cama de Rosas);https://www.letras.mus.br/bon-jovi/1322017/;Solo y tan triste estoy como un viejo pianoTarde ya y sin saber donde despierto sin rumboPorque un litro de vodka he bebido ayerY una rubia en mi cama siempre me espera, tal vezPesadillas de cine que te hacen morir sin nacerLa mañana es tan gris como esos besos de nadieLa canción al revés sin cabeza, ni pies me recuerdaCúando hablamos por fin de luchar y vivirDel amor que tu sientes por miLa vervad es: Yo no soy nadie sin tiQuiero tener tu amor entre vino y rosasY olividar por fin el dolor de ayerCerca de ti, ser tu nombre, ser tu sombraTener tu amor, en tu cama de rosasAunque quiero correr, de casa nunca me alejoEl amor de verdad no se puede lograr con dineroPues tan lejos estás hacia el norte o el surIntento soñarte entre la multitudMis ojos cerrar y decirte: Solo tu amor es la luzQuiero tener tu amor entre vino y rosasY olividar por fin el dolor de ayerCerca de ti, ser tu nombre, ser tu sombraTener tu amor, en tu cama de rosasMiro al mundo girar hacia un futuro desiertoY mi amante me pide que sea su payaso otra vezY yo le digo no, si sueño tu amor no estoy soloElla es soledad y tu, la verdad y la feQuiero tener tu amor entre vino y rosasY olividar por fin el dolor de ayerCerca de ti, ser tu nombre, ser tu sombraTener tu amor, en tu cama de rosas;343.718;Manolo Tena / Jon Bon Jovi
Bells Of Freedom;https://www.letras.mus.br/bon-jovi/280185/;I have walked all aloneOn these streets I call homeStreets of hope, streets of fearThrough the sidewalk cracks time disappearsI was lost, on my kneesOn the eve of defeatAs I choked back the tearsThere's a silent scream no one could hearSo far away from everything you know is trueSomething inside that makes you do what you got to doRing them bells, ring them loudLet them ring here and nowJust reach out and ring the bells of freedomWhen your world's crashing downLike you're lost every roundStand your groundAnd ring the bells of freedomUp the steps of the churchThrough the fields and the dirtIn the dark I have seenThat the Sun still shines for the one who believesSo far awaySo full of doubt and needing proofJust close your eyes and hear the sounds inside of youRing them bells, ring them loudLet them ring here and nowJust reach out and ring the bells of freedomWhen your world's comes crashing downLike you've lost every roundStand your groundAnd ring the bells of freedomRing them bells, ring them loudLet them ring here and nowJust reach out and ring the bells of freedomYeah, when your world comes crashing downLike you've lost every roundStand your ground and ring the bells of freedomRing them bells, ring them loudLet them ring here and nowJust reach out and ring the bells of freedom;36.928;Sérgio Bittencourt / Jon Bon Jovi / Richie Sambora
Better Think Twice;https://www.letras.mus.br/bon-jovi/290080/;I just want all those modern romancesAlways being in loveWhen any girl smiled at me I went wild at the touch of her clothesThen bang it's off before I know itPoor broken hearted meBetter think twice before falling in love againBetter think twice before falling in loveJackie's all alone in her room with the TV onAnd she's crying, cryingWondering about how her and Joey been getting alongAll this lying, lyingTell her this, tell her thatWhere's these lies gonna endThings would be much better if her and Joey just stayed friendsBetter think twice before falling in love againBetter think twice before falling in loveWhat's in it for you?He's trying to shoot you downLong hot summer nightsGo out now and find that girl and hold her tightLike she's the only girl in the worldYou better think twiceBetter think twice before falling in love againBetter think twice before falling in loveBetter think twice before falling in love againBetter think twice before falling in love;6.846;Sabe de quem é a composição? Envie pra gente.
Billy;https://www.letras.mus.br/bon-jovi/297352/;Since you're been gone now honeyLife ain't nothing but sad luck daysI begged on my knees now, sugarYou acted like you never knew my nameMy friends saw you at the stationI guess you must have missed your trainTell me is it 'cause you love me, BillyOr is it just because you love the pain?Billy, BillyAin't love hard to explain?For a debutante you're a real hard womanBut I love you just the sameHow come you're sad when I get happy?Why do you laugh when I want to cry?Tell me why when I say I need youYou turn around and you say goodbyeWhy do you think that a heart's so fragile?Can you tell me why love's so blind?Just like a magnet you pull me underI can't resist you, we're two of a kindBilly, BillyWe're better lovers than friendsLife is like a movie but this ain't pretendThere really doesn't have to be a happy endI never said you had to walk on waterOr that I could ever stop the rainSometimes we break up just to make up, babyAnd we don't care who's to blameHey, hey, heyBilly, BillyCan we be lovers and friendsLife is like a movie but this ain't pretendThere really doesn't have to be a happy endBilly, BillyAin't love hard to explain?Billy, BillyI love you just the same;8.256;Jon Bon Jovi / Richie Sambora
Billy Get Your Guns;https://www.letras.mus.br/bon-jovi/billy-get-your-guns/;I just seen troubleHe's calling out your name tonightBilly get your gunsYou could walk awayBut I know you were born to fightSo Billy get your gunsThe bandileros are strung outIn the promenadeBilly get your gunsAnd the wind whispers softly that the devil's to blameBilly get your gunsBilly get your gunsThere's trouble blowing like a hurricaneBilly get your gunsThat's the price on your head for thePrice of fameAnd it'll never changeBilly get your gunsThere's a whiskey bottle emptySittin' on the barBilly get your gunsAnd some organ grinder singingAbout some sucker moving onBilly get your gunsAll the whores are hanging outWaiting to get paidBilly get your gunsFrom some Johnny on the spotWho said hey keep the change babyBilly get your gunsBilly get your gunsThere's trouble blowing like a hurricaneBilly get your gunsThat's the price on your head for thePrice of fameAnd it'll never changeThey christened you with whiskeyAnd there's fire running through your veinsWell you're an outlaw just the sameAnd every night a bullet wears your nameBilly get your gunsThere's trouble blowing like a hurricaneBilly get your gunsThat's the price on your head for the price of fameAnd it'll never changeI've seen a hangman dancing beneath the pale moonlightBilly get your gunsAnd every stranger that you meet thinks it's his lucky nightBilly get your gunsI don't envy you Billy but I want to sayYou better get your guns'Cause every outlaw that's died will live to ride againBilly get your gunsBilly get your gunsThere's trouble blowing like a hurricaneBilly get your gunsThat's the price on your head for the price of fameAnd it'll never changeBilly get your guns, Billy get your gunsBilly get your guns, Billy get your guns;4.353;Jon Bon Jovi
Bitter Wine;https://www.letras.mus.br/bon-jovi/4959/;We met some time ago when we were almost youngIt never crossed my mind to ask where did you come from?I didn't have much money so I stole you a roseYou were dressed like an orphan in Salvation Army clothesI never thought I'd lose you, no I'd rather go blindI thought I saw the future but the fortune teller liedYour love was my salvation, it could always get me highWhat was once holy water tastes like bitter wineI know I wasn't funny but you laughed at all my jokesWhen I was choking on the words to say, you stuck your fingersdown my throatThe first night I said I loved you, you told me to go to hellYou were giving me head on that creaky old bed at the Old DuvalmotelJust like everything even good love has to dieAin't no sympathy when it says goodbyeYour love was my salvation, it could always get me highWhat was once holy water tastes like bitter wineOh, yeahJust like everything good love has to dieAin't no sympathy when it says goodbyeNo one even cried, we were one of a kindOne of a kind, yeahLove left me stranded at the station and the last train's gonebyWhat was once holy water tastes like bitter wineYour love was my salvation, it could always get me highYou take the bath of holy water, now all that's left is bitterwine;27.354;Jon Bon Jovi / Richie Sambora
Blame It On The Love Of Rock & Roll;https://www.letras.mus.br/bon-jovi/4976/;Wooh!Ooh, yeah!Comon'!First time I heard the musicI thought it was my ownI could feel it in my heartbeatI could feel it in my bonesMy momma thinks I'm crazyDad says I'm insaneI got this boogie woogie feverBurning in my veinsThey took me to a doctorBut it's too late for meThey dragged me to a preacherThat they saw on their TVWho said that for a small donationMy lost soul would be savedI said I don't think so preacherI'll come back another dayAll I want, is to be a Rolling StoneThey don't understand what we all knowIt feels so good that it ought to be illegalI got my vaccination from a phonagraph needleI'll never grow up and I'll never grow oldBlame it on the love of rock and rollMy teachers didn't like me they alwaysTried to put me down'Cause I wore my hair too longI played my music way too loudEvery little boy wants to learn to play guitarSo he can pick up all the chicksAnd be a rock-n-roll starThey said it won't last, but they misunderstoodIf people think it's bad then I'll be bad for goodIt feels so good that it ought to be illegalI got my vaccination from a phonagraph needleI'll never grow up and I'll never grow oldBlame it on the love of rock and rollBlame it on the love, blameit on the loveDad don't understand what the little girls knowBlame it on the love of rock and rollAll I wanted, all I ever neededMy guitar gave to meEvery song I've sung blame it on loveEvery war I've won blame it on loveEverything I've done blame it on loveBlame it on the love of rock and rollIt feels so good that it ought to be illegalI got my vaccination from a phonagraph needleI'll never grow up and I'll never grow oldBlame it on the love of rock and rollBlame it on the love, blame it on the loveDad don't get what the little girls knowBlame it on the love of rock and roll;14.004;Jon Bon Jovi / Richie Sambora
Blaze Of Glory;https://www.letras.mus.br/bon-jovi/1587440/;I wake up in the morning and I raise my weary headI've got an old coat for a pillowAnd the earth was last night's bedI don't know where I'm goin'Only God knows where I've beenI'm a devil on the run, a six-gun loverA candle in the wind, yeahWhen you're brought into this worldThey say you're born in sinWell, at least they gave me somethin'I didn't have to steal or have to winWell, they tell me that I'm wantedYeah, I'm a wanted manI'm a colt in your stable, I'm what Cain was to AbelMister Catch-Me-If-You-CanI'm goin' down in a blaze of gloryTake me now, but know the truthI'm goin' out in a blaze of gloryAnd, Lord, I never drew first, but I drew first bloodI'm no one's son, call me young gunYou ask about my conscienceAnd I offer you my soulYou ask If I'll grow to be a wise manWell, I ask if I'll grow oldYou ask me if I've known love and what it's like to sing songs in the rainWell, I've seen love come, I've seen it shot downI've seen it die in vainShot down in a blaze of gloryTake me now, but know the truth'Cause I'm goin' out in a blaze of gloryLord, I never drew first, but I drew first bloodI'm the devil's son, call me young gunYeahEach night I go to bedI pray the Lord my soul to keepNo, I ain't lookin' for forgivenessBut before I'm six foot deepLord, I gotta ask a favorAnd I'll hope You'll understand'Cause I've lived life to the fullestLet this boy die like a manStarin' down a bulletLet me make my final standShot down in a blaze of gloryTake me now, but know the truthI'm goin' out in a blaze of gloryLord, I never drew first, but I drew first bloodAnd I'm no one's son, call me young gunI'm a young gun, yeahYoung gun, yeah, yeah, yeahYoung gun;516.448;Jon Bon Jovi
Blind Love;https://www.letras.mus.br/bon-jovi/blind-love/;Welcome to another hard nightYou made it through another daySit at the counter counting tipsCan't count on nothing else these daysDon't want to go home to the TVDon't want to go down to some barYou grab a blanketPut the top downAnd go driving in your carThough your bed's as warm as JanuaryOn this cold December's nightClose your eyes loveSleep safe and sound tonightCause blind loveIs guiding every step I takeIt's one less I got to makeTill I find my way home try loveWelcome to another morningThe Sun's still shining, but it's greyGet out of bed now sleepy headYou'd give an arm to hear him sayOh, and no one said that it'd be easyBut no one said it'd be this hardTo close your eyes loveSleep safe and sound tonightCause blind loveIs guiding every step I takeIt's one less I got to makeTill I find my way home try loveIf there's an patron saint of blind loveI hope he keeps me on your mind, loveWith every moment I'm awayWe're getting closer to the dayWe'll never have to say goodbye, loveThese days it's hard for meTo feel the sand beneath my feetWith this gunny sack and boots onOh, but no one said this would be easyAnd no one said it'd be this hardClose your eyes loveSleep safe and sound tonightCause blind loveIs guiding every step I takeIt's one less I got to makeTill I find my way home try loveIf there's an patron saint of blind loveI pray he keeps me on your mind, loveWith every moment I'm awayWe're getting closer to the dayWe'll never have to say goodbye, loveWith our blind loveBlind loveWelcome to another hard nightYou made it through another day;15.362;Jon Bon Jovi
Blood In The Water;https://www.letras.mus.br/bon-jovi/blood-in-the-water/;A storm is comingLet me be clearYour days are numberedThe end is nearThe walls around youAre closing inIt's too late for prayingSinner meet sinOnce I came across your borderNow they come to take me backI sleep with one eye openI don't make waves, I don't leave tracksFor my daughter and my three sonsIt's the only life they've knownTo me it's my asylumThese stars and stripes my homeBlood in the waterWho's jumping in?The devils made his final offerNow the sharks are circlingBlood in the waterOur fates are sealedThe devils greatest trickWas just to say he wasn't realSatan always used to love to say he wasn't realLies are in the forecastThe truth left with the tideI hear your shadow sold your secretsAnd he's gonna do some timeThey say the noose fits like a necktieSir, you're gonna fit right inWith some old familiar facesSinner meet sinBlood in the waterWho's jumping in?The devils made his final offerNow the sharks are circlingBlood in the waterOur fates are sealedThe devils greatest trickWas just to say he wasn't realSatan always used to love to say he wasn't realI'm no cable news reporterThey got nothing new to sayI'm the voice of the new orderThe star of Anarchy TodayI'm the comments you keep readingAt the bottom of the pageI'm real power, I'm a patriotI'm a Russian hack by tradeA Russian hack by tradeBlood in the waterWho's jumping inThe devils made his final offerNow the sharks are circlingBlood in the waterOur fates are sealedThe devil's greatest trick was just to say he wasn't realBlood in the waterBlood in the waterNow there's blood in the waterBlood in the water;9.893;Sabe de quem é a composição? Envie pra gente.
Blood Money;https://www.letras.mus.br/bon-jovi/1692665/;Hey Patty Garrett that's what I used to call youThey tell me you want me but I hear they've got youThey made you a lawman with a badge made of silverThey paid you some money to sell them my bloodBut you say this ain't about me, this ain't about youOr the good and the bad times we've both been throughWhen the lines between brothers and justice have changedYou do what you've got to cause you can't walk awayI wonder what would have happenedIf you were the killerAnd I was the heroWould things be the sameOr would I have tradedYour life for my own lifeWould I have paidYour debts in your placeBut this ain't about me, this ain't about youOr the good and the bad times we've both been throughWhen the lines between brothers and justice have changedYou do what you've got to cause you can't walk awayBlood moneyThat's what I call it'Cause money for blood ain't no fair exchangeBlood moneyBought and then sold youBut your conscience is all you can take to your grave;11.069;Jon Bon Jovi
Blood On Blood;https://www.letras.mus.br/bon-jovi/5047/;I can still rememberWhen I was just a kidWhen friends were friends foreverAnd what you said was what you didWell, it was me and Danny and BobbyWe cut each other's handsAnd held tight to a promiseOnly brothers understandBut we were so young (so young)One for all and all for one (for one)Just as sure as the river's gonna runBlood on bloodOne on oneWe'd still be standingWhen all was said and doneBlood on bloodOne on oneAnd I'll be here for youTill Kingdom comeBlood on bloodWell, Bobby was our heroCause he had a fake I. DI got busted stealing cigarettesAnd he took the rap for meDanny knew this white trash girlWe each threw in a tenShe took us to this cheap motelAnd turned us into menWe were so young (so young)One for all and all for one (for one)Just as sure as the river's gonna runBlood on bloodOne on oneWe'd still be standingWhen all is said and doneBlood on bloodOne on oneAnd I'll be here for youTill Kingdom comeBlood on bloodNow Bobby, he's an uptown lawyerDanny, he's a medicine manAnd me, I'm just the singerIn a long haired rock'n'roll bandThrough the years and miles between usIt's been a long and lonely rideBut if I got a call in the dead of the nightI'd be right by your sideBlood on blood, blood on bloodBlood on bloodOne on oneWe'd still be standingWhen all is said and doneBlood on bloodOne on oneAnd I'll be here for youTill Kingdom comeBlood on bloodBlood on blood;73.725;Sérgio Bittencourt / Jon Bon Jovi / Richie Sambora
Blue Christmas;https://www.letras.mus.br/bon-jovi/297354/;I'll have a blue Christmas without youI'll be so blue thinking about youDecorations of red on a green Christmas treeWon't be the same here if you're not here with meAnd when those blue snowflakes start fallingIs when those blue memories start callingThen you'll be doing all right with your Christmas of whiteBut I'll have a blue, blue, blue ChristmasDecorations of red on a green Christmas treeJust won't be the same here if you're not here with meAnd when those blue snowflakes start fallingIs when those blue memories start callingYou'll be doing all right with your Christmas of whiteBut I'll have a blue, a blue, blue, blue ChristmasI'll have a blue, blue, blue, blue, blue Christmas;5.691;Sabe de quem é a composição? Envie pra gente.
Bobby's Girl;https://www.letras.mus.br/bon-jovi/290082/;I give you my wordI fill you with promisesI give you anything you wantI told you we could be more than friendsYou and me, babyLive for the day and the dark of the nightWe live for tomorrowEverything will be alrightBaby it don't matter what they sayShe's Bobby's girlJohnny, you're playin' with dynamiteShe's Bobby's girlClose the door baby, it'll be alrightIt don't matter what they sayWhen they say: She's Bobby's girlJohnny, you're playin' with dynamiteShe's Bobby's girlClose the door baby, it'll be alrightCome on, let's goWhen they say: She's Bobby's girlJohnny, you're playin with dynamiteShe's Bobby's girlClose the door honeyIt'll be alrightShe's Bobby's girlCome on baby, come with me tonightShe's Bobby's girlClose the door honeyIt'll be alright nowYeahBobby's GirlI give you my wordI fill you with promisesI give you anything you wantI told you we could be more than friendsYou and me babyLive for the day and the dark of the nightAnxious for tomorrowEverything gonna be alrightBaby it doesn't matter what they sayWhen they say: She's Bobby's girlJohnny, you're playin' with dynamiteShe's Bobby's girlClose the door baby, it'll be alrightWhen I hear you on the telephoneMy body trembles and my blood runs hotYou're so much more than a girlYou bring me up when I'm notYou and me baby, on a magic carpet rideWe live for tomorrowEverything gonna be alrightIt don't matter what they sayWhen they say: She's Bobby's girlJohnny, you're playin' with dynamiteShe's Bobby's girlClose the door baby, it'll be alrightCome on, let's goWhen they say: She's Bobby's girlJohnny, you're playin with dynamiteShe's Bobby's girl, come with me babyIt'll be alrightShe's Bobby's girlShe's Bobby's girlShe's Bobby's girlShe's Bobby's girl;8.189;Jon Bon Jovi
Borderline;https://www.letras.mus.br/bon-jovi/290084/;You call every hour, but there's nothing to saySo talk to me now, before it's too lateOh they say it couldn't happenBut I saw your picture breatheThat fifty dollar doctor said your love is a diseaseI'm alright, I'm okayStill I don't know how, and I don't know whyBut the talk turns to shop, and so we stand on the edge of goodbyeIs this the end of the beginning, or beginning of an endAre you friend or the enemy, or enemy or the friendI walk the borderlineBetween day and the night, wrong and the rightBorderlineThe voices they scream from inside of meOn the borderlineI walk the borderlineI hear talk on the streets, I hear rumors of youThe people I meet say, that the lies are all trueAnd I wake up in a cold sweat, find you lying fast asleepIs my dream a reality, reality a dreamI've crossed the borderlineBetween day and the night, wrong and the rightBorderlineThe voices they scream from inside of meOn the borderlineI walk the borderlineI walk the borderlineBetween day and the night, wrong and the rightBorderlineThe voices they scream from inside of meOn the borderlineI walk the borderlineYeah, yeah, yeah;6.834;D
Born Again Tomorrow;https://www.letras.mus.br/bon-jovi/born-again-tomorrow/;If you were born again tomorrow, and again tomorrowThis ain’t a test, no, it’s a warningAin’t gonna say the sky is fallingYou got to read between the linesStop waiting for a signWhose gonna live your lifeYeah you don’t have to look backTo see where we areThe future’s looking brighterThan a handful of starsYou got to hold on, hold onBe strongIf you were born again tomorrowWould you live your life like yesterdayIf you were born again tomorrowI wouldn’t live my life any other wayDon’t have to end up where you startedHeaven loves the broken heartedYou learn from your mistakesBones grow stronger where they brakeWho says that scars don’t fadeYou don’t have to look backTo see where we areThe future’s looking brighterThan a handful of starsYou got to hold on, hold onYou got to be strongIf you were born again tomorrowWould you live your life like yesterdayIf you were born again tomorrowI wouldn’t live my life any other wayWould you relive every momentWould you tear out any pageIf you were born again tomorrowI wouldn’t live my life any other wayAny other wayAny other wayIf you were born again tomorrowWould you live your life like yesterdayIf you were born again tomorrowI wouldn’t live my life any other wayWould you relive every momentWould you tear out any pageIf you were born again tomorrowI wouldn’t live my life any other wayAny other wayBorn again tomorrowIf you were born again tomorrowBorn again tomorrow;20.908;Billy Falcon / John Shanks / Jon Bon Jovi
Born To Be My Baby;https://www.letras.mus.br/bon-jovi/4966/;Rainy night and we worked all dayWe both got jobs cause there's bills to payWe got something they can't take awayOur love, our livesClose the door, leave the cold outsideI don't need nothing when I'm by your sideWe got something that'll never dieOur dreams, our prideMy heart beats like a drum (All night)Flesh to flesh, one to one (And it's alright)And I'll never let go 'causeThere's something I know deep insideYou were born to be my babyAnd baby, I was made to be your manWe got something to believe inEven if we don't know where we standOnly God would know the reasonsBut I bet he must have had a plan'Cause you were born to be my babyAnd baby, I was made to be your manLight a candle, blow the world awayTable for two on a TV trayIt ain't fancy, baby that's okOur time, our waySo hold me close better hang on tightBuckle up, baby, it's a bumpy rideWe're two kids hitching down the road of lifeOur world, our flightIf we stand side by side (All night)There's a chance we'll get by (And it's alright)And I'll know that you'll liveIn my heart till the day that I die'Cause you were born to be my babyAnd baby, I was made to be your manWe got something to believe inEven if we don't know where we standOnly God would know the reasonsBut I bet he must have had a planCause you were born to be my babyAnd baby, I was made to be your manAnd my heart beats like a drum (All night)Flesh to flesh, one to one (And it's alright)And I'll never let go 'causeThere's something I know deep insideYou were born to be my babyAnd baby, I was made to be your manWe got something to believe inEven if we don't know where we standOnly God would know the reasonsBut I bet he must have had a planCause you were born to be my babyAnd baby, I was made to be your manYou were born to be my babyAnd baby, I was made to be your man;390.215;Jon Bon Jovi / Richie Sambora / Desmond Child
Born To Be Wild (feat. Bryan Adams);https://www.letras.mus.br/bon-jovi/born-to-be-wild-feat-bryan-adams/;Get your motor runnin'Head out on the highwayLooking for adventureIn whatever comes our wayYeah, darlin', gonna make it happenTake the world in a love embraceFire all of your guns at once andExplode into spaceI like smoke and lightnin'Heavy metal thunderRacing in the windAnd the feeling that I'm underYeah, darlin', gonna make it happenTake the world in a love embraceFire all of your guns at once andExplode into spaceLike a true nature's childWe were born, born to be wildWe can climb so highI never wanna dieBorn to be wildBorn to be wildGet your motor runnin'Head out on the highwayLooking for adventureIn whatever comes our wayYeah, darlin', gonna make it happenTake the world in a love embraceFire all of your guns at onceAnd explode into spaceLike a true nature's childWe were born, born to be wildWe can climb so highI never wanna dieBorn to be wildBorn to be wild;1.673;Mars Bonfire
Bounce;https://www.letras.mus.br/bon-jovi/69123/;I been knocked down too many timesCounted out 6, 7, 8, 9Written off like some bad dealIf you're breathing you know how it feelsCall it karma, call it luckMe, I just don't give upBounce, bounce, nothing's gonna keep me downBounce, bounce, stand up, shout it outBounce, bounce, I play hard, I play to winCount me out, count me inI'll be bouncing back againThis ain't no game, I play it hardKicked around, cut, stitched and scarredI'll take the hit but not the fallI know no fear, still standing tallYou can call it karma, call it luckMe, I just don't give upBounce, bounce, nothing's gonna keep me downBounce, bounce, stand up, shout it outBounce, bounce, I play hard, I play to winCount me out, count me inI'll be bouncing back againBounce!Bring it on, I like it roughIn your face, I call your bluffIt ain't karma, it ain't luckMe, I just don't give upBounce, bounce, nothing's gonna keep me downBounce, bounce, stand up, shout it outBounce, bounce, I play hard, I play to winCount me out, count me inI'll be bouncing back againBounce, bounce, nothing's gonna, keep me downBounce, bounce, stand up, shout it outBounce, bounce, I play hard, I play to winCount me out, count me inI'll be bouncing back againBounce, bounceBounce, bounceBounce, bounceBounce, bounceBounce!;31.035;Billy Falcon / Jon Bon Jovi / Richie Sambora
Breakout;https://www.letras.mus.br/bon-jovi/4995/;Breakout!This time, girl, I've had enoughYou're too hot to handle with kid glovesIt's too late, I hear a knock on the doorThe game's over, baby, I can't take it no moreBreakout (breakout)Take these chains from meYou held my heart for ransomBaby, set it freeBreakout (breakout)Your lies can't hide what I seeI'm better off on my ownPromises made me in the heat of the night (whoa-oh-oh)Those words were broken under bedroom lights (whoa-oh)Your lips they burn, your body calls my name (whoa-oh-oh)I can feel the fire but it's all in vain (whoa-oh-oh)Breakout (breakout)Take these chains from meYou held my heart for ransomBaby, set it freeBreakout (breakout)Your lies can't hide what I seeI'm better off on my ownBreakout (breakout)Take these chains from meYou held my heart for ransomBaby, set it freeBreakout (breakout)Your lies can't hide what I seeI'm better off on my ownYou say we'll meet around midnightYou're gonna make me feel alrightI'm saying oh no, not tonightYou gotta let me goBreakout (breakout)Take these chains from meYou held my heart for ransomBaby, set it freeBreakout (breakout)Your lies can't hide what I seeI'm better off on my ownBreakout (breakout)Take these chains from meYou held my heart for ransomBaby, set it freeBreakout (breakout)Your lies can't hide what I seeI'm better off on my ownWoah-oh-ohWoah-oh-ohWoah-oh-ohWoah-oh-ohYou say we'll meet around midnightYou're gonna make me feel, oh so rightI'm saying oh no, not tonightYou gotta let me goBreakout!Breakout!Breakout!Breakout!Breakout!Breakout!;12.123;David Rashbaum / Jon Bon Jovi
Breathe;https://www.letras.mus.br/bon-jovi/983573/;What's the world coming to?Where are we all running to?Not all our dreams are coming trueWe can't let it break usIn two hearts that beat as oneCan't let the clouds cover the SunIf I'm ramblin, I'm guiltyOf wearing my heart on my sleeveWhen it hurts, breatheWhen it burns, breatheThe feeling inside you is feeling like I doTake a breath, breatheLet it out, breatheJust close your eyes don't hold it inside youBreatheShe said baby you look down tonightThere's something wrong and that ain't rightI hear you talking in your sleepI want to dive into your dreamsAnd wrap my loving arms around youProtect you when the waves crash down on youWhen you're lost and you're scaredI'll be the airWhen it hurts, breatheWhen it burns, breatheThe feeling inside you is feeling like I doTake a breath, breatheLet it out, breatheJust close your eyes don't hold it inside youBreatheWhen you give and you takeAnd it feels like something breaksIt's alright, breatheWhen it hurts, breatheWhen you doubt, breatheWhen it burns, breatheLet it out, breatheWhen you give, breatheWhen you love, breatheWhen you live, breatheWhen you touch, breatheIf all that we've got is each otherThan all that we got is a lotWhen it hurts, breatheWhen it burns, breatheThe feeling inside you is feeling like I doTake a breathe, breatheLet it out, breatheJust close your eyes don't hold it inside youBreathe;11.636;Jon Bon Jovi / Richie Sambora
Bridge Over Troubled Water;https://www.letras.mus.br/bon-jovi/1254641/;When you're weary feelin' smallWhen tears are in your eyesI'll dry them allI'm on your sideOh, when times get roughAnd friends just can't be foundLike a bridge over troubled waterI will lay me downLike a bridge over troubled waterI will lay me downWhen you're down and outWhen you're on the streetWhen evening falls so hardI will comfort youI'll take your partOh, when darkness comesAnd pain is all aroundLike a bridge over troubled waterI will lay me downLike a bridge over troubled waterI will lay me downSail on silver girlSail on byYour time has come to shineAll your dreams are on their waySee how they shineOh, if you need a friendI'm sailing right behindLike a bridge over troubled waterI will ease your mindLike a bridge over troubled waterI will ease your mind;7.936;Paul Simon
Broken Promises (Only Lies);https://www.letras.mus.br/bon-jovi/290085/;Do you know I'm leaving on the midnight train?Bought a one way token and I won't be back againWould you smash the spiderHidden in your webMove before you're bittenAnd you trapped me in your bedThe girl admits she tells me liesShe took my soul and I'm taking it backBroken promise painted on your lipsOnly lonelinessGot no love to give, only liesGot no love to give, only liesThe girl admits she tells me liesShe took my soul and I'm taking it backBroken promises painted on your lipsGot no love to giveAll your promises are only liesOnly lies fill your promisesPainted on your lipsGot no love to giveAll your promises are only liesBroken promisesGot no love to giveAll your promises are only liesGot no love to give, only lies;7.938;Sabe de quem é a composição? Envie pra gente.
Brokenpromiseland;https://www.letras.mus.br/bon-jovi/1576063/;Angels falling from the skyImagine that, imagine thatNobody getting outta here aliveNo turning back, no turning backWho's gonna bail out all our shattered dreamsAnd scrape some truth off of these city streetsNo time for praying, get up off your kneesThere's hope I knowOut on that lonely road'Cause home is where you are and where I amBreathe in, breathe outThere's only nowAnd all I got I'm holding in my handsWe're breaking out ofBrokenpromiselandLet's close our eyes and just disappearSlip through the cracks, no looking backWe'll get a million miles away from hereAnd let the past just fade to blackSo what you learn to live with your regretsNo need to fear what hasn't happened yetLife will get you but you can't forgetThere's hope, I knowOut on that lonely road'Cause home is where you are and where I amBreathe in, breathe outThere's only nowAnd all I got I'm holding in my handsWe're breaking out ofBrokenpromiselandSo rise my fallen angelCome on nowCome on nowShine, don't let them break youCome on nowCome on nowCome on nowCome on nowCome on nowCome on nowCome on nowCome onThere hope, I knowOut on that lonely road'Cause home is where you are and where I amBreathe in, breathe outThere's only nowAnd all I got I'm holding in my handsWe're breaking out ofBrokenpromiselandBreaking out ofBrokenpromiselandBreaking out ofBrokenpromiseland;20.360;Sérgio Bittencourt / John Shanks / Jon Bon Jovi / Richie Sambora
Brother Louie;https://www.letras.mus.br/bon-jovi/1272996/;Louie, Louie, Louie, LouieLouie Louie you're gonna cryShe was black as the nightLouie was whiter than whiteDanger danger when you taste brown sugarHe fell in love overnightNothing bad, it was goodLouie had the best that he couldTook her home to meet momma and papaHe knew just where he stoodLouie, Louie, Louie, LouieLouie Louie you're gonna cryAs he stood in the nightKnowing what's wrong and rightHe took her home to meet momma and papaMan they had a terrible fightNow Louie, he caused a sceneHe was wishin' that it was a dreamMakes no difference if you're black or whiteAs long as you know what I meanLouie, Louie, Louie, LouieLouie Louie you're gonna cryLouie, Louie, Louie, LouieLouie Louie you're gonna cry;5.139;Sabe de quem é a composição? Envie pra gente.
Brothers In Arms;https://www.letras.mus.br/bon-jovi/brothers-in-arms/;Ever since I was a young boyBefore I'd ever know who I amMy father said you got to walk before you can crawlSo you can run as soon as you can standSo you can run as soon as you canNow if every breathing day is a lessonI been writing this before I could readWhen momma said, son, don't let this hard worldDo what it's doing to meDon't let it do what it's done to meIt's a hard rain that's gonna fall on the cityStill a hard rain that's gonna fall on the farmThere's no 7th day in a world without pityThere's no ball and chain but the change didn't comeWhere's my better days? Where's my Jesus saves?Where's someone to say?We got to hang onWe're brothers in armsDown in southern AlabamaIt's yes sir, no ma'am, thank you, and pleaseBut don't you step out of line, don't re-write or defineWhat it means to see a man take a kneeOkay, oh, say can you seeIt's a hard rain that's gonna fall on the cityStill a hard rain that's gonna fall on the farmThere's no 7th day in a world without pityThere's no ball and chain but the change didn't comeWhere's my better days? Where's my Jesus saves?Where's someone to say?We got to hang onWe're brothers in armsWe're brothers in armsIt's a hard rain that's gonna fall on the cityStill a hard rain that's gonna fall on the farmIt's a hard rain that's gonna fall on the cityStill a hard rain don't give a damn who you areThere's no 7th day in a world without pityThere's no ball and chain but the change didn't comeWhere's my better days? Where's my Jesus saves?Where's someone to say?We got to hang onWe're brothers in armsWe're brothers in arms;2.777;Sabe de quem é a composição? Envie pra gente.
Bullet;https://www.letras.mus.br/bon-jovi/1575738/;Dateline early Sunday morningShots ring out without a warningNo one seems to even blink in this townTwo dead and a baby missingSirens screaming in the distanceA mother pleading bring my baby home nowFor the pink slip of an SUVA night cut down whit tragedyHis defense another generation breakdownYeah, yeahWhat is the distanceBetween a bullet and a gunGod are you listeningOr have you just given upCorporate countries go to warBehind the lies they're are fighting forAnd black gold from an old king's soul won this roundHow can someone take a lifeIn the name of God and say it's rightHow does money lead to greedWhen there's still hungry mouths to feedYeah, yeahWhat is the distanceBetween a bullet and a gunGod are you listeninOr have you just given upWe need forgivenessWe all need a lot of loveWe need some hopeWe need it nowA little faith man help me outI'll learn to pray, but it's too late nowYeah, yeahWhat is the distanceBetween a bullet and a gunGod are you listeninOr have you just given upWhat is the distanceBetween a bullet and a gunWe need forgivenessWe all need a lot of loveA lot of loveYeah, yeah;16.944;Jon Bon Jovi / Richie Sambora
Burn With Me;https://www.letras.mus.br/bon-jovi/burn-with-me/;Sparks will flyWe can burn this house downSay good nightTo everything we are nowKiss me, kill meJust give me and then let goLet's live this lifeLike there's no tomorrowBurn with me one last timeAll we leave by ashes, embers in the fireBurn with me, smoke will riseCan't we help the liar walking through the fire?And burn with meWrong, all rightI'm waiting on an answerSave this lifeRight now is all that mattersKiss me, thrill meTell me all your secretsWhisper to meI promise that I'll keep itBurn with me one last timeAll we leave by ashes, embers in the fireBurn with me, smoke will riseCan't we help the liar walking through the fire?Burn with meIt's my heart beating on your bedroom doorHe's to leave, now you keep me coming back for moreWhen you say it's caught now in flamesBurn with me one last timeAll we leave by ashes, embers in the fireBurn with me, smoke will riseCan't we help the liar walking through the fire?Burn with me one last timeAll we leave by ashes, embers in the fireBurn with meBurn with meBurn with meBurn with meLet's live this lifeLike there's no tomorrow;11.956;Sabe de quem é a composição? Envie pra gente.
Burning Bridges;https://www.letras.mus.br/bon-jovi/burning-bridges/;Sayonara, adiós, auf wiedersehen, farewellAdieu, goodnight, guten abendHere's a last song you can sellLet's call it Burning BridgesIt's a singalong as wellCiao, adieu, goodnight, guten abendPlay it for your friends in hellSomeone shut the lights off, turn the pageThe stories I could writeI've seen a million faces and I've lived a couple livesHere's our history for all to seeThe smiles and all the scarsFirst the rising, then the fallingCall this chapter Shooting Stars(Must sound good from where you are!)Sayonara, adiós, auf wiedersehen, farewellAdieu, goodnight, guten abendHere's one last song you can sellLet's call it Burning BridgesIt's a singalong as wellCiao, adieu, goodnight, guten abendPlay it for your friends in hellAh, check the box, yeah, mark this dayThere's nothing more to sayAfter 30 years of loyalty, they let you dig a graveNow, maybe you could learn to sing or even strum alongBut I'll give you half the publishingYou're why I wrote this song(Everybody, sing along!)Sayonara, adiós, auf wiedersehen, farewellAdieu, goodnight, guten abendHere's one last song you can sellLet's call it Burning BridgesIt's a singalong as wellHope my money and my mastersBuy a front row seat in hellCiao, adieu, goodnight, guten abendPlay it for your friends in St. Tropez;7.954;Sabe de quem é a composição? Envie pra gente.
Burning For Love;https://www.letras.mus.br/bon-jovi/4996/;I've been lied to and you've been cheatedI've been cried to, you've been mistreatedI've been watching you, you want actionYou need love and I need satisfactionI'm burning for love, filled with desireI can't stand the heat and my heart's on fireI can't get enough, it's down to the wireI'm making my move, I'm looking for youI'm burning for loveYou're the victim it's in your eyesI'm the suspect and love's the crimeTensions mounting, bodies achingI can't take the anticipationI'm burning for love, I'm filled with desireI can't stand the heat and my heart's on fireI can't get enough, it's down to the wireI'm making my move, I'm looking for youI'm burning for loveNow that I got you in my sightCan't take another sleepless night, no, no noWell, you can run but you can't hideYou're the only one I need to feel the fire insideBurning for love, I'm filled with desireI can't stand the heat and my heart's on fireI'm burning for love, I'm filled with desireI can't stand the heat and my heart's on fireI'm burning for love, I'm filled with desireI can't stand the heat and my heart's on fireI can't get enough, it's down to the wireI'm making my move, I'm looking for youI'm burning for love;18.742;Jon Bon Jovi / Richie Sambora
Cadillac Man;https://www.letras.mus.br/bon-jovi/290086/;Well I'm the king of the roadAin't got no place to go, no place I call homeSeen the world from behind this old wheelDriving away from those feelings I feelDesire cuts like a knifeI'll leave you bleeding but I'll make you feel alrightI love you but don't hold me too tightDon't put up a fight cause these wheels gotta rollThere ain't nobody, ain't nobody, ain't no savior gonna save my soulWell I've been searching for a rainbow and a pot of goldThat's mine to hold that can't be bought or can't be soldI'm a poet, I'm a preacher, got a lawyer's tongueI can sit here at home but I ain't nobody's sonBefore you get too close you best understandI'm a Cadillac manI'm a liar, I'm a lover, I'm a lawman's gunI'm a sailor to the sea, I'm born of gypsy bloodI'm the aces in a card player's handI'm a Cadillac manAnd I've been driving all nightChain-smoking cigarettes and chasing tail lightsThrough the smoke I see the deal of my lifeAnd if you got ten rounds then you got a hell of a fightSo if you want to cry, well then you cry to meIf you want to lie, I'll let you lie to meIf you want to laugh, well then I'll play the clownYou can laugh 'till you cryEverybody, everybodyEverybody's got the truth to hideThere ain't nobody, ain't nobody ever satisfiedOr justified, or criticized and crucifiedI'm a poet, I'm a preacher, got a lawyer's tongueI can stay here at home but I ain't nobody's sonBefore you get too close you best understandI'm a Cadillac manWell I'm a liar, I'm a lover, I'm a lawman's gunI'm a sailor to the sea, I'm born of gypsy bloodI'm the aces in a card player's handI'm a Cadillac manI'm just a Cadillac man (keep on riding)Cadillac manI'm doing the best that I canI'm a Cadillac manWoke up this morningLooked in the mirror saw the miles in my eyesFor one moment I thought my big deal had just passed me byMy Cadillac diedBut I just cracked a smile and the mirror said rideCadillac manI'm just a Cadillac manCadillac manWell I'm a poet I'm a preacher, got a lawyer's tongueI can stay here at home but I ain't nobody's sonBefore you get too close you best understandI'm a Cadillac manI'm a liar, I'm a lover, I'm a lawman's gunI'm a sailor to the sea, I'm born of gypsy bloodI'm the aces in a card player's handI'm a Cadillac manI'm a Cadillac manA Cadillac manCadillac manA Cadillac man;5.321;Sabe de quem é a composição? Envie pra gente.
Captain Crash And The Beauty Queen From Mars;https://www.letras.mus.br/bon-jovi/4958/;Dressed up for a big dateLike Halloween day but it was Fourth of July nowA car crash with a suitcase and a painted faceShe was one of a kindShe wears a plastic crown like CinderellaAnd roller skates in bedHe rides the greyhound from his hometownWhen he comes around cause they don't let him drive nowMixed up as a milkshakeBut make no mistakeCrash looking at the starsYou and meWe're invincible togetherWe can be also tragical, whateverDressed up just like Ziggy but he couldn't play guitarCaptain Crash and the beauty queen from MarsShare a toothpick, trading lipstickWatching traffic for days at the dinerHolding hands, making big plansPlaying superman, he was wearing eyelinerAnother local legend and his longtime lucky charmYou and meWe're invincible togetherWe can be also tragical, whateverDressed up just like Ziggy but he couldn't play guitarCaptain Crash and the beauty queen from MarsThey're drunk on love as you can getGetting high on lust and cigarettesLiving life with no regretsAt least they're gonna try to flyYou and meWe're invincible togetherWe can be also tragical, whateverWe're Sid and NancyFred and GingerClyde and BonnieLiz and RichardKurt and CourtneyBaccal and BogieJoltin' Joe and Mrs. MonroeHere's captain crash and the beauty queen from Mars;28.833;Richie Sambora / Jon Bon Jovi
Cats In The Cradle And a Silver Spoon;https://www.letras.mus.br/bon-jovi/1057542/;My child arrived just the other dayCame to the world in the usual wayBut there were planes to catch and bills to payHe learned to walk while I was awayHe was talkin: Fore I knew itAnd as he grew he saidI'm gonna be like you, dadYou know I'm gonna be like youAnd the cat's in the cradle and the silver spoonLittle boy blue and the man 'n the MoonWhen you comin' home?Son, I don't know whenWe'll get together thenYou know we'll have a good time thenWell, my son turned ten just the other dayHe said: Thanks for the ball, dadCome on, let's playCould you teach me to throw?I said: Not today, I got a lot to doHe said: That's okay, and he walked away and he smiled and he saidYou know, I'm gonna be like him, yeahYou know I'm gonna be like himWell, he came from college just the other daySo much like a man I just had to sayI'm proud of you. Could you sit for a while?He shook his head and he said with a smileWhat I'd really like, dad, is to borrow the car keysSee you laterCan I have them please?I've long since retired, my son's moved awayI called him up just the other dayI'd like to see you, if you don't mindHe said: I'd love to, dad, if I could finnnnd the timeYou see my new job's a hassle and the kids have the fluBut it's sure nice talkin' to you, dadIt's been sure nice talkin' to youAnd as I hung up the phone it occurred to meHe'd grown up just like meMy boy was just like me;9.151;Harry Chapin / Sandra Chapin
Christmas (Baby Please Come Home);https://www.letras.mus.br/bon-jovi/297358/;The snow's coming downI'm watching it fallLot's of people aroundBaby please come homeThe church bells in townWell their singing our songWhat a happy soundBaby please come homeThey're singing Deck the HallsBut it's not like Chritmas at allI remember when you were hereAnd all the fun we had last yearPretty lights on the treeI'm watching them shineYou should be here with meBaby please come homeThey're singing Deck the HallsBut it's not like Christmas at allI remember when you were hereAnd all the fun we had last yearIf there was a wayI'd hold back these tearsBut it's Christmas dayBaby please come homeBaby please come homeBaby please come homeBaby please come homeBaby please come home;5.561;Sabe de quem é a composição? Envie pra gente.
Christmas Isn’t Christmas;https://www.letras.mus.br/bon-jovi/christmas-isnt-christmas/;Fancy paper, pretty ribbonsWrap each present that is newAnd the sounds of this good season fills the nightWe'll light a fire, send seasons greetingsWe'll sing a song of YuleThere's nothing wrong but this year Christmas isn't rightOh it's a beautiful dayWe'll give thanks and we'll prayFor every blessing and the dreams that came trueOh it's a beautiful nightBut I can't wait for first lightWhen the sky will shine a different kind of blueSnow still falling, friends are callingBringing laughter and good cheerWine is flowing and another year's gone byNothing's changed but life keeps changingSome say hello, some say goodbyeIt's the memories that keep me warm tonightOh it's a beautiful dayWe'll give thanks and we'll prayFor every blessing and the dreams that came trueOh it's a beautiful nightBut I can't wait for first lightThat's when the sky will shine a different kind of blueThis year Christmas isn't Christmas without youHow am I supposed to let you goWhen you're the only thing I've ever knownYou're the reason that I keep holding onNow who's strong and who's afraidTomorrow won't be yesterdayTomorrow just can't be like yesterdayFancy paper, pretty ribbonsPromise me you'll come home soon'Cause Christmas isn't Christmas without youOh Christmas isn't Christmas without you;8.033;Jon Bon Jovi
Cocoa Brown;https://www.letras.mus.br/bon-jovi/2657/;Gently approaching you, but not knowing what to sayPraying you don't have a manOffering you a drink, whatever your taste isMaybe you might have a shotShot of your cocoa brown with meCool with my cocoa brownThats what I wantCuz she got such style I likeSo cool and brownCool with my cocoa brownNo doubt about itFrom the moment that I looked in her eyesMentally, she's so supreme, but not knowing who to trustSoftly, I take your handStroking on your faceCant help anticipating, leaving after we danceOh, yeah, my cocoa brown, brown, brown, yeahI get down, who loves cocoa brown, cocoa brownI want the sound, love the voice, cocoa brown, cocoa brownI get down, who loves cocoa brown, cocoa brownI want the sound, who loves cocoa brown, cocoa brown;3.585;Sabe de quem é a composição? Envie pra gente.
Cold Hard Heart;https://www.letras.mus.br/bon-jovi/5064/;You said you loved to watch me sleepYou put your head down on my chestTo hear me breatheGo on, take my last breath from meI don't want to live no moreAnd cut my eyes so I can't seeI can't see you looking back as you walk out the doorCold, hard heartCold, cruel heartWhat's it gonna takeTo break your cold hard heartI was a lover lost at seaYou found me washed up on the beachYou took me home, you gave me breakfastI said I'd offer you protection, but you didn't charge a feeCold, hard heartCold, cruel heartWhat's it gonna takeTo break your cold hard heartWhat are you hiding underneath that shirtIf you're the one to run babeThen you don't feel the hurtHer hair so brown, and eyes so greenYou used to say I made good companyShe'd bring me wine and sip her teaThen you'd give yourself what you could give to me;11.611;Sabe de quem é a composição? Envie pra gente.
Color Me In;https://www.letras.mus.br/bon-jovi/color-me-in/;Hello, my name isIt really don’t matter knowA book of blank pagesAnything you want I’ll beWrite a little love letter on meOh make me fit just right like a hand in the gloveAs close as the lipstick on your coffee cupPaint me the picture you’re dreaming ofIf that ain’t enoughColour me inAny way you wanna begin, I’m inGirl, you've got me under your spell, I fellAny shade you wanna useColour me just right for youColour me inThis might sound crazyDo anything you wanna doYour kiss can save meLet me wrap these arms around youI wanna be the song that's stuck in your headClose as a prayer that you’ll never forgetAll I can say is just what I saidWe'll get there againColour me inAny way you wanna begin, I’m inGirl you’ve got under your spell, I fellAny shade you wanna useColour me just right for youColour me inLet your imagination run wildAll I wanna do is make you smileAnd I've got all nightHello, my name isMy name isColour me inAny way you wanna begin, I’m inGirl, you've got me under your spell, I fellAny shade you wanna useColour me just right for youColour me in;10.510;Billy Falcon / Jon Bon Jovi
Come Back;https://www.letras.mus.br/bon-jovi/5009/;Now that you're gone, I can see whatWas going on and how you liedWhen you'd said you'd never love againFriends telephone and they sayYou weren't out alone last nightCan't you see that this broken heartIs killing meAnother night is fallingAnd now my heart is calling you back to meCome back 'cause I need your loveCome back got to have your loveCome back bring your loving back to meCome back 'cause its been so longCome back, and I can't go onCome back bring your loving back to meYou play with words play with loveIts just your silly wayI'm a fool 'cause I need you by my side againNow its too late you walk byWith another manAnd I stand alone'Cause I know that you're not coming homeAnother night is fallingAnd now my heart is calling you back to meCome back 'cause I need your loveCome back got to have your loveCome back bring your loving back to meCome back 'cause its been so longCome back, and I can't go onCome back bring your loving back to meAnother night is fallingAnd now my heart is calling you back to meCome back 'cause I need your loveCome back got to have your loveCome back bring your loving back to meCome back 'cause its been so longCome back, and I can't go onCome back bring your loving back to me;14.225;Jon Bon Jovi / Richie Sambora / Tony Villanueva
Come On Up To Our House;https://www.letras.mus.br/bon-jovi/come-on-up-to-our-house/;Come on up to our houseLet us make you feel at homeCome on up to our houseI will leave the porch light onI wish tonight would last foreverAnd it would never endWe were introduced as strangersNow we're leaving here as friendsEvery word that you speak is a melodyAs we're writing the songs of our livesEveryone knows we don't want to go homeBut we can't stay here tonightCome on up to our houseLet us make you feel at homeCome on up to our houseI will leave the porch light onAll are welcome at our tableYou can never stay too longCome on up to out houseI will leave the porch light onYou could tell me your life storyI could finish every lineThe one about hurt and the heartacheIt still gets me every timeEvery word that you speak is the harmonyTo the song that I'm singing insideEveryone knows we don't want to go homeBut we can't stay here tonightCome on up to our houseLet us make you feel at homeCome on up to our houseI will leave the porch light onAll are welcome at our tableYou can never stay too longCome on up to our houseI will leave the porch light onI wish tonight could last foreverCause I ain't good at saying goodbyeEveryone knows we don't want to go homeBut we can't stay here tonightCome on up to our houseLet us make you feel at homeCome on up to our houseI will leave the porch light onFor the restless and the wearyYou will never be aloneAll are welcome at our tableYou can never stay too longSo come on up to our houseI will leave the porch light onCome on up to our houseCome on up to our houseCome on up to our houseCome on up to our house;6.562;John Shanks / Jon Bon Jovi
Como Yo Nadie Te Ha Amado;https://www.letras.mus.br/bon-jovi/5074/;Yo no vi las flores marchitarNi ese frío en tus ojos al mirarNo, no vi la realidadMe ibas a dejarDicen que la vida, baby, no es como la vesPara aprender hay que caerPara ganar hay que perderLo di todo por tiLloré y lloré y juré que no iba a perderteTraté y traté de negar este amor tantas veces, babySi mis lágrimas fueron en vanoSi al final yo te amé demasiadoComo yo, como yo nadie te ha amadoCada hora una eternidadCada amanecer, un comenzarIlusiones nada másQue fácil fue soñarTantas noches de intimidadParecían no acabarNos dejamos desafiarY hoy nada es igualSé que en verdad el amor al final siempre dueleNo lo pude salvar y hoy voy a pagarlo con creces, babySi mis lágrimas fueron en vanoSi al final yo te amé demasiadoComo yo, como yo nadie te ha amadoEsta vez la pasión ha ganadoY por eso sigo esperandoComo yo, como yo nadie te ha amadoUh, huhLloré y lloré y juré que no iba a perderteTraté y traté de negar este amor tantas veces, babySi mis lágrimas fueron en vanoSi al final yo te amé demasiadoComo yo, como yo nadie te ha amadoEsta vez la pasión ha ganadoY por eso sigo esperandoComo yo, como yo nadie te ha amadoComo yo, como yo nadie te ha amadoComo yo, como yoNadie te ha amado;660.113;Bon Jovi / Desmond Child / Richie Sambora
Complicated;https://www.letras.mus.br/bon-jovi/280187/;Take a look around, this is what I seeIs there anybody else that feels like me, yeahYou sweat, you sweat, you bleed, you bleedWhat you get ain't what you seeUp is down and black is white to meI'm complicated, I get frustratedRight or wrong, love or hate itI'm complicated, you can't sedate itI heard that song but I won't play itIt's alright, it's ok, you wouldn't want me any other wayMomma, keep on praying 'cause I ain't changin'I'm complicated, yeahI'm complicated, yeahI'm smart enough to know what I don't knowI'm fool enough to stay when I should goYou work, you work, you cry, you cryYou watch your whole life pass you bySometimes you've got to close your eyes to seeI'm complicated, I get frustratedRight or wrong, love or hate itI'm complicated, you can't sedate it (sedate it)Heard that song but I won't play itIt's alright, it's ok, you wouldn't want me any other wayMomma, keep on praying 'cause I ain't changin'I'm complicated, yeahI'm complicated, yeahIs there anybody out there?Just like everybody out thereJust one somebody out there, just like meI'm complicated, I get frustratedRight or wrong, love or hate itI'm complicated, you can't sedate it (sedate it)I heard that song but I won't play itIs there anybody out there?Just like everybody out thereJust one somebody out thereJust like meIs there anybody out thereJust like everybody out thereJust one somebody out thereJust like meI'm complicated;22.063;Billy Falcon / Jon Bon Jovi / Max Martin
Crazy Love;https://www.letras.mus.br/bon-jovi/352286/;The city sounds like a symphonyA cabbie screams obscenitiesThe horns are honking jazz in the nightHer street is lit like a Christmas treeThis place is my amphetamineShe junks me but it's alrightIn her summer dress she parts the seaHer hair wrapped up in rosary beadsEverybody else is gone but her and meHere she comes, it's crazy loveHere it comes againThat crazy thing called loveHere she comes, it's crazy loveHere it comes againSitting on my stoopI lit one up and put the ashes in my coffee cupAnd watched the world passing me byThrow a coat of paint on this rusty heartAin't it funny how life imitates artSaint Valentine he's got bloody knees tonightBut when she's walking down the streetThe sidewalk's there to kiss her feetHere she comes, it's crazy loveHere it comes againThat crazy thing called loveHere she comes, it's crazy loveHere it comes againShe needs me, pleads meWraps me in her loving charmsShe'll tease me, squeeze meBut I'm the man when I'm in her armsNow the angels sing a melodyThat they wrote for her explicitlyThat no one hears but her and meNow wait a minute, wait I can't believe my eyesWho's that coming around the corner?Ay, she's lookin' fine ain't she? Get out the way!No, no, no get out the way, look at those high heel sneakersHere she comes, it's crazy loveHere it comes againThat crazy thing called loveHere she comes, it's crazy love;24.265;Jon Bon Jovi / Mark Hudson
Damned;https://www.letras.mus.br/bon-jovi/4941/;I'm lying here beside youIn someone else's bedKnowing what were doing's wrongBut better left unsaidYour breathing sounds like screaming, it's all that I can standHis ring is on your finger, but my heart is in your handsDamned if you love me, damned if you don'tIt's getting harder holding on, but I can't let you goDamned if you don't need me, damned if you doOh God, I wish it wasn't me standing in these shoesDamned, damnedA door slams like a shotgun, you jump up to your feetBut it's just the wind blowing through the secrets that we keepMade me want to want you, God knows I need to need youBy the time the love is over, I'll be sleeping on the streetsDamned if you love me, damned if you don'tIt's getting harder holding on, but I can't let you goDamned if you don't need me, damned if you doOh God, I wish it wasn't me standing in these shoesWhy won't you talk to me? Because I'm too blind to seeWhy won't you look at me? Because I'm afraid to breatheWhat do you want from me? All that I can standThe lies are on my tongue and I can't turn back I knowMy soul is damnedDon't worryI ain't gonna call you or hear you say my nameAnd if you see me on the street, don't wave just walk awayOur lives are getting twisted, let's keep our stories straightThe more that I resist it, my temptation turns to fateDamned if you love me, damned if you don'tIt's getting harder holding on, but I can't let you goDamned if you don't need me, damned if you doOh God, I wish it wasn't me standing in these shoesDamned, damnedDamned if you love me, damned if you don'tIt's getting harder holding on, but I can't let you goDamned if you don't need me, damned if you doOh God, I wish it wasn't me standing in these shoesDamned, damned;16.236;Jon Bon Jovi / Richie Sambora
Deep Cuts The Night;https://www.letras.mus.br/bon-jovi/290088/;I've been waitin' for this scene to endI don't need somebody baby, I need a friendI work all day just like doin' timeI've stood tall through the fires of hellAnd I've walked through enemy linesSo now you've gone and built a wall around youIts gonna take a heart to knock it down tooDeep cuts the night, when you're without loveDeep cuts the night, when you're without loveDeep cuts the night, and it's bringing me downIts bringing me downIf I could be the hero in your masqueradeI could sweep you off your feet and take you far awayThere ain't no saviors in the real worldThere's only broken heartsAnd souls for you and me girlNow you've gone and built a wall around youIt's gonna take a heart to knock it down tooDeep cuts the night, when you're without loveDeep cuts the night, when you're without loveDeep cuts the night, when you're without loveDeep cuts the night, well its bringing me downSo load your guns and fire awayAll it takes is one fair shotTo blow your world awayDeep cuts the night, when you're without loveDeep cuts the night, when you're without loveDeep cuts the night, and it's bringin' me downIt's bringin' me down;4.030;Sabe de quem é a composição? Envie pra gente.
Destination Anywhere;https://www.letras.mus.br/bon-jovi/5003/;Hey babe, it's just me parked outside your houseI know that he's asleep, so listen to me nowDarlin' I'm tired of living just in your dreamsI'm getting outYou know we both sold our soulsWe're just growing old, in this sleepy, dead-end townDestination anywhereName the place and I'll be therePack a bag and we're out of here, let's runBaby, we both been running uphill for too longWe both settled for something got nothingAnd we both know its wrongGo and admit it we lived it, I'm leavingGet your boots and come onI got my coat and my keysI need you next to me, then I'm goneDestination anywhereName the place and I'll be therePack a bag and we're out of here, let's runDestination anywhereLeft or right, I don't careMaybe we'll just disappear like the SunWhen these wheels spin, baby they can all eat our dustAs far as I'm concerned, this whole town lost its nutWe won't be here when they put us downIt's our big chance I'm calling you nowThey never let us go unless we tryI'm tired of living just to dieWe're getting out of here, destination anywhereDestination anywhereName the place and I'll be therePack a bag and we're out of here - let's runDestination anywhereLeft or right, I don't careMaybe we'll just disappear like the SunCome on, come on, come on;21.888;Sabe de quem é a composição? Envie pra gente.
Diamond Ring;https://www.letras.mus.br/bon-jovi/4947/;Diamond ring, wear it on your handIt's gonna tell the world, I'm your only manDiamond ring, diamond ringBaby, you're my everything, diamond ringRed, red rose brought it home to youBlood red rose, tells me that you're trueRed, red rose, blood-red roseLike a fire inside that grows, blood-red roseWhen you're hungry, I will fill you upWhen you're thirsty, drink out of my loving cupWhen you're crying, I'll be the tears for youThere is nothing that I wouldn't do for youWhen you're hungry, I will fill you upWhen you're thirsty, drink out of my loving cupWhen you're crying, I'll be the tears for youThere is nothing that I wouldn't do for youYou know, I bleed every night you sleep'Cause I don't know if I'm in your dreamsI want to be your everythingDiamond ring, wear it on your handIt's gonna tell the world, I'm your only manDiamond ring, diamond ringBaby, you're my everything, diamond ringDarling, you're my everything, diamond ringNow, you've got me on your string, diamond ring;43.266;Sérgio Bittencourt / Jon Bon Jovi / Richie Sambora
Dirty Little Secret;https://www.letras.mus.br/bon-jovi/280189/;Dirty little secretI light a candleIn the garden of loveTo blind the angelsLooking down from aboveI want, I needThe fruit of your pineIt tastes so bitter sweet'Cause I know it's not mineI want to come insideHit the lightsAnd I'll come crawling to your window tonightCome on and send the signI'll be your dirty little secret and you'll be mineYou got me knock knock knocking at your doorAnd I'll be coming back for moreWe made a promise and we'll keep itOur dirty little secretWe act like strangersWhen you're holding his hand'Cause there's a dangerThat we both understandWe run like thievesThrough the temple of sin'Till we fall on our knees then you go back to hellI want to feel aliveHit the lightsAnd I'll come crawling to your window tonightCome on and send the signI'll be your dirty little secret and you'll be mineYou got me knock knock knocking at your doorAnd I'll be coming back for moreWe made a promise and we'll keep itOur dirty little secretHuh!Hit the lightsAnd I'll come crawling to your window tonightCome on and send the signI'll be your dirty little secret and you'll be mineYou got me knock knock knocking at your doorAnd I'll be coming back for moreWe made a promise and we'll keep itOur dirty little secretOur dirty little secretOur dirty little secretOur dirty little secretOur dirty little secret;15.205;Sérgio Bittencourt / John Shanks / Jon Bon Jovi / Richie Sambora
Do It To Ya;https://www.letras.mus.br/bon-jovi/1711582/;I don't wanna lose this thing we gotTo tell you the truth babe we've been losing a lotYou don't understand the things I sayThe clothes I wear or the friends I've madeTell me girl are you my baby, oh, yeahYeah you drive me crazy, oh, yeahI don't wanna love youHad enough of those bluesI ain't gonna love youI just wanna do it to yaDrive me insaneA lethal angel that ain't gonna changeI'll do it bad but I like the floorYou're begging for mercy when I'm begging for moreYou got it going down onto me, oh, yeahAnd every time you kiss me, oh, yeah oh, yeahI don't wanna love youI've had too much of those bluesAnd I don't wanna hold youI just wanna, just wanna do it to yaComing on the b section alright, after one more time aroundB section!Baby I've been all around the worldI've seen and loved every kind of girlI can't say they've been all on timeEvery day I like it on timeI ain't gonna love youI blew holes in my shoesAnd I ain't gonna love youI just wanna do it to ya, do it to yaDo it to you, do it to yaJust wanna do it to yaDo it to yaBeep beep beep beep, yeahAlright;3.042;Sabe de quem é a composição? Envie pra gente.
Do What You Can;https://www.letras.mus.br/bon-jovi/do-what-you-can/;Tonight they're shutting down the bordersAnd they boarded up the schoolsSmall towns are rolling up the sidewalksOne less paycheck's coming throughI know you're feeling kind of nervousWe're all a little bit confusedNothing's the same, this ain't a gameWe've gotta make it throughAs we wave outside the windowOlder loved ones stay insideMoms and babies blowing kissesMaybe saving someone's lifeThey had to cancel graduationIt ain't fair to scrap the promOur kids sit home in isolationTV news is always onWhen you can't do what you doYou do what you canThis ain't my prayerIt's just a thought I'm wanting to send'Round here we bend but don't breakDown here we all understandWhen you can't do what you doYou do what you canThe chicken farm from Arkansas bought workers P.P.ENot before 500 more had succumbed to this diseaseHonest men and honest womenWorking for an honest wageI got a hundred point one feverAnd we still got bills to payWhen you can't do what you doYou do what you canThis ain't my prayerIt's just a thought I'm wanting to send'Round here we bend but don't breakDown here we all understandWhen you can't do what you doYou do what you canThey built a hospital on East Meadow in Central Park last nightDoctors, nurses, truckers, grocery store clerks, manning the front lineI saw Red Cross on the HudsonThey turned off the Broadway lightsAnother ambulance screams byThere, by the grace of God, go IAlthough I'll keep my social distanceWhat this world needs is a hug until we find the vaccinationThere's no substitute for loveSo love yourself and love your familyLove your neighbor and your friendAin't it time we love the stranger?It's just a friend you ain't met yetWhen you can't do what you doYou do what you canThis ain't my prayerIt's just a thought I'm wanting to send'Round here we bend but don't breakDown here we all understandWhen you can't do what you doYou do what you canWhen you can't do what you doYou do what you can;36.303;Jon Bon Jovi
Do What You Can (feat. Jennifer Nettles);https://www.letras.mus.br/bon-jovi/do-what-you-can-feat-jennifer-nettles/;Tonight they're shutting down the bordersAnd they boarded up the schoolsSmall towns are rollin' up their sidewalksOne less paycheck comin' throughI know you're feelin' kinda nervousWe're all a little bit confusedNothing's the same, this ain't a gameWe gotta make it throughAs we wave outside the windowOlder loved ones stay insideMoms and babies blowin' kissesMay be saving someone's lifeThey had to cancel graduationIt ain't fair to Skype the promOur kids sit home in isolationTV news is always onWhen you can't do what you doYou do what you canThis ain't my prayer, it's just a thought I'm wanting to send'Round here, we bend but don't breakDown here, we all understandWhen you can't do what you doYou do what you canThe chicken farm from Arkansas brought workers ppeNot before five hundred more had succumbed to this diseaseHonest men and honest women workin' for an honest wageI got a hundred point one fever, and we still got bills to payWhen you can't do what you doYou do what you canThis ain't my prayer, it's just a thought I'm wanting to send'Round here, we bend but don't breakDown here, we all understandWhen you can't do what you doYou do what you canThey built a hospital on east meadow in central park last nightDoctors, nurses, truckers, grocery store clerks manning the front linesI saw a red cross on the hudsonThey turned off the Broadway lightsAnother ambulance screams by (screams by)There by the grace of God, go IAlthough I'll keep my social distanceWhat this world needs is a hugUntil we find the vaccinationThere's no substitute for loveSo love yourself and love your familyLove your neighbor and your friendAin't it time we loved a stranger?They're just a friend you ain't met yetOhWhen you can't do what you doYou do what you can (do what you can)This ain't my prayer, it's just a thought I'm wanting to send'Round here, we bend but don't breakDown here, we all understandWhen you can't do what you doYou do what you canWhen you can't do what you doYou do what you can;1.548;Sabe de quem é a composição? Envie pra gente.
Does Anybody Really Fall In Love Anymore;https://www.letras.mus.br/bon-jovi/5091/;I walked down the streetPeople passing me byThey look me up and downBut they don't look me in the eyeI'm just another strangerIn my own home townLooking for an angelBut heaven can't be foundI say: Hey, are you lonely tonightHey, hey, hey I'm gonna make it throughBut that don't make it rightDoes anybody really fall in love anymore?Does anybody really give their heart to somebody?Does anybody really ever open that door?I know, I know, you've got to love somebodyI know, I know, I've got to find somebody to loveThere's a sad face in the mirrorAnd I'm sad to say it's meLike a ghost up in the atticOnly love can set him freeI've been running around in circlesOn this roller coaster rideThere's a lonely world around meI get sucked in by the tideI said: Hey, love ain't no crimeSo why is everybody so afraid to cross that line?Hey, hey, hey, I'll be alright'Cause I know that someone somewhere'sGonna say these words tonight;7.650;Desmond Child / Jon Bon Jovi / Richie Sambora
Don't Do That To Me Anymore;https://www.letras.mus.br/bon-jovi/290091/;If I told you onceI've told you a thousand timesYou can't go onPlayin' with people's mindsBut you like thinkin' that you'll get byBreakin' hearts one by one in a lineCause you're drivin' me crazyI just can't go onMakin' love to a womanWho's been playin' with me all alongDon't do that to me anymoreDon't do that to me anymoreDon't do that to me anymoreDon't do that to me anymoreI can count the times you really made me a foolI guess we've both got a different set of rulesWell, you cried, thinkin' that I'd break downBut I'm not sure I need you hangin' aroundCausel you're drivin' me crazyI just can't go onMakin' love to a womanWho's been playin' with me all alongDon't do that to me anymoreDon't do that to me anymoreDon't do that to me anymoreDon't do that to me anymoreDon't do that to me anymoreDon't do that to me anymoreDon't do that to me anymoreDon't do that to me anymoreYou won't have me to kick around anymoreI'm not a fool for you and that's for sureNo reason left for you to try to pretendI told you before, now I'm saying againDon't do that to me anymoreDon't do that to me anymoreDon't do that to me anymoreDon't do that to me anymoreDon't do that to me anymoreDon't do that to me anymoreDon't do that to me anymoreDon't do that to me, babyIf I told you once, babyI've told you a thousand timesThat you can't go roundMessin' with people's mindsBut you like thinkin' that you'll get byYou're breakin' hearts one by one in a lineWell you're drivin' me crazyWell, I can't go onMakin' love to a womanWho's been playin' with me all alongDon't do that to me anymoreDon't do that to me anymoreDon't do that to me anymoreDon't do that to me anymoreCount the times you really made me a foolI guess that we both got a different set of rulesYou cried, thinkin' that I'd break downI'm not sure I need you hangin' aroundCause you're drivin' me crazyI just can't go onMakin' love to a womanWho's been playin' with me all alongDon't do that to me anymoreDon't do that to me anymoreDon't do that to me anymoreDon't do that to me anymoreDon't do that to me anymoreDon't do that to me anymoreDon't do that to me anymoreDon't do that to me, babyYou won't have me to kick around anymoreI'm not a fool for you and that's for sureNo reason left for you to try to pretendI told you before and I'll tell you againDon't do that to me anymoreDon't do that to me anymoreDon't do that to me anymoreDon't do that to me anymoreDon't do that, oh baby;8.046;Sabe de quem é a composição? Envie pra gente.
Don't Keep Me Wonderin';https://www.letras.mus.br/bon-jovi/303679/;When I come home, it's late, I feel so all aloneWhat was my mistake, baby, why don't you care at all?Well if it's just a change in you, I'll adjustBut if you're true give me a sign of your trustAnd am I supposed to be true to youDon't keep me wonderin', do I still have your loveDon't keep me wonderin', if you've given upWhen I come to bed, you're there, but I feel so all aloneWhat can I do, should I sleep on the floorI might be slow girl but I'm not dumbThe question arises, am I the only one?And am I supposed to be in love with youDon't keep me wonderin', do I still have your loveDon't keep me wonderin', have you given upDon't you keep me babyI might be slow girl, I'm not dumbThe question arises, am I the only one?And am I supposed to be in love with youDon't keep me wonderin', do I still have your loveDon't keep me wonderin', have you given upDon't keep me wonderin', do I still have your loveDon't keep me wonderin', have you given upDon't you give up, baby;4.521;Sabe de quem é a composição? Envie pra gente.
Don't Leave Me Tonight;https://www.letras.mus.br/bon-jovi/280191/;If I had to I would lie for youAnd, baby, I would cry, I'd cry for youIf I have to, I'll get down on my knees for youTommy is at home waiting up for youAnd if you let, he'll make you black and bluePlease don't go, not this timeOh no don't leave me tonightDon't leave me tonight, don't leave me tonightDon't leave me tonight, oh, no, noIf you only knew what you put me throughAnd how many nights I've waited up for youThinkin' about you baby every nightNow you're here and you've gotta go homeWe can hide out and rendezvousJust me and just youSo please baby please, don't put up a fightOh, no, don't leave me tonightDon't leave me tonight, don't leave me tonightDon't leave me tonight, oh, no, noDon't leave me tonight (oh, baby, not tonight)Don't leave me tonight (I can't take it this time)Don't leave me tonight (oh, no, no, no)He don't love you half as much as I doPromise you'll stay the night, and love me tooYeah, yeah, yeahI can't stand another night aloneOr talkin' to you on the phoneSo tell 'em that we're runnin' awayTell 'em anything you wantBaby no, don't say you'll goDon't leave me tonightEverything's gonna be alrightI need you girl, I need you to stayDon't turn your back and walk awayDon't leave me tonight, don't leave me tonightDon't leave me tonight, oh, no, noDon't leave me tonight (everything will be alright)Don't leave me tonight (I can tell you I love you)Don't leave me tonight (I'm goin' outa my mind I can't stand the nights alone)Don't leave me tonight (so, baby, don't say you're goin')Don't leave me tonight (oh, baby, stay around)Don't leave me tonight (I can't take it, can't take it, can't take it, can'tTake it without you, so baby please hang on);10.733;Sabe de quem é a composição? Envie pra gente.
Don't Talk;https://www.letras.mus.br/bon-jovi/2655/;Excuse me loveCan I come dance with you?Uh, yeah(Hmm, yeah)2000, Jon B ish uh yeahAll you people in the club feelin' itUh yeah, come on baby nowBaby I had to stop for a second on the balconyScopin' you down, you're lookin' fly to meAll dressed up, and buying your own drinksAnd that ain't rightNot that you can't handle it on your ownBut your too damn fly to drink all aloneCan I come bubble with you?To you - I'mma make a toast, come onDon't talkBaby just move with meTake a sipKind of got you feelin' fizzyIt's alright, so rock with meIf it's alright with you, oh babyBaby, you got me high dancin' close with the Kana perfumeSmellin' all goodIt's gettin' hot in the roomAll pressed on youAnd I know you feel it tooAnd that's alrightPardon me, I'mma back up and be a gentlemanAnd if it's really real then you can tell me whenAnd that's when she pulled me closeAnd said let's do it again, come onUh, come on baby now, uhUh, come on baby now, uhUh, come on baby nowGirl it's alright to relax your mindCause you came out to enjoy yourselfIt's on you and nobody elseCome on and bubble with me;5.271;Sabe de quem é a composição? Envie pra gente.
Don't You Believe Him;https://www.letras.mus.br/bon-jovi/303682/;I know it's been a long time, since I called you lastRemember all those dreams that we had, the time went by so damn fastYou said I had to flaunt those girls I kept by my sides for kicksYou let the rumors fly, it's nothing newWhat those little boys will do to get their fixYou broke my heart when you said goodbye, bye, byeYou believed him when he told you a lieWithout your love baby I'm gonna dieDon't you believe him (don't you believe him)He's gonna fill you up with liesDon't you believe him darling, (don't you believe him)He's gone too far this timeSince you left me baby, since you gone and stole my heartI remember the very night that I broke down and fell apartGirl you don't remember, what I'm up here to beBaby, baby don't you know, you're the biggest part of meIt broke my heart when you said good bye, bye, byeYou believed him when he told you a lieWithout your love baby I'm gonna dieDon't you believe him (don't you believe him)He's gonna fill you up with liesDon't you believe him darling, (don't you believe him)He's gone too far this timeBroke my heart when you said goodbye, bye, byeYou believed him when he told you a lieWithout your love baby I'm gonna dieDon't you believe him (don't you believe him)He's gonna fill you up with liesDon't you believe him darling, (don't you believe him)He's gone too far this timeDon't you believe him, don't you believe himDon't you believe him, don't you believe him;6.281;Sabe de quem é a composição? Envie pra gente.
Drift Away;https://www.letras.mus.br/bon-jovi/5066/;Day after day I'm more confusedSo I look for the light in the pouring rainYou know that's a game that I hate to loseI'm feelin' the strain, ain't it a shameOh, give me the beat, boys, and free my soulI wanna get lost in your rock and roll and drift awayOh, give me the beat, boys, and free my soulI wanna get lost in your rock and roll and drift awayBeginning to think that I'm wastin' timeI don't understand the things I doThe world outside looks so unkindI'm countin' on you to carry me throughAnd when my mind is freeYou know a melody can move meAnd when I'm feelin' blueThe guitar's comin' through to soothe meThanks for the joy that you've given meI want you to know I believe in your songRhythm and rhyme and harmonyYou help me along makin' me strong;6.382;Mentor Williams
Drive;https://www.letras.mus.br/bon-jovi/290093/;Baby, I've been thinkingIt's too hard to speak these nightsCan I confess what's on my chestWhat's really on my mindSee, I never was scared of nothingThere was nothing that we couldn't doWe used to think thatWe could walk on waterJust because we wanted toAnd it all seemed so easyWhen we were living not just aliveWe talked about dreamsAnd how we would like to spend our livesWhen freedom was a tank of gasOn a long summer nightTo drive, just driveCan you keep a secret baby?If you can't, just lieYeah, I want to screamWhen I have this dreamThat my whole life passed me byAnd they sold my heart for diamondsAnd they sold some pride for goldThere's lots of things that I can't get backThat the record company ownsWhen 17 has turned 30Its all gone kiss it goodbyeHey, baby, maybe we aint kids no moreBut I'm too young to dieThere's still some freedom in this tank of gasIf youre by my sideWe'll drive, just driveDon't want no airplanes, no ticket on a fast trainAll I wanted was a two-laneWith you by my sideWe'll drive, all night long, get on boardWe'll drive, with the radio onYou can lean your head on my shoulderAnd just for a whileForget about the world, baby, mile after mileWe'll drive, all night long yeah, you want a ride?No airplane, no ticket on a fast trainAll I wanted was a two-laneAnd you by my sideWe'll drive, all night long, get on boardWe'll drive, with the radio on baby all right;4.569;Sabe de quem é a composição? Envie pra gente.
Dry County;https://www.letras.mus.br/bon-jovi/4967/;Across the border they turnWater into wineSome say it's the devil's bloodThey're squeezing from the vineSome say it's a saviourIn these hard and desperate timesFor me it helps me to forgetThat we're just born to dieI came here like so many didTo find the better lifeTo find my piece of easy streetTo finally be aliveAnd I know nothing good comes easyAll good things take some timeI made my bed I lie in itTo die in it's the crimeYou can't help but prosperWhen the street are paved with goldThey say the oil wells ran deeper hereThan anybody's knownNow I packed up on my wife and kidAnd left them both back at homeYou see there's nothing in this paydirtThe ghost are all I knowNow the oil's goneAnd the money's goneAll the jobs are goneStill we're hangin' onDown in dry countyThey're swimming in the sandPraying for some holy waterTo wash the sins from off our handsIn dry countyThe promise has run dryWhere nobody criesAnd no one is getting out of here aliveIn the blessed name of JesusI heard a preacher sayThat we are all God's childrenAnd he'd be back, back somedayAnd I hoped that he knewSomething as he drank that cup of wineI didn't have too good of a feelingAs I head out to the nightI cursed the sky to openI begged the clouds for rainI prayed to God for waterFor this burning in my veinsIt was like my soul's on fireAnd I had to watch the flamesAll my dreams went up in ashesAnd my future blew awayNow the oil's goneAnd the money's goneAll the jobs are goneStill they're hangin' onDown in dry countyThey're swimming in the sandPraying for some holy waterTo wash the sins from off our handsIn dry countyThe promise has run dryWhere nobody criesAnd no one is getting out of here aliveMen spend this whole livesWaiting, praying, for some big rewardBut it seems sometimesThat payoff leaves you feelingLike a dirty whoreIf I could choose the way I'll dieMake it by the gun or knife'Cause the other way there's too much painNight after night after nightDown in dry countyWhen they're swimming in the sandPraying for some holy waterTo wash the sins from off our handsHere in dry countyThe promise has run dryWhere nobody criesAnd no one is getting out of hereDry countyAnd no one's getting out of hereDry countyOoh;66.922;Jon Bon Jovi
Dyin' Ain't Much Of a Livin';https://www.letras.mus.br/bon-jovi/1904796/;A whiskey bottle comforts meAnd tells me not to cryWhile a full Moon says a prayer for meI try to close my eyesBut the night's there to remind meOf the guns and the early gravesThe ghosts appear as I fall asleepTo sing an outlaw's serenadeDyin' ain't much of a livin'When you're livin' on the runDyin' ain't much of a livin' for the youngIs it too late to ask for forgivenessFor the things that I have done?Dyin' ain't much of a livin' for the youngOh, the desert's been a friend to meIt covers me by nightAnd a snakebite's not my enemyBut it taught me how to fightAll this fame don't bring you freedomThough it wears a thin disguiseAnd an outlaw is just a man to meAnd a man has to dieOh, dyin' ain't much of a livin'When you're livin' on the runDyin' ain't much of a livin' for the youngIs it too late to ask for forgivenessFor the things that I have done?Dyin' ain't much of a livin' for the youngNaAnd I hope someone will pray for meWhen it's my turn to diePray for meDyin' ain't much of a livin'When you're livin' on the runDyin' ain't much of a livin' for the youngIs it too late to ask for forgivenessFor the things that I have done?Dyin' ain't much of a livin' for the youngNa;13.082;Jon Bon Jovi
Edge Of a Broken Heart;https://www.letras.mus.br/bon-jovi/4991/;And there I stood just like a soldierI was tough until I saw herI said hello but she just turned awayHey Romeo, watcha doing with my girlWho are you using now?I turned and walked awayI'm the who needs her now, you can't believe itI'll be there to catch her when she fallsOh, here I amOn the edge of a broken heartI'm a manOn the edge of a broken heartHere we standOn the edge of a broken heartSo run if you can't cause you knowI'm a man on the edgeOn the edge of a broken heartI'm on the edgeOn the edge of a broken heartI'm on the outside looking insideYou're with him, who's on the wrong side now?Do you still think of me?I tried to call, but no one answersTwo silohuets, a private dancerLights go dim as the music starts to fade awayI'm gonna need you, now you can't believe itI'll be there to catch you when you fallYou better believe I'm a manOn the edge of a broken heartHere I amOn the edge of a broken heartAnd we standOn the edge of a broken heartSo run if you can't cause you knowI'm a man on the edgeOn the edge of a broken heartI'm on the edgeOn the edge of a broken heartAnd when I hold out my handsI'll be reaching for youI'll give it all that I've gotThat's all I can doWhen you're waiting for loveI'll be waiting for youOn the edge of a broken heartOh, yeah for youOn the edge of a broken heartOh baby for youOn the edge of a broken heartSo run if you can, you know I'm a man on the edgeOn the edge of a broken heartI'm on the edgeOn the edge of a broken heartI'm on the edgeOn the edge of a broken heartI'm on the edgeOn the edge of a broken, broken, broken;14.425;Sérgio Bittencourt / Jon Bon Jovi / Richie Sambora
Every Beat Of My Heart;https://www.letras.mus.br/bon-jovi/297359/;As a hard rain beats down in the night it sounds like applauseStill I can't hear a sound with the beat of my heartI can't pick up that phone anymore and I need to confessIf I don't say 'I love you' everything else is a waste of my breatheEvery beat of my heart I would giveEvery beat of my heart just to liveTo live for your love, if all that I wantIs to die in your armsI'd give you every beat of my heartAs I whisper your name I wish you were here by my sideAnd the only way that I find you is when I close my eyesWith my ring on your finger I hope and I prayThat you know deep in your soul with every step that you takeIt's the little things that you do that make me want you moreIt's the way your hands are trembling but what they trembling for?It's the way the smile fits on your lipsThe way you hold me tightGod knows I'd give everything to be in your arms tonightI live for your love, if all that I wantIs to die in your armsI'd give you every beat of my heartJust to liveEvery beat of my heart, just to liveI live for your love, it's all that I wantTo die in your armsI'd give you every beat of my heartGive you every beat of my heart;18.092;Jon Bon Jovi / Richie Sambora
Every Road Leads Home To You;https://www.letras.mus.br/bon-jovi/every-hoads-leads-home-to-you/;I got your picture on my phoneYour voice in my headI'm lying here aloneRestless in some faraway bedThe stars will falling downAnd I'm half a world awayI'm just trying to close the distanceTo feel each breath you takeWhen the bridge is burningAnd I'm loosing my faithAnd I'm trying to find my way towards the truthLike a wild arrow flyingAnd I'm blindly runningFrom everything I thought I knewAnd every road leads home to youHome to youSo you got me to believeMade me turn on a dimeThe writing on the wallRight in front of meEvery song, every rhymeBut I don't need a thousand wordsI need you save in my armsI'll be standing strongI'll keep holding onWhen life tries tearing us apartWhen the bridge is burningAnd I'm loosing my faithAnd I'm trying to find my way towards the truthLike a wild arrow flyingAnd I'm blindly runningFrom everything I thought I knewNo I ain't regrettingJust how lost I'm gettingOr the red lights I've been blowing throughMy foot will find the pedalAs I'm counting the linesEvery road leads home to youEvery road leads home to youHomeRoads still leads me home to youSometimes I don't see the signsThe Headlights make me blindThe Roads still leads me home to youWhen the bridge is burningAnd I'm loosing my faithAnd I'm trying to find my way towards the truthLike a wild arrow flyingAnd I'm blindly runningEverything I thought I knewNo I ain't regrettingJust how lost I'm gettingOr the red lights I've been blowing throughMy foot will find the pedalAs I'm counting the linesEvery road leads home to youEvery road leads home to youHome to youHome to youHome to youEvery road leads home to youHome to youEvery roadLeads home to youEvery road leads home to you;2.771;Luke Ebbin / Richie Sambora
Every Word Was a Piece Of My Heart;https://www.letras.mus.br/bon-jovi/4977/;I've been staring at the pageFor what seems like daysI guess I put this one off for a whileDid I see a tear fall from your eyesOr did you laugh so hard that you criedWhen I served my secrets on a silver tray to youHey now, I guess the night's just bringing me downThere's no love, there's no hateI left them there for you to takeBut, know that every word was a piece of my heartYou've been the blood in my veinsThe only one who knows my middle nameAnd the smiles they came easy 'cause of youYou know that I love you, but I hate you'Cause I know I can never escape youLet the choir sing for tonight I'm an easy markHey now, am I acting just a little too proudThere's no love, there's no hateI left them there for you to takeBut, know that every word was a piece of my heartHave I said too muchMaybe I haven't said enoughBut know that every word was a piece of my heartHush me darling, maybe I've lost my touchMaybe I've lost my guts - there, is that truth enoughHey now, Hey nowYou know these love letters mix with whiskyJust don't light a match when you kiss meThough I'll blow away, you know I'll be back soonHey now, hey now, hey now, am I talking just a little too loud?There's no love, there's no hateI left them there for you to takeBut, know that every word was a piece of my heartHave I said too much?Maybe I haven't said enoughBut know that every word was a piece of my heartHey now, am I talking just a little too proud?Hey now, the night's just bringing me down;18.952;Sabe de quem é a composição? Envie pra gente.
Everybody Hurts;https://www.letras.mus.br/bon-jovi/1636290/;When your day is longAnd the night the night is yours aloneWhen you're sure you've had enough of this lifeHang onDon't let yourself go'Cause everybody criesAnd everybody hurts, sometimesSometimes everything is wrongNow it's time to sing alongWhen your day is night alone (hold on, hold on)If you feel like letting go (hold on)If you think you've had too much of this lifeTo hang on'Cause everybody hurtsTake comfort in your friendsEverybody hurtsDon't throw your hand, oh noDon't throw your handIf you feel like you're aloneNo, no, no, you're not aloneIf you're on your own in this lifeThe days and nights are longWhen you think you've had too much of this lifeTo hang onWell, everybody hurtsSometimes, everybody criesAnd everybody hurts, sometimesBut everybody hurts, sometimesSo hold onHold onEverybody hurtsYou're not alone;5.414;Sabe de quem é a composição? Envie pra gente.
Everybody's Broken;https://www.letras.mus.br/bon-jovi/1010163/;Welcome to the partyCome on in and disappearYou're feeling like strangerBut all your friends are hereLittle lines and cracksAround your eyes and mouthSomething's trying to get inSomething's trying to get outIt's okay to be a little brokenEverybody's broken in this lifeIt's okay to feel a little brokenEverybody's brokenYou're alright, it's alrightIt's just lifeStep into the deep endMake yourself at homeWhen you wonder why your breathingKnow you're not aloneIt's so hard to believeWhat's easier to doubtYou're trying to hold inWhat you're dying to scream outIt's okay to be a little brokenEverybody's broken in this lifeIt's okay to feel a little brokenEverybody's brokenYou're alright, it's alrightIt's just lifeTake a look aroundTell me what you seeIs who you think you areWho you want to beIt's okay to be a little brokenEverybody's broken in this lifeIt's okay to feel a little brokenEverybody's brokenYou're alright, keep on goingEyes wide openEverybody's brokenEverybody's brokenEverybody's brokenEverybody's brokenEverybody's brokenEverybody's broken;21.052;Billy Falcon / Jon Bon Jovi
Everyday;https://www.letras.mus.br/bon-jovi/63066/;I used to be the kind of guyWho'd never let you look insideI'd smile when I was cryingI had nothing but to a life to loseThought I had a lot to proveIn my life there's no denyingGoodbye to all my yesterdaysGoodbye, so long, I'm on my wayI had enough of crying, bleeding, sweating, dyingHear me when I say, gonna live my life everydayI'm gonna touch the sky, spread these wings and flyI ain't here to playGonna live my life everydayChange, everybody's feelin' strangeNever gonna be the sameMakes you wonder how the world keeps turningLife, learning how to live my lifeLearning how to pick my fightsTake my shots while I'm still burningGoodbye to all those rainy nightsGoodbye, so long, I'm moving onI've had enough of crying, bleeding, sweating, dyingHear me when I say, gonna live my life everydayI'm gonna touch the sky, spread these wings and flyI ain't here to playGonna live my life everydayHit the gas, take the wheel, I just made myself a dealThere ain't nothing gonna get in my wayEverydayGoodbye, so long, I'm moving onI've had enough of crying, bleeding, sweating, dyingHear me when I say, gonna live my life everydayI'm gonna touch the sky and spread these wings and flyI ain't here to playGonna live my life everydayI, oh I, oh IGonna live my life everydayI, oh I, oh IGonna live my lifeEveryday;90.609;Andreas Carlsson / Jon Bon Jovi / Richie Sambora
Fast Cars;https://www.letras.mus.br/bon-jovi/1576060/;How can I defendLet's live for now and not thenWe're chasing taillights, let'em fade into theDistanceLet's say the engine stalled and start againTurn around, let's turn aroundIt's a dark road we'd been heading downTrust me tonightI swear I know where we areWe're gonna run all the lightsWe're gonna blow right through the radarFast carsWe are fast carsHow can I pretendThe signs don't say: Dead end?So many hearts just wind up in a junkyardAnd memories are nothing but spare partsTurn around, just turn aroundWe'll leave the past behind us nowCome on, we ain't gonna crashIt's time we ain't slowing downWe'll pull ahead of the packSlipping through the cracks'Cause we areFast carsOn a long rideTake your foot off the brakeLet? S just put it in driveWe are fast carsOn the insideThere? S no turning backOn the highway of lifeFast carsWe are fast carsShala, shalaFlying through the stop signsShala, shalaRunning over the bad timesShala, shalaCutting down the daylightCounting deep like white linesHolding on for our livesWe are fast carsWe are fast carsOn a long rideTake your foot off the brakeLet's just put it in driveWe are fast carsOn the insideThere's no turning backOn this highway tonightShala, shalaShala, shalaWe are fast carsShala, shalaWe are fast carsWe are fast cars;13.275;Sérgio Bittencourt / Jon Bon Jovi / Richie Sambora
Father Time;https://www.letras.mus.br/bon-jovi/father-time/;Father timeI couldn't make her wanna stayI couldn't seem to find the words to sayNow I have to live in yesterdayFather timeI thought that you were on my sideI thought that I could keep our love aliveI thought that I could keep her satisfiedThe clock keeps tickin' and I keep on thinkin' 'bout youI'm knockin' at the door of your heart but I can't break throughFather timeGrant me just another dayOf our love I tried to make her stayFather timeDon't tell me it's too lateAll my life you know that I would waitFather timeNow she's goneShe didn't even say good-byeI guess she didn't have the heart to tryShe didn't even have the guts to lieFather timeOnly you can turn the pageAnd close the curtain on this empty stageOnly you can take my pain awayAnd my heart keeps breakin' and my body keeps aching for youIt's time to hold on but there's nothin' left to hold on toFather timeGrant me just another dayOf our love I tried to make her stayFather timeDon't tell me it's too lateAll my life you know that I would waitFather timeFather, father can't you see I'm depending on youI'm dying at the door to your heart and I can't break throughFather timeGrant me just another dayOf our love I tried to make her stayFather timeDon't tell me it's too lateAll my life you know that I would waitFather timeShe's your child make her mineFather time;2.101;Sabe de quem é a composição? Envie pra gente.
Fear;https://www.letras.mus.br/bon-jovi/4975/;I see you looking over your shoulderTell me who do you think's out thereYou're reaching for your four leaf cloverBut baby there ain't no luck down thereI swear that there's no heart in this cityIt's here the slogan reads: Do your timeEverybody's doing theirsentenceIt's just there ain't nobody hereWho knows just what's the crimeI watched my father live a lie hereI'd rather die than fade awayI read the rulesAnd yeah I know themStill you ain't ever gonnaMake me play the game of fear, fear, fear, fearRunning with the ratsThrough the cityMakes you feel like you're a partner in crimeGirl once you won't stop to watchThat little girl didHey baby won't you stop and hear meJust being here we're breathing heart attacksWe can run and chaseThe setting Sun we can runAnd we won't ever look backTake my hand I know we'll make itI'll let nothing slow us down I know you want to curseThis place but there's onlyOne thing that's stopping us nowFear fear fear of a new thing fear fear fearOf the brass ringYou ain't one for taking chancesYou work and live and breathe that 9 to 5Still that's what you call livingThat's surviving to meAnd surviving is living to die inFear;11.135;Jon Bon Jovi
Feel Like Making Love;https://www.letras.mus.br/bon-jovi/619085/;Baby when I think about you I think about loveDarlin' gonna live without you and your loveIf I had those golden dreams of my yesterdayI would wrap you in the heavensAnd feel it dying dying dying all the wayFeel like makin' feel like makin' loveFeel like makin' love feel like makin' loveI feel like makin' love to youBaby if I think about you I think about loveDarlin' if I had to live without you I live without loveAnd if I had the Sun and Moon we will shine themI would give you both night and day - love satisfyingFeel like makin' feel like makin' loveFeel like makin' love feel like makin' loveI feel like makin' love to youAnd if I had those golden dreams of my yesterdayI would wrap you in the heavensFeel it dying dying dying all the way;8.451;Sabe de quem é a composição? Envie pra gente.
Fever;https://www.letras.mus.br/bon-jovi/fever/;You never know how much I love yaNever know how much I careWhen you put your arms around meI get a feelin' that's so hard to bearYou give me feverWhen you kiss meFever when you hold me tightFever (fever, burn through) in the mornin'An' fever all through the nightListen to me, babyHear ev'ry word I sayNo one could love you the way I do'Cause they don't know how to love you my wayYou give me feverWhen you kiss meFever when you hold me tightFever (fever, burn through) in the mornin'An' fever all through the nightBless my soul, I love youTake this heart awayTake these arms I'll never useAn' just believe in what my lips have to sayYou give me feverWhen you kiss meFever when you hold me tightFever (fever, burn through) in the mornin'Fever all through the nightSun lights up the daytimeMoon lights up the nightMy eyes light up when you call my name'Cause I know you're gonna treat me rightYou give me feverWhen you kiss meFever when you hold me tightFever (fever, burn through) in the mornin'An' fever all through the night;482;Sabe de quem é a composição? Envie pra gente.
Fields Of Fire;https://www.letras.mus.br/bon-jovi/4985/;There's no one watching over me tonightAnd I'm afraid to turn out the lightsIf I close my eyes, it'll all go awayAnd I don't wanna see it end this wayThere was a time when truth and trustMeant so much more to each of usAnd all the dreams that once we hadHave seen the Sun and left us feeling badNow the changing of the guardHas left us feeling so damn hardI'll keep my distance, but I'm a little bit afraidThrough the years one thing hasn't changedI would run through fields of fireI would crawl on broken glassJust to swin in your sea of devotionJust to have a second chanceThat's all I askNow feeling good is not good enoughI know they've changed but not that muchMidnight time has left us feeling beaten upI never was one who needs to give enoughI ain't a hero who gets the girlBut if I had my chance to save the worldI won't blow it now, I guess I'll understandThis boy becoming a manI would run through fields of fireI would crawl on broken glassJust to swim in your sea of devotionJust to have a second chanceThat's all I askWell, look at your hands if you hear what I saidCan you count on your fingers each of your real friends?I know that I'm lucky, I know I'm rightFingers turn into fists, we're here to take on the nightThat's rightNow I'm staring at an open doorWe've had a lot and I want much moreYou can keep all the moneyAnd the streets that's painted goldIf someone gives me back my soulI would run through fields of fireI would crawl on broken glassJust to swim in your sea of devotionJust to have a second chanceI would run through fields of fireI would run through fields of fireoh, yeah, oh, yeah, oh, yeah, oh, yeah, I would runAll the way back home, I would runBaby come along;6.641;Sabe de quem é a composição? Envie pra gente.
Fighter For Love;https://www.letras.mus.br/bon-jovi/1273310/;I'm a fighter for loveI'm a fighter for truthI'm a fighter for meI'm a fighter for youAnd I'll never give upAnd I'll never give inIf there's one thing I knowI'm a fighter for love;8.052;Sabe de quem é a composição? Envie pra gente.
Fingerprints;https://www.letras.mus.br/bon-jovi/fingerprints/;I gave you my fingerprintsLeft them all over youTangled up in your sheetsThis heartache's the only proofI gave you my fingerprintsNow just like you they're goneThe man invisibleI'll be him from now onThe last time that I saw themThey were running through your hairYou held one between your lipsAnd brought another thereThe last time that I saw themI haven't seen them sinceNo matter who or what I touchI leave no evidenceI gave you my fingerprintsI said I'd give you everythingBut who thought you'd take it allDoes a promise really breakIf nobody sees it fallA hard rain can't wash awayThe taste of your memoryDon't know what I would doIf you should stop haunting meThe last time that I saw themThey were running through your hairYou held one between your lipsAnd brought another thereThe last time that I saw themUnbuttoning your dressThose pretty pictures in my headAre the only thing you leftI gave you my fingerprintsThat shiny box I gave to youWas all there was to meAll it was to you was just a faded memoryI gave her my fingerprintsGuilty or innocentI have to ask myselfWould I do it all againWould IThe last time that I saw themThey were running through your hairYou held one between your lipsAnd brought another thereThe last time that I saw themI haven't seen them sinceNo matter who or what I touchI leave no evidenceI gave you my finger prints;8.979;Billy Falcon / Jon Bon Jovi
Fire;https://www.letras.mus.br/bon-jovi/fire/;I'm driving in my car, I turn on the radioI'm pulling you close, you just say noYou say you don't like it, but girl I know youre a liar'Cause when we kiss, fireLate at night I'm takin you homeI say I wanna stay, you say you wanna be aloneYou say you don't love me, girl you can't hide your desire'Cause when we kiss, fireYou had a hold on me, right from the startA grip so tight I couldn't tear it apartMy nerves all jumpin actin like a foolWell your kisses they burn but your heart stays coolRomeo and juliet, samson and delilahBaby you can bet their love they didn't denyYour words say split but your words they lie'Cause when we kiss, fire;387;Bruce Springsteen
Fire Inside;https://www.letras.mus.br/bon-jovi/297362/;Silver bullet in the wild blueCrack in the walls I'm coming throughThink you can stop me, well take a look in these eyesYou can't cage what you can't tameThere ain't no rules, this ain't a gameThere's no way to stop the fire insideYeah, you can escape a pouring rainYou can run for shelter in a hurricaneChange your face, lose your nameLie about things you can't explainBut there's one thing that you cannot denyThe fire insideThe fire insideYou can run from what's in your blood and you can't hideFrom the fire insideThe fire insideTonight I'll run I need no sleepWhen it feels this good you're in too deepIn blood I'm gonna write my name, cover my tracks I feel no shameJust let 'em try and stop the fire insideThe fire inside, the fire insideYou can run from what's in your blood and you can't hideThe fire inside, the fire insideIt's the only way you know you're still aliveThe fire inside, the fire inside yeahThere's no place for me in heavenTonight I just might dieThey'll be no one to hold my handFor me no one will cryThere'll be no forgiveness but I'll never denyThe fire inside, the fire insideIt's the fire inside, the fire insideThe fire inside, the fire inside;6.060;Jon Bon Jovi
Flesh And Bone;https://www.letras.mus.br/bon-jovi/297364/;They judge you by your moneyOr the color of your skinThey read you by the coverDon't take time to read withinThey judge you without juryAnd you struggle to believeNo one can hear your storyEven justice had to leaveAll I know (all we are is all alone)Man is made of flesh and bone (man is made of flesh and bone)Man is made of flesh and bone (all we are is all alone)Man is made of flesh and bone (man is made of flesh and bone)They build the walls around youAnd they tell you you don't fitAnd still you think you know meYou don't know the half of itI'm a beggar, you're a saviorI'm your devil, you're a thiefI'll be here until you realizeI'm you and you are meYeahDo the cuts bleed any differentOn a pauper or a king?When it comes down to dyingThe crown don't mean a thingNo, no, no(All we are is all alone)Man is made of flesh and bone (man is made of flesh and bone)Man is made of flesh and bone (all we are is on all alone)Man is made of flesh and bone (man is made of flesh and bone);3.789;David Bryan / Jon Bon Jovi / Richie Sambora
For You;https://www.letras.mus.br/bon-jovi/291730/;You say that I'm a hopeless romantic'Cause I've been in love beforeBut since the first nite I saw youThings haven't been the sameI didn't know you had a steady guyAlways hangin' roundBut I want you to know baby anytimeYou want to change your plansFor you, I wanna be aroundFor you, I'd laugh my life awayFor you, baby, I wouldIf you let meI saw you last nite at the drive-inYou look lonely all aloneYour eyes were glued to the pictureWere you wishing you were homeDo you stay up nites like I doDo you start dialing the telephoneDo you dream of usLovers out on the townHoldin' hands and foolin aroundWell I want you to know darlin'We could be romeo & julietBaby, tonite if we go all the wayWell, you and IYou just gotta sayI love youAnd then we're out among the starsCome on, come onFor you, I would be aroundFor you, loving when the Sun go downFor you, baby, I wouldIf you let meFor you;20.952;Sabe de quem é a composição? Envie pra gente.
Funky Santa;https://www.letras.mus.br/bon-jovi/297366/;Santa, where's your old red suitSanta, where's your beardSanta where did your belly go?This sure is getting weirdWhy do you have the diamond studShining in your noseWhy did you go and get so buffedWearin' designer clothesIt's just not rightIt's breakin' nature's lawsNobody wants a tripped-out, trendy, flipped-out Funky SantaWhat a sight to seeLookin' fine at Christmas timeAnd funky as he wants to beSanta where's your reindeer goneWhy you drivin' that SUVIs there something wrong with youOr is there something wrong with meI know you've got to express yourselfYou've got the right to changeBut a Santa with his hair dyed blackTell me that ain't strangeIt's just not rightIt's breakin' nature's lawsNobody wantsA freaky, trashy, flashy, funky SantaWhat a sight to seeLookin' fine at Christmas timeAnd funky as he wants to beBut Santa he just smiles and saysWait a minute pleaseThere's just one man who puts the presentsUnderneath the treesSo make your list, I'll check it twice, like I always doI'm still the same old man inside, but outside I'm keepin' it newIt's just not rightIt's breakin' nature's lawNobody wantsA punked-out, in-crowd, pop star, funky SantaWhat a sight to seeLookin' fine at Christmas timeAs funky as he wants to be;2.983;Sabe de quem é a composição? Envie pra gente.
Game Of The Heart;https://www.letras.mus.br/bon-jovi/291732/;I know you want me but you look away,I keep so cool back cause you're so afraidYou keep your distanceAnd crave my caress,We all make our choicesWe all stand the testYes I know, where you goIn the game of the heart,I hear you callin' my name,Here in the darkness the truth puts an end to your game.In the game of the heart, you know that I know you're mine,Youll have to face that alone at the end of the line.Feelin' so naked we ache for the touch,I feel your eyes on me, they swallow me upShow me your fears and I'll put them to restWe all make our choices we all stand the test.Yes I know, where you go.In the game of the heartI hear you callin' my name,Here in the darkness the truth puts an end to your gameIn the game of the heart, you know that I know you're mine,Youll have the face that alone at the end of the lineYou know you're mineAnd you think that you need protection,End so we build up these wallsWell I'm gonna be the exceptionSo let's lift our voices and cryHere's to the game of the heart.Game of the heart,I hear you callin' my name,Here in the darkness the truth puts an end to your game.In the game of the heart, you know that I know you're mine,Youll have to face that alone at the end of the line.In the game of the heart.Game of the heart, game of the heart.Game of the heart.;6.059;Sabe de quem é a composição? Envie pra gente.
Garageland;https://www.letras.mus.br/bon-jovi/68759/;I read the paper just the other dayAbout a buddy of mine who headed to an early graveThey say he went in his sleep with a smile on his faceBet he was dreaming 'bout better daysWhen the crash of the drums hit like waves on a beachThat cheap bass and guitar and our wildest dreamsWe were searching for a savior like anybody elseTrying to save ourselves from ourselvesJust a garage band, we weren't aliveWe were livin' in GaragelandOur parents all held jobs but we had other plansWe acted like our heroes they just didn't understandAnd we were never afraid to fallIt was us and those four wallsJust a garage band, we weren't aliveWe were livin' in GaragelandNothing ever felt so rightJust us, those guitars and a Saturday night'Cause with a strap on your back, you have wings on your feetYou felt like a king when you walked down the streetWe heard those old records and knew we belongedWhen the drums hit the groove, we'd all sing alongJust a garage bandOh, we were livin' in GaragelandJust a garage band, oh, we weren't aliveWe were livin' in GaragelandNothing ever felt so rightIt was us, those guitars and a Saturday night;4.368;Jon Bon Jovi / Richie Sambora
Get Ready;https://www.letras.mus.br/bon-jovi/5010/;You need someone to make it lastNo Romeos who'll love and leave you fastThey fade awayTonight you're not gonna be aloneMaking love on the telephoneBaby, baby if you can hold onI'm gonna take you all the way tonightI like 'em down and dirty, hold on tightCome on get readyCome on get readyYou're looking sharp in your dancin' shoesYou got the style and you got the movesOh you're so hot, girl and on the looseYou're caught up in a danger zoneJust seventeen but you act full grownThe nightlife is turning you onYou want to take me all the way tonightTake my hand, can you feel the heatMake you feel alrightCome on get readyCome on get readyCome on, Come on;8.108;Jon Bon Jovi / Richie Sambora
Gimme Some Lovin' Charlene;https://www.letras.mus.br/bon-jovi/291734/;I don't need a credit cardTo buy your loveI don't need no CadillacsTo match your leather gloves'Cause baby I'm going crazyTake you by the handI need your attentionNot some blank psycho stareYou gotta give me some lovin' CharleneGimme some lovin' CharleneI know your mama and she don't like meCause I'm not the type of boyShe wants you to seeBut I wanna take you home and go for a rideCause I got the poisonLet me insideYou gotta give me some lovin' CharleneGimme some lovin' CharleneI like your made-up-eyes'Cause they glow like fireI like your moves'Cause you never tireAnd you're familiar with the backseatTake your sweet timeYou build me up so hotLove's a crimeYou gotta give me some lovin'CharleneGimme some lovin' CharleneCharlene (7x)I don't need a credit cardTo buy your loveI don't need no CadillacTo match your leather gloves'Cause I am going crazyWhen I take your handI need your attentionNot some blank psycho stareGimme some lovin' CharleneGimme some lovin' CharleneI know your mama and she don't like meBut I'm not the type of boyShe wants you to seeBut I wanna take you home and go for a rideCause I got the poisonLet me insideGimme some lovin' CharleneGimme some lovin' Charlene, CharleneI like your made-up-eyesThey glow like fireI like your moves'Cause you never tireAnd you're familiar with the backseatTake your sweet timeYou build me up so hotLove's a crimeGimme some lovin' CharleneGimme some lovin' Charlene, CharleneCharlene (7x);3.906;Sabe de quem é a composição? Envie pra gente.
Give Peace a Chance;https://www.letras.mus.br/bon-jovi/1874226/;Two, one two three fourEv'rybody's talking aboutBagism, Shagism, Dragism, Madism, Ragism, TagismThis-ism, that-ism, is-m, is-m, is-m.All we are saying is give peace a chanceAll we are saying is give peace a chanceC'monEv'rybody's talking about Ministers,Sinisters, Banisters and canistersBishops and Fishops and Rabbis and Pop eyes,And bye bye, bye byes.All we are saying is give peace a chanceAll we are saying is give peace a chanceLet me tell you nowEv'rybody's talking aboutRevolution, evolution, masturbation,flagellation, regulation, integrations,meditations, United Nations,Congratulations.All we are saying is give peace a chanceAll we are saying is give peace a chanceEv'rybody's talking aboutJohn and Yoko, Timmy Leary, Rosemary,Tommy Smothers, Bobby Dylan, Tommy Cooper,Derek Taylor, Norman Mailer,Alan Ginsberg, Hare Krishna,Hare, Hare KrishnaAll we are saying is give peace a chanceAll we are saying is give peace a chanceetc.;1.734;John Lennon
Glory Days;https://www.letras.mus.br/bon-jovi/glory-days/;I had a friend was a big baseball playerBack in high schoolHe could throw that speedball by youMake you look like a fool boySaw him the other night at this roadside barI was walking in, he was walking outWe went back inside sat down had a few drinksBut all he kept talking about wasGlory days well they'll pass you byGlory days in the wink of a young girl's eyeGlory days, glory daysWell there's a girl that lives up the blockBack in school she could turn all the boy's headsSometimes on a friday I'll stop byAnd have a few drinks after she put her kids to bedHer and her husband bobby well they split upI guess it's two years gone by nowWe just sit around talking about the old timesShe says when she feels like cryingShe starts laughing thinking aboutGlory days well they'll pass you byGlory days in the wink of a young girl's eyeGlory days, glory daysNow I think I'm going down to the well tonightAnd I'm going to drink till I get my fillAnd I hope when I get old I don't sit around thinking about itBut I probably willYeah, just sitting back trying to recaptureA little of the glory of, well time slips awayAnd leaves you with nothing mister butBoring stories ofGlory days well they'll pass you byGlory days in the wink of a young girl's eyeGlory days, glory daysWell they'll pass you byGlory days in the wink of a young girl's eyeGlory days, glory days;762;Bruce Springsteen
God Bless This Mess;https://www.letras.mus.br/bon-jovi/god-bless-this-mess/;I got some blood under my nailsI got some mud on my faceMy voice is shot, I'm going greyThese muscles all acheDon't cry for me, I'm the life of the partyI'm smiling most of the timeI may be gritting my teethCan't get back where we startedThese days I'm doing just fineGod bless this mess, this mess is mineWon't pound my chest or criticizeI must confess: I've lived, I've diedGod bless this mess, this mess is mineGod bless this mess, this mess is mineI knew every buried body, paid for each headstoneI may have led the prayers in public, but I cried aloneFound God through sin, but this ain't my confessionI'll wait on judgment dayIt's lose or win, got no need for protectionStand up or out of my wayGod bless this mess, this mess is mineWon't pound my chest or criticizeI must confess: I've lived, I've diedGod bless this mess, this mess is mineGod bless this mess, this mess is mineThe howling doomsday dogs are snapping at your feet'Round here the sky is cracked, but won't admit defeatDown here they got your back and stood at your sideThis treasure chest of rags still keeps this dream aliveGod bless this mess, this mess is mineWon't pound my chest or criticizeI must confess: I've lived, I've diedGod bless this mess, this mess is mineGod bless this mess, this mess is mine;15.822;Jon Bon Jovi
Goin' Back;https://www.letras.mus.br/bon-jovi/1876954/;I think I'm goin' backTo the thingsI learned so wellIn my youthI think I'm returning toThose daysWhen I was young enoughTo know the truthNow there are no gamesTo only pass the timeNo more eletric trainsNo more trees to climbBut thinking youngAnd growing olderIs no sinAnd I can playThe game of life to winI can recall the timeWhen I wasn't ashamedTo reach out to a friendAnd now I think I've gotA lot more thanJust my toys to lendNow there's more to doThen watch myself for cryAnd everyday can beMy magic carpet rideAnd I can play hide and seek with my fearsAnd live my days instead of counting my yearsLet everyone debate the true realityI'd rather see my world the way it used to beA little bit of courageAll we lackSo catch me if you canI'm goin' back;1.362;Phil Collins
Good Ain't Good Enough;https://www.letras.mus.br/bon-jovi/291736/;JBJ Demo Destination AnywhereTime ain't no friend to meWhy did you have to leave me dry?I ain't blindEvery time that we kissYou left the taste on my lipsTo remind me good ain't good enoughAll the nights that we that we sharedI leave knowing you were thereHere's the scars that prove good ain't good enoughThe sun don't shine on my faceThe flowers died out on my firescapeThe summer leaves don't want to fallYou put me down despite it allTime ain't been good to meWhy did you have to make me cry?Driving blindEvery time that we kissYou left the taste on my lipsTo remind me good ain't good enoughAll those nights that we that we sharedI leave knowing you were thereHere's the scars that prove good ain't good enoughYou said that you couldn't live without meThen why can you live without me now?When he holds you in his armsAnd steals you with his charmEvery time that we kissYou left the taste on my lipsTo remind me good ain't good enoughAll those nights that we that we sharedI leave knowing you were thereHere's the scars that prove good ain't good enoughEvery time that we kissYou left the taste on my lipsTo remind me good ain't good enoughAll those nights that we that we sharedI leave knowing you were thereHere's the scars that prove good ain't good enough;4.722;Sabe de quem é a composição? Envie pra gente.
Good Guys Don't Always Wear White;https://www.letras.mus.br/bon-jovi/4990/;"You say you don't like my kindA better picture in your mindNo it don't matter what I sayI hear ya bitchin' when I walk awayI'll never be what ya want me ta beYou tell me I'm wrong but I disagreeI ain't got no apologyJust because I don't look like you, talk like you, think likeyouJudge and jury, a hangman's noose;I see them in your eyes...Good guys don't always wear whiteGood guys don't always wear whiteYou judge a man who don't stand in lineJust because he ain't on your sideYou know the man who wears those shoesIf you cut me don't I bleed like you?Ya know I doI don't know watcha been toldCan't buy guts with a pot 'o goldA rich man's poor if he got no soulRich man, poor man begger man canAll that shit don't mean a thingDo you know which one's behing those eyes?It's always a disguise...Good guys don't always wear whiteGood guys don't always wear whiteHey baby... what side you on?You think you got it all fired out,Where we belongForget all about your dark dressed knightDay from night,Wrong from right...Good guys don't always wear whiteGood guys don't always wear whiteDon't always wearDon't always wearDon't always wearDon't always wearDon't always wear...White";7.677;Jon Bon Jovi / Richie Sambora
Goodnight New York;https://www.letras.mus.br/bon-jovi/goodnight-new-york/;Morning comes crashing like a rock through a windowJackhammer banging on the hot concreteTake your standMove it, man!It’s a backtalk, sidewalk symphonyUber cars, yellow cabs, thick as smokePainted girls and [?]Sax man blowin shootin’ through my veinsThere’s a rhythm to the rocket that’s intoxicatingGoodnight New York, goodnightDon’t ever close your eyesIf these streets could talk, New York, New YorkSo fine they named you twiceYour face, your brainsNo other placeFrom east to west, these streets are blessedGoodnight New YorkSleep tight New YorkGoodnightStarbucks, FedEx trucks on every street and avenueBroadway lights, shining bright, make everybody beautifulWalking on the high line, reaching for the sky lineIf Alexander Hamilton could see it allGarbage trucks backing upBeep, beep, beepDogs barking on the balconyThe kids can’t sleepScaffolds??, potholes, bagman’s on a bicycleFast trains, bus, planesWelcome to the carnivalGoodnight New York, goodnightDon’t ever close your eyesIf these streets could talk, New York, New YorkSo fine they named you twiceYour face, your brainsNo other placeFrom east to west, these streets are blessedGoodnight New YorkSleep tight New YorkGoodnightThe bravest and the finestMy hand’s on my heart for youTo the ones who paid the priceAnd to those who saw us throughIt’s late, I’m getting wearySo, for now, I’ll sayGoodnight New York, goodnightDon’t ever close your eyesIf these streets could talk, New York, New YorkSo fine they named you twiceGoodnight New York, goodnightDon’t ever close your eyesIf these streets could talk, New York, New YorkSo fine they named you twiceYour face, your brainsNo other placeFrom east to west, these streets are blessedGoodnight New YorkSleep tight New YorkGoodnightAh, goodnight, New YorkSleep tight, New YorkGoodnightSo goodnight, New YorkSleep tight, New YorkGoodnight;2.456;Sabe de quem é a composição? Envie pra gente.
Gotta Have A Reason;https://www.letras.mus.br/bon-jovi/297368/;Here we stand, caught between the cradle and the graveIn a world that gives you nothing but your nameWith every step you take you must be braveNothing lost is nothing gainedAnd I know lives are lost for crowns and kingsWe all know love is lost for lesser thingsAnd the angels here have broken wingsThough I know somewhere a choir singsYou gotta have a reasonA reason to believeA reason just to dreamSometimes it takes blind eyes to seeA reason to believeA hot-headed hero, here you see I'm just a manComes a time, a time to make a stand, yeahSo here I am with heart in handDon't be afraid to understandYou gotta have a reasonOne reason to believeA reason just to dreamSometimes it takes blind eyes to seeA reason to believe in trustI believe in faithI believe in us'Til my dying dayYou gotta have a reasonOh, you gotta have a reason, yeahIf all we've got is you and meThen what we've got is all we needYou gotta have a reasonOne reason to believeA reason just to dreamBut sometimes it takes blind eyes to seeOne reasonYou gotta have a reasonOne reason to believeA reason just to dreamBut sometimes it takes blind eyes to seeOne reasonGotta have a reasonOh, you gotta have a reasonOne reason to believeA reason just to dream;7.427;Jon Bon Jovi / Michael Kamen / Richie Sambora
Growin' Up The Hard Way;https://www.letras.mus.br/bon-jovi/291739/;Growin' up the hard way,we're growin' up the hard way.She's got a blue tattoo on the back of her hand,That says I love you, from the boys in the band.She's been livin' on the run for almost a year,Her daddy would abuse her, she's been livin' in fear.She's got a diamond in her teeth and a leather beret,She knows every city street from New York to LA.Shes got little girl eyesand her heart's made of stone,I guess you gotta grow up fastwhen you're out on your own.Try, to hold your head up high,you live and then you die,Can someone tell me why?Growin' up the hard way, learnin' how to live with the pain,The weight of the world on your shoulders,I guess that's just the price that you pay.Growin' up the hard way, it's gettin' harder every day,Lying in a bed made of fire,Praying to God for some rain.Growin' up the hard way.He was the pride and joy of his family,He always was the good boy they told him he'd be.But no one knew the anger that was buildin' up inside,He was drinking from the bottle,that his old man used to hide.He stole a rented car off route 35,And when he gunned it I heard him scream'Straight to hell I'm gonna drive'.Cops came out of nowhereand that truck got in his way,I'm sorry Mrs Johnson that it had to end this way.Try, to hold your head up high,you live and then you die,Can someone tell me why?Growin' up the hard way, learning how to live with the pain,The weight of the world on your shoulders,I guess that's just the price that you pay.Growin' up the hard way, it's gettin' harder every day,Lying in a bed made of fire,Praying to God for some rain.Growin' up the hard way, Growin' up the hard way.Growin' up the hard way, Growin' up the hard way.Try, to hold your head up high.Growin' up the hard way, learning how to live with the pain,The weight of the world on your shoulders,I guess that's just the price that you pay.Growin' up the hard way, it's gettin' harder everyday,Lying in a bed made of fire,Praying to God for some rain.Growin' up the hard way, Growin' up the hard way.I'm growin' up the hard way,Growin' up the hard way baby.Growin' up the hard way.;4.539;Sabe de quem é a composição? Envie pra gente.
Hallelujah;https://www.letras.mus.br/bon-jovi/1025699/;Well, I’ve  heard there was a secret chordThat David played and it pleased the LordBut you don't really care for music, do you?Well, it goes like this, the fourth, the fifthThe minor fall, the major liftThe baffled king composing hallelujahHallelujah, hallelujah, hallelujah, hallelujahWell, your faith was strong, but you needed proofYou saw her bathing on the roofHer beauty in the moonlight overthrew youShe tied you to her kitchen chairShe broke your throne, she cut your hairAnd from her lips she drew the hallelujahHallelujah, hallelujah, hallelujah, hallelujahYeah, baby, I've been here beforeI've seen this room, I've walked this floorI used to live alone before I knew youI've seen your flag on the marble archYour love is not a victory marchIt's a cold and it's a broken hallelujahHallelujah, hallelujah, hallelujah, hallelujahWell, yeah, there was a time when you let me knowWhat's real and going on belowBut now you never show it to me, do you?And I remember when I moved in youAnd the holy dove was moving tooAnd every breath we drew was hallelujahHallelujah, hallelujah, hallelujah, hallelujahWell, now, maybe there's a God aboveBut all I've ever learned from loveWas how to shoot at somebody who outdrew youAnd it's not your cry that I hear at night, noIt's not someone who's seen the lightIt's a cold and it's a broken hallelujahHallelujah, hallelujah, hallelujah, hallelujahHallelujah, hallelujah, hallelujah, hallelujah;218.931;Leonard Cohen
Happy Now;https://www.letras.mus.br/bon-jovi/1575739/;What would you say to meIf I told you I had a dreamIf I told you everythingWould you tell me to go back to sleepTake a look in these tired eyesThey're coming back to lifeI know I can change, got hope in my veinsI tell you I ain't going back to the painCan I be happy now?Can I let my breath outLet me believeI'm building a dreamDon't try to drag me downI just wanna scream out loudCan I be happy now?Went down on my kneesI learned how to bleedI'm turning my world aroundCan I be happy nowCan I break free somehowI just wanna live againLove againTake my pride off off of the groundI'm ready to pick a fightCrawl out of the dark to shine a lightI ain't throwing stones, got sins of my ownAnd everybody just trying to find their way homeCan I be happy now?Can I let my breath outLet me believeI'm building a dreamDon't try to drag me downI just wanna scream out loudCan I be happy now?Went down on my kneesI learned how to bleedI'm turning my world aroundYou're born and you die, and it's gone in a minuteI ain't looking back, 'cause I don't wanna miss itYou better live nowCause noone's gonna get out alive - aliveCan I be happy now?Can I let my breath outLet me believeI'm building a dreamDon't try to drag me downI just wanna scream out loudCan I be happy now?Went down on my kneesI learned how to bleedI'm turning my world aroundCan I be happy now? - [oohoohooh]I'm turning my world aroundCan I be happy now?;27.556;Sérgio Bittencourt / Jon Bon Jovi / Richie Sambora
Hardest Part Is The Night;https://www.letras.mus.br/bon-jovi/5014/;In the heat of the street of the cityA young boy hides the painAnd he walks so tall, trying to hang onBut he knows he's going down againI know he's going downDarkness fades he's the prince of his cityIn a place where they all know your nameYou can see in their eyes life so paralyzedYour just a pawn in a losin' gameYou lose at life it ain't no gameHear their criesThe hardest part is the night(In the night, hear their cries, in the night)Stay aliveThe hardest part is the night, it's the night, it's the nightAll alone in a place where the lonelyThey all have to walk through the rainAnd they dance on the edge where you onlyOnly pray that it has to endThat the night ain't no friendHear their criesThe hardest part is the night(In the night, hear their cries, in the night)Stay aliveThe hardest part is the night, it's the night, it's the night(X2)These four walls they could tell you some storiesAbout lying and dying and fameThere's a price that you pay for the gloryAbout losing and choosing and painHear their criesThe hardest part is the nightIn the night, hear their cries, in the nightStay aliveIn the night, stay alive, in the night;10.149;David Bryan / Jon Bon Jovi / Richie Sambora
Have a Little Faith In Me;https://www.letras.mus.br/bon-jovi/have-a-little-faith-in-me/;When the road gets darkAnd you can no longer seeLet my love throw a sparkHave a little faith in meAnd when the tears you cryAre all you can believeGive these loving arms a try babyHave a little faith in meHave a little faith in meHave a little faith in meHave a little faith in meHave a little faith in meWhen your secret heartCannot speak so easilyFrom a whisper startTo have a little faith in meAnd when your back's against the wallJust turn around and you will seeI will catch your fallHave a little faith in meHave a little faith in meHave a little faith in meHave a little faith in meHave a little faith in meWhen the road gets darkAnd you can no longer seeLet my love throw a sparkHave a little faith in meHave a little faith in meHave a little faith in meHave a little faith in meHave a little faith in meI've been loving you for such a long timeExpecting nothing in returnJust for you to have a little faith in meYou know time, time is our friendI will hold you up, I will hold you upYour love gives me strength enoughHave a little faith in me;6.366;John Hiatt
Have a Nice Day;https://www.letras.mus.br/bon-jovi/242851/;Why you wanna tell me how to live my life?Who are you to tell me if it's black or white?Mama, can you hear me? Try to understandIs innocence the difference between a boy and a man?My daddy lived the lie, that's just the price that he paidSacrificed his life just slavin' awayOh, if there's one thing I hang ontoThat gets me through the nightI ain't gonna do what I don't want toI'm gonna live my lifeShinin' like a diamond, rollin' with the diceStandin' on the ledge, I show the wind how to flyWhen the world gets in my face, I sayHave a nice dayHave a nice dayTake a look around you, nothing's what it seemsWe're livin' in the broken home of hopes and dreamsLet me be the first to shake a helpin' handAnybody brave enough to take a standI've knocked on every door, on every dead-end streetLookin' for forgiveness, what's left to believe?Oh, if there's one thing I hang ontoThat gets me through the nightI ain't gonna do what I don't want toI'm gonna live my lifeShinin' like a diamond, rollin' with the diceStandin' on the ledge, I show the wind how to flyWhen the world gets in my face I sayHave a nice dayHave a nice dayOh, oh, if there's one thing I hang ontoThat gets me through the nightI ain't gonna do what I don't want toI'm gonna live my lifeShinin' like a diamond, rollin' with the diceStandin' on the ledge, I show the wind how to flyWhen the world gets in my face I sayHave a nice dayHave a nice dayHave a nice day(Have a nice day) when the world keeps tryin' to drag me down(Have a nice day) I gotta raise my hands, I'm gonna stand my ground(Have a nice day) I say: Hey, have a nice dayHave a nice dayHave a nice dayHave a nice day;476.262;John Shanks / Jon Bon Jovi / Richie Sambora
Have Yourself A Merry Little Christmas;https://www.letras.mus.br/bon-jovi/1391506/;Have yourself a merry little Christmas,Let your heart be lightFrom now on,our troubles will be out of sightHave yourself a merry little Christmas,Make the Yule-tide gay,From now on,our troubles will be miles away.Here we are as in olden days,Happy golden days of yore.Faithful friends who are dear to usGather near to us once more.Through the yearsWe all will be together,If the Fates allowHang a shining star upon the highest bough.And have yourself A merry little Christmas now.Have yourself a merry little Christmas,Let your heart be lightFrom now on,our troubles will be out of sightHave yourself a merry little Christmas,Make the Yule-tide gay,From now on,our troubles will be miles away.Here we are as in olden days,Happy golden days of yore.Faithful friends who are dear to usGather near to us once more.Through the yearsWe all will be together,If the Fates allowHang a shining star upon the highest bough.And have yourself A merry little Christmas night!;2.634;Sabe de quem é a composição? Envie pra gente.
Head Over Heels;https://www.letras.mus.br/bon-jovi/291741/;I've been hell raised on leatherFive years stood in black bootsHad anything any man could have wantedAll I ever wanted was youBaby I've done whatever I wantedI stole the lights and I've had commandOf the world and of the angelsThey're both sold on a single handAnd I, I'm head over heels for youAnd I have to say that it's trueI'm head over heels for youI know you've seen all those romantic moviesHow the hero comes to take you awayThen you wake up and you're all aloneNow that's all gonna change todayRemember bein' all aloneRemember cryin' on a rainy dayIt don't have to be that bad nowIt doesn't have to be that wayAnd I know what it's like baby to fall in loveBecause I've fallen in love with youIt's true, yeah it's trueAnd I, I'm head over heels for youAnd I have to say that it's trueI'm head over heels for youAnd I know what it's like baby to fall in loveBecause I've fallen in love with youIt's true, yeah it's trueAnd I, I'm head over heels for youAnd I have to say that it's trueI'm head over heels for youAnd I, I'm head over heels for youAnd I have to say that it's trueI'm head over heels (2x)I'm head over heels for you;4.246;Sabe de quem é a composição? Envie pra gente.
Heart Of America;https://www.letras.mus.br/bon-jovi/291743/;My daddy said he,he came here to love this landAnd like my daddy, I was raised to love this landHard working people son to sonand doing the best that they canThey came here only hearts in handA feat that any honest man could understandYou can hear the voices callingIn the heart of AmericaCan you hear the voices callingIn the Heart of AmericaWhen I was a young boyI swore I'd try to fill his shoesWhen you're born with nothing,you aint got nothing left to loseBut you gotta listen people,cause we're got something yeahWere in the heart of AmericaWith your back against the wall,there aint no relief in sightLike soldiers we can take it,well, make it through the cold dark nightYou can hear the voices callingIn the heart of AmericaCan you hear the voices callingIn the Heart of AmericaYou can hear the voices callingIn the heart of AmericaAnd all the people theyre singingsha la la la la sha la la laIn the heart of AmericaSha la la la la sha la la laIn the heart of AmericaAnd I hope that someday,that I might live to have a sonAnd I would teach him all the thingsThat his daddys daddy had doneBut when that someday comesWill you tell your son about theHeart of AmericaOf AmericaYou can hear the voices callingIn the heart of AmericaCan you hear the voices callingIn the Heart of AmericaCan you hear the voices callingIn the heart of AmericaEverybodys singing sha la la laSha la la la la sha la la la;3.681;Sabe de quem é a composição? Envie pra gente.
Heartbreak Eyes;https://www.letras.mus.br/bon-jovi/291745/;So now you want to change sidesYou say the lesson's been learnedI can tell by your voiceBaby just got burnedI can see in your eyes,I can read it so wellYou're a master a disguiseBut it ain't hard to tellAnyone that's been through it beforeKnows that lookI can read your mind like a story bookAnd there's no happy ending to this lifeCause I can see the heartbreak in your eyesI can feel the pain that you cryDeep inside of those heartbreak eyesYou hear them cry through the nightCallin' over and over againThe voices came and took advantageNow you don't wanna playWhen the word got aroundHe gave your secrets awayNow it's too late to cryYou know the damage is doneDry your tears say goodbyeYou know he wasn't the oneAll your life you been livin' out of loveNow you've folded your cardsWhen push came to shoveYou're just another numberJust a victim of love's liesI can see the heartbreak in your eyesI can feel the pain that you cryDeep inside of those heartbreak eyesYou hear me cry through the nightCallin' over and over againOver and over againYou hear them cry through the nightCallin' over and over...I can see the heartbreak in your eyesI can feel the pain that you cryDeep inside of your heartbreak eyesYou hear them cry through the nightCallin' over and over, those heartbreak eyesI can feel the pain that you hide deep insideDeep inside of those heartbreak eyesYou hear the cries through the nightCallin' over and over those heartbreak eyesI can feel the hurt inside, your heartbreak eyesI can hear the cries at nightOver and over again;5.277;Sabe de quem é a composição? Envie pra gente.
Hearts Breaking Even;https://www.letras.mus.br/bon-jovi/4944/;It's been a cold, cold, cold, cold night tonightAnd I can't get you off my mindGod knows I've triedDid I throw away the best part of my lifeWhen I cut you off? Did I cut myself with the same damn knife?Hide my tears in the pouring rain, had my share of hurt and painDon't say my name, run away, 'cause it's all in vainMy heart's breaking even, now there's no use we even tryHey, I cried, yeah, I lied, hell, I almost diedBoth got our reasons, let's just fold the cards and say goodbyeIt's all right, just two hearts breaking even tonightIt's been a long, long, long timeSince I've had your love here in my handsWe didn't understand it, we couldn't understand itBut, nothing's fair in love and hateYou lay it all down and walk away before it's too lateWe danced all night as the music playedThe sheets got tangled in the mess we madeThere in the stains , we remainNo one left to blameMy heart's breaking even, now there's no use we even tryHey, I cried, yeah, I lied, hell, I almost diedBoth got our reasons, let's just fold the cards and say goodbyeIt's all right, just two hearts breaking even tonightGo on, get on with your life, yeahI'll get on with mineBroken hearts can't call the cops, yeah it's the perfect crimeTwisting and turning, the night keeps me yearningI'm burning aliveI'm paying the price againBut I'll see the light againMy heart's breaking even, now there's no use we even tryHey, I cried, yeah, I lied, hell, I almost diedWe both got our reasons, let's just fold the cards and say goodbyeIt's all right, just two hearts breaking even tonight;52.333;Desmond Child / Jon Bon Jovi
Heat Of The Night;https://www.letras.mus.br/bon-jovi/heat-of-the-night/;I was caught in the crossfire of a silent screamWhere one man's nightmare is another man's dreamPull the cover up highAnd pray for the mornin' lightCause you're livin' aloneIn the heat of the nightMet a man with a message from the other sideCouldn't take the pressureHad to leave it behindHe said it's up to youYou can run or you can fight (ya that's right)Better leave it aloneIn the heat of the nightIn the heat of the night they'll be comin' aroundThere'll be lookin' for answers they'll be chasin' you downIn the heat of the night(Where ya gonna hide when it all comes down)(Don't look back don't ever turn around)Had to pay the piper to call the tuneSaid he'd be back somedaySaid he'd be back real soonPull the shades down lowYou'll know when the time is rightWhen you're lyin' alone in the heat of the night;374;Bryan Adams
Heaven Help Us;https://www.letras.mus.br/bon-jovi/480519/;Heaven help the child who never had a home,Heaven help the girl who walks the street aloneHeaven help the roses if the bombs begin to fall,Heaven help us all.Heaven help the black man if he struggles one more day,Heaven help the white man if he turns his back away,Heaven help the man who kicks the man who has to crawl,Heaven help us all.Heaven help us all, heaven help us all, help us all.Heaven help us, Lord, hear our call when we callOh, yeah!Heaven help the boy who won't reach twenty-one,Heaven help the man who gave that boy a gun.Heaven help the people with their backs against the wall,Lord, Heaven help us all.Heaven help us all, heaven help us all, heaven help us all, help us all.Heaven help us, Lord, hear our call when we call.Now I lay me down before I go to sleep.In a troubled world, I pray the Lord to keep, keep hatred from the mighty,And the mighty from the small,Heaven help us all.Oh, oh, oh, yeah!Heaven help us all.;8.451;Ron Miller
Help;https://www.letras.mus.br/bon-jovi/help/;Ooh, uh, uhWhen I was younger, so much younger than today(I never need) I never needed anybody's help in any wayBut now these days are goneI'm not so self-assuredBut now I find I've changed my mindAnd opened up the doorsHelp me if you can, I'm feeling downAnd I do appreciate you being 'roundHelp me get my feet back on the groundWon't you please, please help me? (Richie)And now my life has changed in oh so many waysMy independence seems to vanish in the hazeBut every now and then I feel so insecureAnd now I find I need you like, I've never done beforeWon’t you help me if you can, I'm feeling downAnd I do appreciate you being 'roundHelp me get my feet back on the groundWon't you please help me?Won't you please help me?Help me? Help me;123;John Lennon / Paul MacCartney
Helter Skelter;https://www.letras.mus.br/bon-jovi/5078/;When you get to the bottomYou go back to the top of the slideAnd you stop and you turnAnd you go for a rideTil you get to the bottomThen you see me againDo you, don't you want me to love you?I'm coming down fast, but I'm miles above youTell me, tell me, tell me the answerYou may be a lover but you ain't no dancerHelter skelterHelter skelterHelter skelterDo you, don't you want me to make you?Coming down fast I don't want me to break youTell me, tell me, tell me the answerYou may be a lover but you ain't no dancerHelter skelterHelter skelterHelter skelterWhen you get to the bottomyou go back to the top of the slideWhere you stop and you turnAnd you go for a rideTill you get to the bottomAnd I see you againDo you, don't you want me to love you?Coming down fast I'm right above youTell me, tell me, tell me the answerYou may be a lover but you ain't no dancerHelter skelterHelter skelterHelter skelter;3.106;The Beatles
Here Comes the Sun;https://www.letras.mus.br/bon-jovi/1273993/;Here comes the sunHere comes the sun and I say it's all rightLittle darling, it's been a long, cold, lonely winterLittle darling, it feels like years since it's been hereHere comes the sunHere comes the sun and I say it's all rightLittle darling, the smiles returning to their facesLittle darling, it seems like years since it's been hereHere comes the sunHere comes the sun and I say it's all rightSun, sun, sun, here it comes 3XLittle darling, I feel that ice is slowly meltingLittle darling, it seems like years since it's been clearHere comes the sunHere comes the sun and I say it's all rightHere comes the sunHere comes the sun and I say, it's all rightIt's all right;7.159;Lennon / McCarteney
Heroes;https://www.letras.mus.br/bon-jovi/1273991/;I - I will be kingAnd you - you will be my queenI I wish you could swimLike dolphins - like dolphins can swimThough nothing will keep us togetherWe can beat them - forever and everWe can be heroes - just for one dayI - I will be kingAnd you - you will be queenThough nothing will drive them awayWe can beat them - just for one dayWe can be heroes - just for one dayI - I can remember (remember)Standing - by the wall (by the wall)And the guns - shot above our heads (our heads)And we kissed - as though nothing could fall (nothing could fall)And the shame - was on the other sideOh we can beat them - forever and everThen we could be heroes - just for one dayWe can be heroes (3X)Just for one dayWe can be heroes;10.898;D
Hey God;https://www.letras.mus.br/bon-jovi/4936/;Hey God, I'm just a little man, got a wife and familyBut I almost lost the house, yeah, I bought into the dreamWe're barely holding on but I'm in way too deepWe're two paychecks away from living out on the streetsShe's a workin' single mom, like a saint she don't complainShe never says a word, but she thinks that she's to blameHer son just got convicted, he blew some cop awayShe did her best to raise him, but the world got in the wayHey God, tell me what the hell is going onSeems like all the good shit's goneIt keeps on getting harder hanging onHey God, there's nights you know I want to screamThese days you're even harder to believeI know how busy you must be, but, hey, GodDo you ever think about me?Born into ghetto in 1991, just a happy childPlaying beneath the summer SunA vacant lots' his playground, by 12 he's got a gunThe odds are bet against him, Junior won't make 21Hey God, tell me what the hell is going onSeems like all the good shit's goneIt keeps on getting harder hanging onHey God, there's nights you know I want to screamThese days you're even harder to believeI know how busy you must be, but, hey, GodDo you ever think about me?I'd get down on my knees, I'm going to try this thing your wayI've seen a dying man too proud to beg, spit on his own graveWas he too gone to save?Did you even know his name?Are you the one to blame, I got something to sayHey God, tell me what the hell is going onSeems like all the good shit's goneIt keeps on getting harder hanging onHey God, there's nights you know I want to screamThese days you're even harder to believeI know how busy you must be, but, hey, GodDo you ever think about me?;66.195;Jon Bon Jovi / Richie Sambora
Highway To Hell;https://www.letras.mus.br/bon-jovi/highway-to-hell/;Living easy, livin' freeSeason ticket, on a one,way rideAsking nothing, leave me beTaking everything in my strideDon't need reason, don't need rhymeAin't nothing I would rather doGoing down, party timeMy friends are gonna be there tooI'm on the highway to hellOn the highway to hellHighway to hellI'm on the highway to hellNo stop signs, speedin' limitNobody's gonna slow me downLike a wheel, gonna spin itNobody's gonna mess me 'roundHey satan! Paid my duesPlayin' in a rockin' bandHey mama! Look at meI'm on my way to the promise land. Wow!I'm on the highway to hellHighway to hellOn the highway to hellI'm on the highway to hellDon't stop meI'm on the highway to hellI'm on the highway to hellI'm on the highway to hellOn the highway to hellHighway to hellI'm on the highway to hellOn highway to hellI'm on the highway to hellAnd I'm going down all the wayI'm on the highway to hell;1.099;Angus Young / Bon Scott / Malcolm Young
Hollow Man;https://www.letras.mus.br/bon-jovi/hollow-man/;What do you sing when the song's been sung?Who do you fight when the war is won?What do you write when the book is done?What do you sing when the song's been sung?How do you pray until you find your prayer?How can you care so much you just don't care?How do you feel until the feeling comes?Until you love yourselfHow can you love someone?Here I am, a hollow manTelling stories 'bout the promise of a promised landFeel like a cheap bouquet of flowers and a one-man bandWith my heart in hand, the hollow manHow does it work when the words don't come?It's like pulling the trigger on an empty gunYou can't make it rain staring at the SunSo you work at your workUntil the work gets doneHere I am, a hollow manTelling stories 'bout the promise of a promised landFeel like a holy roller's rosary on a one-night standWith my heart in hand, the hollow manI'm a blank page, clean slateAt night, I'll give my soul awayWhen nothing's left, I'll give you a smileI got these chords that won't waitI'm much too vain to masturbateNo sacrificing substance for styleAwe, anyway, ha, I got you to smileWhat do you see that your eyes don't see?And what do you dream now that you've sold your dreams?And what do you sing when the song's been sung?What do you sing when the song's been sung?Here I am, the hollow manSelling stories 'bout the promise of a promised landI feel like a cheap bouquet of flowers and a one-man bandI'm just a holy roller's rosary on a one-night standWith my heart in handI am the hollow man;2.604;Sabe de quem é a composição? Envie pra gente.
Hollywood Dreams;https://www.letras.mus.br/bon-jovi/291747/;I've always been a dreamer, lived in fantasiesBrought to my mind the bitter memoriesOf days we spent togetherThey seem so long agoWhy'd you have to leave meWhy'd you let me goWe're used to chasin' rainbowsBut they've been hard to findMy baby used to love meFame left it all behindNow I've become a prisionerI live behind four wallsYou say I got life easyBut I got no life at allThere's no hidin' in the dayCause they know who I amI've been to the top, a lonely manThose hot lights, Hollywood dreamsCan't bring back the love that you gave to meHeadlines, stars in their eyesI lost you, chasin' those Hollywood dreamsSmile for the cameras, is all they ever sayTransmitting my emotions a thousand miles awayThey chase me to the streets, callin' out my nameI'm comin' home to youThis life is drivin' me insaneClimbin' up the stairs, knockin on the doorBut she don't recognise meOr want me anymoreThose hot lights, Hollywood dreamsCan't bring back the love that you gave to meHeadlines, stars in their eyesI lost you, chasin' those Hollywood DreamsThose hot lights, Hollywood dreamsCan't bring back the love that you gave to meHeadlines, star in their eyesI lost you, chasin' those Hollywood.....Hot lightsSpotlightsCan't bring back your love to meChasin' those Hollywood.....;5.198;Sabe de quem é a composição? Envie pra gente.
Homebound Train;https://www.letras.mus.br/bon-jovi/5049/;When I was just a boyThe devil took my handTook me from my homeHe made me a manSo, don't talk to me about sympathy nowCause you can't dance if youTake a chance on your rosaryI'm going down, down, down, down, downOn the homebound trainIt's been a millions yearsThat I been goneI been everywhere, now I'm heading homeBeen a lot of girls, butThere's a woman I knowSaid don't take no planeBetter take a trainCause I like it real slowAll the way back homeOn the homebound trainI'm going down, down, down, down, downOn the homebound trainSoloI'm on my wayI'm heading homeTo be with my babyWhere I belongComing down the tracks nowSee, I done my timeI'm going back nowTo that home of mineWell, here I come babyHere I come babyHere I come babyAll the way back homeOn that homebound trainI'm going down, down, down, down, downOn that homebound train;8.797;Jon Bon Jovi / Richie Sambora
Hook Me Up;https://www.letras.mus.br/bon-jovi/83243/;Hello, is there anybody out there?I'm alone hanging by a threadEverywhere around the worldEverybody's waiting for somedayCalling out around the worldMaybe someday might be tonightHook me upI'm reach out for you, come onHook me upI know you can do it, come onTake me onAre you there?Tell me what you're feelingYour fears and all your wildestDreamsEveryone around the worldIs feeling just the same way that we areReaching out around the woldWill someone somewhere throw me a line?Hook me upI'm reaching out for you, come onHook me upI know you can do it, come onTake me onSave me, save meSave me, save meHello, is there anybody out there?Calling out around the worldMaybe someday might be tonightHook me upI'm reaching out for you, come onHook me upI know you can do it, come onTake me onHook me upI hanging on the line, come onHook me upMake me come alive, come onTake me onSave me, save meSave me, save me;15.799;Andreas Carlsson / Sérgio Bittencourt / Jon Bon Jovi / Richie Sambora
House Of Fire;https://www.letras.mus.br/bon-jovi/291749/;House of fireHouse of fire, babyLet's build a house of fire, babyNot one of wood or stoneWalk through my door of desire, babyCome on lets make it our homeDon't need no window to watch you, babyDon't need no roof overheadI don't need no key to unlock you, babyI'll use my lovin' insteadI won't tireTake me higherBuilding a house of fire, babyBuilding it with our loveWe are building a house of fireevery time we touchHouse of fireHouse of fireWe don't need to pay rent now, babyNo landlord to throw us outI want to play in your garden, babyWhen you want it give me a shoutI won't tireTake me higherBuilding a house of fire, babyBuilding it with our loveWe are building a house of fireevery time we touchWe are building this house together, babyStanding on solid groundWe are building a house of firethat you can't tear downBrick by brick the flames get higherBuild it strong with our desireBuilding a house of fire, babyBuilding it with our loveWe are building a house of fireevery time we touchWe are building this house together, babyStanding on solid groundWe are building a house of firethat you can't tear downBuilding a house of fire, babyBuilding it with our loveWe are building a house of fireevery time we touch;6.940;Sabe de quem é a composição? Envie pra gente.
How Long Has This Been Going On?;https://www.letras.mus.br/bon-jovi/970623/;I could cry salty tearsWhere have I been all these years?Little wow, tell me nowHow long has this been going on?There were chills up my spineAnd some thrills I can't defineListen, sweet, I repeat!how long has this been going on?Oh, I feel that I could meltInto Heaven I'm hurled!I know how Colombus feltFinding another worldKiss me once, then once moreWhat a dunce I was beforeWhat a break ! For Heaven's sake!How long has this been going on?How long has this been going on?Oh, I feel that I could meltInto Heaven I'm hurled!I know how Colombus feltFinding another worldKiss me twice, then once moreThat makes thrice, let's make it four!What a break ! For Heaven's sake!How long has this been going on?;10.191;Sabe de quem é a composição? Envie pra gente.
Hush;https://www.letras.mus.br/bon-jovi/4983/;"She says, ""baby""I love it when she calls me babyShe says, ""It's 4 am, why don't you grab your shoesCome on over and then maybe...""She drives me crazyYou know she knows she drives me crazyWell she says,""let's pretend there's beer, champagneWe'll beet out the pouring rainAnd I'll let yaDrive me crazy""Well she don't talk about loveWe don't tak about usWhat we don't say with words,We say when we touch.HushCome wrap your arms around meHushWe don't have to talk tonight soHushNow we got some better crushWe don't have to say to muchWrite a book each time we touchHushSaid nothingSometimes so little said is somethingThere's ten things I could've saidBut we don't waste time on that shitSo we rise above itWell she don't talk about loveAnd we don't talk too muchWhat we don't say with wordsWe say when we touchHushCome wrap your arms around meHushWe don't have to talk tonight nowHushNow we got some better crushWe don't have to say to muchwrite a book each time we touchHushWe don't gotta talk about loveWe don't gotta talk about usWe don't wanna give away too muchHushCome wrap your arms around meHushWe don't have to talk tonight nowHushNow we got some better crushWe don't have to write a book each time we touchHush";8.539;Sabe de quem é a composição? Envie pra gente.
(It's Hard) Letting You Go;https://www.letras.mus.br/bon-jovi/4943/;It ain't no fun lying down to sleepAnd there ain't no secrets left for me to keepI wish the stars up in the sky would all just call in sickAnd the clouds would take the Moon out on some one-way tripI drove all night down streets that wouldn't bendBut somehow they drove me back here once againTo the place I lost at love, and the place I lost my soulI wish I'd just burn down this place that we called homeIt would all have been so easyIf you'd only made me cryAnd told me how you're leaving meTo some organ grinder's lullabyIt's hard, so hard, it's tearing out my heartIt's hard letting you goNow the sky, it shines a different kind of blueAnd the neighbor's dog don't bark like he used toWell, me, these daysI just miss you, it's the nights that I go insaneUnless you're coming backFor me, that's one thing I know that won't changeIt's hard, so hard, it's tearing out my heartIt's hard letting you goNow some tarot card shark said: I'll draw you a heartAnd we'll find you somebody else newBut I've made my last trip to those carnival lipsWhen I bet all that I had on youIt's hard, it's hard, it's hard, so hardIt's hard letting you goIt's hard, so hard, it's tearing out my heartBut it's hard letting you go;234.867;Jon Bon Jovi
I Am;https://www.letras.mus.br/bon-jovi/280192/;How you spend your minutes are what mattersAll tomorrows come from yesterdaysWhen you're feeling broken, bruised and sometimes shatteredBlow out the candles on the cakeLike everything's a big mistakeIt seems you always wait for life to happenAnd your last buck can't buy a lucky breakIf all we've got is us then life's worth livingAnd if you're in, you know I'm inI'm ready and I'm willingI amWhen you think that no one needs you, sees you or believes youNo one's there to understandI amI'll be there to be that someoneWhen you think that no one is there to hold your handI amWe're just who we are, there's no pretendingIt takes a while to learn to live in your own skinSay a prayer that we might find our happy endingAnd if you're in you know I'm inI'm ready and I'm willingChorus: I amWhen you think that no one needs you, sees you or believes youNo one's there to understandI amI'll be there to be that someoneWhen you think that no one is there to hold your handI amI ain't got no halo hanging over my headI ain't gonna judge you, I'm just here to love youI am, I amChorus: I amWhen you think that no one needs you, sees you or believes youNo one's there to understandI amI'll be there to be that someoneWhen you think that no one is there to hold your handI amWhen you think that no one needs you, sees you or believes youNo one's there to understandI amI'll be there to be that someoneWhen you think that no one is there to hold your handI amI amI am;40.407;John Shanks / Jon Bon Jovi / Richie Sambora
I Believe;https://www.letras.mus.br/bon-jovi/4949/;Yeah!All I know is what I've been soldYou read my life like a fortune toldI've seen the dream, there's now land of OzBut I got my brain and I got a heartAnd courage built I won't let goWhat we need right now is soulI can't do this, you can't do thatThey feed us lines but I won't actAnd all good things will come to passBut the truth is all you have to haveAnd would you lie for it? Cry for it? Die for it?Would you?I believe, I believeWith every breath that I breatheYou and me can turn a whisper to a screamI believe, I believeYou gave it all, then you gave moreYou know what you came here forYou'll pay the cost, like it's your cross to bearAre we the ones that put it thereWould you scheam for it, scream for it, bleed for itWould youI believe, I believeBelieve we're still worthThe fight you'll seeThere's hope for this world tonightI believe, I believeDon't look up on your movie screensIn record stores or magazinesClose your eyes and you will seeThat you are all you really need;66.637;Jon Bon Jovi
I Could Make A Living Out Of Lovin' You;https://www.letras.mus.br/bon-jovi/5071/;If there's something that needs fixingI'm the man to seeLook me up, I'm listedJust check under BIf you're ever on the spotWell, I'm good with my hands24-7 I'm your handymanOdd jobs, hard jobs, anything under the sunBig jobs, small jobs, babyI'd be a rich man, it's trueIf I could make a living out of lovin' youThese two hands know what to doIf I could make a living out of lovin' youI could make a living out of lovin' youUntil the work is finishedWell, I don't get paidI don't mind getting dirtyThat's my middle nameI'm in the service businessSo I understandCall me 24-7, I'm your handymanOdd jobs, hard jobs, anything under the sunBig jobs, small jobs, babyI'd be a rich man, it's trueIf I could make a living out of lovin' youThese two hands know what to doIf I could make a living out of lovin' youIf I could make a living out of lovin'Tough jobs, rough jobs, say where and whenI'll leave you my card, call when you need me againOdd jobs, hard jobs, babyI'd be a rich man, it's trueIf I could make a living out of lovin' youThese two hands know what to doIf I could make a living out of lovin' youI'd be a rich man, it's trueI could make a living out of lovin' youI'm a rich manIf I could make a living out of lovin' you;14.188;Billy Falcon / Jon Bon Jovi / Richie Sambora
I Don't Like Mondays;https://www.letras.mus.br/bon-jovi/5068/;The silicon chip inside her headGot switched to overloadNobody's gonna go to school todayShe's gonna make them stay at homeAnd daddy doesn't understand itHe always said she was good as goldAnd he can see (no reasons)'Cause there are (no reasons)What reason do you need to be shown?(Tell me why) I don't like MondaysI wanna shoot the whole day downThe telex machine is kept so cleanAnd it types to a waiting worldHer mother feels so shockedFather's world is rockedAnd their thoughts turned to their own little girlWell sweet 16 ain't she peachy keenAnd it ain't so neat to admit defeatThere could be (no reasons)Because there are (no reasons)What reasons do you need, oh(Tell me why) I don't like MondaysI am gonna shoot the whole day down, down, downI'll shoot it all downAnd all the playing's stopped in the playground nowShe wants to play with her toys a whileAnd school is out, oh and soon we will learn that the lesson today is how to dieAnd then the bullhorn cracklesAnd the captain tackles with the problems and the how's and why'sAnd he can see (no reasons)'Cause there are (no reasons)What reasons do you need to die, die, ohWhen silicon chip inside her headGets switched to overloadOh and nobody's gonna go to school todayShe's gonna make them stay at homeAnd daddy doesn't understand itHe always said she was good as goldAnd he can see (no reasons)'Cause there are (no reasons)What reason do you need to be shown(Tell me why) I don't like Mondays(Tell me why) I don't like, I don't like(Tell me why) I don't like Mondays(Tell me why) I don't like, I don't like(Tell me why) I don't like MondaysI wanna shoot the whole day down;18.159;Bob Geldof
I Don't Want To Live Forever;https://www.letras.mus.br/bon-jovi/297372/;Frank Sinatra died todayI came home and found my mama cryingThe TV had so much to saySomehow I was thinking about dyingI'm seventeen and thinking about dyingI don't wanna live foreverJust wanna know that I'm aliveDon't wanna live foreverJust until the day I dieI see my daddy in his chairHe sits there night and dayThe TV still looks good as newDaddy's old and grayAnd it's scaring me to deathI don't wanna go that wayI don't wanna live foreverJust wanna know that I'm aliveDon't wanna live foreverJust until the day I dieJust because your heart's still beating it don't mean that you're aliveDon't wanna live foreverNobody lives foreverGonna live while I'm aliveYou can see the glass half-emptyYou can see the glass half-fullBut all I see are shattered dreamsAround this neighborhoodMy brother's girlfriend's pregnant andToday she's moving inMy friends all play the lottery and swear one day they'll winI'm seventeen, I'm thinking about dyingI'm seventeen, no way I'm dyingDon't wanna live foreverJust wanna know that I'm aliveDon't wanna live foreverJust until the day I dieJust because you're breathing it don't mean that you're aliveDon't wanna live foreverNobody lives foreverI don't wanna live foreverNobody lives foreverI Don't wanna live foreverNobody lives foreverDon't wanna live foreverDon't wanna live foreverI don't wanna live foreverNobody lives foreverI don't wanna live foreverNobody lives foreverI don't wanna live forever;22.050;Sabe de quem é a composição? Envie pra gente.
I Get A Rush;https://www.letras.mus.br/bon-jovi/68575/;Every day of my life has been leading me here tonightFeels like I'm coming home back to you, back to youEvery chance that I takeEvery wrong turn and every mistakeIs a step on the road back to youAnd I'm aliveI like it, I like it, I can't get enoughI like it, I like it, yeah, I get a rushI like what I like and I like it too muchYou know what I like, yeah, I get a rushAnd my goal, I see you, you're as close as the hole in my shoeAnd when I'm feeling used, I'm renewed, I get highI can fly, I've got wingsI've got riches that money can't bringI've got more than a king, I've got youAnd baby, that's alrightI like it, I like it, I can't get enoughI like it, I like it, yeah, I get a rushI like what I like and I like it too muchYou know what I like, yeah, I get a rushFrom you, everything you doI call it loveYeah, I get a rush, I get a rushEvery day of my life has been leading me here tonightAnd wherever I roam I'm heading back home to youBack to youI like it, I like it, I can't get enoughI like it, I like it, yeah, I get a rushI like what I like and I like it too muchYou know what I like, yeah, I get a rushI like it, I like it, I can't get enoughI like it, I like it, yeah, I get a rushI like what I like and I like it too muchYou know what I like, yeah, I get a rushFrom you, everything you doI call it loveYeah, I get a rush, I get a rush from you;7.180;Sérgio Bittencourt / Eric Bazilian / Jon Bon Jovi
I Got The Girl;https://www.letras.mus.br/bon-jovi/4974/;It feels like I'm walkin' on airWalk down our streetWhen the neighbors stop to watch us going byYou can hear 'em talking (let them talk)Sometimes I think that you're the only reasonThe Sun still shines (when it shines)And when this wicked world starts bringing me downI tell myself that I'm one lucky guyI got the girl (holding all the cards)I got the girl (she's a work of art)I got the girl (who's gonna break my heart)She likes to wear her stripe with her plaidsWon't brush her hair (I swear)She don't like wearing shoes in DecemberBut I don't care what she wearsI got the girl (holding all the cards)I got the girl (she's a work of art)I got the girl (who's gonna break my heart)If I was a holy man I'd get down on my kneesSo the angels that watch over her would give a break to meHoly Mother of saint bubble gum and Sister band-aid kneesWon't you please pray for the ones like meBut the truth is somedaySomebody is gonna take her from meBut the queen of hearts will always beA five-year-old princess to me (to me)I got the girl (holding all the cards)I got the girl (she's a work of art)I got the girl (who's gonna break my heart)I got the girl (she's gonna leave her mark)I got the girl (she's a work of art)I got the girl (she's gonna break your heart)I got the girl, oh, yeahI got the girl, I got the girlShe's gonnaI got the girl, yeahI got the girl, I got the girlI got the girl;18.561;Stephanie Rose Bongiovi / Jon Bon Jovi
I Just Wanna Be Your Man;https://www.letras.mus.br/bon-jovi/118491/;Hello, baby, it's only meI know you're tired, it's been a long hard weekI was thinking maybe if you ain't got no plansI just wanna be your manTonight I wanna be your manKnow what you're thinking, that you've got your doubtsI'm the only one that knows what your dreams are aboutIf you say no then I will understandI just wanna be your manTonight I wanna be your manAnd all I want is to dream out loudWe used to think we had it all worked outI know that you don't want to be aloneThe streets outside are so damn coldYou still ever think of you and me as 'us'?Or another thing we let die and turn to dust?I wasn't there to clean the cutsI want the one who got caught in the rutsI was just thinking maybe if you got no plansI...I just wanna...Tonight I wanna be your man;10.591;Sabe de quem é a composição? Envie pra gente.
I Love This Town;https://www.letras.mus.br/bon-jovi/1012449/;I always knew, that I liked this placeYou don't have to look too far, to find a friendly faceI feel alive when I'm walkin down this streetI feel the heart of the city pounding underneath my feetLet the world keep spinning round and roundThis is where it all goes down (down down)That's why I, love this townThat's why I keep comin' roundSay hey (say hey) say yeah (say yeah)You make me feel at home somehow, right nowThat's why I, love this townI got some good friends here, I mighta broke a heart or twoIt's gettin loud over there, the boys musta hada fewThere's a cop on the corner he knows everybodies nameThere's some kid with a dream singin boys to spare loose changeLet the world keep spinning round and roundThis is where it all goes down (down down)That's why I, love this townThat's why I keep comin' roundSay hey (say hey) say yeah (say yeah)You make me feel at home somehow, right nowThat's why I, love this townI hear 'em shoutin from the rooftops, dancin' on the barsHangin out the windows, driving in their baby's carsYou want it, you got itYou ready, I'm on itCome on now, here we go againThat's why I, love this townThat's why I love this townNo matter where you're from, tonight you're from right hereThis is where it all goes down (down, down)That's why I, love this townSay hey, sey hey, say yeah, say yeah, I love this town;24.299;Billy Falcon / Jon Bon Jovi / Richie Sambora
I Talk To Jesus;https://www.letras.mus.br/bon-jovi/297375/;It's like trying to light a match in the rainTrying to find a way to explainI came to meet the face that graced my cable TVI'm his biggest fan, 'like this, him and meHas he gone out, is he in a meetingI know that you can't tell me for security reasonsBut, Mister, tell me are you one of the SaintsHey, maybe I could take a number and waitWell, I talk to Jesus, you don't believe meI talk to Jesus, I know he hears meAnd I talk, talk, talk, I talk to JesusSee, I've got a picture of us here in my walletI'd really like to show you...Oh, I must have forgot itBut, I've got this bracelet, I've got this IDThat the people down at county gave meI know you think I'm special, hear it all the timeYou don't have to V.I.P. me, I'm a regular guyI'd really like to sit and talk sometimesBut, I'm taping Sally Jesse at fiveI talk to Jesus, you don't believe meI talk to Jesus, I know he hears meI talk to Jesus and Elvis PresleyI talk to Jesus, the king can save meI talk, talk, talk, I talk to JesusHave you seen the papers todayIf I could, I'd get down and prayTell me if the shepherd's on the wayYou know Elvis Presley talks to meThrough my school teacherJohn Lennon moved in down the streetHe bought the pizzeriaAnd aliens control our livesAnd when we speak, they're in our mindsAnd Heather Locklear is my wifeAnd, man ain't I a lucky guyWhy? CauseI talk to Jesus, you don't believe meI talk to Jesus, I know he hears meI talk to Jesus and Elvis PresleyI talk to Jesus, the king can save meI talk, talk, talk, I talk to JesusI talk to Jesus, I talk to JesusI talk to Jesus, I talk to Jesus;12.258;Sabe de quem é a composição? Envie pra gente.
I Thank You;https://www.letras.mus.br/bon-jovi/5081/;You didn't have to love me, like you didBut you didn't, but you didAnd I thank youYou didn't have to squeeze me, like you didBut you didn't, but you did, and I thank youIf you took your love to someone elseI know what I meant to be the loving dareYou made me feel like I've never feltYour kiss is so good, I got the holler for helpYou didn't have to squeeze me, like you didBut you didn't, but you did, and I thank youYou didn't have to hold me, like you didBut you didn't, but you did, and I thank youNow every day there's something newYou put your make-up and your mild perfumeYou got me trying to do things, tooJust so that I can keep up with youYou didn't have to shake me, like you didBut you didn't, but you did, and I thank youYou didn't have to make me, like you didBut you didn't, but you did, and I thank youAll my life I've been short changedWithout your love it would be a crying shameNow I know what love I'm looking forWhen they say they're being turned onI wanna thank you, thank you, thank youThank you, baby, thank you, thank you I got to sayYou didn't have to love me, like you didBut you didn't, but you did, and I thank youYou didn't have to hold me, like you didBut you didn't, but you did, and I thank youI wanna thank you, baby I wanna thank you, let me count thewaysLet me thank you, baby, baby I've got something to sayThank you babyLet me count the ways, for the whole wide world to hear, ohyeahNow thank you for paying for my cold beerI wanna thank you for being here with me babyThank you for understanding why I was out so late last nightThank you for giving me your best friend's phone numberThank you for understanding, that me and your sister are justgood friends.;17.399;Sabe de quem é a composição? Envie pra gente.
I Want To Be Loved;https://www.letras.mus.br/bon-jovi/1400229/;I had a roof overheadHad shoes on my feetSure I was fed, but no-one was thereWhen I was in need, yeahSo who am I now?Who do you want me to be?I can forgive you, but I won't relive youI ain't the same scared kid I used to beI'm gonna liveI'm gonna surviveDon't want the world to pass me byI'm gonna dreamI ain't gonna dieThinking my life was just a lieI wanna be lovedI wanna be lovedI found a pictureOur so-called family tree, yeahI broke all the branches, looking for answersDon't you know that ain't how it's supposed to beI'm gonna liveI'm gonna surviveDon't want the world to pass me byI'm gonna dreamI ain't gonna dieThinking my life was just a lieI wanna giveI'm ready to tryWilling to lay it on the lineI wanna be lovedI wanna beI ain't gonna cryI don't wanna screamBut I got so much left unsaid inside of meI'm gonna liveI'm gonna surviveDon't want the world to pass me byI'm gonna dreamI ain't gonna dieThinking my life was just a lieI wanna giveI'm ready to tryWilling to lay it on the lineI wanna be lovedI wanna be lovedI just wanna be lovedI wanna be loved;33.634;John Shanks / Jon Bon Jovi / Richie Sambora
I Want You;https://www.letras.mus.br/bon-jovi/4953/;The last time that I saw herWas the night she said goodbyeShe said that love's a strangerAnd it's sure to pass you by, yes she didAs she packed up her belongingsBaby wouldn't look me in the eyeBut I could see a tear rollOff her faceAs we both tried so hardNot to cry she saidI never wanted the starsNever shot for the moonI like them right where they areAll I wanted was youSo baby just turn awayBecause I can't face the truthAll I'm trying to sayIs all I wanted was youI tried so hard to rememberWhen where how why love went awayI tried to drown myself in pityBut her memory kept calling your name, yes it didI bought you fancy cars and diamond ringsAll the things that my money bringsAnd the servants to paint the sky blueAnd I worked so hard seven days a weekAnd built a fortress for your heart to keepIf I could I'd wrap these words up for youI never wanted the starsNever shot for the moonI like them right where they areAll I wanted was youSo baby just turn awayBecause I can't face the truthAll I'm trying to sayIs all I wanted was youI may have built for you a dreamhouseBut never thought you were aloneI filled the party up with companyBut never made our house a homeAll I got is my guitar, these chords and the truthAll I got is my guitar but all I want is you;87.241;Jon Bon Jovi
I Will Drive You Home;https://www.letras.mus.br/bon-jovi/i-will-drive-you-home/;Here comes the next big thingThere’s a new gun in townThere’ll be a faster oneBefore the sun goes downThey’ve come to kick the tiresThey’d like to take a spinSee how it takes the turnsSee if it breaks or bendsBut I will drive you homeI want you to know thatI will drive you homeHell, it ain’t nothing newEverything new gets oldMaybe some glitter’s goneBut we’re still good as goldWhen some driver comesAnd tries to jump the startThinks he can steal your loveHot wire your heartBut I will drive you homeI want you to know thatI will drive you homeLet ‘em rev their enginesLet ‘em spin their wheelsAll they’ve got is shineThey’re just chrome and steelBut I will drive you homeHere comes that faster fastHere comes that higher highAs we walk on pastThey just step asideI will drive you homeI want you to know thatI will drive you homeLet ‘em rev their enginesLet ‘em spin their wheelsAll they got is shineThey’re just chrome and steelWhen they raise the flagAnd the smoke has clearedWhen the rest are goneI’ll be standing hereI will drive you homeI want you to know thatI will drive you homeLet ‘em rev their enginesLet ‘em spin their wheelsAll they got is shineThey’re just chrome and steelWhen they raise the flagAnd the smoke has clearedWhen the rest are goneI’ll be standing hereLet ‘em rev their enginesLet ‘em spin their wheelsAll they got is shineThey’re just chrome and steelWhen they raise the flagAnd the smoke has clearedWhen the rest are goneI’ll be standing here;6.938;Sabe de quem é a composição? Envie pra gente.
I Wish Every Day Could Be Like Christmas;https://www.letras.mus.br/bon-jovi/5070/;What time is it baby? Is it that time again?When snow will be falling, friends will be callingYou know it's time when, there'll be carolers singing 'Silent Night'I love when they sing, the feeling it bringsIt's warm as a fire is brightSoon there'll be toys for good girls and boysAnd reindeer are heading our wayYes, and Santa will come down the chimney aboveThere's one thing I wanted to say(Chorus)I wish every day could be like ChristmasAnd if I could have one wish come trueI wish every day could be, full of peace and harmonyI wish every day could be like Christmas, I doI saw a child sit with old Mr. Clause,Looked him in the eye and he asked old Santa what peace on earthwasNow the old man grew cautious, on how he would sayThat it's the greatest gift what you could give, every dayI wish every day could be like ChristmasAnd if I could have one wish come trueI wish every day could be, full of peace and harmonyI wish every day could be like Christmas, I doNow the mistle-toes and the house of LordsAll the world seems at ease tonightAnd all that I ask when these precious moments passIs why can't every day be so brightI wish every day could be like ChristmasAnd if I could have one wish come trueI wish every day could be, full of peace and harmonyI wish every day could be like Christmas, I doHonest I do, yes I do nowVery merry Christmas;8.154;Jon Bon Jovi
I Wrote You A Song;https://www.letras.mus.br/bon-jovi/i-wrote-you-a-song/;When these hands won't strum and I can't find the chordsAnd my voice don't want to singWhen my feet say dance, but I can't find the floorWill you just lie here with me?Will your eyes catch mine, then linger too long?Will you still let me bring you your tea?When your mind starts to wander, can I come along?Is there someplace that you'd rather be?I wrote you a song, almost afraid to sing itHow could it ever be beautiful enough?I can't give you the ocean or the sky so blueThe wonders of the world, they don't compare to youI did the only thing I know how to doI wrote you a songI wrote you a songIf I brought you flowers, in a couple of daysThe pedals would all fall awayTo give you forever, for worse or for betterSomething that won't ever fadeI wrote you a songNow that it's doneIt's simple what I want to sayThis scribbled love letterWe wrote it togetherI promise my heart's on the pageI wrote you a song, almost afraid to sing itHow could it ever be beautiful enough?I can't give you the ocean or the sky so blueThe wonders of the world, they don't compare to youI did the only thing I know how to doI wrote you a songI wrote you a songI wrote you a song, now that's it's doneIt's simple what I want to sayI wrote you a song, almost afraid to sing itHow could it ever be beautiful enough?I can't give you the ocean or the sky so blueThe wonders of the world, they don't compare to youI did the only thing I know how to doI wrote you a songI wrote you a songI wrote you a song;1.914;Sabe de quem é a composição? Envie pra gente.
I'd Die For You;https://www.letras.mus.br/bon-jovi/4965/;If you could see inside my heartThen you'd understandI'd never mean to hurt youBaby, I'm not that kind of manI might not say I'm sorryYeah, I might talk tough sometimesAnd I might forget the little thingsOr keep you hanging on the lineIn a world that don't know Romeo and JulietBoy meets girl and promises we can't forgetWe are cast from Eden's gate with no regretsInto the fire we cryI'd die for you, I'd cry for youI'd do anything, I'd lie for youYou know it's trueBaby, I'd die for youI'd die for you, I'd cry for youIf it came right down to me and youYou know it's trueBaby, I'd die for youI might not be a saviourAnd I'll never be a kingI might not send you rosesOr buy you diamond ringsBut if I could see inside youMaybe I'd know just who we are'Cause our love is like a hungerWithout it, we would starveIn a world that don't know Romeo and JulietBoy meets girl and promises we can't forgetWe are cast from Eden's gate with no regretsInto the fire we cryI'd die for you, I'd cry for youI'd do anything, I'd lie for youYou know it's trueBaby, I'd die for youI'd die for you, I'd cry for youIf it came right down to me and youYou know it's trueBaby, I'd die for you, ohI'd die for you, I'd cry for youI'd do anything, I'd lie for youYou know it's trueBaby, I'd die for youI'd die for you, I'd cry for youIf it came right down to me and youYou know it's trueBaby, I'd die for youUh-uh, uh-uh-ohBaby, it's only for youIt's only for youUh-uh, uh-uh-ohBaby, it's only for youOnly for you;88.143;Jon Bon Jovi / Richie Sambora
I'll Be There For You;https://www.letras.mus.br/bon-jovi/4931/;I guess this time you're really leavingI heard your suitcase say goodbyeWell, as my broken heart lies bleedingYou say: True love, it's suicideYou say you've cried a thousand riversAnd now you're swimming for the shoreYou left me drowning in my tearsAnd you won't save me anymoreI'm praying to God you give me one more chance, girlI'll be there for youThese five words I swear to youWhen you breathe, I wanna be the air for youI'll be there for youI'd live and I'd die for youI'd steal the Sun from the sky for youWords can't say what love can doI'll be there for youI know you know we've had some good timesNow they have their own hiding placeI can promise you tomorrowBut I can't buy back yesterdayAnd, baby, you know my hands are dirty (oh, woman, you know my hands are dirty)But I wanted to be your valentineI'll be the water when you get thirsty, babyWhen you get drunk, I'll be the wine, ohI'll be there for youThese five words I swear to youWhen you breathe, I wanna be the air for youI'll be there for youI'd live and I'd die for youI'd steal the Sun from the sky for youWords can't say what love can doI'll be there for youI wasn't there when you were happy (I wasn't there to make you happy)And I wasn't there when you were down, downI didn't mean to miss your birthday, babyI wish I'd seen you blow those candles outI'll be there for youThese five words I swear to youWhen you breathe, I wanna be the air for youI'll be there for youI'd live and I'd die for youI'd steal the Sun from the sky for youWords can't say what love can doI'll be there for youI'll be there for youThese five words I swear to youWhen you breathe, I wanna be the air for youI'll be there for youI'd live and I'd die for youI'd steal the Sun from the sky for youWords can't say what love can doI'll be there for youWhoa, whoa, whoa, whoa, whoa-oh;1.998.460;Jon Bon Jovi / Richie Sambora
I'll Sleep When I'm Dead;https://www.letras.mus.br/bon-jovi/4968/;Seven days of SaturdayIs all that I needGot no use for Sunday'Couse I don't rest in peaceI don't need no MondaysOr the rest of the weekI spend a lot of time in bedBut baby I don't like to sleep noI won't lie to youI never gonna cry to youI'll probably drive you wild 8 days a weekUntil I'm 6 feet underBaby I don't need a bedGonna live while I'm aliveI'll sleep when I'm deadTill they roll me overAnd lay my bones to restGonna live while I'm aliveI'll sleep when I'm deadSo you're looking for some actionI got everything you needBetter keep your motor running'Cose I was built for speedThis ain't no slumber partyGot no time for catching z'sIf they say that that ain't healthyWell then living a diseaseWe're never going to die, babyCome on, let me drive you crazyWe'll make every night another New Year's eveUntil I'm 6 feet underBaby, I don't need a bedGonna live while I'm aliveI'll sleep when I'm deadTill they roll me overAnd lay my bones to restGonna live while I'm aliveI'll sleep when I'm deadSleep when I'm dead, sleep when I'm deadGonna live while I'm alive, I'll sleep when I'm deadSeven days of SaturdayIs all that I needGot no use for Sunday'Cose I don't rest in peaceI was born to liveYou know I wasn't born to dieBut if the party down in heavenI'll be sure to be on timeUntil I'm 6 feet underBaby, I don't need a bedGonna live while I'm aliveI'll sleep when I'm deadTill they roll me overAnd lay my bones to restGonna live while I'm aliveI'll sleep when I'm deadI feel like I'm explodingGoing out of my headGonna live while I'm aliveI'll sleep when I'm deadTill I'm 6 foot underAnd they lay my bones to restGonna live while I'm aliveI'll sleep when I'm deadSleep when I'm deadSleep when I'm deadGonna live while I'm aliveSleep when I'm dead;48.601;Sérgio Bittencourt / Jon Bon Jovi / Richie Sambora
I'm With You;https://www.letras.mus.br/bon-jovi/im-with-you/;Look at this worldIt's filled with worn out facesForgotten placesWhere nothing changesWhatever happenedTo that new day rising?We're just survivingWhen living is dyingAren't you tired of being let down?Another day, another shakedownI'm with youWhen hope is gone all you want is the truthI'm with youYou carry on when they say it's no useI'm with youI'm with youIf I've got one thingI've got something to proveWe all got nothingIf there's nothing to loseI'm with youI walk in shadowsThat seem more familliarI read the papersA life forsakenA vacant storefrontI'm one more for sale signDown on main streetYou just walk byHow many times we got to break downBefore somebody's gonna shout outI'm with youWhen hope is gone all you want is the truthI'm with youYou carry on when they say it's no useI'm with youI'm with youIf I've got one thingI've got something to proveWe all got nothingIf there's nothing to loseI'm with youWhen hope is gone all you want is the truthI'm with youYou carry on when they say it's no useThey say it's no useWell I've got one thingI've got something to proveWe all got nothingIf there's nothing to loseI'm with you;24.508;John Shanks / Jon Bon Jovi
I'm Your Man;https://www.letras.mus.br/bon-jovi/im-your-man/;When your heart is hungryWhen you want a secret you can keepYou know that you can call meAnytime for anything you needNo one asking questionsNo need for alibisNo need for wasting wordsI'm who I amI'm your manNo job that I can't handleThere ain't muchThat i ain't doneI'll be that one call that you getWhen you can't call no oneWhen the room is dark and emptyThere's no need to explainBaby I’ll come running here I amI'm your manWe know not to ask questionsSo no one has to lieWe both know without helloThere won't be no goodbyesNo promise that we won't keepNo more to understandTonight you're my woman and i'm your manI'm your manWe both know we're lonelyWhen we hold each other tightBut we won't ask forgivenessWhen we walk away at nightNo one asking questionsNo need for alibisNo need to say those wordsJust take my handI'm your man;3.234;Sabe de quem é a composição? Envie pra gente.
If I Can't Have Your Love;https://www.letras.mus.br/bon-jovi/297379/;It's hard to remember a time when I didn't have youwhen I didn't have nothing but a cold bed to come to at nightThat was all I knew, until there was youAnd then you took my world and turned it all aroundI couldn't live without you nowRefrão:Baby, if I can't have your loveIf I can't feel your touch I got nothing, yeahBaby, if I can't taste your kiss, then I don't existI got nothing, yeahNo I can't imagine living life without youI can't imagine living life without your loveI wake up with you by my sideCan't let go, I can't even bear the thoughtOf you in another man's eyesI would lose control, I would die'Cause now you're in my heart and I can't let you outI gotta keep you here somehowRefrãoIf I can't be your man, I wouldn't know who I amI got nothingI got nothingNo, I can't imagine living life without youI can't imagine living life without your love'Cause I can't imagine living life without youCan't imagine living life without your loveBelieve me baby I don't mean to doubt youBut if you ever leave, that would be the end of me, babyBaby, if I can't feel your touch I got nothingIf I can't taste your kiss then I don't existI got nothingI got nothingBaby, if I can't be your man, I wouldn't know who I amI'd be nothing, yeahBaby, if I can't have your loveIf I can't feel your touchI got nothing, yeahNo, I can't imagine living life without youI can't imagine living life without your love;18.400;Sérgio Bittencourt / Diane Warren / Jon Bon Jovi
If I Was Your Mother;https://www.letras.mus.br/bon-jovi/5039/;If I was your motherWould you let me hold your handWould you say you were my babyWould you always be my friendIf I was your motherCould I teach you what's rightCould I tell you storiesMaybe tuck you inAnd kiss you sweet goodnightTell me what I got to doTo make my life mean more to youI could get so close it's trueIf I was your motherWould you always believe me'Cause I'd wake up in the middleOf the nightJust to see if you need meTell me there's no otherTo who you're telling your secretsAnd would you tell me'Bout all the boys you beenBringing home to meet meTell me what I got to doTo make my life mean more to youI could get so close it's trueIf I was yoursTell me who I got to beTo make you a part of meThere's no one else you'd never needIf I was yourMother, motherIf I was yourMother, motherWhen love is bloodYou're never on trialLove don't get deeperThan a mother and childOh baby, I got to get that close to youTell me what I got to doTo make my life mean more to youI could get so close it's trueIf I was yoursTell me who I got to beTo make you a part of meThere's no one else you'd never needIf I was yourMother, motherIf I was yourMother, motherMother, motherIf I was yourMother, mother;16.512;Jon Bon Jovi / Richie Sambora
If That's What It Takes;https://www.letras.mus.br/bon-jovi/4946/;I played the part of a broken heart upon a shelfI played that part so lonely and so wellThought that love belonged to someone else not me and youYeah, I know that you've been shattered, you been bruisedWe both know what it feels like when you loseBut I'd bet my life on the roll of the dice for youIf that's what it takes, that's what I'd doTonite 's the night, I'm gonna prove it to youDo I have to break down, baby, just to break through?If that's what it takes, that's what I'd doIf that's what it takesI bet you counted all the tears I bet you've criedI bet you swore you'd never let love back inside'Cause it hurt you way too bad to say good-byeNow, there'll be times when I might put us to the testAnd it's hard for broken hearts to just forgetBut I'm driving blind, I'll lay it all on the line for youIf that's what it takes, that's what I'd doTonite 's the night, I'm gonna prove it to youDo I have to break down, baby, just to break throughIf that's what it takes, that's what I'd doIf that's what it takesSo, when you feel like jumpingJust when your heart starts pumpkingWhen you're standing out on that ledge-staring over the edgeI'll be there to talk you down, I'll be there before you hit thegroundIf that's what it takes, that's what I'd doTonite 's the night, I'm gonna prove it to youDo I have to break down, baby just to break throughIf that's what it takes, that's what I'd doIf that's what it takesIf that's what it takes, that's what I'd doIf we take the time to do it right, I know we'll pull throughIf it took all my life, I'd prove it to youIf that's what it takes, that's what I'd doIf that's what it takes;27.894;Jon Bon Jovi / Richie Sambora
Imagine;https://www.letras.mus.br/bon-jovi/1874225/;Imagine there's no heavenIt's easy if you tryNo hell below usAbove us only skyImagine all the peopleLiving for todayImagine there's no countriesIt isn't hard to doNothing to kill or die forAnd no religion tooImagine all the peopleLiving life in peaceYou may sayI'm a dreamerBut I'm not the only oneI hope some dayYou'll join usAnd the world will be as oneImagine no possessionsI wonder if you can (Yes, you can)No need for greed or hungerA brotherhood of manImagine all the peopleSharing all the worldYou may say,I'm a dreamerBut I'm not the only oneI hope some dayYou'll join usAnd the world will live as oneAll we are saying is give peace a chance (x6);6.464;
In And Out Of Love;https://www.letras.mus.br/bon-jovi/4982/;Young and wiredSet to explode in the heatYou won't tireCause baby was born with the beatTake you higher than you've ever knownThen drive you down to your kneesI pick you up when you've had enoughYou been burned baby lessons learnedIn and out of loveHear what I'm sayinIn and out of loveThe way that we're playingIn and out of loveToo much is never enoughShe's gonna get yaRunning wildWhen me and my boys hit the streetsRight on timeShe's here to make my night completeThen I'm long goneI got another showThere's one more town, one mile to goOne endless night of fantasyWas all she left of her with meIn and out of loveHear what I'm sayinIn and out of loveThe way that we're playinIn and out of loveWhen we're togetherIn and out of loveIt's too much foreverIn and out of loveHear what I'm sayinIn and out of loveIt's the way that we're playingIn and out of loveToo much is never enoughWe're gonna get youIn and out of love;30.652;Jon Bon Jovi
In These Arms;https://www.letras.mus.br/bon-jovi/4929/;You want commitmentTake a look into these eyesThey burn with fire, yeahUntil the end of timeAnd I would do anythingI'd beg, I'd steal, I'd dieTo have you in these arms tonightBaby I want youLike the roses want the rainYou know I need youLike a poet needs the painAnd I would give anythingMy blood my love my lifeIf you were in these arms tonightI'd hold youI'd need youI'd get down on my knees for youAnd make everything alrightIf you were in these armsI'd love youI'd please youI'd tell you that I'd never leave youAnd love you till the end of timeIf you were in these arms tonightWe stared at the sunAnd we made a promiseA promise this world would never blind usAnd these were our wordsOur words were our songsOur songs are our prayersThese prayers keep me strongAnd I still believeIf you were in these armsI'd hold youI'd need youI'd get down on my knees for youAnd make everything alrightIf you were in these armsI'd love youI'd please youI'd tell you that I'd never leave youAnd love you till the end of timeIf you were in these arms tonightYour clothes are still scatteredAll over our roomThis old place still smells likeYour cheap perfumeEverything here reminds me of youAnd there's nothing I wouldn't doAnd these were our wordsThey keep me strongI'd hold youI'd need youI'd get down on my knees for youAnd make everything alrightIf you were in these armsI'd love youI'd please youI'd tell you that I'd never leave youAnd love you till the end of timeIf you were in these arms tonightIf you were in these arms tonightIf you were in these arms tonightBaby!Like the roses need the rainLike the seasons need to changeLike a poet needs the painI need you, in these arms tonight;339.063;David Bryan / Jon Bon Jovi / Richie Sambora
Into The Echo;https://www.letras.mus.br/bon-jovi/into-the-echo/;When it hurts just to talk, and it’s too dark to seeWhen my heart’s just a hole full of want, full of needStuck at a stoplight, hands gripping the wheelTears fill your eyes and you bleed just to feelSomeone beside you, someone to cry toInto the echo, we shout our dreamsInto the echo, we throw our heartsInto the echo, we send our loveInto the echo, to the echo, into the echoTo hear it backAre you who you areWhat’s under that maskDo you burn for the future or yearn for the pastDid somebody send you, some broke fairy tale,Now you wait by the water for a ship that has sailedInto the echo, we shout our dreamsInto the echo, we throw our heartsInto the echo, we send our loveInto the echo, to the echo, into the echoJust to hear it backWhen it hurts just to talk, and it’s too dark to seeYou can touch, you can feelYeah, you just got to reachInto the echo, we shout our dreamsInto the echo, we throw our heartsInto the echo, we send our loveInto the echo, to the echo, into the echoTo hear it back;2.564;Billy Falcon / Jon Bon Jovi
It's A Long Way To The Top (If You Wanna Rock 'n' Roll);https://www.letras.mus.br/bon-jovi/its-a-long-way-to-the-top-if-you-wanna-rock-n-roll/;Ridin' down the highwayGoin' to a showStop in all the bywaysPlayin' rock 'n' rollGettin' robbedGettin' stonedGettin' beat upBroken bonedGettin' hadGettin' tookI tell you folksIt's harder than it looksIt's a long way to the topIf you wanna rock 'n' rollIt's a long way to the topIf you wanna rock 'n' rollIf you think it's easy doin' one night standsTry playin' in a rock roll bandIt's a long way to the top if you wanna rock 'n' rollHotel, motelMake you wanna cryLady do the hard sellKnow the reason whyGettin' oldGettin' greyGettin' ripped offUnder-paidGettin' soldSecond handThat's how it goesPlayin' in a bandIt's a long way to the topIf you wanna rock 'n' rollIt's a long way to the topIf you wanna rock 'n' rollIf you wanna be a star of stage and screenLook out it's rough and meanIt's a long way to the topIf you wanna rock 'n' rollIt's a long way to the topIf you wanna rock 'n' rollIt's a long way to the topIf you wanna rock 'n' rollIt's a long way to the topIf you wanna rock 'n' rollWell it's a long wayIt's a long way, you should've told meIt's a long way, such a long way;404;Angus Young / Bon Scott / Malcolm Young / Paco Huidobro / Patty Griffin / Sergio George
It's Just Me;https://www.letras.mus.br/bon-jovi/5002/;You know your favorite pair of shoesThe ones with the hole in the toe you won't loseYour favorite record that's all scratched and usedBut still you love to play when your feeling blueThat faded rose, that's all dried outThose Bukowsky poems we couldn't live withoutYour high school picture, when you had wild hairThat stormy day on the beach that got us hereOh, you'd better believe there's just one thing you needCan't you see…It's just me babyIt's just me babyIf there's just one thing that you should keepIn your book of dreamsIt's just me babyJust like a shadow 10 feet tallStanding right behind you should you fallI'll be the one to hold you up to walkWhen this wicked world makes us wont to crawlAnd if your waves should ever break at seaI'll be there waiting, I'm that sandy beachI'm that same old dog, scratching those same fleasI'll be by your side, you can count on meIt's just me babyIt's just me babyIf there's just one thing that you should keepIn your book of dreamsIt's just me babyIt's just me babyWhat's it gonna take to make you seeWhat's it gonna take 'til you believe in meOh, how my smile fades and my heart just breakEvery time you go awayIt's just me babyIt's just me babyIf there's just one thing that you should keepIn your book of dreamsIt's just me babyIt's just me babyWhat's it gonna take to make you seeWhat's it gonna take 'til you believe in meAnd if someday some new memories comes alongLooking shiny new, feeling really strongYou can tell him that I'll tell himHe can just move onI'm a fighter- I've been fighting for you all night longIt's just me baby;24.274;Sabe de quem é a composição? Envie pra gente.
It's My Life;https://www.letras.mus.br/bon-jovi/4924/;This ain't a song for the broken-heartedNo silent prayer for faith-departedI ain't gonna be just a face in the crowdYou're gonna hear my voice when I shout it out loudIt's my life, it's now or neverI ain't gonna live foreverI just want to live while I'm alive(It's my life) my heart is like an open highwayLike Frankie said: I did it my wayI just wanna live while I'm aliveIt's my lifeThis is for the ones who stood their groundFor Tommy and Gina who never backed downTomorrow's getting harder, make no mistakeLuck ain't even lucky, got to make your owns breaksIt's my life, it's now or neverI ain't gonna live foreverI just want to live while I'm alive(It's my life) my heart is like an open highwayLike Frankie said: I did it my wayI just wanna live while I'm alive'Cause it's my lifeBetter stand tall when they're calling you outDon't bend, don't break, baby, don't back downIt's my life, it's now or neverI ain't gonna live foreverI just want to live while I'm alive(It's my life) my heart is like an open highwayLike Frankie said: I did it my wayI just wanna live while I'm aliveIt's my lifeIt's now or neverI ain't gonna live foreverI just want to live while I'm alive(It's my life) my heart is like an open highwayLike Frankie said: I did it my wayI just wanna live while I'm aliveIt's my life;4.321.430;Jon Bon Jovi / Max Martin / Richie Sambora
Jailbreak;https://www.letras.mus.br/bon-jovi/1283996/;Tonight there's gonna be a jailbreakSomewhere in this townSee me and the boys we don't like itSo were getting up and going downHiding low looking right to leftIf you see us coming I think it's bestTo move away do you hear what I sayFrom under my breathTonight there's gonna be a jailbreakSomewhere in the townTonight there's gonna be a jailbreakSo don't you be aroundDon't you be aroundTonight there's gonna be troubleSome of us won't surviveSee the boys and me mean businessBustin' out dead or aliveI can hear the hound dogs on my trailAll hell breaks loose, alarm and sirens wailLike the game if you loseGo to jailTonight there's gonna be a jailbreakSomewhere in the townTonight there's gonna be a jailbreakSo don't you be aroundTonight there's gonna troubleI'm gonna find myself inTonight there's gonna be troubleSo woman stay with a friendYou know it's saferBreakout!Tonight there's gonna be a breakoutInto the city zonesDon't you dare to try and stop usNo one could for longSearchlight on my trailTonight's the night all systems failHey you good lookin' femaleCome here!Tonight there's gonna be a jailbreakSomewhere in the townTonight there's gonna be a jailbreakSo don't you be aroundTonight there's gonna be troubleI'm gonna find myself inTonight there's gonna be troubleSo woman stay with a friend;3.521;Thin Lizzy
Janie, Don´t Take Your Love To Town;https://www.letras.mus.br/bon-jovi/1499144/;Sitting here just watching you sleepWish I could slip inside and beIn some technicolor dreamBut the air's too thick for one of us to breatheI'm not fool enough to thinkYou couldn't live life without meI didn't come this far to throw the towel inI didn't fight this hard to walk awayIf I ain't smart enough to say I'm sorryIt's just because the words got in the wayI remember how it used to beI was you and you were meWe were more than just the sameNow these shoes don't fit, my skin's too tightWhen you want a kiss, I take a biteLet your heart call up the cops, read me my rightsLast night I drank enough to drownRaise a toast to your good looks and to my healthLook, we both know how much I've let you downJanie don't you take your love to townJanie, don't you take your love to townJanie, don't you take your love to townIf I've got to beg, I'll beg, just don't walk awayJanie, don't you take your love to townYou deserve a shooter, a saintSomeone to give it to you straightTo find the soul throught flesh and boneMy life's a treasure, full of sunny weatherBut it's left me feeling coldNow all you want to do is take me homeI hated you, the night you said you loved meI hated you, 'cause I couldn't love myselfI'm begging you now, baby, please, just hold meI got one foot in, one foot off the groundJanie, don't you take your love to townJanie, don't you take your love to townIf I've got to beg, I'll beg, just don't walk awayJanie, don't you take your love to townSitting here while you're fast asleepIn the bathroom by the sinkTrying to write the right words downI turn out the lights, close my eyesThere ain't no prayers or kiss goodnightWhat I'll forget to say tomorrow, I'll say nowJanie, don't you take your love to townJanie, don't you take your love to townJanie, don't you take your love to townIf I've got to beg, I'll beg, just don't walk awayJanie, don't you take your love to town;36.477;J
Jersey Girl;https://www.letras.mus.br/bon-jovi/242852/;I got no time for the corner boysDown in the street making all that noiseOr the girls out on the avenue'cause tonight i wanna be with youTonight i'm gonna take that rideAcross the river to the jersey sideTake my baby to the carnivalAnd i'll take her on all the rides'cause down the shore everything's all rightYou and your baby on a saturday nightYou know all my dreams come trueWhen i'm walking down the street with youChorus:Sha la la la la la laSha la la la la la la la laSha la la la la la la laSha la la la i'm in love with a jersey girlYou know she thrills me with all her charmsWhen i'm wrapped up in my baby's armsMy little girl gives me everythingI know that some day she'll wear my ringSo don't bother me man i ain't got no timeI'm on my way to see that girl of mine'cause nothing matters in this whole wide worldWhen you're in love with a jersey girl(chorus)I see you on the street and you look so tiredI know that job you got leaves you so uninspiredWhen i come by to take you out to eatYou're lyin' all dressed up on the bed baby fast asleepGo in the bathroom and put your makeup onWe're gonna take that little brat of yours and drop her off at your mom'sI know a place where the dancing's freeNow baby won't you come with me'cause down the shore everything's all rightYou and your baby on a saturday nightNothing matters in this whole wide worldWhen you're in love with a jersey girl;6.801;Sabe de quem é a composição? Envie pra gente.
Joey;https://www.letras.mus.br/bon-jovi/78473/;"Joey Keys was from my neighborhoodSome would say that he was bad and Joe thought that was goodJoey got the name ""Keys"" picking locksHe never really robbed no one; it sure amused the copsJoey's parents owned a restaurantAfter closing time they'd give us almost anything we'd wantI never cared that Joey Keys was slowThough he couldn't read or write too well but we'd talk all nightlongCome on, come on, come onWhat you gonna do with your life?Come on, come on, come onChasing sparks in the nightsHis old man said tomorrow is a ride that goes nowhereBut I'll pull some strings, get blackbird wingsAnd break us out of thereHey JoeyC'mon tell me 'bout your dreamsTell me all the sights you're gonna seeTell me who you're gonna beHey JoeyYou're gonna kiss the girls goodnightSometimes you got to stand and fightIt'll be alrightWe're gonna find a better lifeSee Joe was 3 years younger to the dayActing like a little brother but became my ball and chainI met this girl named Rhonda, she fell for meShe said, ""I might learn to like him but love ain't built forthree.""Hey JoeyC'mon tell me 'bout your dreamsTell me all the sights you're gonna seeTell me who you're gonna beHey JoeyYou're gonna kiss the girls goodnightSometimes you got to stand and fightIt'll be alrightHey JoeyNews gets around in this fading neighborhoodThe old man lost the restaurantHe drinks more than he shouldIt's time for Joey keys to do some goodPick the lock off our lives, let's get out of here like we alwayssaid we wouldHey JoeyC'mon tell me 'bout your dreamsTell me all the sights you're gonna seeTell me who you're gonna beHey JoeyYou're gonna kiss the girls goodnightSometimes you got to stand and fightIt'll be alrightWe're gonna find a better lifeFind a better lifeFind a better life";20.323;Jon Bon Jovi / Richie Sambora
Judgement Day (Day X);https://www.letras.mus.br/bon-jovi/297381/;You take and you take without givingLike the ride is never going to endYou think you know who's going to HeavenWell I know I'm going to see you againOn Judgement dayOthers, they walk the bad roadIf you do you better watch what you sayYou think that you can hide in your shadowBut it's your shadow gonna ruin your wayOn Judgement dayYou walk through the fire, no where to run to, no one to blameCause hey, hey, heyWinners and losers, sinners and users, will all have to payOn Judgement daySome people they call me brotherSome people they say that they careSome people they steal from the Heavens aboveIt's going to be a cross to bearOn Judgement dayYou walk through the fireWith nowhere to run to, no one to blameWell hey, hey, heyWinners and losers, sinners and users, will all have to payOn Judgement dayIt's just you and meI won't fade awayLet's face up to the truthIt's our own Judgement dayOn Judgement dayYou walk through the fireNowhere to run to, no one to blameHey, hey, heyWinners and losers, sinners and users, will all have to payOn Judgement day;3.841;Sabe de quem é a composição? Envie pra gente.
Just Might (Make Me Believe);https://www.letras.mus.br/bon-jovi/1273005/;I got miles of trouble spreadin' far and wideBills on the table gettin' higher and higherThey just keep on comin', there ain't no end in sightI'm just holdin' on tightI got someone who loves me more than words can sayAnd I'm thankful for that each and every dayAnd if I count all my blessings, I get a smile on my faceStill it's hard to find faithRefrão:But if you can look in my eyesAnd tell me we'll be alrightIf you promise never to leaveYou just might make me believeIt's just day to day tryin' to make ends meetWhat I'd give for an address out on Easy StreetI need a deep margarita to help me unwindLeave my troubles behindRepete refrãoI used to believe in us when times got toughBut lately I'm afraid that even love is not enoughBut if you can look in my eyesAnd tell me we'll be alrightIf you promise never to leaveYou just might make meOh you just make meYou just might make me believe;4.306;Sabe de quem é a composição? Envie pra gente.
Just Older;https://www.letras.mus.br/bon-jovi/4980/;Hey, man it's been awhile, do you remember me?When I hit the streets I was 17 a little wild, a little greenI've been up and down and in betweenAfter all these years and miles and memoriesI'm still chasing dreams, but I ain't lookin' over my shoulderI like the bed I'm sleeping inIt's just like me it's broken inIt's not old, just olderLike a favorite pair of torn blue jeansThis skin I'm in is alright with meIt's not old, just olderIt's good to see your faceYou ain't no worse for wearBreathing that California airWhen we took on the worldWe were young and braveWe got secrets that we'll take to the graveAnd were standing here shoulder to shoulderI like the bed I'm sleeping inIt's just like me it's broken inIt's not old, just olderLike a favorite pair of torn blue jeansThis skin I'm in is alright with meIt's not old, just olderI'm not old enough to sing the bluesBut I wore the holes in the soles of these shoesYou can roll the dice 'till they call your bluffBut you can't win until you're not afraid to lose, yeahWell, I look in the mirrorI don't hate what I seeThere's a few more lines staring back at meNow the nights have grown a little bit colderHey man, I gotta runYou take careIf you see coach T, tell him I've cut my hairI kept my faithI still believe I'm justI like the bed I'm sleeping inIt's just like me it's broken inIt's not old, just olderLike a favorite pair of torn blue jeansThis skin I'm in is alright with meIt's not old, just older;60.484;Billy Falcon / Jon Bon Jovi
Justice In The Barrel;https://www.letras.mus.br/bon-jovi/1985295/;Hey mister can you help meI'm a loner on the runI'm just looking for tomorrowAnd i ain't gonna hurt no oneI jumped headfirst into a bottleI was looking for a friendCame up just short of nothingI didn't find the truth i only found an endSo tell me who's gonna save meOr my father or my sonWhen the only justice a man can seeIs the barrel of a loaded gunI been broke and i've been hungryI think they're both my middle nameBut i don't never ever never seem to get enoughStill guess i can't complain'cause what you get in life you take itYou've gotta hold on and make it lastThey say good things come to those who waitBut it's life that goes so fastAnd when there's just one rule you live byEach day you kiss the rising sunWhen you live and die by the life we breatheIn the barrel of a loaded...Guns talk to me in my sleep at nightAnd a gun somewhere is burningWith my nameWinners are losers and losersWill have to faceAll those yesterdaysAnd all of the dreams they blew awaySo mister can you help meOr are you my gunHave the ghosts of justiceBrought you here to me to tasteThe barrel of a loaded gunThere's justice in the barrelOf a loaded gun;1.467;Jon Bon Jovi
Keep The Faith;https://www.letras.mus.br/bon-jovi/4952/;"Mother mother tell your childrenThat their time has just begunI have suffered for my angerThere are wars that can't be wonFather father please believe meI am laying down my gunsI am broken like an arrowForgive meForgive your wayward sonEverybody needs somebody to love (mother, mother)Everybody needs somebody to hate (please believe me)Everybody's bitching 'cause they can't get enoughWhen it's hard to hold onAnd there's no one to lean onFaith! You know you're gonna live through the rainLord we've gotta keep the faithFaith!: Don't you let your love turn to hateNow we've gotta keep the faithKeep the faith, keep the faithLord we've gotta keep the faithTell me baby when I hurt youDo you keep it all insideDo you tell me ""all's forgiven""Just hide behind your prideYeah yeah!Everybody needs somebody to love (mother, father)Everybody needs somebody to hate (please don't leave me)Everybody's bleeding 'cause the times are toughWell it's hard to be strongWhen there's no one to dream onFaith! You know you're gonna live through the rainLord we've gotta keep the faithFaith!: Don't you know it's never too lateRight now we gotta keep the faithFaith!: Don't you let your love turn to hateLord we gotta keep the faithKeep the faith, keep the faithOh we got to keep the faithKeep the faith, keep the faithLord we got to keep the faithOh oh, yeah yeah yeahI've been walking in the footstepsOf society's liesI don't like what I see no moreSometimes I wish I was blindSometimes I wait foreverTo stand out in the rainSo no one sees me cryin'Trying to wash away this painMother fatherThere's things I've done I can't eraseEvery night we fall from graceIt's hard with the world in your faceTrying to hold on, trying to hold onFaith! You know you're gonna live thru the rainLord you got to keep the faithFaith!: Don't you let your love turn to hateRight now we got to keep the faithKeep the faithKeep the faithTrying to hold on, trying to hold on yeahKeep the faithKeep the faithEverybody keep the faith";228.279;Jon Bon Jovi / Richie Sambora / Desmond Child
Keep The Faith (feat. Armin Van Buuren);https://www.letras.mus.br/bon-jovi/keep-the-faith-feat-armin-van-buuren/;Everybody needs somebody to loveEverybody needs somebody to hateMother, mother, tell your childrenThat their time has just begunI have suffered for my angerThere are wars that can't be wonFather, father, please believe meI am layin' down my gunsI am broken like an arrowForgive me, forgive your wayward sonEverybody needs somebody to loveEverybody needs somebody to hateEverybody's bitchin' 'cause they can't get enoughAnd it's hard to hold on when there's no one to lean onFaith, you know you're gonna live through the rainLord we've gotta keep the faithFaith, don't you let your love turn to hateNow we've gotta keep the faithKeep the faith, keep the faithLord, we've gotta keep the faithKeep the faith, keep the faithWe've gotta keep the faithKeep the faith, keep the faithAnd it's hard to hold on when there's no one to lean onEverybody needs somebody to loveEverybody needs somebody to hateEverybody's bitchin' 'cause they can't get enoughAnd it's hard to hold on when there's no one to lean onFaith, you know you're gonna live through the rainLord we've gotta keep the faithFaith, don't you let your love turn to hateNow we've gotta keep the faithKeep the faith, keep the faithAnd it's hard to hold on when there's no one to lean on;106;Sabe de quem é a composição? Envie pra gente.
Kidnap An Angel;https://www.letras.mus.br/bon-jovi/297383/;"I get up every morning, drink coffee aloneMy house is too quiet; I'm the only one homeI let the newspapers pile up at the doorI can't be bothered; don't read 'em no moreThe flowers are blooming, that you planted last springI can't make much sense out of anythingRefrão:If I could kidnap an angelI'd clip off his wingsAnd bring 'em to youThat would fix everythingI get in the car like I do every dayWondering how in the world did it turn out this way?It's just 'round the corner, turn left and I'm thereI'd do anything to be anywhere but hereIf I could kidnap an angelHe could teach us to flyWe'd live forever, foreverWe'd never dieIf I could kidnap an angelNow the parking attendant knows my first nameThese long green hallways all look the sameThere's four elevators, one goes to that floorI brace myself when I get to the doorI close my eyes and take a deep breathThen sit down beside your hospital bedIf I could kidnap an angelHe could teach us to flyWe'd live forever, foreverWe'd never dieIf I could kidnap an angelIf I could kidnap an angelHe'd say the wordHe'd tear down these wallsPeople laughing like childrenThrough these hospital hallsThere'd be no more tearsThere'd be no more bloodThere'd be nothing but smilesNothing but loveIf I could kidnap an angeIf I could kidnap an ange";12.633;Billy Falcon / Jon Bon Jovi
King Of The Mountain;https://www.letras.mus.br/bon-jovi/5011/;"Listen people can't you hear the voices that are crying out.There's a hunger burning in the heart of their souls.Maybe now that I got you let me tell you what I'm talking 'boutStand up and shout tonight we'll lose controlI been down and mistreatedNow we're standing undefeated.I'm the King of the MountainI'm the King of the HillI'm the King of the MountainI'm the King of the HillYou spend your life working 9 to 5 it's like doing timeBoss man says ""Hey boy, you'll never be no good""With the night there's a magic in the air that makes us comealiveTonight's the night they can't put you down, no one could.I been down and mistreatedNow we're standing undefeatedI'm the King of the MountainI'm the King of the HillI'm the King of the MountainI'm the King of the HillListen people can't you hear the voices that are crying out.There's a hunger burning in the heart of their souls.Maybe now that I got you let me tell you what I'm talking 'boutStand up and shout tonight we'll lose controlI been down and mistreatedWe won't be cheatedNow we're standing undefeated...I'm the King of the MountainI'm the King of the HillI'm the King of the MountainI'm the King of the Hill";6.787;Jon Bon Jovi / Richie Sambora
Kiss The Bride;https://www.letras.mus.br/bon-jovi/kiss-the-bride/;As I walk her down the aisleWish it were a thousand milesMy beautiful baby, so beautifulThese tears falling from my eyesThey're taking me by surpriseMy beautiful baby, a beautiful brideIt's time for me to step asideLift your veil and let you flyLet the preacher say love's favorite lineYou may kiss the brideI do's and a band of goldA promise to have and holdMy beautiful baby, so beautifulA sight that I won't forgetWhite rice on the old-church stepsMy beautiful baby, a beautiful brideJust Married sign, you'll drive awayFirst dance, then you cut the cakeWe'll say each word and hold a glass up highYou may kiss the brideA father's prayer only angels hearMay your days be many, the way be clearMay the road be kind, your eyes stay brightMay your life be as beautifulAs you look tonightI used to be your SupermanMy whole world in your little handNow he's your world, that's right, I'll step asideNow she's your world, alright, I'll step asideYou may kiss the bride;3.462;Sabe de quem é a composição? Envie pra gente.
Knockin' On Heaven's Door;https://www.letras.mus.br/bon-jovi/knockin-on-heavens-door/;Mama, take this badge off of meI can't use it anymoreIt's gettin' dark, too dark to seeI feels I'm knockin' on heaven's doorKnock, knock, knockin' on heaven's doorKnock, knock, knockin' on heaven's doorKnock, knock, knockin' on heaven's doorKnock, knock, knockin' on heaven's doorMama, put my guns in the groundI can't shoot them anymoreThat long black cloud is comin' downI feels I'm knockin' on heaven's doorKnock, knock, knockin' on heaven's doorKnock, knock, knockin' on heaven's doorKnock, knock, knockin' on heaven's doorKnock, knock, knockin' on heaven's doo;5.121;Bob Dylan
Knockout;https://www.letras.mus.br/bon-jovi/knockout/;Everyday I wake up with my back against the wallAnytime you get up, someone wants to see you fallIf you're afraid to lose it all, you're never gonna winI'll be giving you the finger, sticking out my chinBoom, boom, boomHere comes the boom, boom, boomHere comes the knockoutMy time is right nowTurning your lights outI'm throwing downHere comes the knockoutUntil the last roundI'm throwing downGo start a fire, go start a fightNo regrets, this is your life (hey!)Here comes the knockoutMy time is right nowI'm throwing downAre you living in a nightmare, are you living in a dream?Do you stand for something, will you fall for anything?It's easier to count me out, but you can count me in'Cause I'm giving you the finger, sticking out my chinBoom, boom, boomHere comes the boom, boom, boomHere comes the knockoutMy time is right nowTurning your lights outI'm throwing downHere comes the knockoutUntil the last roundI'm throwing downGo start a fire, go start a fightNo regrets, this is your life (hey!)Here comes the knockoutMy time is right nowI'm throwing down, down, downDown, downThrowing down, down, downDown, downDid you really live your life or did it pass you by?What's it take to tell yourself you really were alive?Look me in the eyeHere comes the knockoutMy time is right nowTurning your lights outI'm throwing downHere comes the knockoutUntil the last roundI'm throwing downGo start a fire, go start a fightNo regrets, this is your lifeHere comes the knockoutMy time is right nowI'm throwing down;28.556;John Shanks / Jon Bon Jovi
Labor Of Love;https://www.letras.mus.br/bon-jovi/labor-of-love/;Smokestack blowing, there's a fire in the skyFahrenheit rising up, higher than highPressure's building up, sparks are gonna flyI know where this is going when I look into your eyesI know where this is going when I look into your eyesSweet sweat's rolling down the middle of your spineBodies move together, perfect rhythm and timeBaby, say my name, I'll write yours in the skyHigher than a rocket on the Fourth of JulyHigher than a rocket on the Fourth of JulyIt's good, it's good, it's good to be aliveIt’s a full time jobThe work's never done24-7, it's a labor of loveYou’re everything I gotIt's all about usBaby, this ain't working, it's a labor of loveBaby, this ain't working, it's a labor of loveOnly fools count treasure in silver and goldI don't want for nothing that these hands can’t holdIf you need something done, put it on the listIf I need some sugar, I'll get it from your lipsIf I need some sugar, I'll get it from your lipsIt's good, it's good, it's good to be aliveIt’s a full time jobThe work's never done24-7, it's a labor of loveYou’re everything I gotIt's all about usBaby, this ain't working, it's a labor of loveBaby, this ain't working, it's a labor of loveThe taste of your lips every night, every dayI know every curve, but it's never the sameIf love is a fire, I'd go down in those flamesI wanna die in your arms, hearing you say my nameI wanna die in your arms, hearing you say my nameI wanna die in your arms, hearing you say my nameIt’s a full time jobThe work's never done24-7, it's a labor of loveYou’re everything I gotIt's all about usBaby, this ain't working, it's a labor of loveIt’s a full time jobThe work's never done24-7, it's a labor of loveGive everything I've gotI can't get enoughBaby, this ain't working, it's a labor of loveBaby, this ain't working, it's a labor of love;27.519;Billy Falcon / John Shanks / Jon Bon Jovi
Last Chance Train;https://www.letras.mus.br/bon-jovi/297385/;October leaves are falling, so am IA harvest Moon is calling me and I know whyThe traffic's like a symphony in blueIn the autumn air I smell your sweet perfumeI miss you sitting cross-legged in this empty roomYesterdays are eating me aliveI'm your angel, baby - I've got broken wingsI can't walk, I can't run, I can't drop until you're next to me, so the only thingYou gotta meet me tonightI'm on a last chance trainLeave a flower at the station, I know my destinationLove bring me home againYou try to reach me but I've sailed awayYou tried to read me but my words got in the wayThe music's over but the dance has just begunI wish that I could just get back to BaltimoreYou know I'd scratch, I'd claw, I'd scream 'til I'm raw, just to fall down at your doorLet the scarecrows laugh coming down the tracksAt the broken hearts that don't come back'Cause the train has left the station with my painLet them forget my name, ohI'm on a last chance trainSitting here I smoke my nineteenth cigaretteNow all that's left are ashes, butts and my regretsIt's your taste that I just can't forgetYou gotta meet me tonightI'm on a last chance trainLet the scarecrows laugh coming down the tracksAt the broken hearts that don't come backWe'll be laughing at them, crying in the rainIt's you and I again, ohI'm on a last chance trainIt's gonna bring me home to youOh, the last chance trainComing through, my babeThis time I'm coming throughComing through;5.693;Jon Bon Jovi / Mark Hudson
Last Cigarette;https://www.letras.mus.br/bon-jovi/280195/;"Regrets are all you left on your lipstick stainsTake a picture of our past there in that ashtrayWe had our fun, I used to light your flameLike the dancing smoke that rose we tried to find our wayNo one told me, she told meYour love's like one last cigaretteLast cigarette, I will savor itThe last cigaretteTake it in and hold your breath, hope it never endsBut when it's gone, it's goneThe last cigaretteJust to breathe reminds me of what used to beThe smoke's the ghost that keeps you close when I can't sleepDon't ask the past to last; it's about to changeThe memories don't answer when I call your nameNo one told me, she told meYour love's like one last cigaretteLast cigarette, I will savor itThe last cigaretteTake it in and hold your breath, hope it never endsBut when it's gone, it's goneOne last cigarette, last cigaretteOne I can't forget, the last cigaretteRight there at my fingertips, I got your taste still on my lipsRight or wrongYou're still gone, gone, goneThe last cigaretteNo one told me, she told meYou always lose the girl in a Brian Wilson worldYour love's like one last cigaretteLast cigarette, I will savor itThe last cigaretteTake it in and hold your breath, hope it never endsBut when it's gone, it's goneOne last cigarette, last cigaretteOne I can't forget, the last cigaretteRight there at my fingertips, I got your taste still on my lipsRight or wrongYou're still gone, gone, goneThe last cigarette…";14.059;David Bryan / Jon Bon Jovi
Last Man Standing;https://www.letras.mus.br/bon-jovi/117185/;Come see a living, breathing spectacleOnly seen right hereIt's your last chance in this lifetimeThe line forms at the rearYou won't believe your eyesYour eyes will not believe your earsGet your money out, get readyStep right up, yeah you, come hereYou ain't seen nothing like himHes last one of the breedYou better hold on to your honeyHoneys, don't forget to breatheEnter at your own risk, misterIt might change the way you thinkThere's no dancers, there's no diamondsNo this boy he don't lip-synch(Chorus)Here's the last man standingStep right up, he's the real thingThe last chance of a lifetimeCome and see, hear, feel ... the real thingSee those real live calloused fingersWrapped around those guitar stringsKiss the lips where hurt has lingeredIt breaks the heart to hear him singThe songs were more than musicThey were pictures from the soulSe keep your pseudo-punk, hip-hop, pop-rock junkAnd your digital downloads(Chorus)Take your seats now, folks. It's showtimeHey, Patrick - hit the lightsThere's something in the airThere's magic in the nightNow here's the band, they really playI'll count the first one inI don't know where it's goneWell all know where it's been(Chorus)The last man standingStep right up, he's the real thingThe last chance of a lifetimeCome see, hear, feel... the real thing.;15.985;Billy Falcon / Jon Bon Jovi
Lay Your Hands On Me;https://www.letras.mus.br/bon-jovi/4954/;Lay your hands on me!If you're ready, I'm willing and ableHelp me lay my cards out on the tableYou're mine and I'm yours for the takingRight now the rules we made are meant for breakingWhat you get ain't always what you seeBut satisfaction is guaranteedThey say what you give is always what you needSo if you want me to lay my hands on youLay your hands on me!I'm a fighter, I'm a poet, I'm a preacherI've been to school and baby, I've been the teacherIf you show me how to get up off the groundI can show you how to fly and never ever come back downEverything you want is what I needSatisfaction is guaranteedBut the ride don't never ever come for freeIf you want me to lay my hands on youLay your hands on me!Don't you know I only aim to pleaseIf you want me to lay my hands on youLay your hands on me!Oh oh oh oh oh!Oh oh oh oh oh!Lay your hands on me!Oh oh oh oh oh!Oh oh oh oh oh!Lay your hands on me!;82.750;Jon Bon Jovi / Richie Sambora
Learn To Love;https://www.letras.mus.br/bon-jovi/1575737/;I have run from the truthSince the days of my misspend youthI was hungry for kindnessI was lost in life's blindnessWhen you're born without wingsAll you dream of, all you wantIs that feeling of flyingOf rising and climbingHalle, halle, we're one breath awayHalle, halle, from our judgement dayLeave it all on the tableIf you lose all you winYou've got to learn to love the world you're living inWoohooAlways thought I'd die youngIn these hands I've held the gunBut it's too late for dyingNow there's nothing worth hidingI've lost love, lived with shameI was humbled by my fall from graceOn the steps of decisionIt's revenge or forgivenessHalle, halle, we're one breath awayHalle, halle, from our judgement dayLeave it all on the tableIf you lose all you winYou've got to learn to love the world you're living inHalle, halleHalle, halleHalle, halle, we're one breath awayHalle, halle, from our judgement dayLeave it all on the tableIf you lose all you winYou've got to learn to love the world you're living inHalle, halle, and that's how it isYou've got to learn to love the world you're living inHalle, halleHalle, halle;28.468;Sérgio Bittencourt / Jon Bon Jovi / Richie Sambora
Learning How To Fall;https://www.letras.mus.br/bon-jovi/5057/;I was walking on a wireLooking down, there was no netNow, I'm standing at your doorMe and my last cigaretteYeah we've been through this beforeToo late to cover up my tracksDamn the fool who begs for moreI'll take my past and paint it blackNow this circus has left townThis clown has got to get his feet back on the ground*I'm learning how to fallLearning how to take a hitHad to walk before I crawledIt was winner take it allNow I'm learning how to fallYeah, I got the hang of itI was standing in the lightThere were faces all aroundI put my gloves up for a fightOne sucker punch and I was down* RepeatI was flying through the cloudsPucker up, it's time to kiss the ground* Repeat;5.957;Sabe de quem é a composição? Envie pra gente.
Legendary;https://www.letras.mus.br/bon-jovi/legendary/;Oh, oh, oh, ohOh, oh, oh, ohOh, oh, oh, ohOh, ohWho are you and who am ITo think that we could ever fly?It don't pay to even tryWork, get paid and just get bySons of sons, bricks on bricksWhat's broken you don't try to fixRound here there ain't no whys and ifsYou don't pick up what you can't liftI raise my hands up to the skyDon't need more to tell me I'm aliveGot what I want 'cause I got what I needGot a fistful of friends that'll stand up for meRight where I am is where I wanna beFriday night comes around like a songSweet Caroline and we all sing alongGot my brown-eyed girl and she believes in meLegendaryI know this town like the back of my handEvery crack in the sidewalk tells me who I amLive And You Love is the law of the landThese are our dreams, that's where we standRaise my hands up to the skyDon't need more to tell me I'm aliveGot what I want 'cause I got what I needGot a fistful of friends that'll stand up for meRight where I am is where I wanna beFriday night comes around like a songSweet Caroline and we all sing alongGot my brown-eyed girl and she believes in meLegendaryOh, oh, oh, ohOh, oh, oh, ohOh, oh, oh, ohOh, ohWho are you and who am ITo think that we could ever fly?Got what I want 'cause I got what I needGot a fistful of friends that'll stand up for meRight where I am is where I wanna beFriday night comes around like a songSweet Caroline and we all sing alongGot my brown-eyed girl and she believes in meLegendaryOh, oh, oh, ohOh, oh, oh, ohOh, oh, oh, ohOh, ohLegendaryOh, oh, oh, ohOh, oh, oh, ohOh, oh, oh, ohOh, oh;20.891;Jon Bon Jovi / John Shanks / Billy Falcon
Let It Rain;https://www.letras.mus.br/bon-jovi/480520/;Ever since there was thunderThere's been shelter from the stormA place to run for coverTill the rain clouds had moved onNow when I get that feelingBefore the first drop hits the ground I'm askingWho's gonna stop the rain fron falling downWherever there's a soldierWho won't give upThe fightWherever there's a darknessThat's trying to find the lightWherever there is hurtingThere is a healing on the wayLike sunshineBreaking through a cloudy dayLet it rain let it rainLet the rain fall all aroundWho's gonna stop the rain from falling downMaybe someday eyes won't judge youBy the bed you're sleeping inThe God you want to pray toOr the color of your skinWhen priests and politiciansSell the truth and nothing moreThat day we'll know what all of this was forLet it rain let it rainLet the rain fall all aroundWho's gonna stop the rain from falling downTu nese ain't pretty pictures that we're keeping in the cloudOutside a storm in ragingJust take a look aroundSomewhere there's forginenessFor the broken ones like meWho once started down mighty mountainsAnd now sit beneath the treesAnd somewhere there's a curchbellThat's summoning the choirSomewhere there's a dreamerWho would walk 1000 milesSomewhere there's a dreamerWho would walk 1000 milesLet it rain tet it rainLet the rain fall all aroundWho's gonna stop the rain from fallingIf you're out there's Christ's I'm callingWho's gonna stop the rain ftom falling down;29.240;Bon Jovi
Let It Rock;https://www.letras.mus.br/bon-jovi/4971/;The weekend comes to this townSeven days too soonFor the ones who have to make upWhat we break up for their rulesWell I saw Captain Kidd on SunsetTell his boys they're in commandWhile chino danced a tangoWith boomstick in his handHe said: It's alright (alright) if you have a good timeIt's alright (alright) if you want to cross that lineTo break on through the other sideLet it rock, let it goYou can't stop a fire burning out of controlLet it rock, let it goWith the night you're on on the looseYou got to let it rockWe go down to BroadwayWhere everybody goesTo get on their rockin' horseAnd blast that radioWell I saw Roxie on the tableHer girlfriend down belowThey'll give it to the King Of SwingBefore it's time to goThey said: It's alright (alright)Let it rock, let it go;26.767;Jon Bon Jovi / Richie Sambora
Let's Make It Baby;https://www.letras.mus.br/bon-jovi/297388/;When I look in your eyes I can feel the fireA see through disguise can't conceal desireI've been readin your lips, they don't need no translationThey want more than a kiss, I come to make my donationSo turn out the lights, I'm going down slowlyDon't tell me what's right, just tell me you want meTell me you want meJust tell me you want me, want me, want meLet's make it babyLet's make it babyLet's make it babyLet's make it babyCome, come, come a little bit closerI want to play doctorIt keeps getting harder, harder, harder to keep me awayI want to taste the sweat that's runnin' off of your bodyGet the sheets all wet, I wanna make you feel naughtyLet's make it babyLet's make it babyLet's make it babyLet's make it babyTurn out the lightsDon't tell me you love meJust tell me you want meDon't tell me you love meTell me you want me, want me, want me, want me, want me, want me, want meLet's make it babyLet's make it babyLet's make it babyLet's make it babyBaby, baby, baby;9.793;Sabe de quem é a composição? Envie pra gente.
Letter To a Friend;https://www.letras.mus.br/bon-jovi/95555/;I'll be there to hold you by the handWhen you need someone to walk you homeYou know that I'll be there to understandWhen you call me on the phoneI'll be there to watch you when you sleepWhen you close your eyes at nightAnd I'll be there to keep your secrets kept,Cross my heart, hope to dieI swear each word is trueThere's only one thing I wouldn't do(Oh-ooh)(Oh-ooh)I'll be there when you need a real friendI'll be there to listen to your secretsI'll be there and give you all I've gotI'll be there when you paint your masterpieceAnd I'll be right beside your every moveI'll give you my eyes so you can seeAnd I'll help you to find the things you've lostWhen you're busting at the seamsI swear each word is trueThere's only one thing I wouldn't doI ain't gonna love youI ain't gonna love youNobody wants you like I want youNobody needs you like I need youYou know I would beg and plead, get down on my kneesI'd do most anything, it's trueBut I ain't gonna love youI ain't gonna love you'Cause I love youOh-ooh, oh-oohOh-ooh, oh-oohOh-oohI'll be there to love the things you loveI'll be the one who knows your middle nameBe the only one that you can trustI'll give you the blood that's in my veinsI swear these words are trueThere's only one thing I wouldn't doI ain't gonna love you'Cause nobody wants you like I want youNobody needs you like I need youYou know I would beg and please, get down on my kneesDo most anything for youBut I ain't gonna love youI ain't gonna love'Cause I love youBecause I love you;40.877;Jon Bon Jovi
Levon;https://www.letras.mus.br/bon-jovi/352287/;Levon wears his war wound like a crownHe calls his child Jesus'Cause he likes the nameAnd he sends him to the finest school in townLevon, Levon likes his moneyHe makes a lot they saySpends his days countingIn the garage by the motorwayHe was born a pauper to a pawn on a Christmas DayWhen the New York Times said God is deadAnd the war's begunAlvin Tostig has a son todayAnd he shall be LevonAnd he shall be a good manAnd he shall be LevonIn tradition with the family planAnd he shall be LevonAnd he shall be a good manAnd he shall be LevonLevon sells cartoon balloons in townHis family business thrivesJesus blows up balloons all daySits on the porch swing watching them flyAnd Jesus, he wants to go to Venusleaving Levon far behindTake a balloon and go sailingWhile Levon, Levon slowly diesHe was born a pauper to a pawn on a Christmas DayWhen the New York Times said God is deadAnd the war's begunAlvin Tostig has a son today;5.504;Sabe de quem é a composição? Envie pra gente.
Lie To Me;https://www.letras.mus.br/bon-jovi/4940/;Rumour has it that your daddy's coming downHe's gonna pay the rentTell me, baby, is this as good as this life is gonna getIt feels like there is a stranger standing in these shoesBut, I know I can't lose me, 'cause then I'd be losing youI know I promised, babyI would be the one to make our dreams come trueI ain't too proud of all the strugglesAnd the hard times we've been throughWhen this cold world comes between usPlease, tell me you'll be brave'Cause I can realize the danger when forgiveness fades awayIf you don't love me - lie to me'Cause, baby, you're the one thing I believeLet it all fall down around us, if that's what's meant to beRight now if you don't love me, baby, lie to mePour another cup of coffee, babe I got something to say to youI ain't got the winning ticketNot the one that's gonna pull us throughNo one said that it'd be easy, let your old man take you homeBut know if you walk out on meThat darling, I'd be goneIf you don't love me, lie to me'Cause baby you're the one thing I believeLet it all fall down around us, if that's what's meant to beRight now if you can't love me, baby, lie to meBaby, I can take itIt's a bitch, a life's a roller coaster rideThe ups and downs will make you scream sometimesIt's hard believing that the thrill is goneBut we got to go around again, so let's hold onIf you don't love me, lie to me'Cause, baby, you're the one thing I believeLet it all fall down around us, if that's what's meant to beRight now if you can't love me, baby, lie to me, lie to meBaby, I can take itC'mon lie to me;169.563;Jon Bon Jovi / Richie Sambora
Life Is Beautiful;https://www.letras.mus.br/bon-jovi/life-is-beautiful/;Try to walk on waterYou'll sink just like a stoneSaid you'd get home earlyBut you always stay too longYou got all the answers, but the answers are all wrongI can't save me from my sinsInnocence my long lost friendNo wind no rain can wash awayThese hallowed words my mouth won't prayYou fly you fallLife is beautifulShe's there to lift me upBut I only let her downA guilty kingWears a broken crownShe's sweet forgivenessIn a lonesome lost and foundI can't save me from my sinsInnocence my long lost friendNo wind no rain can wash awayThese hallowed words my mouth won't prayYou fly you fallLife is beautifulNew gets oldThe night gets coldThe sad goodbyeLife is beautifulThe sky is crackedWe can't go backDry your eyesLife is beautifulI can't save me from my sinsInnocence my long lost friendNo wind no rain can wash awayThese hallowed words my mouth won't prayNew gets oldThe night get coldThe sad goodbyeLife is beautifulThe sky is crackedWe can't go backDry your eyesLife is beautifulLife is beautiful;12.906;Sabe de quem é a composição? Envie pra gente.
Life's Too Short For Days Like These (Days Like These);https://www.letras.mus.br/bon-jovi/297391/;Needed a car, looked around for a weekFor two dollars down I signed my name on the leaseThere was a knock on my door, old man wants his keysAll he said was something about bankruptcyOh no, here we goThere ain't no day that's different from the day you know thatLife's too short for days like theseWish I could close my eyes and just go back to sleepIt's hard to keep running when you're down on your kneesLife's too short for days like theseMinding my own business in some restaurantTrying to get some dinner but then guess what?Some chick got there I slept with, throws her drink in my faceAnd then her ugly brother kicked my ass all over the placeOh no, here we goAin't no day that's different from the day you know thatLife's too short for days like theseWish I close my eyes and just go back to sleepIt's hard to keep running when you're down on your kneesLife's too short for days like theseI met her last night at quarter to threeI couldn't believe that she came home with meWoke up this morning scratching now I know when to leaveThey say you lay down with dogs, gonna wake up with fleasYou know that life's too short for days like theseWish I could close my eyes and just go back to sleepIt's hard to keep running when you're down on your kneesLife's too short for days…Life's too short for days like theseBaby, baby, don't you know it's trick or treatI'd get up and dance if I could get on my feetLife's too short for days…Life's too short for days…Life's too short for days like theseLife's too short for days like theseWish I could close my eyes and just go back to sleepIt's hard to keep running when you're down on your kneesCause life's too short for days…Baby, life's too short for daysLife's too short for days like these;5.584;Sabe de quem é a composição? Envie pra gente.
Limitless;https://www.letras.mus.br/bon-jovi/limitless/;Wake up, everybody wake upHere we go, it's just another dayAnother buzz, another beepScrub your face and brush your teethOut the door, into the streetI fell out of my sleepA million different facesAll from different placesSwimming in the seaTrying to keep your head above waterTrying to keep your head above waterOn a night like thisOne prayer, one wishStep out off the edgeIt's worth the riskLife is limitless, limitlessLimitless, limitlessWake up, everybody wake upMorning comes, you do it all againYou know the song, it's on repeatFound your shoes, can't find your feetGrab your wallet and your keysBetter not forget to breatheSweat until you're soakingDon't let them see you chokingA teardrop in the seaTrying to keep your head above waterYou're trying to keep your head above waterOn a night like thisOne prayer, one wishStep out off the edgeIt's worth the riskLife is limitless, limitlessLimitless, limitlessLife is limitless, limitlessLimitlessLeft to figure outWhat it's all aboutWhen the Sun comes upAnd the Sun goes downIs there something moreThan it was beforeThere's an open doorWhat are you waiting forLife is limitless, limitlessLimitlessOn a night like thisOne prayer, one wishStep out off the edgeIt's worth the riskOn a night like thisOne touch, one kissStep out off the edgeIt's worth the riskLife is limitless, limitlessLimitless, limitlessLife is limitless, limitlessLimitless, limitlessLimitless, limitlessLimitless, limitless;29.069;John Shanks / Billy Falcon / Jon Bon Jovi
Little Bit Of Soul;https://www.letras.mus.br/bon-jovi/5045/;You been robbedYou been usedYou been crucifiedand abusedYou been sacrificed andNow you're confusedAin't that the truth yeahYou got a hole in your headAnd this cold empty spotIn your big brass bedWhen you're mad at the world andYou're feel like you're losing controlAll you need to get by isA little bit of soul yeahwhowhowhowho a little bit o' soul yeahWhen you've lost in the floodWhen you feel like you beenKicked in the mudYou know they stillHaven't found the drugTo pick us upYou're feeling down, misunderstood,I know that these timesThey ain't looking so goodWhen you're mad at the world andYou're feeling like you're losing controlAll you need to survive isA little bit of soul yeahwhowhowhowho a little bit o' soul yeahwhowhowhowho a little bit o' soulHere we go!Everyone's complainingNothing but frustrationThe king has pissed inYour pot of goldIt ain't entertaining spendingSo much time in the holeLord send downA little bit ....wooh! (whistle)When you're mad at the worldAnd you're feeling likeYou're losing controlI know, I knowWhat we needTo survive isA little bit of soulwhowhowhowho a little bit o' soulwhowhowhowho a little bit o' soulComon' Comon' !whowhowhowho a little bit o' soulwhowhowhowho(Lord wont you send it down just a little bit of soulSend down a little bit of soul)hoohoohoo!hoohoohoo!;10.108;Jon Bon Jovi / Richie Sambora
Little City;https://www.letras.mus.br/bon-jovi/5062/;I got my call light onGimme one more fare tonightJust get me over the bridgeI can see those shiny bay lightsYou know I'm never aloneBut I'm feeling lonely tonightDamn, I got my last cigaretteBut I ain't got not lightGod let these wheels rollTo where the girls are prettyWhen the nights explodeAnd life is still livingDown this open roadThe arms of pityWait to greet me tonight in little cityIn my rear view mirrorI see someone else's hairlineI hear that fire in your eyesIs on the rock and doing hard timeAnd the grapes of wrath, they're on the vineThere's wine in this dirtHere love ain't loveIt's just another four letter wordGod let these wheels rollTo where the girls are prettyWhen the nights explodeAnd life is still livingDown this open roadThe arms of pityWait to greet me tonight in little cityNow that cold gray fog'sJust a rolling down the highwayHe's come to carry me homeIt's put a little smile on my face;6.156;Sabe de quem é a composição? Envie pra gente.
Little Drummer Boy;https://www.letras.mus.br/bon-jovi/297393/;Come, they told me, pa rum pa pum pumA newborn king to see, pa rum pa pum pumOur finest gifts we bring, pa rum pa pum pumTo lay before the king, pa rum pa pum pumRum a pum pum, rum pa pum pumSo to honor him, pa rum pa pum pumWhen we comeBaby Jesus, pa rum pa pum pumI am a poor boy, too, pa rum pa pum pumI have no gift to bring, pa rum pa pum pumThat's fit to give a king, pa rum pa pum pumRum pa pum pum, rum pa pum pumShall I play for you pa rum pa pum pumOn my drumYoi da adash, pa rum pa pum pumThe ass and lamb kept time, pa rum pa pum pumI played my drum for him, pa rum pa pum pumI played my best for him, pa rum pa pum pumRum pa pum pum rum pa pum pumThen he smiled at me pa rum pa pum pumMe and my drum, me and my drum;4.695;Sabe de quem é a composição? Envie pra gente.
Live Before You Die;https://www.letras.mus.br/bon-jovi/1576059/;"I was a little boy of nine years oldThe whole world in my handsTrying to toss that ball across the yardA game of catch with my old manHe always say ""I'm sorry""Every time he had to leaveAnd I was much too young to understandWhen he would say to meWhen you're young, you always thinkThe sun is gonna shineThere'll come a day you'll have to say hello to GoodbyeSit down son, come take my handLook me in the eyeTake these words, promise meYou live before you dieNow I was barely seventeen, summer '79Already I was feeling likeI was running out of timeI had this girl, we fell in loveShould I say that she had meThat fateful night we'd change our livesAnd made a memoryWhen you're young, you always thinkThe sun is gonna shineThere'll come a day you'll have to say hello to GoodbyeShe laid me down, she took my handLooked me in the eyeAnd just before she kissed me she saidYou gotta live before we dieLive before you dieYou learn to love, to liveYou fight and you forgiveYou learn what's wrong and rightLive before you dieI made mistakes, I've called some breaksBut I've got no regretsThere's some things I don't rememberBut one thing I don't forgetWhen you're young, you always thinkThe sun is gonna shineOne day you're gonna have to say hello to GoodbyeShout it out, let someone somewhere know you're aliveTake these wordsWear them wellLive before you dieLive before you dieHeyLive before you dieYou learn to love, to liveYou fight and you forgiveYou face the darkest nightJust live before you die";26.943;Jon Bon Jovi / Richie Sambora
Livin' On a Prayer;https://www.letras.mus.br/bon-jovi/4932/;(Once upon a time, not so long ago)Tommy used to work on the docksUnion's been on strike, he's down on his luckIt's tough, so toughGina works the diner all dayWorking for her man, she brings home her payFor love, for loveShe says: We've got to hold on to what we've gotIt doesn't make a difference if we make it or notWe've got each other and that's a lotFor love, we'll give it a shotWhoa, we're halfway thereOh-oh, living on a prayerTake my hand, we'll make it, I swearOh-oh, living on a prayerTommy's got his six string in hockNow he's holding in what he used to make it talkSo tough, it's toughGina dreams of running awayWhen she cries in the night, Tommy whispersBaby, it's okay, somedayWe've got to hold on to what we've gotIt doesn't make a difference if we make it or notWe've got each other and that's a lotFor love, we'll give it a shotWhoa, we're halfway thereOh-oh, living on a prayerTake my hand, we'll make it, I swearOh-oh, living on a prayerLiving on a prayerOoh, we've got to hold on, ready or notYou live for the fight when that's all that you've gotWhoa, we're halfway thereOh-oh, living on a prayerTake my hand and we'll make it, I swearOh-oh, living on a prayerWhoa, we're halfway thereOh-oh, living on a prayerTake my hand and we'll make it, I swearOh-oh, living on a prayerWhoa, we're halfway thereOh-oh, living on a prayerTake my hand;5.520.512;Desmond Child / Jon Bon Jovi / Richie Sambora
Living In Paradise;https://www.letras.mus.br/bon-jovi/living-in-paradise/;You and me been on some rideHeld off the night till the sunriseSaw the world through a child's eyesBeen in love for a long timeYou and me tore the walls downAnd built them up in a new townI used to sing for the whole crowdNow every song is for you nowCastles may crumbleAnd fall to the seaYeah, we're living in paradiseYeah, we're living in paradiseSeasons come and seasons goWe planted seeds and we watched them growWe wrote the book on the highs and lowsWe figured out what we didn't knowYou give me faith when I'm losing hopeWe may have bent but we never brokeThe rain can fall and the wind will blowThe Sun will shine anywhere we goI can't rememberBefore you and meYeah, we're living in paradiseYeah, we're living in paradiseSummer's gone, it's been a long SeptemberNothing matters long as we're togetherYeah, we're living in paradiseCome alive, come alive, come alive, come aliveCome alive, come alive, come alive, come aliveFrom the embers we will riseAnd we'll light up the skyYeah, we're living in paradiseYeah, we're living in paradiseSummer's gone, it's been a long SeptemberNothing matters long as we're togetherYeah, we're living in paradiseLiving in paradiseLiving in paradise;1.887;Jon Bon Jovi / Ed Sherran
Living In Sin;https://www.letras.mus.br/bon-jovi/4999/;I don't need no licenseTo sign on no lineAnd I don't need no preacherTo tell me you're mineI don´t need no diamondsI don´t need no new brideI just need you, babyto look me in the eyesI know they have a hard timeAnd your Daddy don´t approveBut I don´t need your DaddyTelling us what we should doNow there's a million questionsI could ask about our livesBut I only need one answerTo get me through the nightSo , I sayBaby , can you tell meJust where we fit inI call it loveThey call it living in sinIs it you and meOr just this world we live inI say we're living on loveThey say we're living in sinIs right for both our parentsWho fight it out most nightThey pray for God's forgivenessWhen they both turn out the lightsOr wear that ring of diamondsWhen your heart is made of stoneYou can talk but still say nothingYou stay together but aloneOr is it right to hold youAnd kiss your lips goodnightThey say the promise is foreverIf you sign it on the dotted lineBaby , can you tell meJust where we fit inI call it loveThey call it living in sinIs it you and meOr just this world we live inI say we're living on loveThey say we're living in sinBaby, can you tell meJust where we fit inI call it loveThey call it living in sinIs it you and meOr just this world we live inI say we're living on loveThey say we're living in sinI don't know just where we fit in;74.907;Jon Bon Jovi
Living Proof;https://www.letras.mus.br/bon-jovi/living-proof/;Does the Sun still shine on a dead-end street?Will a rose still grow out of broken concrete?Is there anything left for a sinner like me?I'm tired of talking 'bout somedayAll that we've been given are the dog daysNothing is forgiven, it's the hard wayRight or wrongI'm tired of talking 'bout somehowWake up and it's welcome to your breakdownThis family's tree got nothing left to prove nowMe and you, we're the living proofClose your eyes and tell me what you think you seeIs faith and hope enough to make a fool believeIs there anything left for a sinner like me?I'm tired of talking 'bout somedayAll that we've been given are the dog daysNothing is forgiven, it's the hard wayRight or wrongI'm tired of talking 'bout somehowWake up and it's welcome to your breakdownThis family's tree got nothing left to prove nowMe and you, we're the living proofFirst the son becomes a fatherThen the father is a sonIt's a never-ending circleAnd the circle's never doneThis love will last foreverWe're not footprints in the sandIt's time to understandI'm tired of talking 'bout somedayAll that we've been given are the dog daysNothing is forgiven, it's the hard wayRight or wrongI'm tired of talking 'bout somehowWake up and it's welcome to your breakdownThis family's tree got nothing left to prove nowMe and you, we're the living proof;10.545;Jon Bon Jovi / John Shanks
Living With the Ghost;https://www.letras.mus.br/bon-jovi/living-with-the-ghost/;Marry me to the blue skyBury me in that long last drop of hard rainMeet me where they stop timeThat's you to me on the shovel that's digging this graveTill I can waltz on a moonbeamTill I can find a way to turn all tears into wineI'll hitch my ride to a day dreamCan't unkiss the lips that love is leaving behindI ain't living with the ghostNo future living in the pastI've seen what hate has done to hopeTomorrow wasn't built to lastI ain't living with the ghostHow can I scream I'm scared to breatheI wrote each word you gave the toastBut we were fire and gasolineI ain't living with the ghostI set my sails over wheat fieldsRode waves of amber let a new sun shine on my faceI dropped the sword put down my shieldI left your scars for the starsGuiding my wayI traded hurting for healingI must admit that I was reelingNow I'm feeling just fineTraded nightmares for dreamingGo tell your shadowsThat I got out aliveI ain't living with the ghostNo future living in the pastI've seen what hate has done to hopeI found the tree, I cut the ropeTomorrow wasn't built to lastI ain't living with the ghostHow can I scream I'm scared to breatheI wrote each word you gave the toastBut we were fire and gasolineI ain't living with the ghostLast night I had this dreamI saw a man wash his feetIn the church holy waterHe worked up to his kneesFrom his arms to his neckSaid I'm over my headHe was crying trying to get some reliefLord, I'm just trying to get some reliefI had this dreamThat man was meI ain't living with the ghostNo future living in the pastI've seen what hate has done to hopeI found the tree, I cut the ropeTomorrow wasn't built to lastI ain't living with the ghostHow can I scream I'm scared to breatheI wrote each word you gave the toastBut we were fire and gasolineNow I ain’t living with the ghost;11.156;Jon Bon Jovi
Lonely;https://www.letras.mus.br/bon-jovi/1053777/;There's a whole lotta lonelywaiting out thereThere's a whole lot of peoplethat will lead you nowhereSo be safe my loverlet me offer my prayerThere' s a whole lotta lonelywaiting out thereThere's a whole lot of kisseswaiting out thereAnd the world you've been missingthat don't play fairLet me offer you comfortand show you how much I careThere's a whole lotta lonelywaiting out there(Chorus)When love is blind sometimesthe lies can get you through the nightI'm holding on to what I needtill you're too tired to fightNow there's a lot of lone ridersso baby bewareAfter the warmth of his whisperIn the cool night airIt'll be hard to wake up tothat handsome cold blank stareCause there's a hell ofa lotta lonely waiting out there(Chorus)When love is blind sometimesthe lies can get you through the nightI'm holding on to what I needtill you're too tired to flyNow there's a whole lotta lonelywaiting out thereThere's a whole lot of peoplethat will lead you nowhereThere's only so much sorrowthat a heart can bearThere's a hell ofa lotta lonely waiting out thereThere's a hell of a lotta lonelyBaby I'm scared,waiting out there.;28.499;Daryl R
Lonely At The Top;https://www.letras.mus.br/bon-jovi/5086/;Tell Franie I'm sorry she didn't get to know her dadI'll bet he's sorry he didn't get to know you tooTell her there'll be people singing things that make her sadHow her daddy felt alone how he was hurtin' badI guess that won't be too far from the truthYeah, it's lonely at the topHappy is one thing it's not.I was jaded, suffocated, it got too hard to breathBut I never got as high as I needed to beYou know life becomes worthless when they steal your dreamsI just couldn't live with what was left for meAnd I couldn't run far enough from the truth, what's the useYeah, it's lonely at the topHappy's one thing it's notBefore you know you find yourself alone and looking downNo one there can help you stop before you hit the groundIt's lonely at the top - Oooh yeahTell Franie, I'm sorry I better kiss her when she criesI'm sorry I left her, never said good byeDidn't mean to leave you all alone but then the music diedThrough the song remains the same, I couldn't live that lieYou know that ain't too far from the truthYeah, it's lonely at the topHappy's one thing it's notBefore you know you find yourself alone and looking downNo one there to help you stop before you hit the groundYeah, it's lonely at the topYeah, it's lonely at the topIt's lonely;16.513;Jon Bon Jovi / Richie Sambora
Lonely Is The Night;https://www.letras.mus.br/bon-jovi/619086/;I need someone, I need somebody to be a friend,I'm not alone, but still I'm lonely in the endShe was runnin' away on the 9 o'clock train, so very far from home,With a head full of schemes, a handful of dreamsI was on my ownI know you're out there, I know you're thereLonely, lonely is the nightLonely, lonely is the nightWhat can I do, what can I say, to get her back,Alone I wait before my train comes runnin' down the tracksHeaven knows that I'd wait if God were to say that you would comeI guess you can say it's the price that you pay for holdin' onI know you're out there, I know you're thereLonely, lonely is the nightLonely, lonely is the nightLonely, lonely is the nightLonely, lonely is the nightIf you want me, if you need me, I'll be there,If you want me, please believe me, I'll be waitingI know you're out there, I know you're thereLonely, lonely is the nightLonely, lonely is the nightLonely, lonely is the nightLonely, lonely is the night;16.846;Sabe de quem é a composição? Envie pra gente.
Lost Highway;https://www.letras.mus.br/bon-jovi/944238/;In my rearview mirrorMy life is getting clearerThe sunset sighs and slowly disappearsThese trinkets once were treasureLife changes like the weatherYou grow up, grow old, or you hit the road 'round hereSo I drive (drive drive)Watching white lines passing byMy plastic dashboard JesusWaiting there to greet usHey Hey I finally found my waySaid goodbye to yesterdayHit the gas, there ain't no brakes on this lost highwayYeah, I'm busting loose, I'm lettin goOut on this open roadIt's independence day on this lost highwayHey hey, hey heyDon't know where I'm goingBut I know where I've beenI'm afraid of going back againSo I drive (drive drive)Years and miles are flying byAnd waiting there to greet usIs my plastic dashboard JesusHey HeyHey Hey I finally found my waySaid goodbye to yesterdayHit the gas, there ain't no brakes on this lost highwayHell, I'm busting loose, I'm lettin goOut on this open roadIt's independence day on this lost highwayHey heyhey, heyOh patron saint of lonely soulsTell this boy which way to goGuide the car, you've got the keysFarewell to mediocrityKicking off the cruise controlAnd turning up the radioGot just enough religionAnd a half a tank of gasCome onLet's goI finally found my waySaid goodbye to yesterdayHit the gas, there ain't no brakes on this lost highwayI'm busting loose, I'm lettin goWhen I'm out on this open roadIt's independence day on this lost highwayHey hey;129.209;John Shanks / Jon Bon Jovi / Richie Sambora
Love Ain't Nothing But a Four Letter Word;https://www.letras.mus.br/bon-jovi/297394/;She was waiting alone at the stationPraying for her train to arriveThinking 'bout her destination,Her tattered bag held all that she had in lifeShe turned her back on her familyShe said goodbye to her friendsShe turned her back on a married manWhen she took off that wedding bandBut through her crying she said I don't need thisThrough the tears she said it's all a wasteIt ain't nothing like it is in the moviesHere a hit is just a slap in the faceRefrão:And it's no big secret so forget all you heard'Cause love ain't nothing but a four-letter wordFor some it's for better, for us it's for worseLove ain't nothing but a four-letter wordNothingThis time he said was the last timeLast time he said just the sameIn your heart you know that they'll be a next timeThat your battered bones would have to explainNow your bruises can't ride on religionSince you swore it was for better or worseBut how many times must you lay down and sayIt's something that I deservedIt ain't no big secret so forget all you heard'Cause love ain't nothing but a four-letter wordFor some it's a blessing, for some it's a curseLove ain't nothing but a four-letter wordLove ain't nothing but a four-letter wordForget about your rosary beadsTo take you through your time of needYou'll pray to God to cross that lineAnd take it one day at a timeStill you try and make some sense ofAll the things that he had saidWas there something so wrong to turn eyes so blueTo fiery eyes of red again?RefrãoThere's no big secret so forget all you heardCause love ain't nothing but a four-letter wordFor some it's a blessing, for some it's a curseBut love ain't nothing but a four-letter wordLove ain't nothing but a four-letter wordLove ain't nothing but a four-letter wordLove ain't nothing but a four-letter word;20.831;David Bryan / Jon Bon Jovi / Richie Sambora
Love For Sale;https://www.letras.mus.br/bon-jovi/5056/;Well I wake up this morning I rolled out of bedI felt like a dog who's been kicked in the headChecked out my mail there was letter that readLove for sale, love for saleI picked up the phone I called everyone I couldI let my fingers do the walking through the telephone bookYou can't catch a fish if you ain't got the hookLove for sale, love for saleSend up a signal throw me a lineSomebody explain this funny ValentineIt might not be signal but it sure ain't a crimeI'm one step from crazy and two steps behindI called Lt. Columbo from my TV setI've tried the Dating Game I haven't found her yetI'm hoping that she's looking like a Penthouse PetLove for sale, love for saleWe've been living together 3 years2 hours, 20 minutes maybe four hundred beersYou can't shop for love when you're shopping at, SearsLove for sale, love for saleI guess I've learnt my lesson it was easy to seeMy old lady she played this joke on meI never looked where I forgot it would beLove for sale, love for sale;33.502;Jon Bon Jovi / Richie Sambora
Love Hurts;https://www.letras.mus.br/bon-jovi/297396/;Love hurts, Love scarsLove wounds and harmsAny heartNot tough or strong enoughTo take a lot of pain, take a lot of painLove is like a cloud, holds a lot of rainLove hurts, ooeee-ooeee, Love hurts'Cause I'm young, I knowBut even soI know a thing or two, that I've learned from youReally learned a lot, really taught me a lotLove is like a flame, it burns yourself when it's hotLove hurts, ooeee-ooeee, Love hurtsSome fools think of happiness, blissfulness, togethernessSome fools fool themselves, I guessThey ain't foolin' meI know it isn't true, I know it isn't trueLove is like a flame, makes your heart so blueLove hurts, ooeee-ooeee, Love hurtsI really learned a lot, really learned a lotLove is like a flame, it burns you when it's hotLove hurts, ooeee-ooeee yes, Love hurtsooeee-ooeee yes, Love hurtsLove hurtsNa na na na na yeahLove hurtsNa na na na na yeahLove hurtsNa na na na na yeahLove hurts;41.753;Dan McCarty
Love Is War;https://www.letras.mus.br/bon-jovi/5087/;Load your guns, take sidesRaise your flag, 'cause baby, love is warHey baby, what ever happened to the girl next doorIf I remember, she looked a lot like youWhatever happened to the boy who said: I'd die for youWe're hangin' on, but love is gone and now it's warYou got your weapons, baby I got mineYou tried to trap me with your bedroom eyesUnder the covers, 'cross the enemy linesWhen you don't know, you just say noTell me why, love is warWhen the battle is done you still want moreEvery broken heart is tryin' to even the scoreIt's the way of the world, love is warWhere boy meets girl, love is warOh I remember when the love was good and the bed was hotBut now we sleep on separate sides and the sheets are coldAw, I used to love your candy baby, now the store is closedI know my silence tears you up insideYou built a fortress for your hurt to hideYou think you've won, but it's a tie'Cause nobody wins a war of prideTell me why, love is warWhen the battle is done you still want moreEvery broken heart is tryin' to even the scoreIt's the way of the world, love is warWhere boy meets girl, love is warTell me why, love is warWhat the hell are we fighting forTell me why love is warWhen the battle is done you still want moreEvery broken heart is trying to even the scoreIt's the way of the world, love is warTell me why love is warWhen the battle is done you still want moreEvery broken heart is trying to even up the scoreIt's the way of the world, love is warWar, love is war, war, love is warWar, love is war, war, love is war;27.884;Jon Bon Jovi / Richie Sambora
Love Lies;https://www.letras.mus.br/bon-jovi/5008/;I was lost, then I found youI never thought it would be this wayShowed you my heart, I left it unguardedLike a thief in the night you stole it awayNow you're gone, the pain goes on and onI still hear you whispering to meThrough the shadows of the nightLove lies, you're just a victim of the headlinesYou're running on into a cold nightYou're just a number of the love liesAll alone you call it survivalHe lost at love to a stranger's linesWalking the streets, searching with vengeanceFor a face that he dreams of night after nightTime goes on, all signs of life stolenSimple dreams were allbrokenBest of times become desperationBut how many tears must you cry to surviveLove lies, you're just a victim of the headlinesYou're running on into a cold nightJust a number to the love liesLove lies, you're just another victim of the headlinesYou're running on into a cold nightJust a number to the love liesThey met late one night in the cityBoth men knew only one would stayScratched a picture of a heart on a bulletAnd took his life awayLove lies, you're just another victim of the headlinesYou're running on into a cold nightJust a number of the love liesLove lies, you're just a victim of the headlinesYou're running on into a cold nightJust a number of the love lies;32.351;David Rashbaum / Jon Bon Jovi
Love Me Back To Life;https://www.letras.mus.br/bon-jovi/69122/;"This world don't give you nothing it can't take awayEverybody holding on to somethingNobody wants to fade awayNo forgiveness on the streets of this townI left my patience at a traffic lightThere's no denying that I almost lost itThrew in the towel, too tired to fightTonight I need youMore than yesterdayTonight I need youTake me, touch me, hold me like you mean itMake me come aliveHurt me, heal me, come and make me feel itRescue me tonightLove me back to lifeThese days I'd trade sight for feelingThere are days my feeling's goneCan't figure out whose life I'm livingI don't know right from wrongWhen I lost my faithYou found it and gave it back to meThere's a new light on your halo; it took blind eyes to seeThat I need youMore than yesterdayYeah, I need youTake me, touch me, hold me like you mean itMake me come aliveHurt me, heal me, come and make me feel itRescue me tonightLove me back to lifeTake me, touch me, hold me like you mean itMake me come aliveHurt me, heal me, come and make me feel itRescue meTake me, touch me, hold me like you mean itMake me come aliveHurt me, heal me, come and make me feel itRescue me tonightLove me back to lifeLove me back to lifeLove me back to lifeLove me back to life";42.367;Jon Bon Jovi / Richie Sambora
Love's The Only Rule;https://www.letras.mus.br/bon-jovi/1575740/;I don't give a damn how it's supposed to beThat might work for you, it don't work for meYou write your truth and I'll write mineOne man's ceiling's another man's sky highFlying like an aeroplaneCrying like the lonely whistle of a long black trainDance in the pouring rainSpit in the eye of a hurricaneWho said life's got to be so cruelLove's the only ruleIt's written in the stars where I fit inIt's going to hurt sometimes, you got to lose to winYou got your sins and I got mineSell your secrets, kiss them all goodbyeFlying like an aeroplaneAlive like a lonely note from John ColtraneRun like it's a getawaySay those things that you shouldn't sayThink about it, wouldn't it be cool?Love's the only ruleMight be a wrecking ballOr just a wake up callDon't matter where the pieces fallWoohooI'm gonna fly like an aeroplaneCry like the whistle of a long black trainDance in the pouring trainI'm alive like a lonely note from John ColtraneRun like its a getawaySay those things that you shouldn't sayWhere love, Love's the only ruleYes love, Love's the only rule;35.218;Billy Falcon / Jon Bon Jovi / Richie Sambora
Lower The Flag;https://www.letras.mus.br/bon-jovi/lower-the-flag/;Word just came from upstate JoeLower the flag againThis time it's Dayton, southwest OhioLast night El Paso, Texas counted 22 deadSoon the brass will offer up their thoughts and prayersSoon there'll be protests in the streetAnd the media from out of townWill chew it up and spit it outThen move on to the next oneBefore we even grieveYeah, then move on to the next oneBefore we even grieveSome say we start to die on the day that we're bornBut no one wants to live life on their kneesMaybe we start to die on the day that we're bornBut we deserve to live life in betweenA husband kissed the cross that bears his Margie's nameAnd promises he'll see her once againWon't see her childen growWon't see their love grow oldLast night their dream became a nightmareAnd their nightmare has no endLast night their dream became a nightmareAnd their nightmare has no endSome say we start to die on the day that we're bornBut no one wants to live life on their kneesMaybe we start to die on the day that we're bornBut we deserve to live life in betweenThese days it's hard to sleepWhen I lay my head downWhat if it was your loved oneLaying on the groundI'm left to think aboutWhat if, what now?Dear God I wanna prayBut tonight I have my doubtsWhen I think about those families nowIf there's something we can talk about, let's talk about itIf there's something we can figure out, let's figure it outIf there's something we can talk about, let's talk about itIf there's something we can figure out, let's figure it outEl Paso, TexasDayton, OhioLas Vegas, NevadaSebring, FloridaOrlando, FloridaPenn State UniversityAurora, IllinoisVirginia Beach, VirginiaGilroy, CaliforniaPittsburgh, PennsylvaniaMarjory Stoneman Douglas HighColumbineColumbineSandy Hook ElementarySome say we start to die on the day that we're bornBut no one wants to live life on their kneesMaybe we start to die on the day that we're bornYou believe what you want to believeBut we deserve to live life in betweenWord just came from upstate JoeLower the flag again;3.142;Sabe de quem é a composição? Envie pra gente.
Lucky;https://www.letras.mus.br/bon-jovi/69878/;"BOUNCE B-sideShe counts the days away and waits for valentinesShe says every girl in the past is just a waste of timeYou know, whoaShe don't believe in miracles and make-believeIf you were blind you still could seeThat she believes in me, OhhhhFeels like I found a pocket full of goldI'm lucky babySo lucky babyLucky to be with you todayLucky to be the one to say ""I'm lucky baby""So lucky babyWhenever I see your smiling faceLucky to be the one to be luckyNow all of heaven's angels have to wear their wingsShe likes cheap sunglasses and diamond ringsYou know, ohhhShe brings sunshine to a cloudy dayWhen we walk on by people stop and sayI'm lucky babySo lucky babyLucky to be with you todayLucky to be the one to say ""I'm lucky baby""So lucky babyWhenever I see your smiling faceLucky to be the one to be luckyI'm lucky babySo lucky babyLucky to be with you todayLucky to be the one to say ""I'm lucky baby""I'm lucky babyI got lucky when you found meIt only took one kiss to seeWhat did I do to get to be so lucky baby?I'm lucky babyLucky babyLucky babyI'm lucky babySo lucky babyLucky to be with you todayLucky to be the one to say ""I'm lucky baby""I'm lucky babyWhenever I see your smiling faceLucky to be the one to be lucky";29.379;Jon Bon Jovi
Luv Can;https://www.letras.mus.br/bon-jovi/luv-can/;I wish I could fix your brokenWish I could fill your emptyRight that wrong, make it fairI wish I could feed your hungerWish I could steal your heartReach the sky with your prayerBut all I’ve got are these handsAnd they don’t hold a masterplanSo I can’tBut luv can, luv can, luv can, luv canLuv can when words can’t speakHeal where hands can’t reachHold what no one can touchLuv can ease your burdenI wish I could quench your thirstTake that hurt from your eyesI wish I could be the answerI wish I could break the chainBe the rest for your tiredAll I’ve got are these handsAnd they don’t hold a masterplanSo I can’tBut luv can, luv can, luv can, luv canLuv can when words can’t speakHeal where hands can’t reachHold what no one can touchLuv can forgive the hurtHear what can’t be heardRaise what you can’t lift upLuv canLuv is like a rolling thunderLuv is like a gentle rainPulls you up when you go underLove will let you live againLet me live againLet me live again;5.126;Billy Falcon / Jon Bon Jovi
Maybe Someday;https://www.letras.mus.br/bon-jovi/297402/;And I would give up tomorrowAnd die for one yesterdayI'd lie, beg, steal and borrowTo hear you whisper my nameTonight there ain't no miraclesWashing up on this beachThe angels left here long agoBut I still believe thatMaybe somedayI will hold your handMaybe somewayWe'll trace our footsteps in the sandAnd just walk away… Maybe somedayNow I don't know how a heart beatsBut I sure know how one breaksRemember how I used to hold youTo share every breath that you'd takeHow can I forgetYou're every tear that I cryI know you're coming backYou never kissed me goodbyeThey say that nothing lasts foreverBut we know our two hearts beat togetherAnd though you're far away every night I prayMaybe somedaySomedayMaybe somedayI will understandBaby somewayWe'll trace our footsteps in the sandAnd just walk away… Maybe somedayMaybe somewayMaybe somedayMaybe someway;23.756;Jon Bon Jovi / Richie Sambora
Maybe Tomorrow;https://www.letras.mus.br/bon-jovi/100698/;Seems like years since I've been homeLiving this dream on the endless roadsFaces in the crowd They stare at meYours is the only one I wanted to seeMy heart cries out for sympathyBut I need to hold you next to meAnd it won't be long baby...Maybe tomorrowThese hotel rooms they're all the sameOnly the number on the door will be changedLord I gotta do me one more showThen it's into the bus and off we goShould have talked to youWell I don't have to tryWhen I find the music in your eyesAn I'm telling myself that we'll take that ride,babyMaybe tomorrowI should've talked to youWell I don't go to tryWhere I can find the music in you eyesWe're all blind, two lovers into the nightMaybe tomorrowMaybe tomorrowTomorrowTomorrowMaybe tomorrow;14.088;Jim Polles / John Bongiovi
Memphis Lives In Me;https://www.letras.mus.br/bon-jovi/297404/;There's a town that I call homeWhere all the streets are paved with soulDown on beale there's a honky-tonk barSo hear the wail of a blues guitarHave a beer and drop a dime in the blind man's jarThe blues sing softly in the airLike a sunday morning prayerJust one more drink and you'll see God everywhereLike a sad old melodyThat cheers you up, it sets you freeThat's how memphis lives in meThere comes a time when muddy waters run roughThere comes a point when a man has had enoughLike a friend who always stands by meMemphis knows meMemphis shows meHow did life just had to beI couldn't even try to run away, say goodbyeHere I was born and here is where I'll dieI'm just a man from tennesseeI can't be what I can't beAll I know is memphis lives in meI said I'm just a man from tennesseeCan't be what I can't beAll I know is memphis livesAll I know is memphis givesAll I know is memphis lives in me;6.092;David Bryan
Midnight In Chelsea;https://www.letras.mus.br/bon-jovi/4921/;Kids 'round here look just like stickstrade old licks with a beat up sixI just smile and catch the grooveGothic girls all dressed in blackserious as heart attacksTakes a little bit of getting used toThe old man with the whiskey stainslost the night and forgot his nameHis poor wife was sleeping alone againIt ain't hard to understandwhy she's holdin' on to her own handIt's Midnight in Chelsea(Sha la la la, Sha la la)Midnight in Chelsea(Sha la la la, Sha la la)No one's asking me for favorsNo one's looking for a saviorThey're too busy saving meI seen a lonesome rainy driveSeems the chauffer took a divesold his secrets to the sunAhh, later in a magazineI finally figured what it meansto be a saint but not a queenTwo lustful lovers catch a sparkchased their shadows in the darkSomeone's gettin' off tonightA big red bus is packed so tightdisappears in a trail of lightSomewhere, someone's dreamin'Baby it's alrightIt's Midnight in Chelsea(Sha la la la, Sha la la)Midnight in Chelsea(Sha la la la, Sha la la)No one's pinnin' dreams on meNo one's asking me to bleedI'm the man I wanna beWhen Chelsea girls singSha la la la, Sha la la la,Sha la la la, Sha la la laOh, ohIt's morning when I go to sleepAnd here comes the distant dawn with church bell ringsAnother day is comin' onBaby's born an old man diesthe way young lovers kiss good-byeI leave my soul and just move onwish that I was there to sing this songLa la la la, Sha la laSha la la la, Sha la laIt's Midnight in ChelseaSha la la la, Sha la laAhh Midnight in ChelseaNo one's askin' me for favorsNo one's looking for a saviorThey're too busy saving meIt's Midnight in ChelseaSha la la la, Sha la layeah no one's pinnin' dreams on meNo one's askin' me to bleedI'm the man I wanna bethe man I wanna bethe man I wanna beMidnight in Chelsea...;23.884;Sabe de quem é a composição? Envie pra gente.
Miracle;https://www.letras.mus.br/bon-jovi/1692666/;A penny for your thoughts now, babyLooks like the weight of the world's on your shoulders nowI know you think you're going crazyJust when it seems everything's gonna work itself outThey drive you right back downAnd you said it ain't fair that a man walksWhen a bird can fly, we have to kick the groundThe stars kiss the skyThey say that spirits live, a man has to dieThey promised us truth, now they're giving us liesGonna take a miracle to save us this timeAnd your savior has just left townGonna need a miracle'Cause it's all on the lineAnd I won't let you down (no, I won't let you down)The river of your hope is floodingAnd I know the dam is bustedIf you need me, I'll come runningI won't let you down, no, noYou're looking for salvationYou thought that it'd be shining like an angel's lightWell, the angels left this nationAnd salvation caught the last train out tonightHe lost one hell of a fightHe said: I'm just one manThat's all I'll ever beI never can be everything you wanted from meI've got big plans, so big that any blind man could seeI'm standing in the river, now I'm drowning in the seaGonna take a miracle to save us this timeAnd your savior has just left townGonna need a miracle'Cause your heart's on the lineAnd your heartbeat is slowing down (heartbeat slowing)Your feet are grounded still, you're reaching for the skyYou can let 'em clip your wings'Cause I believe that you can flyWell, my eyes have seen the horrorOf the coming of the floodI've driven deep the thorny crownInto the soul of someone's sonStill I'll look you in the eye'Cause I've believed in things I've thoughtAnd I'll die without regretFor the wars I have foughtGonna take a miracle to save you this timeAnd your savior has just left townGonna need a miracle'Cause your heart's doing timeAnd your conscience is calling you out (conscience calling you)It ain't all for nothing, life ain't written in the sandI know the tide is comingBut it's time we made a standWith a miracleGonna take a miracleI need a miracleI need a miracleI need a miracleI need a miracle;122.317;Jon Bon Jovi
Miro a Tu Ventana;https://www.letras.mus.br/bon-jovi/577627/;Sabes mi nombre y me crees conocerTu me miras pero se que ya no me vesTu me quieres solo porque yo te quiero a tiNo te importa, niegas la verdad hasta el finY necesitas que alguien se quede aquiMe condenas a sufrirMiro a tu ventana, no entiendo que pasóHay silencio en la ciudad, la luna se escondióSeguire vagando sin que sepa el corazónPor que miro a tu ventana y no entiendo que pasóTe deseaba pero amanecimos llorandoDos extraños sin poder salvar la ilusionYa es tarde, lo nuestro se quedo en el ayerNunca pensé que fuera a perderMiro a tu ventana, no entiendo que pasóHay silencio en la ciudad, la luna se escondióSeguire vagando sin que sepa el corazónPor que miro a tu ventanaEl amor te ciega si te dejas engañarInventas un motivo para continuarDicen que el que espera gana en el amorMiro a tu ventana, no entiendo que pasó.La noche escapa y se va tu amorCon ella te lleva para siempre.Miro a tu ventana, no entiendo que pasoóHay silencio en la ciudad, la luna se escondióCansado de hablar tanto, he perdido la razonPor que miro a tu ventana y no entiendo que pasó;12.343;Sabe de quem é a composição? Envie pra gente.
Miss Fourth Of July;https://www.letras.mus.br/bon-jovi/164951/;I used to live but now I surviveI used to believe but now it's just one day at a timeThe circus is gone, it's all packed awayThe clown's hat, the makeup's been packed in his caseSo we wave goodbye to Miss Fourth of JulyThe queen of the roses has left us with nothing but thornsDon't say we never tried, Miss Fourth of JulyThe stars that we reached for left us with nothing but dawnI used to laugh but I've learned to cryFor I ain't too proud to let you see tears fall from these eyesFor all of my hopes, my heartaches and fearsFor a night I just watched and you walked out of hereI just waved goodbye to Miss Fourth of JulyThe queen of the roses has left us with nothing but thornsDon't say we never tried, Miss Fourth of JulyThe crown that we reached for left us with nothingBut your thorns left me wounded not unlike the truthWhen innocence sang his last songHe'd tell me that it's all goneJust look me in the eyes and say man, nothing at allI used to live, now I've learned to dieAnd I used to dream… I used to dream…So now we wave goodbye to Miss Fourth of JulyThe queen of the roses has left us with nothing but thornsDon't say we've never tried, Miss Fourth of JulyThe stars that we reached for, they've left us with nothing but dawnOh, yeah…Nothing but a heavy hit of heartbreakA handful of blues..Oh, yeah…;9.424;Jon Bon Jovi
Mister Big Time;https://www.letras.mus.br/bon-jovi/5089/;I've been watching my TVIt's got a hundred different stationsThey all look the same to meNow I'm ready for a new sensationI'm getting ready for the big timeSomeday I'm going to be in big time newsDon't have to take it when you're big timeSomeday you'll call me Mr. Big Time tooIn the big reclining chairWith a cold six pack of beerYou've got a front row seatLean back and put up you're feetMan, the future is looking bright from hereI'm getting ready for the big timeSomeday I'm going to be in big time newsI can taste it, I'll be prime timeSomeday I'm going to be in big time newsDon't have to take it when you're big timeSomeday you'll call me Mr. Big Time tooI'm getting ready for the big timeSomeday I'm going to be in big time newsAin't going to waste it when I'm big timeI'll be ready for it, bing, bang, boomI can taste it, I'll be prime timeSomeday I'm going to be in big time newsDon't have to take it when you're big timeSomeday you'll call me Mr. Big Time too;7.771;Sabe de quem é a composição? Envie pra gente.
Misunderstood;https://www.letras.mus.br/bon-jovi/64854/;Should I? Could I?Have said the wrong things right a thousand timesIf I could just rewind, I see it in my mindIf I could turn back time, you'd still be mineYou cried, I diedI should have shut my mouth, things headed southAs the words slipped off my tongue, they sounded dumbIf this old heart could talk, it'd say you're the oneI'm wasting time when I think about itI should have drove all nightI would have run all the lightsI was misunderstoodI stumbled like my wordsDid the best I couldDamn, misunderstoodCould I? Should I?Apologize for sleeping on the couch that nightStaying out too late with all my friendsYou found me passed out in the yard againYou cried, I triedTo stretch the truth, but didn't lieIt's not so bad when you think about itI should have drove all nightI would have run all the lightsI was misunderstoodI stumbled like my wordsDid the best I couldI'm hanging outside your doorI've been here beforeMisunderstoodI stumbled like my wordsDid the best I couldDamn, misunderstoodIntentions goodIt's you and I, just think about itI should have drove all nightI would have run all the lightsI was misunderstoodI stumbled like my wordsDid the best I could, misunderstoodI'm hanging outside your doorI've been here beforeMisunderstoodI stumbled like my wordsDid the best I couldDamn, misunderstoodIntentions good;1.984.152;Richie Sambora / Jon Bon Jovi / Andreas Carlsson / Desmond Child
More Than We Bargained For;https://www.letras.mus.br/bon-jovi/72355/;I always wanted what I couldn't haveI hoped and dreamed that maybe somedayThat I'd find out what love was all aboutI sure grew up tonight the hard wayNow the candy store's closedThe movie's sold outThe play's drifter isn't what it's all aboutAnd now we're parting waysI won't say a wordLet our broken hearts cry in their gravesWhere theyou'll never be heardIt's more than we bargained forOur love is the price we paidAnd just like a faded dreamIt's slippin' awayLast night I saw you out with my best friendWhen I'm with you I see him in your eyesI want to hold you but I don't understandThere's somethin' there that's so hard to disguiseNow tears run down your faceAs you walk through the nightThose cold empty streets leave youWonderin' what's rightAs you walk away with your broken heartDon't you try to deny that your love had torn you apartMore than we bargained forOur love is the price we paidAnd just like a faded dream....It's slippin' awayIt's more than we bargained forIt's more than we bargained forMore than we bargained forOur love is the price we paidAnd just like a faded dream....It's slippin' awayMore than we bargained forOur love is the price we paidAnd just like a faded dream....It's slippin' away;5.296;Henry Krieger
Mrs. Robinson;https://www.letras.mus.br/bon-jovi/480521/;And here's to you, Mrs. RobinsonJesus loves you more than you will know (Wo, wo, wo)God bless you please, Mrs. RobinsonHeaven holds a place for those who pray(Hey, hey, hey...hey, hey, hey)We'd like to know a little bit about you for our filesWe'd like to help you learn to help yourselfLook around you, all you see are sympathetic eyesStroll around the grounds until you feel at homeAnd here's to you, Mrs. RobinsonJesus loves you more than you will know (Wo, wo, wo)God bless you please, Mrs. RobinsonHeaven holds a place for those who pray(Hey, hey, hey...hey, hey, hey)Hide it in a hiding place where no one ever goesPut it in your pantry with your cupcakesIt's a little secret, just the Robinsons' affairMost of all, you've got to hide it from the kidsCoo, coo, ca-choo, Mrs RobinsonJesus loves you more than you will know (Wo, wo, wo)God bless you please, Mrs. RobinsonHeaven holds a place for those who pray(Hey, hey, hey...hey, hey, hey)Sitting on a sofa on a Sunday afternoonGoing to the candidates debateLaugh about it, shout about itWhen you've got to chooseEv'ry way you look at it, you loseWhere have you gone, Joe DiMaggioA nation turns its lonely eyes to you (Woo, woo, woo)What's that you say, Mrs. RobinsonJoltin' Joe has left and gone away(Hey, hey, hey...hey, hey, hey);11.235;Paul Simon
My First Guitar;https://www.letras.mus.br/bon-jovi/my-first-guitar/;Got my hands around her neck, ohBut it's done with respect, ohI've had a few, but no otherHas the love of my motherI'm in love with my first guitarI'm in love with my first guitarBaby looks the way she feels, ohAnd it almost seems surreal, ohShe'll make you glad that you're aliveWhen she kicks into overdrive, ohI'm in love with my first guitarI'm in love with my first guitarThe cardboard case and her starburst finishOne power chord, and I'm right back in itPlaying old kiss records in my folks' backyardSeventeen years old, I'm a rock and roll starIn love with my first guitarI'm in love with my first guitarShe's the only one who knows the way I feelShe's the only one who knows the way I feelThe cardboard case and her starburst finishOne power chord, and I'm right back in itPlaying old kiss records in my folks' backyardSeventeen years old, I'm a rock and roll starIn love with my first guitarI'm in love with my first guitarIn love with my first guitarI'm in love with my first guitarI'm in love with my first guitarI'm in love with my first guitar;1.166;Sabe de quem é a composição? Envie pra gente.
My Guitar Lies Bleeding In My Arms;https://www.letras.mus.br/bon-jovi/4942/;Misery likes company, I like the way that soundsI've been trying to find the meaning, so I can write it downStaring out the window, it's such a long way downI'd like to jump, but I'm afraid to hit the groundI can't write a love song the way I feel todayI can't sing no song of hope, I got nothing to sayLife is feeling kind of strange, since you went awayI sing this song to you wherever you areAs my guitar lies bleeding in my armsI'm tired of watching TV, it makes me want to screamOutside the world is burning, man it's so hard to believeEach day you know you're dying from the cradle to the graveI get so numb sometimes, that I can't feel the painI can't write a love song the way I feel todayI can't sing no song of hope, I've got nothing to sayLife is feeling kind of strange, strange enough these daysI sing this song to you wherever you areAs my guitar lies bleeding in my armsStaring at the paper, I don't know what to writeI'll have my last cigarette-well, turn out the lightsMaybe tomorrow I'll feel a different wayBut here is my delusion, I don't know what to sayI can't write a love song the way I feel todayI can't sing no song of hope, I've got nothing to sayAnd I can't fight the feelings, that are burning in my veinsI send this song to wherever you areAs my guitar lies bleedingI can't write a love song the way I feel todayI can't sing no song of hope, there's no one left to saveAnd I can't fight the feelings, buried in my brainsI send this song to wherever you areAs my guitar lies bleeding in my armsAs my guitar lies bleeding in my armsAs my guitar lies bleeding in my arms;35.261;Jon Bon Jovi / Richie Sambora
Mystery Train;https://www.letras.mus.br/bon-jovi/4948/;There are days when she's a whisperNights when she's a screamA reason to wake up in the morningTo close your eyes and dreamShe'll curse you like a sailorShe'll wound you with her eyesShe'll always make it betterBut won't apologizeYou know everything about her but don't know her at allShe's a ride on a mystery trainTo a place you've never been beforeBetter hold on tight to that mystery trainYou're not in Kansas anymoreShe's a rideMystery trainShe cries because she's happyShe sings songs when she's madLike a stiff drink when you need itShe's good at being badAnd long before you knew her you knew she was the oneShe's a ride on a mystery trainTo a place you've never been beforeBetter hold on tight to that mystery trainYou're not in Kansas anymoreShe's a rideMystery trainSoloI know everything about her but don't know her at allShe's a ride on a mystery trainTo a place I've never been beforeI waited all night out for that mystery trainI'm not in Kansas anymoreShe's a rideOn a mystery trainShe's a rideOn a mystery train;18.534;Sabe de quem é a composição? Envie pra gente.
Naked;https://www.letras.mus.br/bon-jovi/5059/;"My friend had a girlfriendShe liked her drinkSucked the head off her lagerThrew me a winkAnd she said to me ""Buddy, what's your sign?""I was off I was runnin'Knocked me clean off my feetHer tongue kept on sellingWhat any blind man could seeI just kept on stumbling through the stop signsShe said ""What you hiding underneath that shirt?""Right behind the buttons there's a heart that hurtsAdam's evening left the curseTake it off make it workNaked - Naked - Just get back to basicsNaked - Face it - You can't fake it when you're nakedNaked - Face itAll I'm sayingThe tail you been chasingPut the K back in kinkThrew a coin in her jukeboxI started to thinkShe just smiled and offered me a peace signHow far you gonna run in those designer shoesThe soul with holes ain't gonna be the one you loseI don't know which one is worseAdam, me or youNaked - Naked - Just get back to basicsNaked - Face it - You can't fake it when you're nakedNaked - Face itAll I'm sayingTake it, embrace itBaby, here we areCan't you almost... taste itNaked - Naked - Just get back to basicsNaked - Face it - You can't fake it when you'reNaked - Naked - Naked - Naked";8.684;Sabe de quem é a composição? Envie pra gente.
Naked To The Pain;https://www.letras.mus.br/bon-jovi/5076/;When I promised you,That I would be strong,It was not a lie,It was just that I was wrongThere's no way I'd ever guess,I'd be so defenseless*I have walked against the wind,I find shelter in my friends,There's some comfort in the wine,If I can sleep it buys me time,I can duck out of the rain,But there's no hiding from the truth,I'm still naked to the pain,Of losing youI can't build a door,That you can't drift through,When I close my eyes,I still dream of youDon't you know when you love someone,There's no protection* RepeatI can duck out of the rain,But there's no hiding from the truth,But I'm still naked to the pain… of losing you.;4.256;Sabe de quem é a composição? Envie pra gente.
Neurotica;https://www.letras.mus.br/bon-jovi/4950/;Looking like a train wreckSipping on her long neckThis ain't no model-actressShe's attitude and accent (alright)Angel flying soloMust have gone and sold your haloShe's accidental innocenceAnd white trash elegance (alright)She's all mixed upLays in bed 'til 3All messed upShe's eccentricityNeuroticaLay your love all over meCome on, baby, go a little crazy on meEroticaEvery school boy's fantasyNot your ordinary womanBut she's extraordinary to meShe got a daily new addictionA walking contradictionChain smoking cigarettesTalking to her silhouette (alright)All mixed upA little out of timeAll messed upBut she don't really mindNeuroticaLay your love all over meCome on, baby, go a little crazy on meEroticaEvery school boy's fantasyShe's not your ordinary womanBut she's extraordinary to meAlright (no Jane or Gloria)Alright (she's schizophonia)Yeah, yeah, yeahAnd when I call her I got to call herAnd when I call her I call herNeuroticaLay your love all over meCome on, baby, go a little crazy on meEroticaEvery school boy's fantasyNot your ordinary womanBut she's extraordinary to me;8.141;Sabe de quem é a composição? Envie pra gente.
Never Enough / (Too Much Too Soon);https://www.letras.mus.br/bon-jovi/297408/;You got your tin pans out in the alleyYou got those imitation tiger skin shoesYou got the magazines talking about you tooYou talk about the future of musclesThe kind that make you black and blueYou say that you're toughI've had enough of youAnd the cat says lately the mousetrap's blown a fuseShe's got her finger on the trigger, the gun's pointed right at youToo much too soon, it's never enough, never enoughToo much too soon, it's never enough for youTell all the saints you hustleThat you were born to be a kingWhen you're on the town flashing phony diamond ringsYou made a play for a girl in troubleYou swore you were a ladies manIf you wanna dance, you know you gotta pay the bandAnd the cat says lately, the mousetrap's blown a fuseSay you'll win but baby you were born to loseToo much too soon, it's never enough, never enoughToo much too soon, it's never enough for youToo much too soon, it's never enough, never enoughToo much too soon, it's never enough for youYou had a high-class educationAnd a silver spoon stuck in your assAn American Express could always make the party lastWith a straw up your nose and a bitch in the RollsYou took that turn a little fastYou took it to a wall, the chauffeur had a heart attackThe cat says lately the mousetrap's blown a fuseThey called Superman to save himBut there's nothing left that he could doToo much too soon, it's never enough, never enoughToo much too soon, it's never enoughToo much too soon, it's never enough, never enoughToo much too soon, it's never enoughToo much too soon, it's never enough, never enoughToo much too soon, it's never enough;5.908;Sabe de quem é a composição? Envie pra gente.
Never Say Goodbye;https://www.letras.mus.br/bon-jovi/4933/;As I sit in this smokey roomThe night about to endI pass my time with strangersBut this bottle's my only friendRemember when we used to parkOn Butler Street, out in the dark?Remember when we lost the keys?And you lost more than that in my backseat, babyRemember how we used to talk about busting out?We'd break their heartsTogether foreverNever say goodbye, never say goodbyeYou and me and my old friendsHoping it would never endSay goodbye, never say goodbyeHoldin' on, we've gotta tryHoldin' on to never say goodbyeRemember days of skipping schoolRacing cars and being cool?With a six-pack and the radioWe didn't need no place to goRemember at the prom that night?You and me, we had a fightBut the band, they played our favorite songAnd I held you in my arms so strongWe danced so closeWe danced so slowAnd I swore I'd never let you goTogether foreverNever say goodbye, never say goodbyeYou and me and my old friendsHoping it would never endSay goodbye, never say goodbyeHoldin' on, we've gotta tryHoldin' on to never say goodbyeOoh, I guess you'd say we used to talkAbout busting outWe'd break their heartsTogether foreverNever say goodbye, never say goodbyeYou and me and my old friendsHoping it would never endSay goodbye, never say goodbyeHoldin' on, we've gotta tryHoldin' on to never say goodbye;580.969;Jon Bon Jovi / Richie Sambora
New Year's Day;https://www.letras.mus.br/bon-jovi/new-years-day/;The midnight bells are ringingA ship is setting sailA newborn baby is cryin'As lovers say farewellAnd I'm singing: HallelujahAmen, the angels sayLet's hope tomorrow finds usIt's New Year's DayLet's toast to new beginnings, okayRaise up a glass and sayFor all of our tomorrowsAnd what was yesterdayI'm singing: Carpe Diem!I'm saying: Seize the day!Come on, let's live foreverIt's New Year's DayWhere does the time go?Just watch the wind blowSha, la, la, laIt's New Year's DayGreen does the grass growOutside my windowSha, la, la, laIt's New Year's DayThis message in a bottleThe wisdom of the wineIt's just a rainy MondayThis isn't Auld Lang SyneI'm singin: HallelujahAmen, the angels sayLet's hope tomorrow finds usIt's New Year's Day;10.245;Billy Falcon / Jon Bon Jovi
Next 100 Years;https://www.letras.mus.br/bon-jovi/4981/;Time ain't nothing but timeIt's a verse with no rhymeMan, it all comes down to youChange ain't nothing but changeJust the faces and namesBut you know we're gonna make it throughI'll believeWhen you don't believe in anythingI'm gonna hold you 'til your hurt is goneBe the shoulder that your leaning onI'll be standing hereFor the next 100 yearsIf it all should end tonightI'll know it was worth the fightAnd we'll be standing hereFor the next 100 yearsI, when I think that I'm losing my mindIt all comes back to youAnd you, you know that it's trueAfter all we've been throughThere's nothing I wouldn't doStand by meAnd I would gladly give up everythingI'm gonna hold you 'til your hurt is goneBe the shoulder that your leaning onI'll be standing hereFor the next 100 yearsIf it all should end tonightI'll know it was worth the fightAnd we'll be standing hereFor the next 100 yearsI'm gonna hold you 'til your hurt is goneBe the shoulder that your leaning onI'll be standing hereFor the next 100 yearsIf it all should end tonightI'll know it was worth the fightAnd we'll be standing hereFor the next 100 yearsTime ain't nothing but timeIt's a verse with no rhymeMan, it all comes down to you;17.840;Sabe de quem é a composição? Envie pra gente.
No Apologies;https://www.letras.mus.br/bon-jovi/1763520/;No apology (no apology)We will not back down (no apology)We are not afraid (no apology)Not a drop of doubtLet's start this from the happy endingJust another white trash train-track kidFighting for survivalTrying not to do like his daddy didDouble down the devil at three card monteNo apology, he just knew when to quitPush your luck, say your prayersMake believe you don't careTake a chance, sometimes it's all you needNo apology (no apology)We will not back down (no apology)We are not afraid (no apology)Not a drop of doubt (no apology)Hand in hand across this landOur voices shouting outNo apologiesNo apologiesYou wanna start a personal revolutionThink of living somebody else's lifeYou can lie about retributionBut there ain't no fire in your lover's eyesSeems like everybody's selling you dreams 'round hereBut no one's buying and it's closing timeLight the fuse, make your break, there's no time left to wasteBaby just like freedom, nothin's freeNo apology (no apology)We will not back down (no apology)We are not afraid (no apology)Not a drop of doubt (no apology)Hand in hand across this landOur voices shouting outNo apologiesYou wanna start a personal revolutionWhat else you gotta do tonightNo apology (no apology)We will not back down (no apology)We are not afraid (no apology)Not a drop of doubt (no apology)Hand in hand across this landOur voices shouting outNo apologies(No apology)No apology(No apology)No apologyHand in hand across this landOur voices shouting outNo apologies;38.356;Jon Bon Jovi / Richie Sambora
No One Does It Like You;https://www.letras.mus.br/bon-jovi/100702/;When she walks when she talksShe does it like youThe way she do everything,she does it just like youLord knows that she moves so fineThose precious lips came and blew my mindBut I can't love somebody newNo one does it like youNo one does it like youSomeone's taken my place,Baby say it ain't trueAll your friends say you love him,Baby say it ain't trueI close my eyes and I see your faceWhole memories lost that I can't replaceOf all the crazy thingsthat we doNo one does it like youNo one does it like youI was wrong I must have been crazyNow I think I'm goin' out of my mindThese thoughts of you are driving me crazyA girl like you is so hart to findRepeat Verse 1I try to find a girl to treat me rightI take a different one home every nightBu no one makes my dreams come trueNo one does it like you;8.991;Sabe de quem é a composição? Envie pra gente.
No Regrets;https://www.letras.mus.br/bon-jovi/69880/;BOUNCE B-sideThunder cracks, the sky is cryingOn her back she's pushing, tryingHe holds her hand and kneels beside her bedBreak the silence, baby's screamingIn slow motion she ain't dreamingShe closed her eyes, looked up to God and saysShould I cry a little more?Should I try a little more?I pay the cost and laugh it offAnd do it all a thousand times againNo regretsLiving's hard and dying's easyMy mistakes, they won't defeat meI like to burn a candle at both endsI broke some hearts, been broken heartedRun away from fires I've startedI didn't break but tried my best to bendShould I cry a little more?Should I try a little more?I pay the cost and laugh it offAnd do it all a thousand times againNo regrets for things I've doneNo regrets for wars I've wonNo regrets for fires I've startedNo regrets for faith departedHey, HeyThunder cracks, the sky is cryingOn her back she's pushing, tryingHolds her hand and kneels beside herOnly faith left there to guide herShould I cry a little more?Should I try a little more?Should I lie a little more?Or get high a little more?I pay the cost and laugh it offAnd do it all a thousand timesShould IShould IShould INo regretsNo regretsNo regretsNo regrets;6.495;Jon Bon Jovi
Nobody's Hero;https://www.letras.mus.br/bon-jovi/297411/;You're afraid and it feels like you're too tired to fightEven your heart don't know if you're still aliveMan, you never felt so all alone in this world tonightAnd I, don't you know that I felt the same?I've seen this storm, I've been through the rainYou've gotta know that I feel your painDon't be afraidWhen you're on the edge, I will rescue youWhen you need a friend, I'll be there for youI'm nobody's heroFor you I'd lay down my lifeNobody's heroBut I'd tear down the stars from the skyIf you would lean on me, baby, dream on meYou can bleed on me, just believe in meNobody's heroWell out on these streetsThey're waiting for blind eyes to seeThey're waiting for our cuts to bleedOut here they're waiting for you and meWell alright, alrightThis time you know I ain't afraid to fightFor you I ain't afraid to dieAs long as you are by my side it will be alrightWhen all faith is gone, I will pray for youJust keep holding on, I'll be there for youI'm nobody's heroBut for you I'd lay down my lifeNobody's heroBut I'd tear down the stars from the skyIf you lean on me, you can bleed on meBaby, dream on me just believe in meNobody's heroI'm nobody's heroBut for you I'd lay down my lifeNobody's heroBut I'd tear down the stars from the skyIf you would lean on me, you can bleed on meBaby, dream on me, just believe in meI'm nobody's heroNobody's heroBaby, lean on me, you can dream on meJust bleed on me, just believe in me;10.455;Jon Bon Jovi / Richie Sambora
Not Fade Away;https://www.letras.mus.br/bon-jovi/807246/;I'm gonna tell you how it's gonna beYou're don't give your love to meI'm gonna love you night and dayWell love is love and not fade awayWell love is love and not fade awayMy love bigger than a cadillacI try to show it and you're drivin' me backYour love for me has got to be realFor you to know just how i feelLove is real and not fade awayWell love is real and not fade awayI'm gonna tell you how it's gonna beYou're gonna give your love to meLove to last more than one dayWell love is love and not fade awayLove, love is love and not fade awayNot fade awayNot fade away;7.450;C
Not Running Anymore;https://www.letras.mus.br/bon-jovi/not-running-anymore/;Bless me father I have sinned,I'm not sure where to begin.I won't name names or where I've been,But I've been there and back againNo hail marys will save me,You learned to live with memories,Here, slip this sinner up your sleeve,Just stay inside until I leave.I've been running, always runningNever have both feet on the floorI've been running, always running,Now I'm not runnning anymore...The hands of time may tick no moreLet darkness fall upon this doorNo waves will wash up on this shoreI won the fight but lost the warI've been running, always runningNever had both feet on the floorAnd I've been running, always runningNow I ain't running anymore.There were roses I have lovedWho've given or have given upI pushed your patience and my luckIt wasn't love I didn't trustIt wasn't you, or me, or usYou've shouldered ifs, and ands, and butsIt's that way ok, I've said too muchBut I've been running, always runningNever had both feet on the floorI've been running, always runningNow I ain't running anymore;5.817;Billy Falcon / Jon Bon Jovi
Nothing;https://www.letras.mus.br/bon-jovi/281395/;We've been through this all before a thousand timesCome on, come on, come on, tell me what's on your mindDoesn't matter, baby, what I sayIt all amounts to nothing anywayWhen push comes to shove, it's never enoughIt always comes down to somethingHow could I live? Why would I try?I've been learning to live without you but that's a lotNo giving in or saying goodbyeSeems there's always something but all that's ever left is nothing(All that's ever left is nothing)I thought I saw you reach out, thought I saw you tryWaiting here for something, nothing is all I findKneeling at your altar, standing on the shoreI'm waiting out, now listen, I'm outside your doorWhen push comes to shove, it's never enoughIt always comes down to somethingHow could I live? Why would I try?I've been learning to live without you but that's a lotNo giving in or saying goodbyeSeems there's always something but all that's ever left is nothingI won't give upI won't give up noCause you know I won't let you downHow could I live? Why would I try?I could learn to live without you but I would dieNo giving in or saying goodbyeSeems there's always something but all that's ever left is nothingWhy would I try?I've been learning to live without you but that's lotNo giving in or saying goodbyeSeems there's always something but all that's ever left is nothingI won't give upI won't give up…noCause you know I won't let you downYou know I won't let you downYou know I won't let you down;14.535;Sabe de quem é a composição? Envie pra gente.
Novocaine;https://www.letras.mus.br/bon-jovi/280194/;You can take back all your secretsWe'll divide up all the liesKeep all the pictures in their framesJust cut me out, yeah, I'll be fineSell the neighbors all my feelingsGo on give away my prideIt's hard to laugh and cry, live and die every nightKeep your Rolodex of friendsAnd all the remnants can be mindI guess there'll be no happy endingsWhen once upon is doing timeThere's a different kind of meaning nowTo livin' on a prayerSome don't seem to noticeAnd the rest don't seem to careI tell myself I (feel no pain)But I'm feeling the pain (walk away)Can't walk awayI'm hanging on the ropes of hopeIt's getting hard to cope you knowWhen you're the needle running through my veinsI've changed my name to NovocaineYou put my favorite belongings in a box in the garage (let's get this straight)You burned my favorite sweats from high schoolTried to sell my muscle car (that's not ok)Your mother's gonna visit for a couple months this yearThey say you do the crime, you do the timeIt's all so clearI tell my self I (feel no pain)But I'm feeling the paint (walk away)Can't walk awayI'm hanging on the ropes of hopeIt's getting hard to cope you knowWhen you're the needle that's running through my veinsI've changed my name to Novocaine (feel no pain)NovocaineWell things ain't what they used to beIt's a sleepless, self-help centuryI'm up to here with Dr. Phil and the modern man in me;13.497;Jon Bon Jovi
Now And Forever (Friends Will Be Friends);https://www.letras.mus.br/bon-jovi/297414/;It's been a long time, baby, how've you beenBut it sure feels good to see you again, my friendI still remember just like yesterdaysThough the miles and the smiles roll on, they won't fade awayAnd it hurts just like hell to let go, but I knowKings will be kings with crowns to defendBut I'm just one man and I can't pretendA heart's just a heart and songs have to endDreams will be dreams and friends will be friendsNow and forever, now and foreverI still remember when you didn't know my nameWe were lost on the road but you made it my home just the sameGod I wanna say that you gotta hold on when we go our separate waysBut when your radio's on, you're hearing this songI hope that you say nothing's changedKings will be kings with crowns to defendBut I'm just one man and I can't pretendA heart's just a heart and songs have to endDreams will be dreams and friends will be friendsNow and forever, now and foreverKings will be kings with crowns to defendBut I'm just one man and I can't pretendA heart's just a heart and songs have to endNow dreams will be dreams and friends will be friendsNow and forever, now and forever;12.424;Sabe de quem é a composição? Envie pra gente.
Now Or Never (feat. Pitbull);https://www.letras.mus.br/bon-jovi/now-or-never-feat-pitbull/;Mr. WorldwideWith the iconicBon joviIt's my lifeIt's now or neverI ain't gonna live foreverI just want to live while I'm alive(Said to all of my friends)It's my lifeMy heart is like the open highway(And just like Frank Sinatra said)Like Frankie said: I did it my way(We can do it our way)I just want to live while I'm alive(That why I tell everybody)(Live life, don't let life live you)It's my lifeThe world is always coming to an endDon't let it scare you out of livingLook at me, mom, against all oddsYour little baby boy did itEscaped povertyDid itHit the lotteryDid itI let all these boys do the rappingMe, I'm a man of my word, I live itEveryday I say thank youEveryday I give thanksEveryday is thanksgivingLiving is givingIntroduced nascar to a new cultureWinningEvery second, every minuteEvery hour, every day, every year I'm hereJust live your life like frank sinatraYour way and have no fearIt's my lifeIt's now or never (now or never)I ain't gonna live forever (that's right)I just want to live while I'm aliveIt's my life (it's my life)My heart is like the open highway (let's go)Like Frankie said: I did it my way (we did it our way, baby)I just want to live while I'm aliveIt's my lifeThe world is mineAnd everything in itThe world is yoursJust get up and get itThe world is mineAnd everything in itThe world is yoursJust get up and live itIt's my lifeIt's now or never (now or never)I ain't gonna live forever (that's right)I just want to live while I'm aliveIt's my life (it's my life)My heart is like the open highway (let's go)Like Frankie said: I did it my way (we did it our way, baby)I just want to live while I'm aliveIt's my life;4.245;Sabe de quem é a composição? Envie pra gente.
O Come All Ye Faithful;https://www.letras.mus.br/bon-jovi/297415/;O come all ye faithfulJoyful and triumphantO come ye, o come yeTo BethlehemCome and behold himBorn the king of angelsO come let us adore himO come let us adore himO come let us adore himChrist the LordGlory to GodBorn the king of angelsO come let us adore himO come let us adore himO come let us adore himChrist the LordChrist the Lord;4.325;Sabe de quem é a composição? Envie pra gente.
Old Habits Die Hard;https://www.letras.mus.br/bon-jovi/old-habits-die-hard/;You look like shit so dear my brotherI missed you too, yeah you dumb stupid motherJeep, welcome home sign, a bottle of redAt least you got freedom in an open out thereFree cheers till the best of the rest we got leftIf you could dream anything, what would that be?If you could dream back, would you share it with me?We carry our choices, we hide our regretsWe know there's a price, we'll both pay our debtsBut maybe they ain't seen the last of us yet'Cause old habits die hardOld habits die hardIt might be painful to smileBut it covers the scarsAnd old habits die hardThere's a face in the mirror, but it don't look like meYesterday's gone, a rain drop in the seaI have your back for each day that's gone byAnd I'll still have it till the day that I dieYeah, I'll still have it till the day that I dieOld habits die hardOld habits die hardIt might be painful to smileBut it covers the scarsAnd old habits die hardSome day you'll be missed by those you leave behindAnd I hope you touched other lives like you've touched mineOld habits die hardOld habits die hardIt might be painful to smileBut it covers the scarsAppearances change but don't change who we areAnd old habits die hard.;4.730;Jon Bon Jovi
One Step Closer;https://www.letras.mus.br/bon-jovi/1010165/;I've seen the heart of darkness,Let's just say, i crossed over that line,Held hands with the hopeless,In too deep on that ride, went around one more time,When you're standing on the edge,You don't look down,Till you ready and willing to fly,Now i'm one step closer,With my arms open wide,Yeah, i'm one step closer,And i'm willing to try this time,I hitched a ride with forgiveness,In that river of emotion,I went down a third time,I spent the night with the living,Took a chance looked inside,Didn't know who i'd find,Standing on the corner of hello and goodbye,All alone it's there i made up my mind,I'm, one step closer,With my arms open wide,Yeah, i'm one step closer,And i'm willing to try,I'm sick of giving up,With a little luck,I'm gonna get out of here,When you're standing on the edge,You don't look down,Til you're ready and your willing to fly,Now i'm one step closer,With my arms open wide,Yeah, i'm one step closer,And i'm willing to try, yeah,I'm one step closer,Yeah, i'm one step closer.;12.894;John Shanks / Jon Bon Jovi / Richie Sambora
One Wild Night;https://www.letras.mus.br/bon-jovi/4927/;It's a hot night, the natives are restlessWe're sweating by the light of the MoonThere's a voodoo mojo brewing at the gogoThat would knock a witch off her broomWe slither on in and shed our skinMake our way into the bump and the grindI'm passing by, she gives me the eyeSo I stop to give her a lightOne wild night (blinded by the moonlight)One wild night (24 hours of midnight)One wild night (I stepped into the twilight zoneAnd she left my heart with vertigo)One wild, one wild, one wild, one wild nightHavin' as much fun as you can in your clothesMargarita had me feelin' alrightJust might be I found religionI've been on my knees for half of the nightI'm rolling the bones with Jimmy No DiceGonna take him for a couple weeks' payMan, if you lose this roll I take your girlfriend homeSo I stoppedBut you're not gonna believe who comes walking outOne wild night (blinded by the moonlight)One wild night (24 hours of midnight)One wild night (I stepped into the twilight zone(And she left my heart with vertigo)One wild night (hey, c'est la vie)One wild night (welcome to the party)One wild night (live is for the living so you gotta)(Live it up, come on let's go)One wild, one wild, one wild, one wild nightOne wild night, one wild nightOne wild night (blinded by the moonlight)One wild night (24 hours of midnight)One wild night (I stepped into the twilight zone)(And she left my heart with vertigo)One wild, one wild, one wild, one wild night;39.574;Sérgio Bittencourt / Jon Bon Jovi / Richie Sambora
Only In My Dreams;https://www.letras.mus.br/bon-jovi/297417/;"Barkeep pour me one last shot 'cause I must be on my wayGotta make that same old stop that this soul makes everydayTell me why am I holding on? Harry, why is love like a flame?It burns you when it's hot but Cupid's fire trucks never cameI can't bend the hands of time so I think myself to sleepThe way you never said goodbye if only in my dreamsRefrão:Tell me where you want to goTell what you long to beAre you longing for my touch?If only in my dreamsWe sing the love songs you once sungTouch the stars you want to reachAnd I will see the job gets doneIf only in my dreamsLord, I'd sacrifice my eyes; there's nothing else I'd rather seeAnd you can have my heart; it's of little use to meAnd if you want my soul I'd throw it in for freeIt's all I'm worth that's left since my angel got her wingsNow I'm down and on my knees; it's of little use to prayUnless you give her back but there's no deals cut these daysThey're only in my dreamsRefrãoNow I curse the daytimeWhen I'm alone at nighttime'Cause I swore the sun shined just for youAnd I know you anywhereThere ain't no pain, there ain't no tearsAnd if I have my way from the moment I get there…Take me where you wanna goWe'll be who you wanna beAll I needed was your touchAll I want is you and meWe'll sing the love songs you once sungAnd you'll be in my dreamUntil that war is wonIt's only in my dreams";12.689;Jon Bon Jovi
Only Lonely;https://www.letras.mus.br/bon-jovi/5005/;Another long and sleepless nightYou need someone to hold you tightSometime love don't know wrong from rightAnother long and senselessFight was all you knew they're all the sameThere's no one left to take the blameWhat's behind this masqueradeHow do we win these losin'Games we play, words we sayCutting wounds that run so deepLeave it all behind youOr someday love will find youOnly lonely, I can't stop hurting youOnly lonely, but I can't stop loving youOnly lonely, how much pain does it takeIt's getting sometimes I don't knowWhen to stop when to goSometimes we're so afraid to let it showA stolen kiss so out of placeIt wipes the smile right off your faceAnd when those feeling startWe let them go, let them goGames we play, words we sayCutting wounds that run so deepLeave it all behind youOr someday love will find youOnly lonely, I can't stop hurting youOnly lonely, but I can't stop loving youOnly lonely, so tell me babe, how much pain can you takeBefore your heart breaks? Before your heart breaks? Yeah, yeahI got this timebomb ticking in my headThis time I think she's gonna blowHow can I say get awayWhen I just can't let it goGames we play, words we sayCutting wounds that run soLeave it all behind youOr someday love will find youOnly lonely, I can't stop hurting youOnly lonely, but I can't stop loving youOnly lonely, I can't stop hurting youOnly lonely, I can't stop loving youI can't stop;29.448;David Bryan / Jon Bon Jovi
Open All Night;https://www.letras.mus.br/bon-jovi/65085/;I saw you coming from a mile awayTrying to hide behind that pretty faceBet my last dollar baby you been bruisedPoor little heart all black 'n' blueLast thing you need's another pickup lineYou must have heard them all a thousand timesGod only knows what you been throughBelieve me I been broken tooIt aches, it breaks, it takes your breath awayI've been around that block a time or two, babyI don't want to fall in love with youI try, try, try but I can't get around the truthPlease don't say my name, give this heart a breakI don't want to make the same mistakes but it's too lateI'll leave on the lightThese arms are open all nightI got your taste in the back of my mouthI want to reach in and pull it outAnd I'd be lying if I didn't sayWhen you're this close I'm afraidOf the way I'll feel if I touch your hairThe way I'll miss you when you're not thereAnd that I'll see you when I close my eyesIt's too late, I've crossed that lineIt aches, it breaks, it takes your breath awayI'll still be around come closing timeI don't want to fall in love with youI try, try, try but I can't get around the truthPlease don't say my name, give this heart a breakI don't want to make the same mistakes but it's too lateI'll leave on the lightThese arms are open all nightIt's 2 am, it's last call, baby. The barkeep's gone, I'll walk you home nowSave me, babyI don't want to fall in love with youI try, try, try but I can't get around the truthPlease don't make me beg, give this heart a breakPlease don't make me make the same mistakes but it's too lateI'll leave on the lightThese arms are open all night;24.186;Sérgio Bittencourt / Eric Bazilian / Jon Bon Jovi
Open Your Heart;https://www.letras.mus.br/bon-jovi/303685/;You say you've been used beforeWhole lot of love then it's out the doorAnd you swore you'd be used again no more, no moreThen you got on your feet againIt came to you like a long lost friendNow they say you're wearing a bulletproof heartWell I'm wearing my heart on my sleeveBaby believe that I would never hurt youBaby believe, cause my love will not desert youBaby believe you know you got me begging and cryingI'm down on my kneesOpen your heart and baby love againCause I won't let them take your love from meYou know that I've been hurt tooIt's just your heart turns black and blueThere ain't no use in talking about itYou know all there is to sayI wanna love you girlI wanna show you my worldStop hiding the key to your heartBaby let me in, let me inCan't you see, I'm a bandaged refugeeCan't you see, I need you girl to comfort meCan't you see, oh, of all the tears that you cryClose your eyesOpen your heart, and baby love againCause I won't let them take your love from meOpen your heart, and baby love againI won't let them take your love from meCan't you see, I'm a bandaged refugeeCan't you see, I need you girl to comfort meCan't you see, oh, of all the tears that you cryClose your eyesOpen your heart (I want to love you girl)You made me love again (I want to show you my world)I won't let them take your love from meOpen your heart (I want to love you girl)And baby love again (I want to show you my world)I won't let them take your loveI wont let them take your loveI won't let them take your love from me;13.210;Sabe de quem é a composição? Envie pra gente.
Ordinary People;https://www.letras.mus.br/bon-jovi/242853/;Little Jimmy just bought high top sneakersWants to fly high like his heroes canHe's got the smile like Michael JordanIn the schoolyard, Jimmy, he's the manI'm sitting here watching his heart beatingHe's ten feet tall, all five feet four of himCome six o'clock working out his foul shotWho we fooling, Mama's calling, she smiles and saysYou and me, we're ordinary peopleLiving in our ordinary livesWe can be ordinary peopleThese are extraordinary timesShe lives alone, got four kids through high schoolShe cleans houses and she takes in wash at nightYou'd never know that she don't have muchBecause she's rich with the things money can't buyShe don't need clothes, she don't want diamondsDon't need a brand new car to drive inWhat she's got is love and that's a lotAt least it's a good startYou and me, we're ordinary peopleLiving in our ordinary livesWe can be ordinary peopleThese are extraordinary timesEverybody want's to be somebodyEverybody wants to be someoneWe only want to watch the game on SundaySit back, catch a little buzzAin't nobody wants to be nobodyEverybody wants a little loveEverybody wants to be the heroAnd ride into the setting sunYou and me, we're ordinary peopleLiving in our ordinary livesWe can be ordinary peopleThese are extraordinary timesAnd I've got dreams like ordinary peopleI can see them when I close my eyes at nightCan't you see we're ordinary peopleThese are extraordinary times;5.093;David Bryan / Jon Bon Jovi / Richie Sambora
Out Of Bounds;https://www.letras.mus.br/bon-jovi/164952/;A loaded gun needs no alibisOut on the street where the truth's a lieWasted blood that I left behindBroken hearts leave a young man blindI need protection on the undergroundI'm going down, down, down, down, downOut of boundsYou can cross that lineOut of boundsIs out of timeOut of boundsIs where I'll beI can't hold on but I can't break freeI'm going down, down, down, down, downOut of boundsOut of boundsYou're asking why but who's to sayThe things you've done haven't gone awayNowhere to run, no one to blameI'm just a puppet in a bad man's gameI need protection on the undergroundI'm going down, down, down, down, downOut of boundsYou can cross that lineOut of boundsIs out of timeOut of boundsIs where I'll beI can't hold on but I can't break freeI'm going down, down, down, down, downOut of boundsOut of boundsSo say a prayer for the innocentIt's the innocent who believeYou can't forgive what you can't forgetWhen that innocent man was meOut of boundsYou can cross that lineOut of boundsIs out of timeOut of boundsIs where I'll beI can't hold on but I can't break freeI'm going down, down, down, down, down, down, downDown, down, down, down downOut of bounds;4.412;Jon Bon Jovi / Richie Sambora
Outlaws Of Love;https://www.letras.mus.br/bon-jovi/297421/;In his mind he was a man, at least he thought he wasIt's hard to understand how old is old enoughYeah, she was his girl they met back in high schoolAnd they ran off and got married 'cause they though it'd be coolThey'll never see what you are to meAll that I want, all that I believe isThey say we're too young to understandThey don't know how it feels when I hold your handThey say we've gotta to prove what we're made ofYou and me against the worldOutlaws of loveThe honeymoon was over, the money'd all been spentFelt like he was kidnapped, his ransom was the rentSpent too much time crying, holding onto prideHe talks about a promise, he'd look her in the eyeNo time to cry living on the runWe never know if our day will comeThey say we're young and don't understandThey don't know how it feels when I hold your handWe'll save our dreams before they turn to dustThey'll be no surrender forOutlaws of loveOutlaws of loveOutlawsYou know it ain't easy to sink or rise aboveThese days you're two paychecks away ain't that simple enoughNow I hope we can laugh when we look back on these yearsWe'd say about the hard times still sinking from our beerThey say we're young and don't understandThey don't' know how it feels when I hold your handEach day we gotta prove what we're made upYou and me against the worldOutlaws of love 4X;6.202;Jon Bon Jovi / Richie Sambora
Pictures Of You;https://www.letras.mus.br/bon-jovi/pictures-of-you/;I feel just like PicassoAnd you're my masterpieceI've painted you a lifetimeNow what's left are memoriesSunlight through the curtainsDiamonds in the treesI gave you colors blue and goldAs you lay upon the sheetsSomething so familiarDrawn from this blank pageEvery line from my handTakes me back to what I can't eraseNo matter how I tryNo matter what I doI'm still painting pictures of youI could almost smell your perfumeIn each brush stroke of the flowersI left you tea from ChinaWaiting in your sacred towerSomething so familiarDrawn from this blank pageEvery line from my handTakes me back to what I can't eraseNo matter how I tryNo matter what I doI'm still painting pictures of you.If I should go crazyIf I would go blindI'd still fill the canvasFrom the pictures in my mindIf thats the only way to make you mineIt was something so familiarDrawn from this blank pageEvery line from my handTakes me back to what I can't eraseNo matter how I tryNo matter what I doI'm still painting picturesI'm always painting picturesStill painting pictures of you;9.521;John Shanks / Jon Bon Jovi / Richie Sambora
Please Come Home For Christmas;https://www.letras.mus.br/bon-jovi/4951/;Bells will be ringing the glad, glad newsOh, what a Christmas to have the bluesMy baby's goneI have no friendsTo wish me greetings, once againChoirs will be singing silent nightThose Christmas carols by candlelightPlease come home for ChristmasPlease come home for ChristmasIf not for Christmas, by new year's nightFriends and relationsSend salutationsJust as sure as the stars shine aboveThis is Christmas, Christmas, my dearThe time of year to be with the one that you loveThen won't you tell me, you'll never more roamChristmas and new year will find you homeThere'll be no more sorrowNo grief or pain'Cause I'll be happy that it's Christmas once again;12.414;Charles Brown / Gene Redd
Postcards From The Wasteland;https://www.letras.mus.br/bon-jovi/69881/;Tonight the moon's as pretty as a brand new roseAnd nosey stars, they seem to know where everybody goesAs poets reach for words with broken motel pensHere's something to hold on to 'til I come home againOut here the days they don't have names they've got numbersAnd the nights just seem to fade into each otherJilted lovers are like fireflies, each one with a sparkTrying to fill the hole where once there was a heartI'm sending postcards from the wastelandFollowing my headlights down the highway in the darkI'm sending postcards from the wastelandPostmarked from the state of my heartIn care of wherever you arePostcards from the wastelandNow before the summer sun gets chased awayAnd all of our tomorrows turn to yesterdaysI'm going to build you that castleI'm going to write you that songI've got to find the words to sayUntil I hold you in my armsI'm sending postcard from the wastelandFollowing my headlights down the highway in the darkI'm sending postcards from the wastelandPostmarked from the state of my heartIn care of wherever you arePostcards from the wastelandTonight I'll meet you in my dreamsSee you soonLove,MeI'm sending postcards from the wastelandFollowing my headlights down the highway in the darkI'm sending postcards from the wastelandI'm sending postcards from the wastelandI'm sending postcards from the wastelandFollowing my headlights down the highway in the darkI'm sending postcards from the wastelandPostmarked from the state of my heartI'm sending postcards from the wastelandFollowing my headlights down this highway in the darkI'm sending postcards from the wastelandPostmarked from the state of my heartIn care of wherever you are;3.873;Jon Bon Jovi / Richie Sambora
Price Of Love;https://www.letras.mus.br/bon-jovi/4992/;One Heart one otherThey met last summerOne move she startedNow they love this wayThe pain of pleasurelying togetherYou're at their mercyAs the telephone's ringing onNo one said there'd be nights like thisRisk your life for a stolen kissWe live , we learn, we lieFor the price of loveWe kiss then say goodbyeFor the price of loveEach move goes so slowUntil the doors closeNo secret codes nowNo words as baby goes downOne last dance then goodbyePracticing his love liesHe runs to his wifeAnd your left holding the knifeYou live your life to take that chanceWhen you're a master ofThe art of romanceAnd you know you won't crossthat lineUntil that last slow danceWe live, we learn, we lieFor the price of loveWe kiss, then say goodbyeFor the price of loveWe live, we learn, we lieFor the price of loveAlone our lonely hearts would dieIt's all a gameAnd the way that it's playedThere's no time to wonder whyTo catch you when you fallAnswer when you callNo one can hear you cryWe live, we learn, we lieFor the price of loveWe kiss, then say goodbyeFor the price of love;14.075;Jon Bon Jovi
Prostitute;https://www.letras.mus.br/bon-jovi/4988/;"Hey hey hey, hey hey hey, hey hey heyHey hey hey, hey hey hey, hey hey heyI was there like your motherlike a brother, like a friendSaid you'd be there like a heartbeatThought I'd be there 'til the endThen you took me like a cancerYou turned my conscience blackTell the cops ""here keep the ransom""'Cause there's no turning backI ain't here for love or moneyAnd you don't see the truthSo if you want to bleed me honey,Tonight I'll be your prostituteI will be your prostituteYeahHey hey heyCould you tell me one good reason'Cause I can't think of noneFirst you love me then you hate meAs the lies slip off your tongueYou say talk for meBaby smile for meYou tell me I,m the oneYou say bleed for meBaby breath for meTell me when it's doneWell I ain't here for love or moneyAnd you don't see the truthSo if you're gonna need me honeyTonight I'll be your prostituteI will be your prostituteYeahHey hey hey, hey hey hey, hey hey heyI know there's no forgivenessFor the things I've said and doneAt least I know what IamAnd I'm not the only one'Cause I ain't here for love or moneyYou can't see the truthSo if you want to bleed me honeyTonight I'll be your prostituteI will be your prostituteI will be your prostituteYeahHey hey hey, hey hey hey, hey hey hey, hey hey heyHey hey hey, hey hey hey, hey hey hey, hey hey hey, hey hey hey";9.202;Sabe de quem é a composição? Envie pra gente.
Put The Boy Back In Cowboy;https://www.letras.mus.br/bon-jovi/1012450/;"They should have put her in the moviesMy little country - cutieShe's the reason I believe god made blue jeansI was a sticker from the cityWhen I met that little fillyI was six feet tallTill she brought me to my kneesI sold my favoured car for a pick up truckAnd have a drink ChampaignI was a checked straight upWhen you better like Hank hereOr you rather loveWhat's up?She put the boy back in cowboyI was just a rednecked wanna beShe put the boy back in cowboyThat's how a woman made a new man out of meThe transformation was amazingEven Jesus couldn't save meLate at night I was such a sight to seeAt the rodeo she kissed meAnd said ""boy don't get too friskyIf you're lucky you might too step home with me""Yeah I got the boots, I bought the stetson hatI got a big belt buckle trying to rope the calfI'm in a ring of fire and as cool as Johnny Cashyou askedShe put the boy back in cowboyHell,I was just a redneck wanna beShe put the boy back in cowboyThat's how a woman made a new man out of meThat country woman made a new man out of meShe put the boy back in cowboyShe put the boy back in cowboyShe's a light one, bonefireDesired to be highShe got me high high highShe put the boy back in cowboyHell was just a rednecked wanna beShe put the boy back in cowboyThat country womanShe put the boy back in cowboyHell I was just a redneck wannabeShe put the boy back in cowboyit sure be nice to make your companyThat southern woman made a new man out of meShe put the boy back in cowboyShe put the boy back in cowboyShe put the boy back in cowboyShe put the boy back in cowboy";7.845;Jon Bon Jovi
Queen Of New Orleans;https://www.letras.mus.br/bon-jovi/1595956/;"Queen Of New OrleansBon JoviShe said baby our love's just like your songsThe beat ain't bad but the words are all wrongIt's time to pack my bags, it's time to just move onShe sang Johnny, I'm gone, gone, goneAnd she was goneMe and Leigh met summer of '95In a burgundy dress lookin' finer than a French wineA Cajun queen with another sideShe was a schoolboy's dream, I was out of my mindShe was lookin' fineShe said: ""You want to drive me home""But what I didn't know...Ooh, Ooh - I was dancing with theQueen of New OrleansOoh, Ooh - Dancing in the streets of New OrleansOoh, Ooh - Dancing cheek to cheek in New OrleansOoh, Ooh - It was almost like a dreamThat night I made a move, man I felt hardWhen I put my hands in her cookie jarShe was more than a girl, she was a cabaret starI was a deer in the lights of a speeding carNothing's what it seemsShe was a Venus de Milo in her sister's jeansOoh, Ooh - I was dancing with theQueen of New OrleansOoh, Ooh - Dancing in the streets of New OrleansOoh, Ooh - Dancing cheek to cheek in New OrleansOoh, Ooh - It was almost like a dreamOoh, ooh, (shalala) I was dancing with the Queen of New OrleansOoh, ooh, (shalala) dancing in the streets of New OrleansOoh, ooh, (shalala) I was dancing cheek to cheek in New OrleansOoh, ooh, (shalala) dancing with the Queen down Bourbon StreetOoh, ooh, (shalala) dancing with the Queen of New OrleansOoh, ooh, (shalala) dancing in the streets of New OrleansOoh, ooh, (shalala) nothing's what it seems in New OrleansOoh, ooh, (shalala) dancing with the Queen of New OrleansOoh, ooh, (shalala) dancing with a Queen of New OrleansOoh, ooh, (shalala) dancing with the Queen of New OrleansOoh, ooh, (shalala) dancing with the Queen of New Orleans";9.649;Sabe de quem é a composição? Envie pra gente.
R2-D2 We Wish You A Merry Christmas;https://www.letras.mus.br/bon-jovi/297425/;R2-D2 we wish you a Merry ChristmasR2-D2 we love you it's trueR2-D2 we wish you a Merry Christmas (Merry Christmas)We hope our little message gets to youWe look up at the winter star, we know that's where you areOur chimney's big and round so you can come right downAnd if our wish comes true we'll spend Christmas Eve with youOur hearts will sing with glee as we decorate the Christmas TreeR2-D2 we wish you a Merry ChristmasR2-D2 we love you it's trueR2-D2 we wish you a Merry Christmas (Merry Christmas)We hope our little message gets to youAnd if the snow becomes too deep just give a little beepWe'll go in by the fire and warm your little wiresSpreading Christmas cheer will be easy with you hereWe'll dance and sing and play from Christmas Eve till Christmas DayR2-D2 we wish you a Merry ChristmasR2-D2 we love you it's trueR2-D2 we wish you a Merry Christmas (Merry Christmas)We hope our little message gets to youR2-D2 we wish you a Merry ChristmasR2-D2 we love you it's trueR2-D2 we wish you a Merry Christmas (Merry Christmas)We hope our little message, we hope our little messageWe hope our little message gets to youMerry Christmas R2R2, we love youR2, Merry Christmas;4.932;Sabe de quem é a composição? Envie pra gente.
Raise Your Hands;https://www.letras.mus.br/bon-jovi/4978/;You, you got a nasty reputationWe're in a sticky situation, it's down to me and youSo tell me, is it true? They say there ain't nobody betterWell now that we're togetherShow me what you can doYou're under the gunOut on the runGonna set the night on fireYou're out on the runUnder the gunAnd playn' to winRaise your handsWhen you want to let it goRaise your handsWhen you want to let a feeling showRaise your handsFrom New York to ChicagoRaise your handsFrom New Jersey to TokyoRaise your handsI, I've been out on the front lineWhere you go down if you waste timeThey'll walk all over youBut I, I ain't here looking for surrenderI'll raise the flag if you'll defend herIt's up to youYou're under the gunOut on the runGonna set the night on fireYou're out on the runUnder the gunAnd playn' to winRaise your handsWhen you want to let it goRaise your handsWhen you want to let a feeling showRaise your handsFrom New York to ChicagoRaise your handsFrom New Jersey to TokyoRaise your hands;35.756;Jon Bon Jovi / Richie Sambora
Real Life;https://www.letras.mus.br/bon-jovi/4961/;I wish that life was like it is in the movies'Cause the hero always gets his wayNo matter how hard it gets on that dark lonely roadAt the end he´s got a smile on his faceBut when they threw me out to the lionsNoone saved me as I fell from your graceAnd noone wrote me new linesFor what I said wrongWhat I did wrong I could not eraseThis is real lifeThis is real loveThis is real painThat much I'm sure ofThese are real tearsThese are real fears insideThat I can't hideI wish that I could be a white knight in armourWith an army just to bring you back homeBut I'll admit I'm scared of dialing your numberSomeone else is gonna answer the phoneWhy can't it be like it is on TVWhen the orchestra plays and you come back to meThis is real lifeThis is real loveThis is real painThat much I'm sure ofThese are real tearsThese are real fears insideI can't hideThis is real lifeThis is real loveThese are real wounds I'm bleeding fromAnd I realize this is realI always thought that our loveWas a story book taleGod knows that I'd never dreamIn the end it could fail'Cause this is real lifeThis is real loveThis is real painThat much I'm sure ofThese are real tearsThese are real fears insideThat I can't hideThis is real lifeThis is real loveThese are real wounds I´m bleeding fromAnd I realize this is real;18.757;Sérgio Bittencourt / Jon Bon Jovi
Real Love;https://www.letras.mus.br/bon-jovi/real-love/;They’re putting up the chairs to closeShe let me settle up my tabI told her button up your coat it’s coldI ain’t too drunk to hail us a cabWe can get a cup of coffeeUnless you got to get back homeSitting across the tableA gypsy couldn’t read her mindI took her hand and told herI just want to crawl into her eyesShe shook her head and said it’s cruelCool is just a cheap disguiseHave you ever known a real love?The kind of love that makes you feel, love?No, this ain't let's make a deal, loveMake an angel give his wings upIt makes you guilty 'cause you want moreIf it's a kiss that you would die forFeels like you're falling through the starsIf it can break your heartIt's real loveWe drank that muddy pot of coffeeIt was morning when I walked her homeI never been this lonelyLying in this bed aloneHer words still ringing in my headHer sad eyes sunk me like a stoneHave you ever known a real love?The kind of love that makes you feel, love?No, this ain't let's make a deal, loveMake an angel give his wings upIt makes you guilty 'cause you want moreIf it's a kiss that you would die forFeels like you're falling through the starsIf it can break your heartIt's real loveI put on the same shirtAnd I ran out the doorStole a fistful of roses from the sidewalk storeJust my heart in my handsI had nothing to throwStanding up on her front stepCalling to her windowHave you ever known a real love?The kind of love that makes you feel, love?No, this ain't let's make a deal, loveMake an angel give his wings upIt makes you guilty 'cause you want moreIf it's a kiss that you would die forFeels like you're falling through the starsIf it can break your heartIt's real loveFeels like you're falling through the starsIf it can break your heartIt's real love;15.373;Sabe de quem é a composição? Envie pra gente.
Red, White and Jersey;https://www.letras.mus.br/bon-jovi/red-white-and-jersey/;WoahI knew before I knew yaThat you were gonna be the oneSlow dancing in the fast laneThat's just what we do where we come fromWhen you lean in to kiss meSaid: Boy, you don't deserve meYeah, we started crackin' upBut now, look at us, look at us, look at usYeah, we held on tight, lookin' up all nightAt the lights of New York CityWhen you're seventeen, those basic dreamsWhere you're dreamin' right there with meIt ain't no surprise your blue eyesStill feel like home to meWe'll always be red, white, and JerseyThat summer with the top downWe were singing along to American GirlBig diamond in a small townWhen it was you and me against the worldYeah, we both didn't know any betterThat we'd live like that foreverYeah, we held on tight, lookin' up all nightAt the lights of New York CityWhen you're seventeen, those basic dreamsWhere you're dreamin' right there with meIt ain't no surprise your blue eyesStill feel like home to meWe'll always be red, white, and JerseyNow where have all the summers gone?Here we are, still goin' strong, goin' strong, goin' strongYeah, we held on tight, lookin' up all nightAt the lights of New York CityWhen you're seventeen, those basic dreamsWhere you're dreaming right there with meIt ain't no surprise your blue eyesStill feel like home to meWe'll always be red, white, and JerseyWoah(Woah) red, white, and Jersey(Woah) red, white, and JerseyWoah;128;Ashley Gorley / Jon Bon Jovi / John Shanks / Casey Brown
Reunion;https://www.letras.mus.br/bon-jovi/reunion/;This isn't how the story ends, my friendIt's just a fork along the roadDon't say your prayers, save your amensYou've come this far, but you're still far from homeDon't say goodbye, just say farewellWrite every line you’ll live to tellHold your head high, like Harry give 'em hellAs the night ignites the dayMake some memories along the wayWrite your song, sing along, love your lifeLearn to laugh, dare to dance, touch the skyTake pictures each step of the wayMake this the best of the rest of your daysStart your revolutionAnd I'll see you at the reunionSome friends will go and some will stay, okSome last a chapter, some a pageFor some love comes disguised as lustBut you'll find love when you find trust one dayDo better than our parents didImperfect husband, wife and kidsGo chart your course then turn it upside downGo live your life, eyes open wideWho's to say what's wrong or right, right?Write your song, sing along, love your lifeLearn to laugh, dare to dance, touch the skyTake pictures each step of the wayMake this the best of the rest of your daysStart your revolutionAnd I'll see you at the reunionAs the night ignites the dayGo make some memories along the wayWrite your song, sing along, love your lifeYeah learn to laugh, dare to dance, touch the skyTake pictures each step of the wayMake this the best of the rest of your daysI sayGo start your own revolutionAnd I'll see you at the reunionI’ll see you at the reunionOh, I’ll see you at the reunionThis isn’t how the story ends, my friendIt’s just a fork along the road;9.128;Sabe de quem é a composição? Envie pra gente.
Rich Man Livin' In A Poor Man's House;https://www.letras.mus.br/bon-jovi/297426/;Billy works too hard, trying to make ends meetHe's gotta pay his credit cardsYeah he's been dealing with the odds that even Vegas can't beatBy six he's out of bed, she makes his coffee sweetHe grabs his boots & his coat, leaves a note that says I Love YouAnd runs to catch a bus down at the end of Market StreetRefrão:It took some time to figure it outHe's a rich man living in a poor man's houseHe might be down, but he ain't outHe's a rich man living in a poor man's houseEvery night at home, feels like it's Christmas EveGracie's got his dinner on the stove, Daddy's coming homeAnd they've got seven hungry children that are tugging on his sleeveRefrãoEvery night at five when work lets outHe's a rich man living in a poor man's houseHe arrives at 9 as the work bell's ringingHits the grind but his heart is singingSome men live for moneySome men live for workBut it's a real man, a richer man who knows what love's worthRefrãoEvery night at five when work lets outHe's a rich man living in a poor man's houseA rich man living in a poor man's house 5X;5.346;Jon Bon Jovi
Ride Cowboy Ride;https://www.letras.mus.br/bon-jovi/5052/;Ride cowboy rideThrough the back door of heavenTo the other sideI wanna know the danger of a kissAt midnightRide, cowboy, rideYeah, I learned my lessonHere’s a story to tellSo I made my confessionIn this sleazy motelI could be the romanticI could try my best linesBut ain’t got the moneyAnd we ain’t got the timeRide, cowboy, rideThrough the back door of heaven to the other sideI wanna know the danger of a kissAt midnightRide cowboy rideSo you want to be a cowboyRide cowboy, rideYou want to be a big shotBaby, come onRide, ride, ride;12.178;King of Swing
Right Side Of Wrong;https://www.letras.mus.br/bon-jovi/69120/;A friend of a friend needs a favorNo questions asked, there's not much more to sayMe and the wife, we need the moneyWe've got four kids all hungry, one on the waySlip these sweat socks in your shirt and pray they think yourpackin'Be sure to keep your head down, don't look 'em in the eyeAnd don't get fancy, Ricky, we ain't Jimmy CagneyLook at me, let's do the job and let's get home tonightI got a half tank of gas and if we run all the lightsWe'll slip across the border on the wrong side of rightAnd just like Butch and Sundance we'll ride until the dawnSipping whiskey, singing cowboy songsOn the Right Side Of WrongWe picked a helluva of a night, from the shore I see the skylineIn a couple of hours from now Rick, we're gonna get out of this lifeWe'll stop for smokes, I brought a six pack, we'll stop atlookers on the way backHell, we'll laugh this off, keep your fingers crossed that all goes well tonightI got a half tank of gas and if we run all the lightsWe'll slip across the border on the wrong side of rightAnd just like Butch and Sundance we'll ride until the dawnSipping whiskey, singing cowboy songsOn the Right Side Of WrongWe'll make the grade, they'll know our names, I need a friend todrive hereWear my necklace of St. Christopher and talk to him while I goinsideI'll take that suitcase, get the cash and we'll be gone before you knowWait until we tell the girls we're moving down to the Gulf of Mexico...A friend of a friend needed a favorLife was just what happened while we were busy making plansWe never saw nothing, there was a run-in9 millimeter steel was coming for the windshield of that OldsmobileAs the cop said: Show your hands!I got a half tank of gas and if we run all the lightsWe'll slip across the border on the wrong side of rightAnd just like Butch and Sundance we'll ride until the dawnKissing whiskey, singing cowboy songsOn the Right Side Of Wrong;16.607;Jon Bon Jovi
River Of Love (Full Moon High);https://www.letras.mus.br/bon-jovi/297428/;Penny for you thoughts now baby, tell me what you seeYou know I want to play with you but this ain't hide and seek, with me, can't you seeI know your momma don't approve of what I'm thinkin' ofYou gave me just a little piece but it just ain't enoughYou say stop, I say go, I say yeah, you say no, no, no, no, noI just can't wait, cause I do stop much too late and only you can save me nowYou know I've been to heaven and the other sideWe can share our dreams together, with the full moon highWe will remember the night forever, it's just you and IRiver of love and the full moon highPretend I'm Valentino and you're the beauty queenPretend we're in some movie instead of faded jeansYou and me we're the same just believe there's so much more to seeOh baby save me nowOh I've been to heaven and the other sideWe can share our dreams together, with the full moon highWe will remember the night forever, it's just you and IRiver of love and the full moon highRiver of love and the full moon highYou know I've been to heaven and the other sideWe can share our dreams together with the full moon highWe'll remember the night forever, it's just you and IRiver of love and the full moon highRiver of love and the full moon highRiver of love and the full moon high;11.910;Sabe de quem é a composição? Envie pra gente.
Rivers Run Dry;https://www.letras.mus.br/bon-jovi/297430/;I didn't want to say it in this wayI didn't want to see the day I'd say these words to youI didn't want have to explainSometimes heroes have to loseIt's killing me to see you cryWould it make it any better if I told you I did it all for youIt was just another roll of the diceJust another star in the skyTried to touch it but I couldn't flyEverybody knows the promise of the riverEverybody goes with the fire in their eyesEverybody knows you can lead a horse to waterBut there's nothing anybody can doRivers run dryGonna have to go awayI always told you that a man has got to face his own mistakesSometimes you get a lucky breakSometimes your winning streak will staySometimes you gotta payOh, I remember when the rivers ran highOh, we could make it to the other sideMake it to the other sideEverybody knows the promise of the riverEverybody goes with the fire in their eyesEverybody knows you can lead a horse to waterBut there's nothing anybody can doOh, there's nothing anybody can doThere's nothing anybody can doWhen the rivers run dryWhen the rivers run dry;8.030;Sabe de quem é a composição? Envie pra gente.
Roadhouse Blues;https://www.letras.mus.br/bon-jovi/1861584/;Yeah!Keep your eyes on the road, your hands upon the wheelKeep your eyes on the road, your hands upon the wheelYeah, we're goin' to the roadhouseWe're gonna have a realGood timeYeah, back at the roadhouse we've got some bungalowsYeah, back at the roadhouse we've got some bungalowsAnd that's for the peopleWho like to go down slowLet it roll, baby, rollLet it roll, baby, rollLet it roll, baby, rollLet it roll, all night longDo it, honey, do itYou gotta roll, roll, rollYou gotta thrill my soul, all rightRoll, roll, roll, rollThrill my soulYou gotta beep a gunk a chuchaHonk konk konkYou gotta each you punaEach ya bop a lubaEach yall bump a kechonkEase sum konkYa, rideAshen lady, ashen ladyGive up your vows, give up your vowsSave our city, save our cityRight nowWell, i woke up this morning, i got myself a beerWell, i woke up this morning, and i got myself a beerThe future's uncertain, and the end is always nearLet it roll, baby, rollLet it roll, baby, rollLet it roll, baby, rollLet it roll, all night long;1.351;Sabe de quem é a composição? Envie pra gente.
Rockin' In The Free World;https://www.letras.mus.br/bon-jovi/5073/;There's colors on the streetRed, white and bluePeople shufflin' their feetPeople sleepin' in their shoesBut there's a warming sign on the road aheadThere's lot of people sayin' we'd better off deadDon't feel like Satan, but I am to themSo I try to forget it, any way I canKeep on rockin' in the free worldKeep on rockin' in the free worldKeep on rockin' in the free worldKeep on rockin' in the free worldI see a woman in the nightWith a baby in her handUnder an old street lightNear a garbage canNow she puts the kid away, and she's gone to get a hitHe hates her life and what she's done to itThere's one more kid that will never go to schoolNever get to fall in love, never get to be coolKeep on rockin' in the free worldKeep on rockin' in the free worldKeep on rockin' in the free worldKeep on rockin' in the free worldWe got a thousand points of lightFor the homeless manWe got a kinder, gentlerMachine gun handWe got department stores and toilet paperGot styrofoam boxes for the ozone layerGot a man of the people, says keep hope aliveGot fuel to burn, got roads to driveKeep on rockin' in the free worldKeep on rockin' in the free worldKeep on rockin' in the free worldKeep on rockin' in the free world;10.522;Neil Young
Rocking All Over The World;https://www.letras.mus.br/bon-jovi/1300336/;Well, hurry up hurry up, here we goc'mon let's hit the roadHere we goRockin' all over the worldWell, giddy up giddy up and get awaywe're goin' crazy and we're goin' todayHere we goRockin' all over the worldAnd I like it, I like it, I like itHere we goRockin' all over the worldWell, I'm gonna tell your mama what you're gonna doHey come tonight, we got dancin' shoesHere we goRockin' all over the worldAnd I like it, I like it...;4.410;Sabe de quem é a composição? Envie pra gente.
Roller Coaster;https://www.letras.mus.br/bon-jovi/roller-coaster/;I see you thinking twiceWish I could read your mindMove up or out of lineToo late for prayingI know we might lose our breathWe might be scared to deathThis chance is like a stepJust got to take itOh, oh, oh, oh, oh, oh, ohCountdown to here we goOh, oh, oh, oh, oh, oh, ohHold on tight, slide a little closerUp so high, stars are on our shouldersTime flies by, don’t close your eyesKiss by kiss, love is like a thrill rideWhat goes up might take us upside downLife ain’t a merry-go-roundIt’s a roller coasterIt’s a roller coasterCan’t lie and won’t pretendI know what’s round the bendToo late to start againWon’t take it slowerLet’s slip right off these tracksWe’ll fly or we might crashDon’t look down, don’t look back‘Cause it ain’t overHold on tight, slide a little closerUp so high, stars are on our shouldersTime flies by, don’t close your eyesKiss by kiss, love is like a thrill rideWhat goes up might take us upside downLife ain’t a merry-go-roundIt’s a roller coasterIt’s a roller coasterOh, oh, oh, oh, oh, oh, ohCountdown to here we goOh, oh, oh, oh, oh, oh, ohHold on tight, slide a little closerUp so high, stars are on our shouldersIt’s a roller coasterKiss by kiss, love is like a thrill rideWhat goes up might take us upside downLife ain’t a merry-go-roundIt’s a roller coasterIt’s a roller coasterRoller coasterIt’s a roller coaster;73.321;Ashley Gorley / Chris DeStefano / Jon Bon Jovi
Room At The End Of The World;https://www.letras.mus.br/bon-jovi/room-at-the-end-of-the-world/;There's a room at the end of the worldWhere my secrets go to hideThere's a room at the end of the worldWhere I'll wait for you tonightWhere the roads all go to endWhere lost valentines get sentWhere the rose comes back to lifeWhere young love never diesWhere we never said goodbyeYou don't say no, just get inClose your eyes, there's no sinDon't hold back, just let goTake your time, take it slowIt's me and you in our room at the end of the worldThere's a room at the end of the worldWhere your memories are safeThere's a room at the end of the worldJust gotta have some faithWhere the oppressed go to be heardAnd truth will have it's turnTake a look into these eyesNo place I'd rather be tonightNo place I'd rather be tonightDon't say no, just get inClose your eyes, there's no sinDon't hold back, just let goTake your time, take it slowIt's me and you in our room at the end of the worldThere's no looking back in our room, fade to blackThere's a room at the end of the worldWhere I want youThere's a room at the end of the worldWhere I wait for, I'll wait for youDon't say no, just get inClose your eyes, there's no sinDon't hold back, just let goTake your time, take it slowIt's me and you in our room at the end of the worldWhere I'll wait for youIn my room dreams are coming trueIn my room it's just me and youIn my room I'll rather wait;6.530;John Shanks / Jon Bon Jovi
Rosie;https://www.letras.mus.br/bon-jovi/297432/;Rosie whatcha doin' in this low class joint, dancing in the dark all dayYou used to be the darling of the high school sceneNow you put your love on displaySweaty hands hand you up a dollar billHungry eyes never seem to get their fillI used to watch you walking down the hallRemember when I used to call your nameRosie, RosieI wanna take you awayRosie, RosieI'm gonna make you mine somedayRosie I went with you for that rose tattoo, you promised no one else would seeAnd I would wait to drive you home from dancing schoolRemember when you danced just for meOur love was deeper than the night was longBut things just didn't work out like our favorite songBaby don't you know we could have had it allRosie do you see me when you hear them call your nameRosie, RosieI wanna take you awayRosie, RosieI'm gonna make you mine somedayPromises are promised, some are meant to keepSome are meant to breaking 'cause you're in too deepI wish I'd never seen this place beforeBecause it kills me when I hear them call your nameRosie, RosieI wanna take you awayRosie, RosieI'm gonna make you mine someday;9.224;Richie Sambora
Roulette;https://www.letras.mus.br/bon-jovi/4993/;Bet the black, comes in redCrimes of passion rule my headI need you, you want him, dressed to killWe live in sinI know the game you play, I know it wellYou just keep on playin' when all the bets are downRoulette, goin' round in a spinCaught up in a game you can't winRoulette, you're just a fantasyIts everything that you want it to bePlay the numbers one by oneFire the shot and the damage is doneRestless lovers pay the priceCheating hearts don't think twiceWhen you make the rulesNo one can slow you downYou just keep 'em waitingWhen you're on the prowlRoulette, goin' round in a spinCaught up in a game you can't winRoulette, you're just a fantasyIts everything that you want it to beBackdoor runner got away this timeLeaves her mark at the scene of the crimeNothing matters no faces no namesYou're just a number, its all the sameYou just love to play the gameI know the game you play, I know it wellYou just keep on playin' when all the bets are downRoulette, goin' round in a spinCaught up in a game you can't winRoulette, you're just a fantasyIts everything that you want it to be;14.715;Jon Bon Jovi / Richie Sambora
Run Run Rudolph (Run Rudolph Run);https://www.letras.mus.br/bon-jovi/297434/;"Come on reindeers, you know your the mastermindYou better run run Rudolph, Santa's gettin' far behind!Run run Rudolph, Santa's gotta make it to town!If Santa makes 'em high tail it, we can take the freeway downYou gotta run run Rudolph, racin' like a merry-go-roundSaid Santa to the child, ""Hey boy, what have you been longing for?""He said ""All I want for Christmas is a rock n' roll electric guitar""And then away went Rudolph racin' like a shooting starYou gotta run run Rudolph, Santa's gotta make it to town!If Santa makes 'em high tail it, we can take the freeway downWell run run Rudolph, racin' like a merry-go-roundCome on David, take it!!!Well said Santa to the little girl ""What is it that you wanna get?""""A little baby doll that can cry, sleep, drink and wet""Well away went Rudolph, racin' like a searing jetYou gotta run run Rudolph, Santa's gotta make it to town!If Santa makes 'em high tail it, we can take the freeway downWell run run Rudolph, racin' like a merry-go roundRun run Rudolph (X5)Racin' like a merry-go roundRun run Rudolph (X5)";7.017;Sabe de quem é a composição? Envie pra gente.
Runaway;https://www.letras.mus.br/bon-jovi/4970/;On the street where you live girls talk about their social livesThey're made of lipstick, plastic and paintA touch of sable in their eyes(All your life) all your life all you've askedWhen's your daddy gonna talk to youBut you was livin' in another worldTryin' to get your message throughNo one heard a single word you saidThey should have seen it in your eyesWhat was goin' around your headOh, she's a little runawayDaddy's girl learned fastAll those things she couldn't sayOh, she's a little runawayTake a line every nightGuaranteed to blow your mindI see you out on the streetsCallin' for a wild timeSo you sit home aloneCause there's nothin' left that you can doThere's only pictures hung in the shadowsLeft there to look at youYou know she likes the lights at nightsOn the neon Broadway signsShe don't really mindIt's only love she hoped to findOh, she's a little runawayDaddy's girl learned fastAll those things she couldn't sayOh, she's a little runawayNo one heard a single word you saidThey should have seen it in your eyes (seen it in your eyes)What was goin' around your headOh, she's a little runawayDaddy's girl learned fastAll those things she couldn't sayOh, she's a little runawayDaddy's girl learned fastNow she works the night awayOh, she's a little runawayDaddy's girl learned fastAll those things she couldn't sayOh, she's a little runawayDaddy's girl learned fastNow she works the night awayOh, she's a little runaway;485.273;George Karak / Jon Bon Jovi
Sad Song Night;https://www.letras.mus.br/bon-jovi/297435/;She was a little bit olderI was a little bit shyBut I knew how to kissHer lips with mineWhiskey breath and cigarettesThere's smell perfume and that's as good as it getsShe taught me how to dance in a Spanish townShe got a kick out of watching me spin round and roundStars shawn bright and the moon hung lowWillie Digger singing on the radioWell it's a sad song nightWith a long ago girl running through my mindIt's a sad song nightAin't nothing stops time like a sad song nightSad song nightShe came in the room, wild flowers in her hairShe lit the way with a hundred candles up the stairsWe made love in a Chinese lantern roomAin't it a bitch it had to end so soonWell it's a sad song nightWith a long ago girl running through my mindIt's a sad song nightAin't nothing stops time like a sad songIt's a sad song nightWith a long ago girl running through my mindAnother sad song nightAin't nothing stops time like a sad song nightWell I never went back to the Spanish townHung up my dancing showsAnd the world kept on spinning round and roundI think of her when they play that songSometimes I even sing along...Well it's a sad song nightWith a long ago girl running through my mindIt's a sad song nightAin't nothing stops time like a sad songIt's a sad song nightWith a long ago girl running through my mindAnother sad song nightAin't nothing stops time like a sad songIt's a sad song nightIt's a sad song nightSad song nightSad song;7.951;Sabe de quem é a composição? Envie pra gente.
Santa Claus Is Coming To Town;https://www.letras.mus.br/bon-jovi/297437/;Oh! You better watch outYou better not cryYou better not poutI'm telling you why:Santa Claus is coming to town!He's making a listChecking it twiceGonna find out who's naughty or niceSanta Claus is coming to town!He sees you when you're sleepingHe knows when you're awakeHe knows if you've been bad or goodSo be good for goodness sake!Oh! You better watch outYou better not cryYou better not poutI'm telling you why:Santa Claus is coming to town!;9.309;Sabe de quem é a composição? Envie pra gente.
Santa Fe;https://www.letras.mus.br/bon-jovi/1623112/;They say that no man is an islandAnd good things come to those who waitBut the things I hear are thereJust to remind meEvery dog will have his dayThe spirits they intoxicate meI watched them infiltrate my soulThey try to say it's too late for meTell my guns I'm coming homeI swear I'm gonna live foreverTell my maker he can waitI'm riding somewhere south of heavenHeading back to Santa FeIt's judgment day in Santa FeOnce I was promised absolutionThere's only one solution for my sinsYou gotta face your ghosts and knowWith no illusionsThat only one of you is going home againAnd I blame this world for makingA good man evilIt's this world that can drive aGood man madAnd it's this world that turns a killerInto a heroWell I blame this world for makingA good man badNow I ain't getting into heavenIf the devil has his wayI swear I'm gonna live foreverHeading back to Santa FeGot debts to pay in Santa FeIt's judgment day in Santa FeSoloSo I save a prayerFor when I need it mostTo the Father, SonAnd the Holy GhostAnd sign it from a sinnerWith no nameWhen I meet my makerWill he close the bookOn the hearts I brokeAnd the lives I tookWill he walk away'Cause my soul'sToo late to saveNow I ain't getting into heavenIf the devil has his wayI swear I'm gonna live foreverHeading back to Santa FeGot debts to pay in Santa FeIt's judgment day in Santa Fe;45.354;Jon Bon Jovi
Satellite;https://www.letras.mus.br/bon-jovi/297438/;"Are you out there?Can you hear me?Do you know my whereabouts?Do you know what I'm all about?Through the static you're so close, so far awayAre you listening?I'm desperateSendin' out an sos'Cause I'm lost; I must confessThrow a lifelineI'm down here drownin'In the deepest part of meSatelliteCan you feel me?SatelliteCome and heal meAre you watchin' over me tonight?I need to know you're out thereAre your lines open and receiving?You know I got so much to sayI just don't want to fade awayKeep on talking, 'cause you're keeping me aliveEverybody hurts (everybody hurts)Everybody cries (everybody cries)Everybody needs someoneTo save them sometimesEverybody hurts (everybody hurts)Everybody cries (everybody cries)Everybody needs someoneTo save them sometimes(Save them sometimes)SatelliteCan you feel me?SatelliteCome and heal meAre you watchin' over me tonightI need to know you're out thereSatelliteSatellite";4.978;Sérgio Bittencourt / Jon Bon Jovi / Richie Sambora
Saturday Night Gave Me Sunday Morning;https://www.letras.mus.br/bon-jovi/saturday-night-gave-me-sunday-morning/;I was living my lifeLike a long lost weekendNever felt nothing, jumping right into the deep endI wasn't missing nothingThat was ever worth gettingNever hung around enough to regret itYou came walking in the late but just in timeYou ended my excusesWith a ten cent rhymeYour shoes and attitude were stacked way up highI knew right then you wereThe story of my lifeOh Saturday night gave me Sunday morningOpened my eyes, now it's a new day dawningThink I might have pushed my luck a time or twoEverything about us is what gets me throughI never thought I'd hear the church bells ringingI never learned the song this heart was singingNo regrets, I took that step yeah I'm still fallingSaturday nights gave me Sunday morning, yeahWhen you driving down a street that's only going one wayWhen everyday starts feeling like a month of MondaysYou should know, I still got something left to proveI know what it takes to get back to you, oh!Oh Saturday night gave me Sunday morningOpened my eyes, now it's a new day dawningThink I might have pushed my luck a time or twoEverything about us is what gets me throughI never thought I'd hear the church bells ringingI never learned the song this heart was singingNo regrets, I took that step yeah I'm still fallingSaturday nights gave me Sunday morning, yeahRemember those nights staring out at the lightsMaking time with our feet the in sandMaking up words to our favourite songsLaughing loud with those drinks in our handsAnd as that boy put his head on her shoulderShe pulled him tight to get a bit closerAnd as the world just disappearedYou whispered in my earOh Saturday night gave me Sunday morningOpened my eyes, now it's a new day dawningThink I might have pushed my luck a time or twoEverything about us is what gets me throughI never thought I'd hear the church bells ringingI never learned the song this heart was singingNo regrets, I took that step yeah I'm still fallingSaturday nights gave me Sunday morning, yeah;15.971;John Shanks / Jon Bon Jovi / Richie Sambora
Saturday Night's Alright (For Fighting);https://www.letras.mus.br/bon-jovi/1876961/;"It's getting late have you seen my matesMa tell me when the boys get hereIt's seven o'clock and I wanna rockWanna get a belly full of beerMy old man's drunker than a barrel full of monkeysAnd the old lady she don't careMy sister looks cute in her braces and bootsA handful of grease in her hairDon't give us none of your aggravationWe had it with your disciplineSaturday night's alright for fightingGet a little action inGet about as oiled as a diesel trainGonna set this dance alight'Cause Saturday night's the night I likeSaturday night's alright (alright, alright)Well they're packed pretty tight in here tonightI'm looking for a dolly who'll see me rightI may use a muscle to get what I needI may sink a little drink and shout out ""She's with me!""A couple of the sound that I really likeAre the sounds of a switchblade and a motorbikeI'm a juvenile product of the working classWhose best friend floats in the bottom of a glassDon't give us none of your aggravationWe had it with your disciplineSaturday night's alright for fightingGet a little action inGet about as oiled as a diesel trainGonna set this dance alightSaturday night's the night I likeSaturday night's alright (alright, alright)Saturday 9X night's alrightSaturday 9X night's alrightBring it downSaturday 9X night's alrightSaturday 9X night's alrightSaturday 9X night's alright";3.735;Sabe de quem é a composição? Envie pra gente.
Save A Prayer;https://www.letras.mus.br/bon-jovi/100695/;Dear Lord, Jesus, Buddah, Allah or can I just call you JoeI've got a lot of things to tell you and some things I gotta knowI'm tired of hearing talk about this world's about to endIf we can die together then can't we all be friendsI gotta knowHey, I gotta knowSo Mister can you tell me, gotta knowBaby can you tell me, gotta knowWhoa oh oh I gotta knowYeah, Yeah, Yeah, I gotta knowBaby can you help me, gotta knowI gotta knowDid you ever feel like you were drowning,did you ever feel betrayed by a kiss?Did you ever feel like you needed somebody,would you feel alone in a world like this?Did you ever feel like you needed shelter,did you ever laugh when you wanted to cry?Did you ever dream about evolution,don't you ever feel like your living a lie?Oh, Whoa, too many children grow up blind to the truth.I say, Oh Oh, Oh, Oh,say a prayer for me,I'll save a prayer for you.Did you ever feel like you were helpless,did you ever feel like an open wound?Did you ever feel that there ain't no forgiveness,did you ever feel that close to the.truth.Oh Whoa, the world closed their eyes on the blinding truth.I say, Oh, Oh, Oh, Oh , say a prayer for me,and I'll save a prayer for youI'll save a prayer for you, I'll save a prayer for you,I'll save a prayer.... for you, for you, for you.I'll save a prayer.Did you ever feel like you need shelter,did you ever feel like you lived through the flood?Did you ever feel a lust for survival, did you ever feel, feel, feel?The world keeps turning.Rooms still burning.There's too many hearts that haven't found a home.This train's on the tracks and the world's on my back,save a prayer for me and I'll save one for you.No one to blame , but it's hard to explain,why too many soul's are feeling so alone.You've got to hold on if it's all you can do.Save a prayer for me, I'll save a prayer for you.I'll save a prayer for you, I'll save a prayer for you,I'll Save a prayer....for you, for you, for you.;14.428;Jon Bon Jovi / Richie Sambora
Save The Last Dance For Me;https://www.letras.mus.br/bon-jovi/1876962/;1, 2, 3, 4You can danceEvery dance with the guy who gives you the eye let him hold you tightAnd you can smileEvery smile for the man who holds your hand beneath the pale moonlightBut don't forgetWho's taking you home and in whose arms you're gonna beOh darling, save the last dance for meYou can danceGo and carry on till the night is gone go and have your funLaugh and singBut while we're apart don't give your heart to just anyoneSo don't forgetWho's taking you home and in whose arms you're gonna beSo darling, save the last dance for meBaby don't you know I love you soCan't you feel it when we touchI'll never going to let you go'Cause I love you so muchAnd you can danceGo and carry on till the night is gone go and have your funAnd if he asksAre you all alone, can he walk you home you must tell him noSo don't forgetWho's taking you home and in whose arms you're gonna beOh darling, save the last dance for meDarling save the last dance for meDarling save the last dance for me;5.091;Sabe de quem é a composição? Envie pra gente.
Save The World;https://www.letras.mus.br/bon-jovi/4956/;I never went to collegeI don't have a degreeLet's say I went to night schoolI learned all I know on the streetsI wasn't born a rich manI ain't got no pedigreeThe sweat on this old collarThat's my PhDIt comes down to thisI wouldn't existWithout you it ain't worth the grindI'd fight for one kissOn a Moon night like thisYou make me feel I could fly, likeI can save the worldSince the night your love saved meMaybe I can't save the worldBut as long as you believeMaybe I can save the worldI got to confessSometimes I'm a messAnd sometimes I step out of lineLike this old tattooI ain't shiny or newWith you by my side nothing mattersI can save the worldSince the night your love saved meMaybe I can't save the worldBut as long as you believeMaybe I can save the worldThey can say it's blind loveBut it's a fool who don't believeThat I'd fly all the way to the MoonJust to walk you down your streetI could save the worldSince the night your love saved meMaybe I can't save the worldBut as long as you believeOur love is even strongerThan God hoped it could beBaby, all it takes isJust a little faith in meTo feel likeI can save the worldI can save the world;20.394;Sabe de quem é a composição? Envie pra gente.
Say It Isn't So;https://www.letras.mus.br/bon-jovi/4957/;I just can't believeIt was all a lieNo man in the MoonJust a big light in the skyI hear DisneylandMight lose Mickey MouseIn some giant hostile corporate skake-upTell me it's a nightmarePlease wake me up (say it isn't so)I found a book of matchesFrom some place we've never beenHow come you hang the phone upThe minute I walk in?Last night I had this dreamThat I was losing youI woke up in a cold sweat shakingRescue me, my heart is breakingSay it isn't so (tell me it's not true)Say it isn't so (I believe in you)Tell me it's a lie (I don't need no proof)Say everything's alright (couldn't be, not you)Say it isn't soSuperman don't flyThey did it all with stringsElvis Presley diedThe deep-fried the kingLike some tacky cheesy bathing beautyDancing on the beach in a bad B-movieSay it isn't so (tell me it's not true)Say it isn't so (I believe in you)Tell me it's a lie (I don't need no proof)Say everything's alright (couldn't be, not you)Say it isn't so (don't give up on me)Say it isn't so (don't give up on you)Get me through the night (we will make it through)Make everything alright (couldn't be, not you);40.417;Billy Falcon / Jon Bon Jovi
Scars On This Guitar;https://www.letras.mus.br/bon-jovi/scars-on-this-guitar/;Another Friday night I'm somewhereA little drunk and worn out from the showIt's a hallway to a hotel roomThe truck's already rolling down the roadI find the lights, take off my coatI see her there just lying on the bedShe's seen me through my yesterdaysGod knows tonight I'm needing her againShe's the place I goWhen there's nowhere left to run toShe's the one I holdWhen there's no one to hold on toShe's been with me late at nightWhen I was drowning in the darkShe heard my every wordWhen I was pouring out my heartSo I thank my lucky starsFor every crack, scratch and scar on this guitarShe's given me her bestWhen I am at my worstWhen I can't find the piecesFingers scratching in the dirtShe offers no forgiveness‘Cause she likes to make it hurtShe's the place I goWhen there's nowhere left to run toShe's the one I holdWhen there's no one to hold on toShe's been with me late at nightWhen I was drowning in the darkShe heard my every wordWhen I was pouring out my heartSo I thank my lucky starsFor every crack, scratch and scar on this guitarMorning like a freight trainLast night still ringing in my headBefore today becomes tomorrowTonight I know I'll do it all againShe's the place I goWhen there's nowhere left to run toShe's the one I holdWhen there's no one to hold on toShe's been with me late at nightWhen I was drowning in the darkShe heard my every wordWhen I was pouring out my heartSo I thank my lucky starsFor every crack, scratch and scar on this guitarAnd so I thank my lucky starsFor every crack, scratch and scar on this guitar;11.977;Billy Falcon / Brett James / Jon Bon Jovi
Seat Next To You;https://www.letras.mus.br/bon-jovi/1010162/;Long slow drive down an old dirt roadYou've got your hand out the window,Listening to the radioThat's where i want to be...On an old park bench in the middle of decemberCold hard rain fallin', can't find no coverThat would be alright with me...Hard days, good times, blue skies, dark nightsBaby, i want you to take me ...Wherever you're going toMaybe say that you'll save me ...A seat next to youIn the corner booth of a downtown barWith your head on my shoulderSmokin' on a cheap cigar...That would be alright with meIn the back row of a movie or a cross-town trainI wanna hear your voice whispering my name...That's where i want to beHard days, good times, blue skies, dark nightsBaby, say that you'll take me ...Wherever you're going toMaybe say that you'll save me ...A seat next to youLife is like a ferris wheel spinning aroundWhen you get to the top it's hard to look downJust hang on ... we'll make it throughSave me ... a seat next to youWhen you get to the gates and all the angels singGo to that place where the church bells ringAnd know i'll come running ... running to find youBaby, say that you'll take me ...Wherever you're going toMaybe i want you to save me ...A seat next to youA seat next to youA seat ... next to youA seat ... next to you;25.661;Hillary Lindsey / Jon Bon Jovi / Richie Sambora
Secret Dreams;https://www.letras.mus.br/bon-jovi/5019/;Riding high, then shot downI load my guns to fire another roundI look deep into your eyesAnd can't run there's nowhere left to hide.Don't stop, no it's much too lateWhen the night comes I can't waitOh I live, love to loose controlIt makes me crazy I want to let you know.Oh, no, I don't want to fallOh, oh, can't you hear me callingAll night long in my secret dreamsYou tell me I'm the oneWhen I'm next to you-next to you.All I want in my secret dreamsIs you here with me.I got to get to you, get to you, get to you.There's a thrill, in the chaseWe won't lose when we meet face to lace.Love, games a means without and end.I go down but I'll be back againThru' the night with no retreatWhen your with me in my sleep.Oh, no, I don't want to fallOh, oh, can't you hear me callingAll night long in my secret dreamsYou tell me I'm the oneWhen I'm next to you-next to you.All I want in my secret dreamsIs you here with me.I got to get to you, get to you, get to you...All night long in my secret dreamsYou tell me I'm the oneWhen I'm next to you-next to you.All I want in my secret dreamsIs you here with me.I got to get to you, get to you, get to you.I can see youI feel you every nightI need youBut I'm only dreamingAll night long in my secret dreamsYou tell me I'm the oneWhen I'm next to you-next to you.All I want in my secret dreamsIs you here with me.;15.519;Bill Grabowski / Jon Bon Jovi / Richie Sambora / Tico Torres
Seeds;https://www.letras.mus.br/bon-jovi/seeds/;There's a deep crack in the sidewalkNear the park bench on my streetIf you don't trip, you'll walk by itThere's a whole world we don't seeYou don't have to fix what is brokenYou only get better at copingThe road don't always know where it's goingWe keep rolling and rolling and rollingWe're seeds trying to find our place in the weedsBusting through the cracks in the streetWe keep reaching for light, reaching for lightWe're seeds, even if we fall like the leavesBusting through the cracks in the streetWe keep reaching for light, reaching for lightThere's a sadness in the seasonsLike the friends who come and goThe heartbreak, the gloryEach writing their storyWe'll never get to knowBe happy for the tears that you're cryingThe cracks are where we let all the light inPut yourself out there in the openJust keep growing and growing and growingWe're seeds trying to find our place in the weedsBusting through the cracks in the streetWe keep reaching for light, reaching for lightWe're seeds, even if we fall like the leavesBusting through the cracks in the streetWe keep reaching for light, reaching for lightBe happy for the tears that you're cryingCracks are where we let all the light inPut yourself out there in the openJust keep growing and growing and growingWe're seeds trying to find our place in the weedsBusting through the cracks in the streetWe keep reaching for light, reaching for lightWe're seeds, even if we fall like the leavesBusting through the cracks in the streetWe keep reaching for light, reaching for light;1.936;Sabe de quem é a composição? Envie pra gente.
Sera Que La Cancion Llego Hasta El Sol;https://www.letras.mus.br/bon-jovi/619087/;Si el camino surge de la nada,será que mi canción ,llego hasta el sol.Si algo te sacude sin sentidoserá que la canción ,llego hasta el sol.La tristeza se va como una luz,todo es armonía a mi alrededor,y esta bien.Alguien va subiendo la colina,será que la canción,llego hasta el sol,Y otro va muy loco,hundido en su mente,será que la canción,llego hasta el sol.Una brisa volara en el amanecery un extraño tiempo ,nos envolverá por fin.Esta noche se oirádentro de tu piel,no hay ningún momento ,que se pueda comparar al amor.Si se escucha el eco,si el viento dice adiós,será que la canción,llego hasta el sol.;4.356;Sabe de quem é a composição? Envie pra gente.
She Don't Know Me;https://www.letras.mus.br/bon-jovi/5006/;What more can I do?There's nothing I haven't triedStill it's so hard for her to noticeI've tried hard to be straightThere's nothing left I can sayIf only she would look my wayShe don't know me, she don't knowShe don't see me, she don't careShe can't hear me, she can't hearCannot help me, she don't wantShe don't want me, like I want herLike I want her, I gotta tell herGot to tell her, That I love herThat I love herShe doesn't even know my nameI dream of when she'll be mineI dream of crossing that lineAnd holding her so tenderDreaming it could come trueSo many things I could doIf only you'd give me a chanceShe don't know me, she don't knowShe don't see me, she don't careShe can't hear me, she can't hearCannot help me, she don't wantShe don't want me, like I want herLike I want her, I gotta tell herGot to tell her, That I love herThat I love herShe doesn't even know my nameShe don't know me, she don't knowShe don't see me, she don't careShe can't hear me, she can't hearCannot help me, she don't wantShe don't want me, like I want herLike I want her, I gotta tell herGot to tell her, That I love herThat I love herShe doesn't even know my name;36.296;Marc Avsec
She's a Mystery;https://www.letras.mus.br/bon-jovi/4926/;She won't let me buy her jewelryShe don't want things that she can keepShe wears wild flowers in her hairThen throws them to the seaShe's the beginning and the end of me butShe's a mysteryMy most beautiful regretI will never understand herShe's a mysteryI still don't know what to call herShe says that words don't mean a thingShe changes her name every dayAnd lies all the timeI feel lucky to call her mineShe's a mysteryMy most beautiful regretI will never understand herShe's a mysteryThe only promise I can keepEven in my dreams she ruins meShe's anything in the worldThat you cannot explainBut when she throws me a smileIt's like fire in the rain butShe's a mysteryMy most beautiful regretI will never understand herShe's a mysteryShe's a mysteryThere's no defenseIt's innocenceBut she won't let you see'Cause she's a mystery;20.953;Jon Bon Jovi / Peter Stuart / Greg Wells
Shine;https://www.letras.mus.br/bon-jovi/shine/;Here in the dark alone with the starsJust the man in the MoonAnd the beat of my heartThe curl of your lip the soft of your skinThe silence that singsYour song on the windThe wildest dreamCould not compareTo the simple truth of you standing thereThere ain't no sight no soundThat makes my world go roundI come alive, with you by my sideI can't get close enoughWhenever I feel your touchNothing lights up my skyLike watching you shineI'm watching you shineA box for your dreamsA bow for your heartTake a stick and a stoneAnd we'll make a sparkIn your eyes I can seeA thousand foreversWe started this fireWe're building togetherTomorrow seems so far from hereTake my hand I'll take you thereThere ain't no sight no soundThat makes my world go roundI come alive, with you by my sideI can't get close enoughWhenever I feel your touchNothing lights up my skyLike watching you shineI'm watching you shineThe wildest dreamsCould not compareTo the simple truth of you standing thereThere ain't no sight no soundThat makes my world go roundI come alive, with you by my sideI can't get close enoughWhenever I feel your touchNothing lights up my skyLike watching you shineI'm watching you shine;2.763;Billy Falcon / John Shanks / Jon Bon Jovi
Shooting Star;https://www.letras.mus.br/bon-jovi/1876956/;Johnny was a school boy when he heard his first Beatles songLove Me Do, I think it was and from there it didn't take him longGot himself a guitar, used to play every nightNow he's in a rock & roll outfit, and everything's all rightDon't you know?Johnny told his momma, he said momma I'm goin' awayI'm gonna hit the big time, gonna be a big star somedayMomma came to the door with a tear drop in her eyeJohnny said, don't cry momma, smile & say goodbyeDon't you know?Don't you know that you are a shooting star?Don't you know, oh yeahDon't you know that you are a shooting star?And all the world is gonna love you just as longAs long as you areJohnny made a record, went straight up to number oneSuddenly everybody wanted to hear him sing the songWatching the world go by, surprisin' it goes so fastJohnny looked around him and said, I made the big time at lastDon't you know, oh yeahDon't you know that you are a shooting star?Don't you know?Don't you know that you are a shooting star?And all the world is gonna love you just as longAs long as you are, yeah, yeahThat's right, yeahJohnny died one night, died in his bedBottle of whiskey, sleepin' tablets in his headJohnny's life passed him by like a warm summer day (warm summer day)When you listen to the wind, you can still hear him playDon't you know, oh yeahDon't you know that you are a shooting star?Don't you know, don't you, don't you, don't you, don't you know?Don't you know that you are a shooting star?Don't you know?;3.346;Sabe de quem é a composição? Envie pra gente.
Shot Through The Heart;https://www.letras.mus.br/bon-jovi/72706/;Shot through the heart, it's all part of the game that we call loveWould you be content to see me cryingAfter all those little games you put me through?After all I've done for you you're lyingWouldn't it be nice to tell the truth?Didn't somebody somewhere sayYou're gonna take a fallI gave you everythingNow here's the curtain callShot through the heart as I lay there aloneIn the dark through the heartIt's all part of this game that we call loveNow you've come back here to say you're sorryBut I don't know who you're talking toIt could be the man I used to be, girlBut I've grown up and now I'm over youStanding there just a live wireWith nowhere left to turnYou were gonna set the world on fireWhen will you ever learn?Shot through the heart as I lay there aloneIn the dark through the heartIt's all part of this game that we call loveDidn't somebody somewhere sayYou're gonna take a fall?I gave you everythingNow here's the curtain callAnd I'm shotBaby does what baby pleaseAnd baby must have what she seesBut not this time, the tables turnedBaby, you just got burnedShot through the heart as I lay there aloneIn the dark through the heartIt's all part of this game that we call love;49.245;Jack Ponti / Jon Bon Jovi
Shout;https://www.letras.mus.br/bon-jovi/1876957/;Well, you know you make me wanna(Shout) Throw my hand up(Shout) Kick my heels back(Shout) Throw my head back(Shout) Come on now (Shout)Don't forget to say you will(Shout, Shout) Don't forget to say(Shout) Yeah yeah yeah yeah, come on(Say you will) Say it right now, baby(Say you will) Come on, come on(Say you will) Say it right now, baby(Say you will)I still rememberWhen you used to be nine years old yeah, yeahAnd now that you're grown upYou're old enough to knowAnd you wanna leave meYou wanna let me goI want you to knowI said I want you to know right nowYou've been good to me, babyBetter than I've been to myselfAnd if you ever leave meI don't want nobody elseI said I want you to knowI said I want you to know right nowYou know you make me wanna(Shout) Kick my shoes off(Shout) Throw my hands up(Shout) Take my pants off(Shout) Come on now(Shout) Don't forget to say you will(Shout, Shout) Don't forget to say(Shout) Yeah yeah yeah yeah, come on(Say you will) Say it right now, baby(Say you will)(Say) Say that you love me(Say) Say that you need me(Say) Say that you want me(Say) Don't ever leave me(Shout) Come on now(Shout) Come on now(Shout) Come on now(Shout) Come on now(Shout) A little bit softer now(Shout) A little bit louder nowHey (hey) hey (hey)Yeah (yeah) yeah (yeah)Shout nowA little shout nowJump up and shout nowA little shout nowCome on (shout now)Come on now (shout now)Come on now (shout now)Come on now (shout now)Come on jump up and shout nowA little shout nowJump up and shout nowA little shout nowJump up and shout nowA little shout nowJump up and shout nowA little shout now, yeah;5.076;O'Kelly Isley / Ronald Isley / Rudolph Isley
Shut Up And Kiss Me;https://www.letras.mus.br/bon-jovi/297440/;I don't wanna talk about itBaby wanna talk all nightYou're on your feet six days a weekWe're working nights just trying to make ends meetWe break our backs on the killing floorAnother guy's what's we're doing it forWe got a lot, we don't moreRefrão:We're rolling, babyTell me when you goRolling, readyTell me where to goI don't wanna watch the TVWash the dishes now or pay the billsDon't wanna eat, don't need to sleepThe only real meal that gives me a thrillDon't need no candles, you're the sparkDon't need no matches, just a fire in the darkWe come together and that's a good startBaby, we're crazyAnd I know that you can't hide'Cause the earth anywhereThere up on the other sideWe break our backs on the killing floorAnother guy's what's we're doing it forWe got a lot, we don't moreRefrãoBaby, we're crazyAnd I know that you can't hide'Cause the earth anywhereThere up on the other side;8.546;Jon Bon Jovi / Richie Sambora
Signed Sealed Delivered;https://www.letras.mus.br/bon-jovi/1876958/;Like a fool I went and stayed too longNow I'm wondering if your love's still strongOo, baby, here I am, signed, sealed, delivered, I'm yours!Then that time I went and said goodbyeNow I'm back and not ashamed to cryOo, baby, here I am, signed, sealed, delivered, I'm yours!Here I am babySigned, sealed, delivered, I'm yoursHere I am babySigned, sealed, delivered, I'm yoursI've done a lot of foolish thingsThat I really didn't meanSeen a lot of things in this old worldWhen I touch them, they mean nothing, girlOo, baby, here I am, signed, sealed, delivered, I'm yours!Oowee baby, you set my soul on fireThat's how you know you're my heart's desireOo, baby, here I am, signed, sealed, delivered, I'm yours!Here I am babySigned, sealed, delivered, I'm yoursHere I am babySigned, sealed, delivered, I'm yoursI've done a lot of foolish thingsThat I really didn't mean, girlHere I am babySigned, sealed, delivered, I'm yoursHere I am babySigned, sealed, delivered, I'm yoursCome on baby, one more timeHere I am babySigned, sealed, delivered, I'm yoursHere I am babySigned, sealed, delivered, I'm yours;1.254;Sabe de quem é a composição? Envie pra gente.
Silent Night;https://www.letras.mus.br/bon-jovi/5012/;After the smoke clearsWhen it's down to you and IWhen the Sun appearsAnd there's nothing left but goodbyesWe'll just turn and walk awayHow could we let it end like thisJust turn and walk awayShould we seal it with a kissIt's too lateNow you're out and on the runIt's too lateHeld up in love without a gunSilent nightWe hold up our candle lightSilent nightThe night our love died, no words to sayAnd we're both too tired to fightJust hold me close and don't let goIt was all so simple whenYou were to be queen and I'd be your kingI guess those dreams got lostCause baby you're still you and I'm still meNow letting goIt's always the hardest part to fightWhen we both knowWe're just two more victims of the nightIt's too lateToo late to wonder whyMuch too lateTo save a love that's diedSilent nightWe hold up our candle lightSilent nightThe night our love died, no words to sayNow we're both too tired to fightJust hold me close and don't let goJust hold me close and don't let me goAfter the smoke clearedIt was down to you and IWhen the Sun appearedThere was nothing left but goodbyesSilent night;16.646;Franz Gruber / Joseph Mohr
Smokin' In The Boys Room;https://www.letras.mus.br/bon-jovi/1876959/;Sittin' in the classroom thinkin' it's a dragListening to the teacher rap -- just ain't my bagWhen two bells ring you know it's my cueGonna meet the boys on floor number 2Smokin' in the boys roomSmokin' in the boys roomTeacher don't you fill me up with your rulesEverybody knows that smokin' ain't allowed in schoolCheckin' out the halls makin' sure the coast is clearLookin' in the stalls -- nah, there ain't nobody hereMy buddies Sixx, Mick & TomTo get caught would surely be the death of us allSmokin' in the boys roomSmokin' in the boys roomTeacher don't you fill me up with your rulesEverybody knows that smokin' ain't allowed in schoolPut me to work in the school bookstoreCheck-out counter, and I got boredTeacher was lookin' for me all aroundTwo hours later you know where I was foundSmokin' in the boys roomSmokin' in the boys roomTeacher don't you fill me up with your rulesEverybody knows that smokin' ain't allowed in schoolSmokin' in the boys roomSmokin' in the boys roomSmokin' in the boys roomSmokin' in the boys roomTeacher don't you fill me up with your rulesEverybody knows that smokin' ain't allowed in schoolOne more timeSmokin' in the boys roomSmokin' in the boys roomTeacher I ain't foolin' around with your rulesEverybody knows that smokin' ain't allowed in school;1.104;Sabe de quem é a composição? Envie pra gente.
Social Disease;https://www.letras.mus.br/bon-jovi/4997/;You can read it in the papersIn some places it comes in thirty-two flavorsBut you wouldn't tell no oneYour favorite if you couldFrom the White House to the alleysFrom the President down to Long Tall SallyCan't live with it but you'll die without itYes you wouldSenorita's in the kitchenShe's a fistful of dynamiteYou call 911 but you can't stop the fun tonight, it's alrightYou can't start a fire without a sparkBut there's something that I guaranteeYou can't hide when infection startsBecause love is a social diseaseWhere you look you can find itTry to run but you're always behind itSo you play hide and seek like a blind kidTill you're caught, yeah you're caughtSo you'll say that you had someBut they took it and held it for ransomWere they tall, dark, skinny or handsomeYou won't talkSo you telephone your doctorJust to see what pill to takeYou know there's no prescriptionGonna wipe this one awayYou can't start a fire without a sparkBut there's something that I guaranteeYou can't hide when infection startsBecause love is a social diseaseSo full of high grade octaneShe could run the bullet train on 38 double d'sNow you know for sure, you know the cureTo make a blind man see;12.305;Jon Bon Jovi / Richie Sambora
Someday I'll Be Saturday Night;https://www.letras.mus.br/bon-jovi/4979/;Hey, man I'm alive I'm takin' each day and night at a timeI'm feelin' like a monday but someday I'll be saturday nightHey, my name is jim, where did I go wrongMy life's a bargain basement, all the good shit's goneI just can't hold a job, where do I belongI'm sleeping in my car, my dreams move onMy name is billy jean, my love was bought and soldI'm only sixteen, I feel a hundred years oldMy foster daddy went, took my innocence awayThe street life aint much better, but at least I get paidAnd tuesday just might go my wayIt can't get worse than yesterdayThursdays, fridays ain't been kindBut somehow I'll surviveHey man I'm alive I'm takin' each day and night at a timeYeah I'm down, but I know I'll get byHey hey hey hey, man gotta live my lifeLike I ain't got nothin' but this roll of the diceI'm feelin' like a monday, but someday I'll be saturday nightNow I can't say my name, and tell you where I amI want to roll myself away, don't know if I canI wish that I could be in some other time and placeWith someone elses soul, someone elses faceOh, tuesday just might go my wayIt can't get worse than yesterdayThursdays, fridays ain't been kindBut somehow I'll surviveHey, man I'm alive I'm takin' each day and night at a timeYeah I'm down, but I know I'll get byHey hey hey hey, man gotta live my lifeI'm gonna pick up all the pieces and what's left of my prideI'm feelin' like a monday, but someday I'll be saturday nightSaturday night here we goSome day I'll be saturday nightI'll be back on my feet, I'll be doin' alrightIt may not be tomorrow baby, that's okI ain't goin' down, gonna find a way, hey hey heyHey man I'm alive I'm takin' each day and night at a timeYeah, I'm down, but I know I'll get byHey hey hey hey, man, gotta live my lifeLike I ain't got nothin' but this roll of the diceI'm feelin' like a monday, but someday I'll be saturday nightI'm feelin' like a monday, but someday I'll be saturday nightSaturday night,all right, all rightSaturday night;248.924;Sérgio Bittencourt / Jon Bon Jovi / Richie Sambora
Someday Just Might Be Tonight;https://www.letras.mus.br/bon-jovi/118492/;Playing king of the mountain on a dead end streetAt the end of the block is where we cut our teethThe world was trying to sweep up off our feetI'd run home crying with cut up kneesAlright, mama said, It's alrightNow nothing's and it never willWhen you learn to swallow defeat like a bitter pillRemember the story about Jack 'n' JillThey ended up driving in a Coupe de VilleYou don't know when your ship will arriveDon't give up, don't give inStand and fight, you just might winWhen the ride gets roughHold on tightSomeday just might be tonightYou're the kind that goes swimming with a raincoat onWho's to say if you are right or wrongLet me know when you figured it outJust don't go drowning in a shadow of doubtDon't let the bastards make up your mindDon't give up, don't give inStand and fight, you just might winWhen the ride gets roughHold on tightSomeday just might be tonightYou may never find a treasure that's been washed up on the beachHeaven won't be waiting for you walking down these city streetsRemember Mama's Band Aids on your scabby kneesThey had to bleed for little victoriesDon't give up, don't give inStand and fight, you just might winWhen the ride gets roughHold on tightSomeday just might be tonightDon't give up, don't give inYou never when the ship will come inWhen the ride gets roughHold on tight'Cause someday just might be tonight;7.225;Jon Bon Jovi / Mark Hudson / Richie Sambora
Something For The Pain;https://www.letras.mus.br/bon-jovi/4937/;Happiness, it's been no friend to meBut forever after ain't what it's all cracked up to beYeah, I had a taste, you were my fantasyBut I almost lost my faith when I hit realityI don't need no guru to tell me what to doWhen you feeling like a headline on yesterday's newsCome on, come on, come onGive me something for the painGive me something for the bluesGive me something for the pain when I feel I've been danglin'fromA hang-man's nooseGive me shelter from the rainGive me something I can useTo get me through the nightMake me feel all right, something like youCome on, come on, come onLoneliness has found a home in meMy suitcase and guitar are my only familyI've tried to need someone, like they needed meI opened up my heart but all I did was bleedI don't need no lover, just to get screwedThey don't make a bandage that is going to cover my bruiseCome on, come on, come onGive me something for the painGive me something for the bluesGive me something for the pain when I feel I've been danglin'fromA hang-man's nooseGive me shelter from the rainGive me something I can useTo get me through the nightMake me feel all right, something like youCome on, come on. Come onPull me under (help I'm falling)Run through my veins (night is calling)To a place (feels like I'm flying)Where I feel no pain (Christ, I'm dying)Be the pillow under my headCover me when I'm in your bedTake me higher than I've ever beenTake me down and back againCome to me, be my disguiseOpen your coat, let me crawl insideCome on, come on, come onCome on, come on, come onGive me something for the painGive me something for the bluesGive me something for the pain when I feel I've been danglin'fromA hang-man's nooseGive me shelter from the rainGive me something I can useTo get me through the nightMake me feel all right, something like youCome on, come on, come onGive me something for the painGive me something for the bluesGive me something for the pain when I feel I've been danglin'fromA hang-man's nooseGive me something for the painGive me something I can useTo get me through the nightMake me feel all right, something like you;57.652;Richard Sambora / Jon Bon Jovi / Desmond Child
Something To Believe In;https://www.letras.mus.br/bon-jovi/4945/;I lost all faith in my God, in his religion tooI told the angels they could sing their songs to someone newI lost all trust in my friends, I watched my heart turn to stoneI thought that I was left to walk this wicked world aloneTonight I'll dust myself offTonight I'll suck my gut inI'll face the night and I'll pretendI got something to believe inAnd I had lost touch with reasonI watched life criticize the truthI've been waiting for a miracleI know you have tooThough I know I won't winI'll take this one on the chinWe'll raise a toast and I'll pretendI got something to believe inAnd I don't believe in Jesus, how can I believe The Pope?If I don't believe in heroin, how can I believe in dope?If there's nothing but survival, how can I believe in sin?The world that gives you nothing, I need something to believe inSomething to believe in, something to believe inI don't believe in Jesus, how can I believe The Pope?If I don't believe in heroin, how can I believe in dope?If there's nothing but survival, how can I believe in sin?In a world that gives you nothing, I need something to believe inSomething to believe inHey, hey, hey, heySomething to believe inHey, hey, hey, heySomething to believe inHey, hey, hey, heySomething to believe inHey, hey, hey, heySomething to believe inHey, hey, hey, heySomething to believe inHey, hey, hey, hey;70.085;Jon Bon Jovi
Spiritual Warfare;https://www.letras.mus.br/bon-jovi/spiritual-warfare/;Marry me to the blue skyBury me in that long last drop of hard rainMeet me where they stop timeThat’s you to me on the shovelThat’s digging deep graveTill I can waltz on the moonbeamTill I can find a way to turn all tears into wineI’ll hitch my ride to a daydreamWe can’t unkiss the lips that love is leaving behindI ain’t living with the ghostNo future living in the pastI’ve seen what hate has done to hopeTomorrow wasn’t built to lastI ain’t living with the ghostHow can I scream I’m scared to breathe?I wrote each word you gave the toastBut we were fire and gasolineI ain’t living with the ghostI set my sails over wheat fieldsRode waves of amber let a new sunshine on my faceI dropped the sword, put down my shieldI left your scars for the stars that are guiding my wayI traded hurting for healing, I must admit that I was reelingNow I’m feeling just fineTraded nightmares for dreamingGo tell your shadows that I got out alive!I ain’t living with the ghostNo future living in the pastI’ve seen what hurt has done to hopeI found the tree, I cut the ropeTomorrow wasn’t built to lastI ain’t living with the ghostHow can I scream I’m scared to breathe?I wrote each word you gave the toastBut we were fire and gasolineI ain’t living with the ghostLast night I had this dreamI saw a man wash his feet in the church holy waterThen he worked up to his kneesFrom his arms to his neckSaid I’m in over my headHe was crying, trying to get some reliefLord, I’m just trying to get some reliefI had this dreamThat man was meI ain’t living with the ghostNo future living in the pastI’ve seen what hurt has done to hopeI found the tree, I cut the ropeTomorrow wasn’t built to lastI ain’t living with the ghostHow can I scream I’m scared to breathe?I wrote each word you gave the toastBut we were fire and gasolineI ain’t living with the ghostThis isn’t how the story endsMy friends it’s just a fork along the roadDon’t say your prayers, save your amensYou’ve come this far, but you’re still far from homeDon’t say goodbye, just say farewellWrite every line you’ll live to tellHold your head high, like harryGive ‘em hellAs the night ignites the dayMake some memories along the way, ayWrite your songSing alongLove your lifeLearn to laughDare to danceTouch the skyTake pictures each step of the wayMake this the best of you the rest of your daysStart your revolutionAnd I’ll see you at the reunionSome friends will go and some will stayOk, some last a chapter, some a pageFor some, love some disguised as lustBut you’ll find love when you find trust one dayDo better than our parent didImperfect husband, wife and kidsGo chart your course, then turn it upside downGo live your life eyes open wideWho’s to say what’s wrong or right? Right?Write your songSing alongLove your lifeLearn to laughDare to danceTouch the skyTake pictures each step of the wayMake this the best of you the rest of your daysStart your revolutionAnd I’ll see you at the reunionAs the night ignites the dayMake some memories along the way!Write your songSing alongLove your lifeLearn to laughDare to danceTouch the skyTake pictures each step of the wayMake this the best of you the rest of your daysStart your revolutionAnd I’ll see you at the reunionI say go start your own revolution;696;Sabe de quem é a composição? Envie pra gente.
Stand Up;https://www.letras.mus.br/bon-jovi/297442/;Kids are rockin' to the radio, you got your friends in the car rarin' to goThe DJ tells you it's almost time for the showWhere's Roxy in the mirror fixin' her hair, looking at the stockings that she wants to wearFront row tickets everybody's gonna be thereAnd they're singing oooh, oooh, oooh, ooohThe night it comes to set the sceneAnd the band arrives in a limousineFlash your cameras, still seems like a dreamEverybody's walking forward in the hallWalkin' the seats at the Rock 'n Roll ballLipstick ladies driving you crazyYou know you can't sit down because you got to stand up, stand upThat's all you got to do, stand up, stand up the music'll pull you throughStand up, stand up, all ya gotta do isStand up, stand up, the time is here and tonight we're here for youAll right, yeah, it's getting late so you can't go farThe roadie tunes that last guitarThe band can't wait to hit the stage, anticipation would turn the pageRoxie's old manager, she had to askWhatcha gotta do for a backstage passGet you down to the dressing roomHoney, all you got to do is oooh, oooh, oooh, ooohAll you got to do is stand up, stand upThat's all you got to do, just stand up, stand upLet the music pull you through, you gotta stand up, stand upThat's all you gotta do, you gotta stand up, stand upCause the time is here baby, now we're here for you;5.636;Sabe de quem é a composição? Envie pra gente.
Standing;https://www.letras.mus.br/bon-jovi/69879/;BOUNCE B-sideWhat ya gonna to say about meI ain't already thought?What ya gonna try and sell meI ain't already bought?You wrap yourself in my colorsAin't I the one you love to hateYou reel me in and run me overI bend but I don't breakI'm my father's son, I'm a son of a gunI won't back downStanding, I'm still standingI've got my feet on the groundStanding, I'm still standingNow I ain't giving in so figure it outI'm wild and I'm freeI'm stubborn and proudI'm raising these handsGonna shout it out loudStanding, I'm still standingYou know me, my hands are dirtyGonna pound my chestJust as soon kill as kiss meDo your worst, bring out my bestDon't play for no oneDon't give an inchPush when the wind is blowingHey, hey, hey, heyI'm a son of a bitch I don't take no shitI won't back downStanding, I'm still standingI've got my feet on the groundStanding, I'm still standingNow I ain't giving in so figure it outI'm wild and I'm freeI'm stubborn and proudI'm raising these handsGonna shout it out loudStanding, I'm still ...I won't back downStanding, I'm still standingI got my feet on the groundStanding, I'm still standingI ain't giving in so figure it outI'm wild and I'm freeI'm stubborn and proudI'm raising these handsGonna shout it out loudStanding, I'm still standingSo come on, push me aroundStanding I'm still standingTake a look at me nowStanding, I'm still standingI won't back downStanding, I'm still standingI've got my feet on the groundStanding, I'm still standing;4.409;Jon Bon Jovi / Richie Sambora
Staring At Your Window With A Suitcase In My Hand;https://www.letras.mus.br/bon-jovi/5001/;STARING AT YOUR WINDOW WITH A SUITCASE IN MY HANDYou think you know me just because you know my nameYou think you see me 'cause you've seen every line of my faceYou want to want me just because I say that I want youBut does it matter if anything I'm saying is the truthYou need somebody, somebody to hold on toBut this ain't the movies and we ain't the heroesStaring at your window with a suitcase in my handThe streetlights buzz as the cars roll byAnd the moon don't give a damnMy boots just keep on walkin', but my heart don't understandWhy I'm staring at your window with a suitcase in my handI say I want you, but when we woke up one of us was cryingYou rolled over and all you said was 'Man I think I'm dying'Our song is over, the band of gold has been feeling like a noseYou place your bets, 'cause no one thinks they'll loseStaring at your window with a suitcase in my handThe streetlights buzz as the cars roll byAnd the moon don't give a damnMy boots just keep on walkin', but my heart don't understandWhy I'm staring at your window with a suitcase in my handThe light of love can blind you 'til it covers up your eyesAnd you try to find the reason not to say goodbyeIt's the course of every sailor standing on dry landStaring at your window with a suitcase in my handThe night is fading, like my old tattooA heart and a dagger, that says 'Forever'Staring at your window with a suitcase in my handThe streetlights buzz as the cars roll byAnd the moon don't give a damnI'm gettin' tired of talking, and I don't understandWhy I'm staring at your window with a suitcase in my hand;8.305;Sabe de quem é a composição? Envie pra gente.
Starting All Over Again;https://www.letras.mus.br/bon-jovi/297445/;I been waiting, standing in the dark for hoursTryin' a find the faith and the power to get back home to youIt's been a long time, long time since I've seen your faceBut on and on I could not replaceThe fire that burns for you, yeahSo here's to the good times, here to the badHere's to the memories that we all hadHere's to tomorrow, let yesterday pass us byTonight, we'll be starting all over againAnd it feels like the first time I.....No I'll never feel this way againStarting all over againDo you remember, remember the odds we were givenWe had nothing and we thought that was livingLord and it's been such a long, long roadLong, long roadHere's to our old friends who helped us get byHere's to the dreamers, may their dreams never dieIf we believe we can keep all the good times aliveTonight, we'll be starting all over againAnd it feels like the first time I.....No I'll never feel this way againWhoa oh, tonight, we'll be starting all over againAnd it feels like the first time I.....Know whenever we're together my friends it's like starting all over againTonight, we'll be starting all over againAnd it feels like the first time I.....No I'll never feel this way againWhoa oh, tonight, we'll be starting all over againAnd it feel like the first time I....Know whenever we're together my friends it's like starting all over againI been waiting, standing in the dark for hoursTrying to find the faith and the power to start it all over again;9.474;Jon Bon Jovi / Richie Sambora
Stay;https://www.letras.mus.br/bon-jovi/297447/;Every singer's always singing about someone elseAnother bleeding heart, another brand new startBut this time I'm singing all about myselfI made it be so lonelyEven my piano wants to cryThese arms weren't there to hold youAnd when I was home I was miles awayNow you've got every right to go girl but I'm standing hereI'm begging youStay just a little longerYou've always been the one who's strongerI can't let you goI'm begging you stayStay because I need youWith every breath I breathe youI can't let you walk awayThere are things I didn't ever say or doLike I would die without youDidn't mean I didn't want toBut every song I ever sang I sang for youAnd every night away from youKnowing you'd be home's what got me throughTore up all the pictures of our wasted yesterdaysI'm fighting for tomorrow, standing hereI'm begging youStay just a little longerYou've always been the one who's strongerI can't let you goI'm begging you stayStay because I need youWith every breath I breathe youI can't let you walk awayStayI know I've done you wrongIt'd be easier to move onI'm telling youI'm begging youI'm pleadingI'm screamingStay just a little longerYou've always been the one who's strongerI can't let you goI'm begging you stayStay because I need youWith every breath I breathe youI can't let you walk awayStayCome on, come on, come on, come on, come onStayJust a little longerYou've always been the one who's strongerI can't let you walk away;19.770;Sabe de quem é a composição? Envie pra gente.
Stick To Your Guns;https://www.letras.mus.br/bon-jovi/5054/;So you want to be a cowboyWell you know it's more that just a rideGuess you got to know the real thingIf you want to know the other sideAin't nobody riding shotgunIn this world tonightAnd when you spit, you better mean itYou got to make 'em all believe itIf you're gonna be the oneStick to your gunsAin't nobody gonna hurt you, babyYou can pull the triggerBut only if you have toAim from the heartSome will love and some will curse you, babyAnd you can go to warBut only if you have toIt's only if you have toSo you want to be the big timeSome people have to drag you downThere's no living in the backseatIf you're gonna drive through townAnd when you pray for independenceBoy, you better stand your groundYou got to give it all you got nowOr you might get shot downFight hard until the battle is wonStick to your gunsAin't nobody gonna hurt you, babyYou can pull the triggerBut only if you have toAim from the heartSome will love and some will curse you, babyAnd you can go to warBut only if you have toBut only if you have toWell, you know that I been through itI got the scars to prove itFight hard and the battle is yoursStick to your gunsAin't nobody gonna hurt you, babyYou can pull the triggerBut only if you have toAim from the heartSome will love and some will curse you, babyAnd you can go to warBut only if you have toIt's only if you have toBut stick to your guns;27.729;Holly Knight / Jon Bon Jovi / Richie Sambora
Story Of Love;https://www.letras.mus.br/bon-jovi/story-of-love/;Fathers love daughters like mothers love sonsThey've been writing our story before there was oneFrom the day you arrive, till you walk, till you runThere is nothing but pride, there is nothing but loveThey can offer advice that you don't wanna hearWords that cut like a knife and still ring in your earYou think of them ignorant, they think of you arrogantIf you need evidence, who gave you confidence?A snap of the finger and you're not a childBut you're still holding on as you walk down the aisleWhen they give you away to hear someone else sayThat someone will love you till their dying dayFathers love daughters like mothers love sonsThey've been writing our story before there was oneFrom the day you arrive till you walk, till you runThere is nothing but pride, there is nothing but loveAnd that's the story of loveYou can choose to remember or choose to forgetIf they took you to school or they tucked you in bedYou can say it don't matter, you won't do the sameYou'd think no one noticed when you looked awayFathers love daughters like mothers love sonsThey've been writing our story before there was oneFrom the day you arrive till you walk, till you runThere is nothing but pride, there is nothing but loveNow they're getting older and you ain't so youngSo you take care of them like your daughters and sonsYou can ask for forgiveness, they could ask for the sameForget all the anguish, the heartache, the painWherever you go or wherever you've beenIt's them that is with you and that's you that's with themFathers and daughters and mothers and sonsAs one story ends another's, another's begunOh, fathers love daughters like mothers love sonsThey've been writing our story before there was oneFrom the day you arrive till you walk, till you runThere is nothing but pride, there is nothing but loveFrom hello to goodbye that's the story of loveThat's the story of love;17.255;Sabe de quem é a composição? Envie pra gente.
Story Of My Life;https://www.letras.mus.br/bon-jovi/297449/;Yesterday's a memoryAnother page of historySell yourself for hopes and dreamsThat leave you feeling sidewaysTripping over my own feetTrying to walk to my own beatAnother car out on the streetTrying to find the highwayHey, are you going my way?This is the story of my lifeAnd I write it everydayI know it isn't black and whiteAnd it's anything but grayI know that no, I'm not alrightBut I'll be ok 'cause anything can, everything can happenThat's the story of my lifeI'm gonna write the melodyThat's gonna make historyYeah, and when I paint my masterpieceI swear I'll show you firstThere just ain't a way to seeWho, when, why or what will beTill now is then it's a mysteryA blessing and a curseOr something worse, yeahThis is the story of my lifeAnd I write it everydayI know it isn't black and whiteAnd it's anything but grayI know that no, I'm not alrightBut I'll be ok 'cause anything can, everything canI've been thinking maybe, you can help me write the story of my lifeHey, what do you say?This is the story of my lifeAnd I write it everydayAnd I hope you're by my sideWhen I'm writing the last pageThis is the story of my lifeAnd I write it every dayI know it isn't black and whiteAnd it's anything but grayI know that no, I'm not alrightBut I'll be okay 'cause anything can, everything canI've been thinking maybe we canThis is the story of my lifeThe story of my lifeThe story of my lifeThis is the story of lifeThe story of my lifeThis is the story of my life;85.228;Billy Falcon / Jon Bon Jovi
Stringin' A Line;https://www.letras.mus.br/bon-jovi/100697/;He says he's your friend, but you don't see hinHe says that he's so damn busy, but he don't knownothing at allYou get hin on the phone, he was just gonna call youSays he's been thinking about old timesAnd Looking at you picture on the wallChorus:He's stringin' ou the same old linesThat he puts everyone throughThey're only lies, intentions just won't doAt times it fees all wrongTill he finds out we've caught onHe's stringin' a line, he's stringin' a lineSo you try to forget, but that ain't so easyCause if you've got one small doubtThere was never anything thereYou dangle on line, a captive foolWell you know he'll try againAnd it will just be the same as last timeChorus (2x)...I Lost you Chasing those Hollywood DreamsYou Smiled for the camera, is all they ever sayTransmitting my emotions, a thousand miles awayThey chased me through the streets, callin' out my nameI'm coming home to you this, life is driving me insaneClimbing up the stairs, knocking on the doorShe don't recognize me, don't want me anymoreChorus (3x);5.146;John Bongiovi
Summertime;https://www.letras.mus.br/bon-jovi/1010159/;Feels something like summertimeTop down and nothing but timeRadio's on and you by my sideFeels something like summertimeThese days life goes like thisWake up, check that off some listGot to be a little something more than thisAt the bottom of my coffee cupI keep a postcard in the back of my mindOf white sand, sunshineAnd you shining like a brand new dimeThat's keeping me from giving upThinking like i've had enoughYou make me… feel something like summertimeTop down and nothing but timeRadio's on and you by my sideFeels something like summertimeLike that first slow dance and that first long kissThere ain't nothing baby better then thisIt's like a beach blanket and a bottle of wineIt feels something like summertimeSum-summer-summertimeI was a warm breeze with a cool tanLife mapped out on the back of my handWhen god was laughing i was making plansBut he didn't laugh when i found youIf there is a heaven you're the proofYou make me… feel something like summertimeTop down and nothing but timeRadio's on and you by my sideFeels something like summertimeLike that first slow dance and that first long kissThere ain't nothing baby better then thisIt's like a beach blanket and a bottle of wineIt feels something like summertimeSum-summer-summertime(Solo)Feels something like summertimeTop down and nothing but timeRadio's on for me and my valentineIt's like that first slow dance and that first long kissThere ain't nothing baby better then thisIt's like a beach blanket and a bottle of wine (yeah)Feels something like summertimeTop down and nothing but timeRadio's on and you by my side,Feels something like summertimeJust like summertimeSum-sum-summertimeSomething like summertime;20.774;John Shanks / Jon Bon Jovi / Richie Sambora
Summertime Blues;https://www.letras.mus.br/bon-jovi/1434544/;"I'm a gonna raise a fuss, I'm a-gonna raise a hollerAbout a-workin' all summer just a-trying to earn a dollarEvery time I call my baby, try to get a dateThe boss says: ""No dice son you gotta work a-late""Some times I wonder what I'm a gonna doBut there ain't no cure for the summertime bluesWell my mom and pappa told me""Son you gotta earn some money if you wannaUse the car to go a riding next sunday""Well I didn't got to work told the boss I was sick""Now you can't use the car cause you didn't work a lick""Sometimes I wonder what I'm a gonna doBut there ain't no cure for the summertime bluesIt's gonna take two weeks for  have my vacation,I'm gonna take my problem to the united nationsWell I told my congress man and he said, quote:""I'd like to help you son but you're too young to vote""Sometimes I wonder what I'm a gonna do,But there ain't no cure for the summertime blues";3.301;Eddie Cochran / Jerry Capehart
Superman Tonight;https://www.letras.mus.br/bon-jovi/1575743/;There's something about youI wanna rescueI don't even know youSo what does that meanMaybe I'm cynicalPainfully logicalYou're tragic and beautifulAnd that's good enough for meYou're looking for a heroBut it's just my old tattooTonight I swear I'd sell my soulTo be a hero for youWho's gonna save you when the stars fall from your sky?Who's gonna pull you in when the tide gets too high?Who's gonna hold you when you turn out the lights?I won't lieI wish that ICould be your superman tonightIf somebody sent youAn angel to save youWhat would you tell himTo turn himawayThat your heart dont break?That your lips don't kiss?That life is just a lie?That heaven don't exist?Who's gonna save you when the stars fall from your sky?Who's gonna pull you in when the tide gets too high?Who's gonna hold you when you turn out the lights?I won't lieI wish that ICould be your superman tonightWho's gonna fix youThe next time you break downStranded alone by the side of the roadWith your baggage that's dragging you downDon't look back, let it goOoh-oohWho's gonna save you when the stars fall from your sky?Who's gonna pull you in when the tide gets too high?Who's gonna hold you when you turn out the lights?I won't lieI wish that ICould be your superman tonight;93.604;Billy Falcon / Jon Bon Jovi / Richie Sambora
Sylvia's Mother;https://www.letras.mus.br/bon-jovi/69111/;Sylvia's mother says Sylvia's busy, too busy to come to the phoneSylvia's mother says Sylvia's trying, to start a new life of her ownSylvia's mother says Sylvia's happy, so why don't you leave her aloneAnd the operator says Forty cents more, for the next three minutesCHORUS:Please Mrs. Avery I just got to talk to herI'll only keep her a whilePlease Mrs. Avery I just want to tell herGoodbyeSylvia's mother says Sylvia's packing, she's going be leaving todaySylvia's mother says Sylvia's marrying, a fellow down Galveston-WaySylvia's mother says Please don't say nothing, to make her start crying and stayAnd the operator says Forty cents more, for the next three minutesCHORUSSylvia's mother says Sylvia's hurrying, she's catching the nine o'clock trainSylvia's mother says Take your umbrella, cause Sylvia it's starting to rainAnd Sylvia's mother says Thank you for calling and sir won't you come back againAnd the operator says Forty cents more, for the next three minutesCHORUSTell her goodbyePlease, tell her goodbyeGoodbye;11.207;Jon Bon Jovi
Sympathy;https://www.letras.mus.br/bon-jovi/164953/;Well you walked out the door just like a thief in the nightI guess you never even had the balls to say goodbyeYou stole my heart and you took all the cashYou split with my soul and my stereo, left me with the trashI never been nobody's Valentine and you never were a bride to beI don't need you to be a friend of mine, I don't need no charityChorus:Don't' come knockin' on my back doorLove ain't livin' 'round here no moreI don't want to taste your empathyI don't want no sympathyI don't need your sympathy, babyDon't want no sympathyI don't need your sympathy, babyI bet your out on the streets, wrapped up in somebody's armsUntil it's time to pay the rent - you'll be gone, gone, goneYou got a suicide heart, you send it CODHoney, I know your act, when you're sending it back don't come bitchin' to meWho said love is just a sacrifice was a man in need of sympathyIt sure don't take too long to realize that you ain't getting none from meChorus:Don't come knockin' on my back doorLove ain't living 'round here no moreI don't want to taste your empathyI don't want your sympathyI don't need your sympathy, babyDon't want no sympathyI don't need your sympathy, babyWhen I look back in time I see love ain't been no friend to meI never been nobody's Valentine and you never were a bride to beChorus:Don't come knockin' on my back doorLove ain't livin' 'round here no moreCount up all the tears you've cried for meDon't come knockin' on my back doorLove ain't livin' round here no moreI don't wanna taste your charityI don't want no sympathyI don't need no sympathy, babyDon't want no sympathyI don't need your sympathy, babyI want no sympathyI don't need no sympathyI don't like no sympathyI won't hear your sympathy, sympathy, sympathy, sympathy, not for me…;4.855;Jon Bon Jovi / Richie Sambora
Take Back The Night;https://www.letras.mus.br/bon-jovi/take-back-the-night/;These seven days and nightsAre always blendingThis so called tragic lifeSo where's that happy endingStuck at the traffic lightIt's just the same old songI'm humming all the wordsBut I won't sing alongListenI need something differentI'm tired of giving inTime to start livingWe're going to take back the nightSurrender to me and save my lifeLet's start a fire, let's start a fightWe're going to take back the nightDo you want to beAnother casualtyThe one who stands his groundWhen everybody leavesIt's time for taking sidesIt's time to face the truthToo late for turning backSo whatcha going to doListenI need something differentThere's no time for reasonI'm tired of bleedingWe're going to take back the nightSurrender to me and save my lifeLet's start a fire, let's start a fightWe're going to take back the nightListenI need something differentI'm tired of dreamingThis time I'm screamingWe're going to take back the nightSurrender to me and save my lifeLet's start a fire, let's start a fightWe're going to take back the nightTake back the nightWe're going to take back the night;1.139;Sabe de quem é a composição? Envie pra gente.
Take Me Home (Take Me All);https://www.letras.mus.br/bon-jovi/297452/;Hey operator can you try long distance one more timeYou must know that number now to get my baby on the lineHey operator, I've been away so long nowCan't you see you're my last chanceI've got to get to her somehowKisses on your photograph, they tear at my heartMusic is playing and people are waitingTake me home to rest this heartTake me home to rest this heartYeah operator, I only want to hear her voiceI only want to say that I never meant to make her cryHey operator, I need you to understandI don't mean to waste your timeBut love makes you a desperate manKisses on your photograph, they tear at my heartThe music is playing and the people are waitingTake me home to rest this heartTake me home to rest this heartTake me home to rest this heartTake me home to see my baby once again;6.933;Sabe de quem é a composição? Envie pra gente.
Taking It Back;https://www.letras.mus.br/bon-jovi/118490/;I've been away so long I hardly knew the placeIt's been too long since I've been aroundJust like I rolling stone I ain't go no homeBut my boys are back in townIt's been two long years that I've been on the runFrom lawyers, lovers, monies and a lawman's sonYou though tit was the last you heard from meWell you better back up to catch up with me'Cause I'm livin' in the fast, speeding like a steam trainJust before I fall, just before I fall off the trackTaking it backI'm taking it backTaking it backYou took it away, took it awayAll I can say is we're taking it backI'm the same old dog that I used to beThe word's all over town that you've been looking for meI'm no different that I was beforeGive you what you need and then I'm out the door'Cause I'm livin' in the fast lane, coming like a hurricaneA snake without a rattle, baby that's a matter of factTaking it backTaking it backTaking it backYou took it away, took it awayAll I can say is we're taking it backI've been away so long it's good to see your faceBarkeep, won't you buy me a round?Raise a glass to the good times pastThen we'll tear this damn place downTaking it backTaking it backTaking it backTaking it back;4.567;Jon Bon Jovi / Richie Sambora
Talking In Your Sleep;https://www.letras.mus.br/bon-jovi/303688/;Another lonely night, on the telephone we talkWhen will the lightening strike, the thundering roarPretending that you miss the touch of my caressBut our lips never met, cause one kiss could never lastLocked up inside your roomYou play your lover's tunesYou dance all night, but you run out of movesYou're so close but out of reachYour voice is haunting meYou've been talking in your sleep againYou talk in your sleep babyYou're talking in your sleep againYou talk in your sleepYou play so hard to getI know you'll never change your waysYou make the minutes seem like hoursThe hours seem like daysYou know I'll come when you whisperI'll run when you callAnd when I'm calling out to youOh baby, I got no replies at allThis hide and seek were playingIs such a vicious gameBut it dont matter what you sayI love you anywayCause you've been talking in your sleep againYou talk in your sleep babyYou're talking in your sleep againYou talk in your sleepYou've been talking in your sleep againYou talk in your sleepYou've been talking in your sleep againTalking in your sleepYou've been talking in your sleep againYou talk in your sleep babyTalking in your sleep againYou talk in your sleepYou've been talking in your sleep againYou talk in your sleep babyTalking in your sleep againYou talk in your sleep;7.014;Sabe de quem é a composição? Envie pra gente.
Temptation;https://www.letras.mus.br/bon-jovi/297455/;You're my missing picture on my mirrorI'm running away from homeSam I'm just a man a rusty bucket of flesh and bonesSomeday I'll seek forgiveness for the sweet smell of her breathShe touched my hand and asked for a check I put out my cigaretteTemptationTemptation, go home LordI'm walking straight into the oceanTell the tide I'm on my wayGonna hang my head down tonight on Damocles swordWhen the angels hung out in EdenThey caught Adam chasing EveThey said grab your boots, your coat, your hat, my boy, it's time that you leaveShe asked me if I liked to play 'cause she knew that I was brokeI cashed my chips out months agoThis smile is just mirrors and smokeTemptationTemptation, go home LordI'm walking straight into the oceanTell the tide I'm on my wayGonna hang my head down tonight on Damocles swordTwist my wristTell me I should resistBut the flesh is weakHere comes the kissCome on, twist my wristCan't go on like thisAh the flesh, it's weakHere is comes, here it comesTemptationTemptation, go home LordI'm walking straight into the oceanTell the tide I'm on my wayGonna lay my head down tonight on Damocles swordTemptationTemptation, go home LordI'm walking straight into the oceanTell the tide I'm on my wayGonna lay my head down tonight on Damocles swordI'm gonna lay my head down tonight on Damocles swordAnd hang my head down tonight on Damocles sword;5.110;Jon Bon Jovi
Thank You For Loving Me;https://www.letras.mus.br/bon-jovi/4925/;It's hard for me to say the thingsI want to say, sometimesThere's no one here but you and meAnd that broken old street lightLock the doorsWe'll leave the world outsideAll I've got to give to youAre these five words, and IThank you for loving meFor being my eyesWhen I couldn't seeFor parting my lipsWhen I couldn't breatheThank you for loving meThank you for loving meI never knew I had a dreamUntil that dream was youWhen I look into your eyesThe sky's a different blueCross my heart, I wear no disguiseIf I tried, you'd make believeThat you believed my liesThank you for loving meFor being my eyesWhen I couldn't seeFor parting my lipsWhen I couldn't breatheThank you for loving meYou pick me up when I fall downYou ring the bell before they count me outIf I was drowning you would part the seaAnd risk your own life to rescue me, yeahYeah, yeah, yeah, yeah, yeah, yeah, yeahLock the doorsWe'll leave the world outsideAll I've got to give to youAre these five words tonight, and IThank you for loving meFor being my eyesOh, when I couldn't seeFor parting my lipsWhen I couldn't breatheThank you for loving meThank you for loving meThank you for loving meOh, for loving me;1.022.764;Jon Bon Jovi / Richie Sambora
That Was Then, This Is Now;https://www.letras.mus.br/bon-jovi/that-was-then-this-is-now/;8 years old, hammering my old go-kartA two by four and a dream in my folks backyardThe steering wheel was a rope when it broke I lostLife was a knife in my dream when then the wheels came offThat was then, this is nowWorld keeps spinning round and roundYou're either up or you're upside downEvery road has led me back aroundTears will fall and scars will fadeYou learn to live with the mess you've madeA broken road still gets ya home somehowThat was then, this is nowFiring off kisses on all pistons in a little red dressA chrome plated heart teach ya somethin' that ya never forgetShe take ya to the finish line, but ya never gonna crossCrashed on a dead end street when my wheels came offThat was then, this is nowWorld keeps spinning round and roundYou're either up or you're upside downEvery road has led me back aroundTears will fall and scars will fadeYou learn to live with the mess you've madeA broken road still gets ya home somehowThat was then, this is nowThat was then, this is nowSometimes at night, my mind plays tricks on meTells me that this dream just don't work outHaunted by a ghost that I can't seeThat was then, this is nowWorld keeps spinning round and roundYou're either up or you're upside downEvery road has led me back aroundTears will fall and scars will fadeYou learn to live with the mess you've madeA broken road still gets ya home somehowThat was then, this is nowThat was then, this is now;755;Jon Bon Jovi / John Shanks / Phillip Lawrence
That's What The Water Made Me;https://www.letras.mus.br/bon-jovi/thats-what-the-water-made-me/;Baby, baby, babyThere's no use in trying to save meThere's devil's in heavenThere's angels in hellSo blow me one last kissAnd wish me well, wellLove is like fingerprintsIt don't wash awayI let mine all over youI take the blameAsk me howAsk me whatAsk me why, babyThat's what the water made meThat's who I am and what I'll beThat's what the waterThat's what the water made meThere ain't no doubt about itIt makes you or brings you to your kneesThat's what the waterThat's what the water made meThis world is cracked and crazySay one of your pretty prayers for meNo rose in the gardenNo wish in the wellI don't know howDon't know whatDon't know why, babyThat's what the water made meThat's who I am and what I'll beThat's what the waterThat's what the water made meThere ain't no doubt about itIt makes you or brings you to your kneesThat's what the waterThat's what the water made meThat's what the waterThat's what the waterAsk me howAsk me whatAsk me whyBaby, baby, babyThere's no use in trying to save meThere's devil's in heavenThere's angels in hellThat's what the water made meThat's who I am and what I'll beThat's what the waterThat's what the water made meThere ain't no doubt about itIt makes you or brings you to your kneesThat's what the waterThat's what the water;21.207;Billy Falcon / Jon Bon Jovi
The Ballad Of Alice Cooper;https://www.letras.mus.br/bon-jovi/the-ballad-of-alice-cooper/;(Composta para o Alice Cooper que nunca gravou a música)Used to be a billion dollar babyI used to be the eyes that made you screamUsed to be the one that I could talk toBut now there's something else [Alice?], there's youand meI used to think I really didn't need youBut I used to think that only women bleedAnd I ain't gonna cry no moreI've been to hell and back beforeWatch me as I walk out the doorBecause Alice doesn't live here anymore;1.235;Sabe de quem é a composição? Envie pra gente.
The Boys Are Back In Town;https://www.letras.mus.br/bon-jovi/5090/;Guess who just got back todayThem wild-eyed boys that'd been awayHaven't changed, had much to sayBut man, I still think them cats are crazyThey were askin' if you were aroundHow you was, where you could be foundTold them you were livin' downtownDrivin' all the old men crazyThe boys are back in town, the boys are back in townThe boys are back in town, the boys are back in townYou know that chick that used to dance a lotEvery night, she'd be on the floor, shakin' what she's gotMan, when I tell ya she was cool, she was red hotAnd that time over at Johnny's placeWell, this chick, she got up and slapped Johnny's faceMan, we just fell about the placeIf that chick don't wanna know, forget herThe boys are back in town, the boys are back in townThe boys are back in town, the boys are back in townFriday night they'll be dressed to killDown at Deano's bar and grillThe drink will flow, and blood will spillAnd if the boys wanna fight you better let 'emThat jukebox in the corner blasting out my favorite songThe nights are gettin' warmer, it won't be longWon't be long 'til summer comesNow that the boys are here againThe boys are back in town, the boys are back in townThe boys are back in town, the boys are back in town;4.652;Phil Lynott
The Chanukah Song;https://www.letras.mus.br/bon-jovi/297457/;"Put on your yarmulkeHere comes ChanukahSo much funukahTo celebrate ChanukahChanukah is the festival of lightsInstead of one day of presents, we have eight crazy nightsWhen you feel like the only kid in town without a christmas treeHere's a list of people who are Jewish just like you and meDavid Lee Roth lights the menorahSo do Kirk Douglas, James Caan and the late Dinah Shore-ahGuess who eats together at the Carnegie DeliBowser from Sha Na Na and Arthur FonzerelliPaul Newman's half Jewish, Goldie Hawn's half tooPut them together, what a fine lookin' JewYou don't need to ""Deck the Halls"" or ""Jingle Bell Rock""'Cause you can spin the dreidel with Captain Kirk and Mr. Spock - both JewishPut on your yarmulkeIt's time for ChanukahThe owner of the Seattle SupersonicahsCelebrates ChanukahO.J. Simpson, not a JewBut guess who is? Hall of famer Rod Carew - he convertedWe got Ann Landers and her sister Dear AbbyHarrison Ford's a quarter Jewish - not too shabbySome people think that Ebenezer Scrooge isWell he's not, but guess who isAll Three StoogesSo many Jews are in showbizTom Cruise isn't, but I heard his agent isTell your friend VeronicaIt's time to celebrate ChanukahI hope I get a harmonicaOn this lovely, lovely ChanukahSo drink your gin and tonicahAnd smoke your marijuanikahIf you really, really wannakahHave a happy, happy, happy, happy ChanukahHappy Chanukah";4.338;Sabe de quem é a composição? Envie pra gente.
The Devil's In The Temple;https://www.letras.mus.br/bon-jovi/the-devils-in-the-temple/;This was a churchA house full of prayerIt ain't that nowI could tear it downThere's thieves at the altarA snake wears the crownHanding you coalSwearing it's goldLook what they've done to this house of loveIt's too late to turn the river to bloodThe savior’s come and goneWe're all out of timeThe devil's in the temple and he ain't no friend of mineI'd turn things aroundI would if I couldCrash through the gatesBreak every chainJail for the jailersSing freedom’s songAmazing graceBurn down this placeLook what they've done to this house of loveIt's too late to turn the river to bloodThe savior’s come and goneWe're all out of timeThe devil's in the temple and he ain't no friend of mineLook what they've done to this house of loveLook what they've done to this house of loveThe devil's in the temple and he's making a messGot the Mona Lisa, got his hands up her dressThe gun is in his hand but he ain't gonna confess, he liesLook what they've done to this house of loveIt's too late to turn the river to bloodThe savior’s come and goneWe're all out of timeThe devil's in the temple and he ain't no friend of mineThe devil's in the temple and he ain't no friend of mineThe devil's in the temple and he ain't no friend of mine;11.329;Billy Falcon / Jon Bon Jovi
The Distance;https://www.letras.mus.br/bon-jovi/69307/;There's a train out in the distance, destination still unknownFar away where no one's waiting, so far from home, so far from homeThere's a rose outside your window, the first snow is falling downLike that lonesome whistle blowingI keep on going, keep on goingClose your eyes and see my blue skies breaking through these dark cloudsYou are the lightIn my mind I see your red dress and your arms are reaching through the nightI'll never give up the fightI'll go the distanceThere's a thread that runs between us pulling 'cross this great divideIt's only there for the believersDon't stop believin', don't stop believin'Close your eyes and see my blue skies breaking through these dark cloudsYou are the lightIn my mind I see your red dress and your arms are reaching through the nightI'll never give up the fightI'll go the distance, I'll go the distanceThere's a neverending story that begins with you and ILike the rose outside your windowDon't let it die (don't let it die), don't let it dieClose your eyes and see my blue skies breaking through these dark cloudsYou are the lightIn my mind I see your red dress and your arms are reaching through the nightClose your eyes and see my blue skies breaking through these dark cloudsYou are the lightIn my mind I see your red dress and my arms are reaching through the nightI'll never give up the fightI'll go the distanceI'll go the distanceI'll go the distanceI'll go the distanceI'll do the distance;35.766;Sérgio Bittencourt / Jon Bon Jovi / Richie Sambora
The End;https://www.letras.mus.br/bon-jovi/4987/;So now it's over let the spot light fadeI hear the music slowly fade awayAnd now i find it hard to say good byeSo I'll just say good night my friendsThe end (we'll be together)The end (we'll live forever)We'll all be together in the endThe end (although it's over)The end (It's never over)We'll all be together in the endIf every moment is a memoryA faded photograph of days gone byCan I take a little piece of you with meFor when I leave this all behindThe end (we'll be together)The end (we'll live forever)We'll all be together in the endThe end (although it's over)The end (It's never over)We'll all be together in the endCome on, come on, come on, Darling, lay your head down amomentCome on, come on, come on, little Darling, help me baby'Cause I ain't see the lightsI'm getting tired so I close my eyesI need to look at you juste one more timeAnd though it's over, it's never overUntil I see you againThe end (we'll be together)The end (we'll live forever)We'll all be together in the endThe end (although it's over)The end (It's never over)We'll all be together in the endThe end (we'll be together)The end (we'll live forever)We'll all be together in the endThe end (although it's over)The end (It's never over)We'll all be together in the end;7.999;Sabe de quem é a composição? Envie pra gente.
The Fighter;https://www.letras.mus.br/bon-jovi/the-fighter/;I should write down these words before I lose themOr write you a song just to use themSome day you'll may want to know who I amBeyond this facade no guitar in my handNo I am not a writerThese eyes hold no secrets I hide no truthsI am all I am all I was to youThe lie and the promiseThe great escape artistThe weed in your gardenIn that place you're still guardingWhere I am not a liarI am the fighterThough not a boxer by tradeI am the fighterFew will remember my nameThese are hands that can offer protectionBut hid me from my own reflectionI'm the book that ain't finishedThe sink full of dishesA horse that ain't winningThat priest that's still sinningThat spark that starts the fireI am the fighterThough not a boxer by tradeI am the fighterFew will remember my nameWith loneliness next to meFear sits in miseryNursing another black eyeOn the New Jersey turnpikeI'm counting the headlightsAs cars just like days pass me byI am the fighterThough not a boxer by tradeI am the fighterFew will remember my nameI am the fighterThough not a boxer by tradeI am the fighterA fighter is born but not madeI should write down these words before I lose themOr write you a song just to use them;6.487;Jon Bon Jovi
The Last Night;https://www.letras.mus.br/bon-jovi/1012447/;These days, its hard to have a heartIt doesn't matter where you come from, or who you think you areThese days, it's hard just fitting inWhy does someone have to lose, for someone else to winWe're all looking for forgiveness, and someone we can trustYou can wrap your arms around the worldIt all comes down to usThis is the last night, you'll have to be aloneI'll be standing right beside you, you can't make it on your ownSo walk with me, please, help me to be strongI'll be the shoulder you can lean on, when everybody's goneThis is the last night, you'll have to be aloneI know, you, heard it all beforeThere's nothing worst than living lessWhen you yearn for something moreMakes no sense, its hard to understandWhen there's something that should fill you upKeeps slipping through your handsThis is the last night, you'll have to be aloneI'll be standing right beside you, you can't make it on your ownSo walk with me, please, help me to be strongI'll be the shoulder you can lean on, when everybody's goneThis is the last night, you'll have to be aloneWe're all looking for answersWe're all down here on our kneesAll anybody really wants, is something to believeEnough is enough, I can't take any moreBut I'm standing on your front porchKicking down your doorThis is the last nightThis is the last night, you'll have to be aloneI'll be standing right beside you, you can't make it on your ownSo walk with me, please, help me to be strongI'll be the shoulder you can lean on, when everybody's goneThis is the last night, you'll have to be aloneThis is the last night, ooohThis is the last night, ooohThis is the last night, you'll have to be alone;17.838;John Shanks / Jon Bon Jovi / Richie Sambora
The More Things Change;https://www.letras.mus.br/bon-jovi/1764996/;The More Things Change The More They Stay The SameThe More Things Change The More They Stay The SameIs it just me or does anybody seeThe new improved tomorrow isn't what it used to beYesterday keeps coming round it's just realityIt's the same damned song with a different melodyThe market keeps on crashingTattered jeans are back in fashionInstead of records now it's MP3sI tell you one more time with feelingEven though this world is reelingYou're still you and I'm still meI didn't mean to cause a sceneBut I guess it's time to roll up our sleevesThe More Things Change The More They Stay The SameThe same sun rises just another dayYou can hang in long enough to say you're coming backJust take a look we're living proofAnd baby that's a factYou knowThe More Things Change The More They Stay The SameThe More Things Change The More They Stay The SameYou're either running round in circles orYou're running out of timeEverybodies somewhere either twelve three six or nineThe times they are a changin'We're here to turn the pageJust the same old story but it's told a different wayThe More Things Change The More They Stay The SameThe same sun rises just another dayIf you hang in long enough they say you're coming backJust take a look we're living proofAnd baby that's a factYou knowThe More Things Change The More They Stay The SameNever and forever just keep coming back againDon't hold out for tomorrow or hold on to yesterdayThe More Things Change The More They Stay The SameThe More Things Change The More They Stay The SameThe More Things Change The More They Stay The SameHere comes the na na na na na na na na naThese days it's raise the roof instead of sha la laHere come the rappers, the dancers and the remixed drum machineThis one is for the CEOs and record companiesAnd if you waiting on a happy endingWe're gonna hit the hook one more timeThe More Things Change The More They Stay The SameThe More Things Change The More They Stay The SameThe More Things Change The More They Stay The SameThe same sun rises just another dayIf you hang in long enough they say you're coming backJust take a look we're living proofAnd baby that's a factYou knowThe More Things Change The More They Stay The SameNever and forever just keep coming back againDon't hold out for tomorrow or hold on to yesterdayThe More Things Change The More They Stay The Same;12.127;Jon Bon Jovi / Richie Sambora
The One That Got Away;https://www.letras.mus.br/bon-jovi/297459/;If I, I could be anyoneCould I, I be your only one?If I, I could be anythingCould I be the secret that you keepBreath that you breatheYour dreams while you sleep?If you, if you could read my mindThen you, you'd know I crossed that lineI, I'd make you my ValentineI can't let you go but I knowThat this ring is there to remindSo let's re-enact that sceneFrom what's-his-name's one act playI'll be your heroAnd you'll be the one who got awayNow I'm chasing headlights back homeAnd you, you're sitting there on your ownWhen we were sippin' martinisI started believing I wouldn't be leaving aloneWhen I told you a joke and you laughedWhen I asked you to danceYou said there's no band, there's no radioI got up real slow, started singing real lowWhen I was melting in your arms I had to let goIf there was no tomorrowThere were no yesterdaysThe stolen moments we've borrowedWe wouldn't let slip awaySo let's re-enact that sceneFrom what's-his-name's one act playI'll be your heroSo let's re-enact that sceneUntil our dying dayI'll be the heroAnd you can be the oneYeah, you could be the one that got away;6.362;Sabe de quem é a composição? Envie pra gente.
The People's House;https://www.letras.mus.br/bon-jovi/the-peoples-house/;Come in and leave your mind openIt's time we let love inMother, Father, I am brokenBarely breathing, but I'm hopingThere's forgiveness for my sinsI had a dream last nightAnd in that dream, I lost my sightLife left me deaf, dumb, and blind, woke up to realizeWe're still asleep with open eyesWe are building this house of loveBuilding this house, building this houseThis is the people's houseFrom sea to shining seaThe Rocky Mountains built these wallsThese halls are our city streetsNo wrecking ball is gonna knock it downNobody's gonna come to steal the keysThis is the people's houseThe house of you and meTime for the turning of the pageIt's time to say goodbyeOld ways have changedNo crime to look out for each otherFather, Mother, Sister, BrotherCan't keep fighting one anotherWe are building this house of loveBuilding this house, building this houseThis is the people's houseFrom sea to shining seaThe Rocky Mountains built these wallsThese halls are our city streetsNo wrecking ball is gonna knock it downNobody's gonna come to steal the keysThis is the people's houseThe house of you and me, yeahI wasn't born a man of privilegeBut I'm privileged just the sameNo rain will wash away the stainNo truth can hide us from the shameUntil we all believe in changeWe are building this house of loveBuilding this house, building this houseThis is the people's houseFrom sea to shining seaThe Rocky Mountains built these wallsThese halls are our city streetsNo wrecking ball is gonna knock it downNobody's gonna come to steal the keysThis is the people's houseThe house of you and meThis is the people's house;14.333;Sabe de quem é a composição? Envie pra gente.
The People's House (feat. The War and Treaty);https://www.letras.mus.br/bon-jovi/the-peoples-house-feat-the-war-and-treaty/;Come in and leave your mind openIt's time we let love inMother, father, I am brokenBarely breathin' but I'm hopin'There's forgiveness for my sinsI had a dream last nightAnd in that dream, I lost my sightLife left me deaf, dumb, and blind, woke up to realizeWe're still asleep with open eyesWe are buildin' this house of loveBuildin' this house, buildin' this houseThis is the people's houseFrom sea to shinin' seaThe Rocky Mountain built these wallsThese halls are our city streetsNo wreckin' ball is gonna knock it downNobody's gonna come to steal the keysThis is the people's houseThe house of you and meTime for the turnin' of the pageIt's time to say goodbye, old ways have changedNo crime to look out for each otherFather, mother, sister, brotherCan't keep fightin' one anotherWe are buildin' this house of loveBuildin' this house, buildin' this houseThis is the people's houseFrom sea to shinin' seaThe Rocky Mountain built these wallsThese halls are our city streets(Oh, yeah)No wreckin' ball is gonna knock it downNobody's gonna come to steal the keys (ooh-ooh-ooh)This is the people's houseThe house of you and me, yeah(Yeah)I wasn't born a man of privilegeBut I'm privileged just the sameNo rain'll wash away the stainNo truth can hide us from the shameUntil we all believe in changeWe are buildin' this house of loveBuildin' this house, buildin' this house (oh, ah)This is the people's house(This is the people's house)From sea to shinin' sea(Oh, sea to shinin' sea)The Rocky Mountain built these wallsBuilt these walls, yeah, yeahThese halls are our (city streets) city streets(Let freedom ring, yeah)No wreckin' ball is gonna knock it down(Oh, no, no)Nobody's gonna come to steal the keys(No, no-no-no, no)This is the people's house(The people's house)The house of you and me(You and me and you, yeah-yeah)Ain't no stoppin' us now (ooh, ooh-ooh, ooh)And we won't turn around, yeahThis is the people's houseIt's the people's houseOh, yeah-yeah, yeah, yeahOh, yes, it isThis is the people's house;;Sabe de quem é a composição? Envie pra gente.
The Promise;https://www.letras.mus.br/bon-jovi/297461/;I can see the sun goin' downI still see the cars roll byI can see that seaside poolWhere we spent those summer nightsAnd I can hear the moonlit oceanAnd I can feel your hand in mineI can taste the warm free oceanWhat a vision in my mindAnd I, I lie in waitingAnd I'm anticipating the promise, the promiseI remember what you told meWe both sounded so sincereYou said you'd always be my babyAnd I said baby I'll always be thereWell I remember our first time girlI still see the beach that nightI remember we were scared girlBut we both know that it felt so rightTime can never change itAnd I'll never break itThe promise, the promiseWas made for nights like thisSeal it with your kissThe promise, with the promiseNow the summer sun is goneFor the young ones who are left to carry onThe promise, the promise;6.274;Sabe de quem é a composição? Envie pra gente.
The Radio Saved My Life Tonight;https://www.letras.mus.br/bon-jovi/101008/;"I got something on my mindI'm just a little bit depressedI try to blame it on the rainBut it's in my heart I guessI'm feeling like a strangerWhen I drove to my hometownPast the site that was my boyhood homeThat place is long gone nowI realised, ain´t nothing what it used to beThen I heard a song takes me to my memoriesRadio saved my life tonightOld song that the DJ played made me feel alrightGetting home by my dashboard lightsRadio saved my life tonightJust this side of morning, just this side of dawnI walked so softly in to my bedroom, saw my wife sleeping aloneShe whispered ""Baby, are you okay? Have you been gone for long""I just kicked off my jeans and held her closeI held her all night longTried to sleep, but in my mind I heard that songLike a friend in need, the melody keeps me hanging onRadio saved my life tonightThat sad song that the DJ played made me feel alrightGetting home by my dashboard lightsThe radio saved my life tonightRadio saved my life tonightOld sad song that the DJ played made me feel alright'Cause I drove down that lonesome highway just me and my dashboard lightsThe radio saved my life tonightRadio saved my life tonightOld song that the DJ played made me feel alrightGetting home by my dashboard lightsThe radio saved my life tonight";7.814;Jon Bon Jovi / Richie Sambora
The Sole Truth;https://www.letras.mus.br/bon-jovi/297465/;You know I need you babyYeah, you know I doFeel like you've been left aloneAnd there's nothing here for youI know how long you've been waitingIt's closing time once againIf he don't even come around to rescue you, what then?But who am I to talk?Cause my guitar's my only friendAnd if you'd like I'll drive you homePour you a drink and we'll pretendBut you and I are both marriedBought that big house and carRemember living on easy streetInstead of being where we areAnd trying to face the sole truthYou can't escape the sole truthAnd if you just believe me, that's all that's left to doThere's nothing more that I can doThan face the sole truthSay this guy is lying every time it rainsEvery drop of rain that falls, you just feel your painIt's time you stopped all the cryingIt's time we bury the pastI know that you can do better than meAnd maybe that's why I hurtWell lately I've been thinkingMaybe I'm too youngRemember keep on going babyThere's just one thing I can't run fromYou're still bringing me here, babyTo this place we call homeTo face our failures all by myselfAt least we won't be aloneThere's the sole truthCan't erase the sole truthIf you just believe me, that's all that's left to doNothing more that I can doFace the sole truthI don't want to fall in love againIf you got to know the truthThen I don't want to fall in love tonightCause I couldn't bear to loseNow the sun is coming upWhy don't we shut this damn place downTomorrow we can laugh this offI've had my share of whiskey here to drownAs you walk to your car there's nothing more I can doFace to face with the sole truthCan't escape the sole truthYou can't erase the sole truthCan't escape the sole truth;3.502;Sabe de quem é a composição? Envie pra gente.
There Is No Answer (Love On The Wrong Side);https://www.letras.mus.br/bon-jovi/303690/;To me it's all too lateInside my aching headPictures of you on my wallSee em time and time againWonder where you are tonightWonder who you're withRemember I swore love that nightYou sealed it with your kissMy heart it beats but I'm not aliveTook a part of me when you said goodbyeI'll take the right sideLove on the wrong sideThere ain't no right sideLove on the wrong sideDaddy says were from different worldsBoys like me don't date daddy's girlIf you build you a wall it can lock you inYou say that I lose, hope that I winI'll have my chanceMy heart it beats but I'm not aliveTook a part of me when you said goodbyeTell me who says its a crimeThere ain't no right sideLove on the wrong sideThere ain't no right sideLove on the wrong side;3.851;Sabe de quem é a composição? Envie pra gente.
These Arms Are Open All Night;https://www.letras.mus.br/bon-jovi/69486/;"Well, it's closing time, I got no place to goNo, I'm not tired; nobody's waiting at homeHey, what about you? Looks like you're leaving aloneGuess that makes two - me and youBy the way, my name's JonesI know a place is not far from hereThat's my dented red Chevy out frontYou can follow me thereThere's no neon lightsIt don't stink of beerIt's just a mile up the roadJust a minute from hereThese arms are open all nightIf you need someone to talk toA hand to hold ontoAnd if it feels alrightThese arms are open all nightThe band is through, they're breaking down the drumsThe took the singer's keys, man, he was really drunkThey're turning on the lights, we can't stay here no moreYeah, I can take a hint, find my way out the doorSo what do you think? Are you going my way?There's still a whole lot left to this nightBaby, what do you say?These arms are open all nightIf you need someone to talk toA hand to hold ontoAnd if it feels alrightThese arms are open all nightGod only knows how long it's been that I been so lonelyBack there at the stop signI see her headlightsI think she's coming with meThese arms are open all nightIf you need someone to talk toA hand to hold ontoAnd if it feels alrightThese arms are open all night";11.016;Billy Falcon / Jon Bon Jovi
These Days;https://www.letras.mus.br/bon-jovi/4939/;I was walking around, just a face in the crowdTrying to keep myself out of the rainSaw a vagabond king wear a styrofoam crownWondered if I might end up the sameThere's a man out on the corner, singing old songs about changeEverybody got their cross to bare, these daysShe came looking for some shelter with a suitcase full of dreamsTo a motel room on the boulevardI guess she's trying to be James DeanShe's seen all the disciples and all the wannabesNo one wants to be themselves these daysStill there's nothing to hold on to but these daysThese days the stars seem out of reachThese days there ain't a ladder on the streetsThese days are fast, nothing lasts in this graceless ageThere ain't nobody left but us these daysJimmy shoes busted both his legs, trying to learn to flyFrom a second story window, he just jumped and closed his eyesHis mamma said he was crazyHe said: Mamma, I've got to tryDon't you know that all my heroes diedAnd I guess I'd rather die than fade awayThese days the stars seem out of reachBut these days, there ain't a ladder on the streetsThese days are fast, nothing lasts, it's a graceless ageEven innocence has caught the midnight trainAnd there ain't nobody left but us these daysI know Rome's still burningThough the times have changedThis world keeps turning 'round and 'round and 'round and 'roundThese daysThese days the stars seem out of reachBut these days there ain't a ladder on the streetsThese days are fast, nothing lastsThere ain't no time to wasteThere ain't nobody left to take the blameThere ain't nobody left but us these daysAin't nobody left but us these days;646.137;Jon Bon Jovi / Richie Sambora
These Open Arms;https://www.letras.mus.br/bon-jovi/297469/;What if everything you always took for granted was goneAnd everything you ever thought was right was wrongAnd what if everyone you ever loved was tornFrom the pages of your lifeWould you reach out for tomorrow or try to turn back timeThese open arms will wait for youThese open arms can pull us throughBetween what's left and left to doThese open armsThese open armsThese open armsWill wait for youDid you really love the ones you said you'd love, that's rightAnd did you make a damn of difference in somebody else's life?Tell me, is there someone you can count on when you need a friend?Can't you see I need a friend?Can you live in your skin? Walk in your own shoes?You can't win if you don't know how to loseCrawl, fall, try, you gotta learn how to flyThese open arms will wait for youThese open arms can pull us throughBetween what's left and left to doThese open armsThese open armsThese open armsThese open armsThese open armsWill wait for you;15.255;Sérgio Bittencourt / Jon Bon Jovi / Richie Sambora
Thick As Thieves;https://www.letras.mus.br/bon-jovi/thick-as-thieves/;In an empty room or a downtown barAcross the Universe, there's no place too farYeah, wherever you are, you and meThick as thievesWell, it ain't always prettySometimes it got roughCould have thrown the towel inAnd thrown our hands upSeems like we've always beenAnd always will beThick as thievesTimeTime won't ever drag us downYou, me, usAin't looking back or turning aroundIt's classic boy meets girlWith our backs against the worldYou and meThick as thievesIn a world without faithYou're what I believeWhen they're stacking the deckYou're the card up my sleeveIn my hour of needYou and me, yeahThick as thievesLightsAre all that's left behind us nowYou, me, usAin't looking back or turning aroundIt's classic boy meets girlWith our backs against the worldYou and meThick as thievesIf I robbed a bankYou wouldn't careYou'd come sit on my lapIn the electric chairAnd when they'd flipped the switch, huhWe'd just kissI know nothing's gonna stop us nowYou, me, usOn the edge and never looking downOh, what's a boy to do?It's classic me and youLucky you, lucky meThick as thievesOhThick as thievesOh, yeah;9.623;John Shanks / Jon Bon Jovi / Richie Sambora
Thief Of Hearts;https://www.letras.mus.br/bon-jovi/73404/;You can lock up all the doorsPull up the coversTurn out the lightsI'll know where you areIt's alrightYou can go ahead and hideYou know youcan't keep me outI'll find my wayI'm here to stayEven the cops can't save you nowHey baby Theres nothing you can doHey baby It isn't up to youChorus:I am the thief of heartsDon't hide or try to runI'll play the part. I'm the thief of heartsI've come to steal your loveYou can hold on to your heartYou ain't gonna winGo ahead and draw the blindsI'm still coming inHey baby I'm gonna wear you downhey baby Better listen to me nowChorus:I'm the thief of heartsThe shadow on your wallA whisper in your earA footstep in the hallI'm the thief of heartsDon't hide or try to runI'll play the part, I'm the thief of heartsI'm gonna steal your loveHey, baby There's nothing you can dohey, baby You know there ain't no useChorus:I am the thief of heartsGuilty of the chargeYou can throw away the keysAnd double up the barsI am the thief of heartsDon't hide or try to runI'll play the part, I'm the thief of heartsI'm gonna steal your love.;7.150;Jon Bon Jovi / Patrick Leonard
This Ain't a Love Song;https://www.letras.mus.br/bon-jovi/2654/;I should have seen it comin' when the roses diedShould have seen the end of summer in your eyesI should have listened when you said good nightYou really meant goodbyeBaby, ain't it funny how we never ever learn to fall?You're really on your knees when you think you're standin' tallBut only fools are know-it-alls and I played that fool for youI cried and I cried, there were nights that I died for you, babyI tried and I tried to deny your love drove me crazy, babyIf the love that I've got for you is goneAnd if the river I've cried ain't that longThen I'm wrongYeah, I'm wrongThis ain't a love songBaby, I thought you and me would stand the test of timeLike we got away with the perfect crimeBut we were just a legend in my mindI guess that I was blindRemember those nights dancin' at the masquerade?The clowns wore smiles that wouldn't fadeBut you and I were the renegadesSome things never changeIt made me so mad 'cause I wanted it bad for us, babyAnd now it's so sad that whatever we had ain't worth savingOh, if the love that I've got for you is goneAnd if the river I've cried ain't that longThen I'm wrongYeah, I'm wrongThis ain't a love songIf the pain that I'm feelin' so strongIs the reason I'm holdin' onThen I'm wrongYeah, I'm wrongThis ain't a love songOh, ohI cried and I cried, there were nights that I died for you, babyI tried and I tried to deny your love drove me crazy, babyIf the love that I've got for you is goneAnd if the river I've cried ain't that longThen I'm wrongYeah, I'm wrongThis ain't a love songIf the pain that I'm feelin' so strongIs the reason I'm holdin' onThen I'm wrongYeah, I'm wrongThis ain't a love songThen I'm wrongYeah, I'm wrongThis ain't a love songThen I'm wrongYeah, I'm wrongThis ain't a love song;636.254;Richie Sambora / Jon Bon Jovi / Desmond Child
This House Is Not For Sale;https://www.letras.mus.br/bon-jovi/this-house-is-not-for-sale/;These four walls have got a story to tell(Oh oh, oh oh)The door is off the hinges, there’s no wish in the well(Oh oh, oh oh)Outside the sky is coal black and the streets are on fireThe picture windows crackedAnd there’s no where to runI know, I knowThis house is not for saleI set each stone and I hammered each nailThis house is not for saleWhere memories live and the dream don’t failThis house is not for saleComing home, I’m coming homeDrove a spike into the ground and I staked my claim(Oh oh, oh oh)Standing on the dirt where they’ll dig my grave(Oh oh, oh oh)Now what built these walls is in my veinsNo time for looking back, the wolf is at the doorThis heart, this soulThis house is not for saleI set each stone and I hammered each nailThis house is not for saleWhere memories live and the dream don’t failThis house is not for saleComing home, I’m coming homeThis house was built on trustThats what it is and always wasNo wrecking ball could knock it downThis house was built on higher groundI set each stone and I hammered each nailThis house is not for saleWhere memories live and the dream don’t failThis house is not for saleComing home, I’m coming homeComing home, I’m coming homeThis house is not for saleComing home, I’m coming homeI’m coming home(I'm coming home) this  house is not for sale;63.447;John Shanks / Jon Bon Jovi
This Is Love, This Is Life;https://www.letras.mus.br/bon-jovi/1764997/;These days what's left to me ain't no Prince CharmingAnd my Cinderella feels like she stayed at the dance too longWe ain't got much but what we got is all that mattersWe're pickin' up the pieces, tryin' to put 'em back where they belongOhh, it's gonna be alrightThis is love, this is lifeWhen times get tough we're still worth the fightThis is love, this is lifeThe road here's paved with the brokenheartedWe gotta finish what we startedOhhh, better hold on tightThis is love, this is lifeThese days it seems like there's three sides to every storyThere's yours, mine, lately there's the cold hard truthWho cares who's wrong or right when we turn out the lights?We'll find forgiveness when we're in each other's arms tonightIt ain't pretty but somehow we always make it throughOhh, it's gonna be alrightThis is love, this is lifeWhen times get tough we're still worth the fightThis is love, this is lifeThe road here's paved with the brokenheartedWe gotta finish what we startedOhhh, better hold on tightThis is love, this is lifeOhh, it's gonna be alrightThis is love, this is lifeWhen times get tough we're still worth the fightThis is love, this is lifeThe road here's paved with the brokenheartedWe gotta finish what we startedOhhh, better hold on tightThis is love, this is lifeOhh, ohh, ohhThis is love, this is lifeOhh, ohh, ohhThis is love, this is life;18.214;John Shanks / Jon Bon Jovi / Richie Sambora
This Is Our House;https://www.letras.mus.br/bon-jovi/1718958/;This is our timeThis is our nightAre you alive?Get up, get up, get up, get up, time to flyAre we gonna raise the roof? (Oh yeah)Are we gonna touch the sky? (Hell yeah)Everybody with me let me hear you nowYeah yeah yeah yeah yeah yeahThis is our houseThese are my people, mister, this is my townThis is our houseAin't nobody know we're gonna knock it down(Oh whoa oh oh oh oh oh)This is our house(Oh whoa oh oh oh oh oh)With the wind at our sideWe have arrivedWe won't be deniedGet up, get up, get up, get up, time to shineAre we gonna turn it up? (Oh yeah)Are we gonna shake it up? (Hell yeah)Let me see you raise 'em up and shout out loudYeah yeah yeah yeah yeah yeahThis is our houseThese are my people, mister, this is my townThis is our houseAin't nobody know we're gonna knock it downThis is our houseThese are my colours, this is sacred groundThis is our houseAin't nobody know we're gonna knock it downThis is our house(Oh whoa oh oh oh oh oh)This is our house(Oh whoa oh oh oh oh oh)This is our houseAin't nobody know we're gonna knock it down;22.623;Jon Bon Jovi
This Time;https://www.letras.mus.br/bon-jovi/5092/;Love makes us laugh, love makes us cryWe're up and we're down, we don't understand whyBut we take it, we're just trying to make itSometimes we lose touch with our feelings insidePut up our walls when we injure our prideAnd we break up, only to make upEasy, love has never been easyAnd I've been searching, trying every doorUntil I finally found what I was looking forAnd it takes what it takes, we all make mistakesThere are so many mountains to climbBut I know that our love will surviveBaby this timeWell we heal from the pain and we learn from the pastThe future is ours and now we found it at lastWe both know it, can't help but show itEasy, love has never been easyAnd I've been searching, trying every doorUntil I finally found what I was looking forAnd it takes what it takes, we all make mistakesThere are so many mountains to climbBut I know that our love will surviveBaby this timeThere were so many times when the road got roughThought that we'd both had enoughBut we kept it alive, somehow the love wouldn't dieAnd it takes what it takes, we all make mistakesThere are so many mountains to climbBut I know that our love will surviveAnd it takes what it takes, we all make mistakesThere are so many mountains to climbBut I know that our love will surviveBaby this time;6.142;Sabe de quem é a composição? Envie pra gente.
This Woman Is Dangerous;https://www.letras.mus.br/bon-jovi/303691/;She can steal the stars and the moonShe can kill you with a wink of an eyeShe's not like those other girls who fall in love the very first timeShe's so young, she's old enough for meAnd she's so shy, it's a love that I'm gonna seeThis woman is dangerousShe'll break your heart and keep you runnin' back for moreThis woman is dangerousBut I'm gonna love her like she's never been in love beforeThis woman is dangerousI'm just another fool waitin' outside her doorShe knew who were the men and who were the boysShe could tell you what they want by the price of their toysShe'd play those game of love, she made a little bit a lot of funShe started messin' your head up, you're playin' with a loaded gunThis woman is dangerousShe'll break your heart and keep you runnin' back for moreThis woman is dangerousAnd I'm gonna love her like she's never been in love beforeThis woman is dangerousI'm just another fool waitin' outside her doorShe'll take you, break you, there's magic in her kissI don't know how many nights I'll go on like thisHer touch is warm, her heart is cold, she'll cut you like a knifeBut it don't matter what she is, cause I want her in my lifeThis woman is dangerousShe'll break your heart and keep you runnin' back for moreThis woman is dangerousAnd I'm gonna love her like she's never been in love beforeThis woman is dangerousI'm just another fool waitin' outside her door;4.310;Sabe de quem é a composição? Envie pra gente.
Thorn In My Side;https://www.letras.mus.br/bon-jovi/1575742/;Thorn in my sideYou're always thereJust to remind meThat I still careThorn in my sideYou won't let me goRight there beside meTo let me knowI've been pushed aroundBeen knocked downLost a round of threeLife took a couple of things I loved when I wasToo blind to seeBut I surviveI gave up on loveBut I'm still getting byYeah, I'm gonna be alrightYou can test my faithBut you can't take my prideThorn in my sideThorn in my sideThorn in my sideYou just won't quitOnce in a while when I crack a smileYou rub my face in itThorn in my sideYou won't let me runGod bless the fightThat I lost and wonBut I surviveI gave up on loveBut I'm still getting byYeah, I'm gonna be alrightYou can test my faithBut you can't take my prideThorn in my side [x6]solo]I've been pushed aroundBeen knocked downLost a round of threeLife took a couple of things I loved when I wasToo blind to seeBut I surviveI gave up on loveBut I'm still getting byYeah, I'm gonna be alrightYou can test my faithBut you can't take my prideThorn in my side [x6][woohoo's];18.375;Jon Bon Jovi / Richie Sambora
Till We Ain't Strangers Anymore;https://www.letras.mus.br/bon-jovi/1010164/;It might be hard to be loversBut it's harder to be friendsBaby, pull down the coversIt's time you let me inMaybe light a couple candlesI'll just go ahead and lock the doorIf you'll just talk to me, babyTill we ain't strangers anymoreLay your head on my pillowI'll sit beside you on the bedDon't you think it's time to say?Some things we haven't saidIt ain't too late to get back to that placeBack to the way, we thought it was beforeWhy don't you look at meTill we ain't strangers anymore?Sometimes it's hard to love meSometimes it's hard to love you tooI know it's hard believingThat love can pull us throughIt would be so easy to live your lifeWith one foot out the doorJust hold me, babyTill we ain't strangers anymoreIt's hard to find forgivenessWhen we just turn out the lightsIt's hard to say you're sorryWhen we can't tell wrong from rightIt would be so easy to spend your whole damn lifeJust keeping scoreSo let's get down to it babyThere ain't no need to lieTell me who you think you seeWhen you look into my eyesLet's put our two hearts back togetherAnd we'll leave the broken pieces on the floorMake love with me, babyTill we ain't strangers anymoreWe're not strangers anymore;80.708;Brett James / Jon Bon Jovi / Richie Sambora
To The Fire;https://www.letras.mus.br/bon-jovi/290100/;We would take no prisioners'Cause there was nobody giving inThey came walking through my jungleMet an angel about to sinI heard a voice from inside of meWhen the youth of America criedCan you help me? Hear me callI don't wanna fall (I don't wanna fall)I don't wanna fall (I don't wanna fall)To the fireI don't wanna fall (I don't wanna fall)I don't wanna fall (I don't wanna fall)To the fireWhen you're a part of societyYou know, the heart of our innocence diesWhen we met with authorityI looked him right between the eyes'Cause all we had was your innocenceAll we had was our hearts to tryTo win the fight, you tell meCan you save me from it all?I don't wanna fall (I don't wanna fall)I don't wanna fall (I don't wanna fall)To the fire'Cause I don't wanna fall (I don't wanna fall)Don't let me fall (I don't wanna fall)To the fireI don't wanna fall (I don't wanna fall)I don't wanna fall (I don't wanna fall)To the fireCan you help me, hear me callCan you save me from it all?I don't wanna fall (I don't wanna fall)I don't wanna fall (I don't wanna fall)To the fireDon't let me fall (I don't wanna fall)Oh, I don't wanna fall, baby(I don't wanna fall, fire)I ain't go down with you (I don't wanna fall)Don't let me fall (I don't wanna fall, fire)Don't let me fall now, now, nowNow, now, nowNow, baby (I don't wanna fall)Don't let me fall (I don't wanna fall);8.155;David Bryan / Jon Bon Jovi / Richie Sambora
Tokyo Road;https://www.letras.mus.br/bon-jovi/5013/;In a time, in a placeIn a world, they forgotLives the heart of meA part that just won't dieJust a boy, not a manSent to war, in a landThey said we'd fight for their freedomBut I felt like a hired handSometimes I have to find my waySometimes I have to get awayTake me back to Tokyo RoadTake me back to Tokyo RoadWorking hard, for a passGot the night, make it lastIt was a time to rememberAll my life I would never forgetIn a bar, breathing smokeSnorting whiskey, drinking cokeIt was a time when no one would dieAnd there wasn't a careSometimes I wish it was that wayCause sometimes I have to get awayTake me back to Tokyo RoadTake me back to Tokyo RoadTake me back to Tokyo RoadTake me back to Tokyo RoadThis guy turns me around and he's pointing up the stairsI found myself in her doorway but there wasn't anybody thereShe walked in the room with nothing on but a red lightAnd with a smile she got so close to meShe whispered something 'bout midnightYou know I didn't understand a word she saidBut it felt so goodShe knew that I didn't have any moneyBut baby I knew she wouldTake me back to Tokyo RoadTake me back to Tokyo Road;10.422;Jon Bon Jovi / Richie Sambora
Tonight;https://www.letras.mus.br/bon-jovi/297472/;She can steal the stars and the moonShe can kill you with a wink of her eyeNot like the other girls who fall in love the very first timeShe's so young, (so young) baby's old enough for meShe's so shy, (so shy) this is all that I want to sayTonight, I'll be your only oneTonight, not the lonely oneTonight, I'm going to be so in loveBaby, baby with youShe knew just who were the men and who were the boysShe knew just what were the price of their toysPlaying games with her made lovin' lots of funMessing your head up, just like playing with a loaded gunTonight, I'll be your only oneTonight, not the lonely oneTonight, I'm going to be so in loveBaby, baby with youTonight, tonight, tonight, tonightTonight, I'm gonna be your only oneTonight, not the lonely oneTonight, I'll be your only oneTonight, not the lonely oneTonight, when I love youTonight, tonight when I squeeze youTonight, gonna love you like you've never been loved beforeWhen? TonightGonna love you like you've never been lovedTonight, gonna squeeze you like you've never been huggedTonight, gonna love you like you've never been lovedTonight, tonight, tonight, tonight, tonight, tonight, tonight, tonight, tonight, tonightShe's so young but she's old enough for meShe's so shy, (so shy) this is all that I want to sayTonight I'll be your only oneTonight, baby I'll be your only oneTonight, gonna love you like you've never been loved before, never beforeTonight, tonight, tonight, tonight, tonight, you'll be all mine tonightTonight, tonight, tonight, tonight, tonightTonight, tonight, tonight, tonight, tonightTonight;5.730;Sabe de quem é a composição? Envie pra gente.
Too Much Of A Good Thing;https://www.letras.mus.br/bon-jovi/297474/;Love is like quicksandIt's always bringing me downBut I still keep coming back for moreAnd like an addictionOne is never enoughI'm like a junkie at your doorToo much of a good thingIs like getting high and coming downRefrão:My heart's on a stringI've been blind to the stingGetting much too much of a good thingI came to your partyAnd stayed a little too lateYou woke up naked on the floorYou are my strongest weaknessAnd I don't want nothing elseYou got the fix I'm looking forToo much of a good thingWill turn your whole world upside downRefrãoShe's my favorite diseaseMakes me crawl on my kneesGetting much too much of a good thingLike you partied all nightAnd you're too trashed from drinkingThe only way out is another shot glass to sink inTell me, baby, what'll it takeI keep making the same mistakesRefrãoAnd I know it's no goodYeah, I'd quit if I couldGetting much too muchGetting much too muchOh, it's just too much of a good thing;4.708;Jon Bon Jovi / Richie Sambora / Richie Supa
Touch Of Grey;https://www.letras.mus.br/bon-jovi/touch-of-grey/;People people everywhereThere's revolution in the airProtest signs and people walkingTalking heads on TV talkingPick a team, choose your sideAin't no room for compromiseWe're running out of better daysBrother all I'm trying to sayHey, hey, hey, hey, heyYou see black and I see whiteNo two hearts can beat the sameIn a world of many colorsThere's a little touch of greyI say wrong when you say rightDifferent faces different namesBrother brother brotherIt's ok to say: Hey, hey, heyI see things with a little touch of greyIf I whisper will you listenWill I answer if you screamPolitics and bad religionTook a hammer to the dreamEverybody loves their childrenForgiveness and a second chanceOne more thing we got in commonAin't love why we do this danceAin't love why we do this danceHey, hey, hey, heyYou see black and I see whiteNo two hearts can beat the sameIn a world of many colorsThere's a little touch of greyI say wrong when you say rightDifferent faces different namesBrother brother brotherIt's ok to say: Hey, hey, heyI see things with a little touch of greyI believe there's train still comingI believe there's room on boardBreak the chains and raise your hands upBe the change we're looking forHey, hey, hey, heyYou see black and I see whiteNo two hearts can beat the sameIn a world of many colorsThere's a little touch of greyI say wrong when you say rightDifferent faces different namesBrother brother brotherIt's ok to say: Hey, hey, heyI see things with a little touch of greyI believe there's train still comingI believe there's room on boardBreak the chains and raise your hands upBe the change we're looking for;6.404;Billy Falcon / Brett James / Jon Bon Jovi
Tumblin' Dice;https://www.letras.mus.br/bon-jovi/480522/;Women think I'm tasty, but they're always tryin' to waste meAnd make me burn the candle right down,But baby, baby, I don't need no jewels in my crown.'Cause all you women is low down gamblers,Cheatin' like I don't know how,But baby, baby, there's fever in the funk house now.This low down bitchin' got my poor feet a itchin',You know you know the duece is still wild.Baby, I can't stay, you got to roll meAnd call me the tumblin' dice.Always in a hurry, I never stop to worry,Don't you see the time flashin' by.Honey, got no money,I'm all sixes and sevens and nines.Say now, baby, I'm the rank outsider,You can be my partner in crime.But baby, I can't stay,v You got to roll me and call me the tumblin',Roll me and call me the tumblin' dice.Oh, my, my, my, I'm the lone crap shooter,playin' the field ev'ry night.Baby, can't stay,You got to roll me and call me the tumblin' (dice),Roll me and call me the tumblin' (Got to roll me.) dice.Got to roll me. Got to roll me;3.682;Keith Richards / Mick Jagger
Twist And Shout;https://www.letras.mus.br/bon-jovi/twist-and-shout/;Well, shake it up, baby, now, (shake it up, baby)Twist and shout. (twist and shout)C'mon c'mon, c'mon, c'mon, baby, now, (come on baby)Come on and work it on out. (work it on out)Well, work it on out, honey. (work it on out)You know you look so good. (look so good)You know you got me goin', now, (got me goin')Just like I knew you would. (like I knew you would)Well, shake it up, baby, now, (shake it up, baby)Twist and shout. (twist and shout)C'mon, c'mon, c'mon, c'mon, baby, now, (come on baby)Come on and work it on out. (work it on out)You know you twist your little girl, (twist, little girl)You know you twist so fine. (twist so fine)Come on and twist a little closer, now, (twist a little closer)And let me know that you're mine. (let me know you're mine)Well, shake it up, baby, now, (shake it up, baby)Twist and shout. (twist and shout)C'mon, c'mon, c'mon, c'mon, baby, now, (come on baby)Come on and work it on out. (work it on out)You know you twist your little girl, (twist, little girl)You know you twist so fine. (twist so fine)Come on and twist a little closer, now, (twist a little closer)And let me know that you're mine. (let me know you're mine)Well, shake it, shake it, shake it, baby, now. (shake it up baby)Well, shake it, shake it, shake it, baby, now. (shake it up baby)Well, shake it, shake it, shake it, baby, now. (shake it up baby);898;Sabe de quem é a composição? Envie pra gente.
Two Story Town;https://www.letras.mus.br/bon-jovi/4973/;I couldn't sleepTook a walk down 2nd AvenueSick of dreaming dreams that never come trueOne way street and I know where its leading toThere's a For Sale sign on the front door of the city hallThe subway line got graffiti crawling off the wallI could take a hit but I ain't gonna take the fallThat's just one side of the storyIn the two story townIt's just the same old sightsAnd the same old soundsI'm gonna take my car and drive out of this two story townThe same old ship is going 'roundI'm going down, down, down, down, downIn a two story townThere's a girl that I sleep withGot ecstasy eyesHe promised her roses and American piesI called her and my demonsI kissed them both goodbyeSeven days like Monday morningIn this two story townIt's just the same old sightsAnd the same old soundsI'm gonna take my car and drive out of this two story townThe same old ship is going 'roundI'm going down, down, down, down, downIn a two story townOne shot to make a move nowThe ghosts are calling me outAnd me I'm just one storyIn a two story townBut you're never gonna find me in the Lost and FpundIt's just the same old sightsAnd the same old soundsI'm gonna take my car and drive out of this two story townThe same old ship is going 'roundI'm going down, down, down, down, downIn a two story townIt's just the same old sights and the same old soundsI'm gonna take my horse and ride him off this merry-go-roundI won't give in and I won't back downI'm going down, down, down, down downNever going down, down, down, down, downI ain't going down, down, down, down, downIn a two story townIn this two story town;23.316;Sabe de quem é a composição? Envie pra gente.
Ugly;https://www.letras.mus.br/bon-jovi/4934/;If you're ugly, I'm ugly tooIn your eyes the sky's a different blueIf you could see yourself like others doYou'd wish you were as beautiful as youYeah!And I wish I was a camera sometimesSo I could take your picture with my mindI'd put it in a frame for you to seeHow beautiful you really are to meUgly! Ugly!All of us just feel like that somedaysAin't no rainbow in the skyWhen you feel U.G.L.YAnd that's UglyYeah, Yeah, Yeah!Yeah. Yeah, Yeah!Ugly! Ugly!All of us just feel like that somedaysAin't no rainbow in the skyWhen you feel U.G.L.YAnd that's Ugly! Ugly!All of us just feel like that somedaysAin't no cure that you can buyWhen you feel U.G.L.Y and that's Ugly!So if you're ugly, I'm ugly tooIf you're a nut then I must be a screwIf you could see yourself the way I doYou'd wish you were as beautiful as youYeah,I wish I was as beautiful as you!;31.133;Sabe de quem é a composição? Envie pra gente.
Unbreakable;https://www.letras.mus.br/bon-jovi/273441/;You said you made me and you break meYou said it ain't hard to shake meUh huh, uh huhYou threw me ever since you've taken me downYou came like a rainy grey mondayI prayed like it was a sundayYou say, you sayBut I won't run away. I'll be standing my groundSeen all the screaming and fightingLived through the screaming and lyingI'm fine, you cant' denyI'm unbreakableUnstoppableI'm invincibleYou're gonna bring it to meCuz I'm always gonna beUnbreakableReliableUndenyableCome on give it to meCuz I'm always gonna be UnbreakableDon't need the diamond cards or cold cashDon't need to sell my soul so don't askUh huh, uh huhTook a pass on the pass I'd be leaving right nowNwsflash, I'm causing a commotionJump back, I'm poetry in motion,Think fast, talk trashWell I ain't talking back but I'm calling you outNo time for fussing and fightingLived through the screaming and the lyingI'm fine, you cant' denyI'm unbreakableUnstoppableI'm invincibleYou're gonna bring it to meCuz I'm always gonna beUnbreakableReliableUndenyableCome on give it to meCuz I'm always gonna be UnbreakableNewsflash, I'm causing a commotionJump back, I'm poetry in motion,I'm fine, you can't denyI'm unbreakableUnstoppableI'm invincibleCome on bring it to meCuz I'm always gonna beUnbreakableReliableUndenyableCome on give it to meCuz I'm always gonna be UnbreakableUnstoppableI'm invincibleYou're gonna bring it to meCuz I'm always gonna beUnbreakableReliableUndenyableCome on give it to meCuz I'm always gonna be UnbreakableI will be UnbreakableUnbreakableI will be Unbreakable;17.596;David Bryan Dbz / Jon Bon Jovi / Richie Sambora
Unbroken;https://www.letras.mus.br/bon-jovi/unbroken/;I was born to be of serviceCamp lejeune just felt like homeI had honor, I found purposeSir, yes, sirThat's what I knowThey sent us to a place, I never heard of weeks beforeWhen you're 19, it ain't hard to sleepIn the desert on God's floorClose your eyes, stop counting sheepYou ain't in boot camp any moreWe were taught to shoot our riflesMen and women side by sideThought we’d be met as liberatorsIn a thousand year old fightI got this painful ringing in my earFrom an ied last nightBut no lead lined humvee war machine, could save my sergeant's lifeThree more soldiers, six civiliansNeed these words to come out rightGod of mercy, God of lightSave your children from this lifeHear these words, this humble pleaFor I have seen the sufferingAnd with this prayer I’m hopingThat we, can be unbrokenIt's eighteen months now, I’ve been statesideWith this medal on my chestBut there are things I can't rememberAnd there are things I won't forgetI lie awake at night with dreams the devil shouldn’t seeI want to scream, but I can't breatheAnd Christ, I'm sweating through these sheetsWhere's my brothers? Where's my country?Where's my how things used to be?God of mercy, God of lightSave your children from this lifeHear these words, this humble pleaFor I have seen the sufferingAnd with this prayer I’m hopingThat we, can be unbrokenMy service dog's done more for meThan the medication wouldThere ain't no angel, that's coming to save meBut even if they couldToday, twenty second, will die from suicideJust like yesterday, they're goneI live my life for each tomorrowSo their memories will live onOnce we were boys, and we were strangersNow we're brothers and we're menSomeday you’ll ask me, was it worth it to be of service in the end?Well the blessing, and the curse is, yeah, I'd do it all againWhoa-ohWhoa-ohWhoa-ohUnbroken;19.459;Sabe de quem é a composição? Envie pra gente.
Undivided;https://www.letras.mus.br/bon-jovi/64847/;That was my brother lost in the rubbleThat was my sister lost in the crushThat was our mothers, those were our childrenThat was our fathers, that was each one of usA million prayers to God aboveA million tears make an ocean ofOne for loveOne for truthOne for me, one for youI found spirit, they couldn't ruin itI found courage in the smoke and dustI found faith in the songs you silencedDeep down it's ringing out in each of usYeah, yeah, yeah, yeah, yeahOne for loveOne for truthOne for me, one for youWhere we once were divided, now we stand unitedWe stand as one undividedHow many hands? How many hearts?How many dreams been torn apart?Enough, enough the time has come to rise back asOne for loveOne for truthOne for me, one for youWhere we once were divided, now we stand unitedWe stand as one undividedHow many hands?How many hearts?How many dreams been torn apart?Enough, enoughThe time has come to rise back asOne for loveOne for truthOne for me, one for youWhere we once were divided, now we stand unitedWe stand as one, undividedUndividedUndividedOne for loveOne for truthOne for me, one for youWhere we once were divided, now we stand unitedWe stand as one, undivided;23.485;Billy Falcon / Jon Bon Jovi / Richie Sambora
Walk Don't Run;https://www.letras.mus.br/bon-jovi/297477/;Another night in this old townSometimes growin' up can only bring you downSometimes I sit, I wonderSometimes I scream as loud as thunderLittle brother don't you know I'm a manThey might think I'm just a boyBut they don't understandThese city streets, they tell me stories about busted dreams and faded gloryNo one seems to understandThey tell me walk, don't run, the time will find youWalk, don't run and your heart will guide you toWalk, don't run, they say growing up it just ain't so much funI feel like a loaded gunThey say don't runMy mom and dad work every dayJust to keep shoes on our feet they slaved their lives awayGrandpa had to do the same, it took him to an early graveCall me a rebel, say the boy don't thinkI'm old enough to fight for my countryI ain't old enough for a drinkAnd I'm not a pawn, I can't play their gameBut Poppa I'm proud just to wear your nameThen he held out his hand, he said I understandBut remember walk, don't run, the time will find youWalk, don't run and your heart will guide you toWalk, don't run, just walk, don't run;3.853;Sabe de quem é a composição? Envie pra gente.
Walk Like A Man;https://www.letras.mus.br/bon-jovi/1025704/;He said 'sit down son, we gotta talk'I said 'it's my life, I'm gonna do what I wantI'm not gonna crawl, Im gonna walkWalk right out that door'He said 'I used to be a lot like youTheres nothing you've done that I didn't do'I laughed and said 'Dad I'm bullet proofWe've been through this before'I couldn't believe it there was a tear in my old man's eyeWhen I was leaving he tried to say goodbyeHe saidStand tall when you stumble stay proud when you're humbledThe lessons you learn won't be the ones you planEvery step up that mountain will be more than worth countingBut when you walk through the valley may you walk like a manI've seen a couple of miles on a gravel roadBeen taught a couple things that I didn't knowNow I even got a kid of my own starting to sound a lot like meI learned a little thing called sacrificeGiven up on dreams, lost a couple fightsAll anybody wants is a better life and something to believeStand tall when you stumble stay proud when you're humbledThe lessons you learn won't be the ones you planEvery step up that mountain will be more than worth countingBut when you walk through the valley may you walk like a manI couldn't believe it when the tears came to my eyesIt isn't easy standing on the other sideI said 'sit down son, we gotta talkHey it's your life, you're gonna do what you wantI won't say crawl before you walkCause I heard my old man in my mind saying'Stand tall when you stumble stay proud when you're humbledAll the lessons you learn won't be the ones you planEvery step up that mountain will be more than worth countingBut when you walk through the valley may you walk like a manAnd when you go on without me, walk like a manWalk on;11.508;Bon Jovi
Walls;https://www.letras.mus.br/bon-jovi/walls/;My mama told me, when I was youngerYou better speak up, don't be a numberMy daddy told me, when it was thunderGo be the lighting, don't run for coverWho's gonna help the helpless?Sometimes we're all aloneThese days, we're all just lookingFor a place that we call homeNow we can't climb over, and you can't go roundBuild them up, we'll tear them downBrick by brick, gonna watch them fallBuild more bridges and tear down wallsThese walls are the mountains that we climbThese walls are the great divideBrick by brick, gonna watch them fallBuild more bridges, tear down wallsThe space between us is getting widerWe need this bar to light the fireShow me the promise, give me some feelingThere's too much hurting, we need some healingWho's gonna help the helpless?Sometimes we're all aloneThese days, we're one step closerTo that place that we call homeNow we can't climb over, and you can't go roundBuild them up, we'll tear them downBrick by brick, gonna watch them fallBuild more bridges and tear down wallsThese walls are the mountains that we climbThese walls are the great divideBrick by brick, gonna watch them fallBuild more bridges, tear down walls (these walls)I remember when the world was smallerAnd we both felt 10 feet tallerNow we can't climb over, and you can't go roundBuild them up, we'll tear them downBrick by brick, gonna watch them fallBuild more bridges and tear down wallsThese walls are the mountains that we climbThese walls are the great divideBrick by brick, gonna watch them fallBuild more bridges, tear down walls (these walls)(These walls, these walls, these walls)Tear down walls (these walls)(These walls, these walls, these walls)Tear down walls;21.203;John Shanks / Jon Bon Jovi
Walls Of Jericho;https://www.letras.mus.br/bon-jovi/walls-of-jericho/;Make some noise, strike up the bandPull the paint off of the ceilingSing down the walls of JerichoOne more time with feelingI went walking through the valleyArrows flying overheadHeaven told me: Boy, be patientTake the long way 'round insteadYou've come too far to turn back nowLet me show ya how the walls come crumbling downMake some noise, strike up the bandPull the paint off of the ceilingSing down the walls of JerichoOne more time with feelingNa-na-na-na-na, na-na-naNa-na-na-na-na-naDrop your shield and lay your sword downYour weapons are your voicesYou will know the war is overWhen the weary soul rejoicesYou've come too far to turn back nowLet me show ya how the walls come crumbling downMake some noise, strike up the bandPull the paint off of the ceilingSing down the walls of JerichoOne more time with feelingNa-na-na-na-na, na-na-naNa-na-na-na-na-naWake the echo, call the thunderTell them we've only just begunNo amen, no hallelujahThis is a song for everyoneMake some noise, strike up the bandPull the paint off of the ceilingSing down the walls of JerichoOne more time with feelingOne more time with feeling, boysLong as we're still breathingSing down the walls of JerichoOne more time with feelingNa-na-na-na-na, na-na-naNa-na-na-na-na-naNa-na-na-na-na, na-na-naNa-na-na-na-na-naNa-na-na-na-na, na-na-naNa-na-na-na-na-naNa-na-na-na-na, na-na-naNa-na-na-na-na;2.320;Jon Bon Jovi
Wanted Dead Or Alive;https://www.letras.mus.br/bon-jovi/4972/;It's all the sameOnly the names will changeEveryday it seems we're wasting awayAnother place where the faces are so coldI'd drive all night just to get back homeI'm a cowboyOn a steel horse I rideI'm wanted dead or aliveWanted dead or aliveSometimes I sleepSometimes is not for daysAnd the people I meetAlways go their separate waysSometimes you tell the dayBy the bottle that you drinkAnd times when you're aloneAll you do is thinkI'm a cowboyOn a steel horse I rideI'm wanted (wanted) dead or aliveWanted (wanted) dead or aliveOh, and I ride!Ooh, I'm a cowboyOn a steel horse I rideI'm wanted (wanted) dead or aliveAnd I walk these streetsA loaded six string on my backI play for keeps'Cause I might not make it backI've been everywhere (oh, yeah)Still, I'm standing tallI've seen a million facesAnd I've rocked them all'Cause I'm a cowboyOn a steel horse I rideI'm wanted (wanted) dead or alive;772.074;Jon Bon Jovi / Richie Sambora
Warchild (feat. Rockhead);https://www.letras.mus.br/bon-jovi/warchild-feat-rockhead/;Burn these fields, pave them blackLeave this place and I'll never look backFill my mind with your silent streetsA sea of waving heatCould be a loverLike in your wildest dreamsI run for coverCome apart at the seamsJust like a motherWho's wasted and scaredBury me in the rainOh warchild, my mama saysBury me in an unmarked graveAnd wash my ashes again and againI was born to troubleI was born to painBury me in the rainOh warchild, my mama saysNow they're screamingRunning wild, childWhat's wrong now? wharchildI will kill all of the lies you tellIt's your hell, warchildOh mercy mercy meI can't find no light to seeAnd the streets, they get so coldAnd the nights will make you oldIs there nothing I can doBefore it tears me in twoOh mercy mercy me, childWhy can't they let me be?Is it something that I've doneKeeps me always on the run?Is there something I can sayIs there nothing I can doBefore it tears me in twoChild, get outCan't you tell meCan't you tell me, child?Could be a loverLike in your wildest dreamsI run for coverCome apart at the seamsJust like a motherWho's wasted and scaredBury me in the rainNow I'm a liar, I am greedI light a fire and burn to be freedBut still this memoryHangs round my headEverything you saidBury me in the rainBury me in the rain, oh in the rain;178;Sabe de quem é a composição? Envie pra gente.
Waves;https://www.letras.mus.br/bon-jovi/waves/;I pour another glass, got to get some sleepPictures of the past rolling over meBig Moon on the rise, comes to read my mindWhen you're running from yourselfThere's no good place to hideTide is rising, and I'm ridingWavesThey take me down, no one here gonna save me nowWavesThey knock me off my feetWavesNow I understand, I see her face, I see her handAnd she waves, then fades away from meWe’re made of love and warGot too far from the shoreThought you were waving, you were drowningOur footprints in the sandWater through my handI just can't wrap my arms around youTide is rising, and I'm ridingWavesThey take me down, no one here gonna save me nowWavesThey knock me off my feetWavesNow I understand, I see her face, I see her handAnd she waves, then fades away from mePut our boat out on the riverNever made it to the seaI thought we were being recklessYou thought we were being freeNow I dream we're in the oceanAnd I'm sinking as you drift away from meTide is rising, and I'm ridingWavesThey take me down, no one here gonna save me nowWavesThey knock me off my feetWavesNow I understand, I see her face, I see her handAnd she waves, then fades away from meShe waves, then fades away from me;3.269;Sabe de quem é a composição? Envie pra gente.
We All Fall Down;https://www.letras.mus.br/bon-jovi/we-all-fall-down/;Don't be afraid to lose your wayTake that step don't hesitateYour time is nowDon't be afraid to scrape your kneesOn these streets of shattered dreamsStand up and be proudI'm telling you nowClimb every mountainHow high doesn't matterDon't ever be afraid to fallWalk out on that wireClimb every ladderKeep your back against the wallAnd don't be scared to hit the ground'Cause we all fall downDown on your luck you're feeling smallThe little things seem 10 feet tallWatch your dreams fall apart at the seamsYou want to scream and shout out loudWhen you sit up they knock you downYou're a long way from homeBut you're never alone, yeahClimb every mountainHow high doesn't matterDon't ever be afraid to fallWalk out on that wireClimb every ladderKeep your back against the wallAnd don't be scared to hit the ground'Cause we all fallWe're all digging in this dirtWe're all living hand to mouthWe're all trying to fit inTrying not to chicken outLife doesn't wait, don't hesitateDon't lose your faith it's judgement dayThey're calling you outI'm calling you nowClimb every mountainHow high doesn't matterDon't ever be afraid to fallWalk out on that wireClimb every ladderKeep your back against the wallAnd don't be scared to hit the ground'Cause we all fall down'Cause we all fall down'Cause we all fall down;7.163;Sabe de quem é a composição? Envie pra gente.
We Can Dance;https://www.letras.mus.br/bon-jovi/69876/;I thought miracles were make-believeIt's hard to hold what you can't seeBut I found the faith I needEvery morning when you wake up next to meIf all this shit we take for grantedTook the train and left us strandedMake a stand and wave goodbyeEach night I see the world with brand new eyesAnd in my heart I hear the music playingCan you hear it?Take my handTo the laughter, to the tearsTo all those wasted years that disappearHey they got us hereTake my handFor the good fights and the badFor the dreams that we still haveLooking back on it all babyWe're still standing hereTake my handWe can danceBaby lay down next to meI want to feel each breath you breatheIn your kiss I taste the truthI want to get all tangled up in youIn your heart I hear the music playingI can hear itTake my handWe can danceWith the laughter, with the tearsWith all those wasted years that disappearHell they got us hereTake my handWe can danceWith the good fights and the badWith the dreams that we still haveLooking back on it all babyWe're still standing hereAnd when the song is over, we'll still be going onIn my heart I hear the music playingTake my handWe can danceTo the laughter, to the tearsTo all those wasted years that disappearThey're what got us hereTake my handFor the good fights and the badFor the dreams that we still haveLooking back on it all babyWe're still standing hereTake my handWe can danceWe can danceWe can danceWe can danceWe can danceWe can dance;7.806;Jon Bon Jovi
We Don't Run;https://www.letras.mus.br/bon-jovi/we-dont-run/;Take a look around you, yeah, the sky is fallingSinners say your prayers, this train is off the tracksNothing is forever when tomorrow's callingDancing with the devil take it one day backI'm not afraid of burning bridges'Cause I know they're gonna light my wayLike a phoenix, from the ashesWelcome to the future, it's a new dayWe don't runI'm standing my groundWe don't runAnd we don't back downThere's fire in the skyThere's thunder on the mountainBless this shield and this dirt I was born inWe don't runTake me to the banks of your muddy waterWhere the flesh and blood and the spirit meetOnly takes your touch for me to find salvationYou’re the only reason that I still believeI'm not afraid of burning bridges'Cause I know they're gonna light my wayLike a phoenix, from the ashesWelcome to the future, it's a brand new dayWe don't runI'm standing my groundWe don't runAnd we don't back downThere's fire in the skyThere's thunder on the mountainBless this shield and this dirt I was born inWe don't runWe don't run;23.868;JBJ / John Shanks
We Got It Going On;https://www.letras.mus.br/bon-jovi/1012452/;Is there anybody out there looking for a party?Shake your money maker, baby smoke it if you got it,We just wanna have some fun, if you don't wanna kiss this,Everybody raise your hands, come on I need a witness.We got it goin onWe'll be banging and singing just like the rolling stonesWe're gonna shake up your soulsWe've come to rattle your bonesCause we got it goin' onHey yeah,You gota ticket to kick it,I wanna hear you scream now (you gota ticket to kick it I wanna hear you scream now),Because tonight you got the right to let your hair down, (tonight you got the right to let your hair down)Well everybody's getting down, we're getting down to businessInsane, freak train, you dont want to miss this,We got it goin onWe'll be banging and singing just like the rolling stonesWe're gonna shake up your soulsWe've come to rattle your bonesCause we got it goin' onHey yeah,And know for a public service announcement for my country cousin, Big Kenny talk to the people:Brothers and sisters we're here to come together as one and love everybodyCan I getta a-men (a-men)[Solo]We got it goin onWe got it goin onWe got it goin onWe'll be banging and singing just like the rolling stonesWe're gonna shake up your soulsWe've come to rattle your bonesCause we got it going onGetting down with Big and Rich and Richie and Jon,Just banging and singing,Why dont you all come along, (why dont you all come along)We got it goin on,We got it goin on,We got it goin on,We got itWe got itWe got it going on,We got itWe got itWe got it going on;36.264;John Rich / Jon Bon Jovi / Kenny Borgeois Alphin / Richie Sambora
We Gotta Get Out Of This Place;https://www.letras.mus.br/bon-jovi/1874218/;In this dirty old part of the cityWhere the sun refuse to shinePeople tell me there ain't no use in tryingNow, my girl, you're so young and prettyAnd one thing I know is trueYou'll be dead before your time is dueI knowWatch my daddy in bed and tiredWatch his hair been turning grayHe's been working and slaving his life awayOh yes, I know itHe's been working so hardI've been working too, babeEvery night and dayYeah, yeah, yeah, yeahWe gotta get out of this placeIf its the last thing we ever doWe gotta get out of this place'Cause, girl, there's a better lifeFor me and youNow, my girl, you're so young and prettyAnd one thing I know is true, yeahYou'll be dead before your time is dueI know itWatch my daddy in bed and tiredWatch his hair been turning grayHe's been working and slaving his life awayI knowHe's been working so hardI've been working too babeEveryday, babyYeah, yeah, yeah, yeahWe gotta get out of this placeIf its the last thing we ever doWe gotta get out of this placeGirl, there's a better lifeFor me and youSomewhere, babySomehow I know it, babyWe gotta get out of this placeIf its the last thing we ever doWe gotta get out of this placeGirl, there's a better life for me and youBelieve me, babyI know it, babyYou know it too;2.258;The Animals
We Made It Look Easy;https://www.letras.mus.br/bon-jovi/we-made-it-look-easy/;We would laugh till we criedGetting drunk, getting highWhen we didn't know howWe were chasing the dawnGetting lost in a songTrying to figure it outSometimes the things you want ain't what you needSometimes you know a dream is just a dreamBut weWe made it look easyWe made it look easyWe were broke-down cars chasing shooting starsWe were full of seventeenAnd we made it look easyDidn't we?Look at us, blood on bloodSame today as it wasBeen a hell of a rideJersey shore cover bandsCouple friends in the standsOn a Saturday nightSometimes the things you want ain't what you needSometimes you know a dream is just a dreamBut weWe made it look easyWe made it look easyWe were broke-down cars chasing shooting starsWe were full of seventeenAnd we made it look easyDidn't we?Didn't we?Didn't we?Jersey shore cover bandsCouple friends in the standsOn a Saturday nightWe made it look easyWe made it look easyWe made it look easyWe were broke-down cars chasing shooting starsWe were full of seventeenAnd we made it look easyDidn't we?Didn't we?Oh, didn't we?Didn't we?;2.702;Sabe de quem é a composição? Envie pra gente.
We Rule The Night;https://www.letras.mus.br/bon-jovi/297480/;We walked through the sunshine, we walked thru the rainAs endless as time the thoughts will remainWe'll take what we wantYou take what you needWe are the targets, you better believeNo one can save you, there's nothing to sayDeception's the name of the gameRefrão:We rule the nightOnly the strong will surviveThere's no wrong, there's no rightWe rule the nightWe rule the nightWe'll never give up the fightWhere the wrong is alrightWe rule the nightAll is for one and one is for allIf we take the fight then you take the fallYou run from the shadows but they call my nameYou search for the truth but your search is in vainNo one can save you, there's nothing to sayDeception's the name of the gameRefrãoWhen you're looking for someone to blameI know you'll remember my nameRefrãoWe rule the night 4X;4.472;Jon Bon Jovi / Richie Sambora
We Weren't Born To Follow;https://www.letras.mus.br/bon-jovi/1536247/;This one goes out to the man who mines for miraclesThis one goes out to the ones in needThis one goes out to the sinner and the cynicalThis ain't about no apologyThis road was paved by the hopeless and the hungryThis road was paved by the winds of changeWalkin' beside the guilty and the innocentHow will you raise your hand when they call your name?Yeah, yeah, yeahWe weren't born to followCome on and get up off your kneesWhen life is a bitter pill to swallowYou gotta hold on to what you believeBelieve that the Sun will shine tomorrowAnd that your saints and sinners bleedWe weren't born to followYou gotta stand up for what you believeLet me hear you say: Yeah, yeah, yeah, oh, yeahThis one's about anyone who does it differentlyThis one's about the one who curses and spitsThis ain't about our livin' in a fantasyThis ain't about givin' up or givin' inYeah, yeah, yeahWe weren't born to followCome on and get up off your kneesWhen life is a bitter pill to swallowYou gotta hold on to what you believeBelieve that the Sun will shine tomorrowAnd that your saints and sinners bleedWe weren't born to followYou gotta stand up for what you believeLet me hear you say: Yeah, yeah, yeah, oh, yeahLet me hear you say: Yeah, yeah, yeah, oh, yeahWe weren't born to followCome on and get up off your kneesWhen life is a bitter pill to swallowYou gotta hold on to what you believeBelieve that the Sun will shine tomorrowAnd that your saints and sinners bleedWe weren't born to followYou gotta stand up for what you believeLet me hear you say: Yeah, yeah, yeah, oh, yeahLet me hear you say: Yeah, yeah, yeah, oh, yeahWe weren't born to follow, oh, yeahWe weren't born to follow, oh, yeah;170.051;Jon Bon Jovi / Richie Sambora
We Wish You A Merry Christmas;https://www.letras.mus.br/bon-jovi/1321571/;We wish you a merry ChristmasWe wish you a merry ChristmasWe wish you a merry ChristmasAnd a happy New YearGlad tidings we bringTo you and your kinGlad tidings for ChristmasAnd a happy New YearWe want some milk and cookiesWe want some milk and cookiesWe want some milk and cookiesPlease bring it right hereGlad tidings we bringTo you and your kinGlad tidings for ChristmasAnd a happy New YearWe won't go until we get someWe won't go until we get someWe won't go until we get someSo bring it out hereGlad tidings we bringTo you and your kinGlad tidings for ChristmasAnd a happy New YearWe wish you a Merry ChristmasWe wish you a Merry ChristmasWe wish you a Merry ChristmasAnd a happy New YearGlad tidings we bringTo you and your kinGlad tidings for ChristmasAnd a happy New Year;3.106;Sabe de quem é a composição? Envie pra gente.
Wedding Day;https://www.letras.mus.br/bon-jovi/4963/;Today you'll pick up all the piecesAnd get on with your lifeAll I can hope is that you're happy'Cause today you're someone elses wifeRight now I wish that I could turn backAnd beg the hands of timeFor the days that I remember (oh baby)The days when you were mineAnd if I never said I love youIt's cause the words got in the wayNow all I do is say I'm sorrySorry I missed your wedding dayI'll bet you looked good at the altarI'll bet he knew the words to sayAnd the angels smiled when you walked down the aisleYou both knelt down to prayAs he put his ring on your fingerI know there's just one thing left to sayAll I can do is say I'm sorrySorry I missed your wedding daySo Sorry(solo)You won't be walking through the door anymoreYou won't be sleeping in this bed anymoreTho' I swear I see your shadow waltz accross my floorAnd I don't know if I can take itShould we ever meet againCause I know that we'll be strangersWhen he introduces friendsI tried to make it to the church now babyA broken heart got in the wayAll I can do is tell you I'm sorrySorry I missed your wedding dayI really hope you're happy babyTho' it's killing me to sayAll I can do is say I'm sorrySorry I missed your wedding daySorry I missed your weddingI'm sorry I missed your wedding dayI'm sorry I missed your wedding dayI'm sorry I missed your wedding day;7.411;Jon Bon Jovi
Welcome To The Good Times;https://www.letras.mus.br/bon-jovi/297483/;I had enough of staring down at my shoesFilling my cup with television's bad newsAll of it's worthless, nothing to hold on toKicked out because there's nothing left but me and youA little beat up but what you get's what you seeA bit of a rebel, a little bit of refugeeWaited my whole life awayBeen waiting for someone like you to sayWelcome, welcome to the good timesTake it in like fine wine, until you feel alrightWelcome to the good times, yeahI'm always the one on the outside looking insideAlways the bridesmaid, never been the new brideSometimes I feel like a canary in a coal mineIt's hard to breathe but somehow it's got to stay in flightWaiting for the dice to roll our wayWe've been waiting for someone somewhere to sayWelcome, welcome to the good timesTake it in like fine line, until you feel alrightWelcome, forget about the hard timesGonna make the sun shine if it takes all nightSay welcome to the good timesWelcome, welcome to the good timesTake it in like fine wine until you feel alrightWelcome, forget about the hard timesGonna make the sun shine if it takes us all nightWe'll say welcome, welcome to the good timesTake it in like fine wine until you feel alright, alrightWelcome, welcome to the good timesTake it in like fine wine, until you feel alrightWelcome, welcome to the good times;5.894;Sabe de quem é a composição? Envie pra gente.
Welcome To Wherever You Are;https://www.letras.mus.br/bon-jovi/280198/;"Maybe we're all different but we're still the sameWe all got the blood of Eden running through our veinsI know sometimes it's hard for you to seeYou're caught between just who you are and who you want to beIf you feel alone and lost and need a friendRemember every new beginning is some beginning's endWelcome to wherever you areThis is your life; you made it this farWelcome, you got to believeThat right here, right nowYou're exactly where you're supposed to beWelcome to wherever you areWhen everybody's in and you're left outAnd you feel you're drowning in the shadow of a doubtEveryone's a miracle in their own wayJust listen to yourself, not what other people sayWhen it's seems you're lost, alone and feeling downRemember everybody's different; just take a look aroundWelcome to wherever you areThis is your life; you made it this farWelcome, you got to believeRight here, right nowYou're exactly where you're supposed to beBe who you want to beBe who you areEveryone's a heroEveryone's a starWhen you want to give up and your heart's about to breakRemember that you're perfect; God makes no mistakesWelcome to wherever you areThis is your life; you made it this farWelcome, you got to believeRight here, right nowYou're exactly where you're supposed to beAnd I said welcome…I said welcome…Welcome…";100.650;John Shanks / Jon Bon Jovi / Richie Sambora
What About Now;https://www.letras.mus.br/bon-jovi/what-about-now/;You wanna start a fire?It only takes a sparkYou gotta get behind the wheelIf you ever gonna drive that carIf you wanna take a biteYou'd better have the teethIf you wanna take that stepThen get up off of your knees'Cause tonight, we're aliveWho'll stand for the restless?And the lonely? For the desperate? And the hungry?Down for the count I'm hearing you nowFor the faithful, the believerFor the faceless and the teacherStand up and be proudWhat about now?You wanna start a fight?You gotta take a swingGotta get your hands in the dirtTo see what the harvest will bringYou wanna raise your voice?Don't be scared to breatheDon't be afraid to hurtDon't be ashamed to need'Cause tonight, we're aliveWho'll stand for the restless?And the lonely? For the desperate? And the hungry?Down for the count I'm hearing you nowFor the faithful, the believerFor the faceless and the teacherStand up and be proudWhat about now?The leaves fall like reasons that drift through the seasonsTill dreams are just bare dark and greyAnd all of your plans that slip right through your handsAre just stains that you'll take to your graveTonight, we're aliveWho'll stand for the restless?And the lonely? For the desperate? And the hungry?Down for the count I'm hearing you nowFor the faithful, the believerFor the faceless and the teacherStand up and be proudWhat about now?What about now?What about now?;39.037;John Shanks / Jon Bon Jovi
What Do You Got?;https://www.letras.mus.br/bon-jovi/1737174/;Everybody wants something, just a little moreWe're makin' a living and what we're livin for?A rich man or a poor man, a pawn or a kingYou can live on the street, you can rule the whole worldBut it don't mean one damn thingWhat do you got, if you ain't got love?Whatever you got, it just ain't enoughYou're walkin' the road, but you're goin nowhereYou're tryin' to find your way home, but there's no one thereWho do you hold in the dark of night?You wanna give up, but it's worth the fightYou have all the things, that you've been dreamin ofIf you ain't got someone, you're afraid to loseEverybody needs just one, someone... To tell them the truthMaybe I'm a dreamer, but I still believeI believe in hope, I believe the change can get us off of our kneesWhat do you got, if you ain't got love?Whatever you got, it just ain't enoughYou're walkin' the road, but you're goin nowhereYou're tryin' to find your way home, but there's no one thereWho do you hold in the dark of night?You wanna give up, but it's worth the fightYou have all the things, that you've been dreamin ofIf you ain't got love, its all just keeping scoreIf you ain't got love, what the hell we doing it forI don't wanna have to talk about itHow many songs you gotta sing about itHow long you gonna live without itWhy does someone somewhere have to doubt itSomeday you'll figure it outWhat do you got, if you ain't got love?Whatever you got, it just ain't enoughYou're walkin' the road, but you're goin nowhereYou're tryin' to find your way home, but there's no one thereWho do you hold in the dark of night?You wanna give up, but it's worth the fightYou have all the things, that you've been dreamin ofIf you ain't got love, it's all just keeping scoreIf you ain't got love, what the hell we doin' it forWoahhh, I ain't got, if you ain't gotWhat do you got if you ain't got loveWhat do you got if you ain't got love;135.581;Richie Sambora / Jon Bon Jovi / Brett James
What You Want (I'll Be Gone, What Do You Want);https://www.letras.mus.br/bon-jovi/303693/;"I don't care about where you've beenI don't care about anything but todayAnd baby you and meWhen you walked in my lifeI thought this is the one that's trueThere's the girl that's going to be my wifeI'll give you all the love you can handleWhat you got is what you seeShe swore to see a better man inside of meWhat you wantWell, you can get it from meWhat you needI'll be giving for freeBut I'm leaving in the morning and I'll be goneI took her home through a parking lotUp to that old forgotten spotWhere all the tough guys used to goThey were all so close to meI swore I'd make her my one and onlyThen I felt her pull away from meAnd she said ""Don't make promises you know you won't keep""""Don't say you love me just do it""Come on baby make it over the seats then get down to itWhat you wantWell, you can get it from meWhat you needI'll be giving for freeBut I'm leaving in the morning and I'll be goneWhat you wantWell, you can get it from meWhat you needI'll be giving for freeI'm leaving in the morning and I'll, oh baby I'll be goneWhat you wantWell, you can get it from meWhat you needI'll give it for freeI'm leaving in the morning, take tonight, let's goWhat you wantWell, you can get it from meGirl what you needWhen the sun comes up I'm goneBaby I'll be gone";5.618;Sabe de quem é a composição? Envie pra gente.
What's Left Of Me;https://www.letras.mus.br/bon-jovi/whats-left-of-me/;"For thirty odd years I was a newspapermanI made my living with a pen and a padGod I miss the smell of paper and the ink on my handsCome onBeen back from the desert for a year or soLeft more in the sand then you'll ever knowAnother war was waiting for me when I got back homeIn the name of the flags one gave their livesI'm still living, yeah, semper fiWell that's my story, what else can I sayHey heyI got a lot to give say can you seeI'm still breathing and my heart still beatsThey took the car but they left the leaseDoes anybody want what's left of me?Boarded up the house, they left the keysForeclosed on my city, rolled up these streetsBut I ain't checking out, I still got my dreamsDoes anybody want what's left of me?Hey, hey, hey, heyThey called us ""dirty harry"", we're a punk rock bandWhy they sold old cbgb's I don't understandAll that’s left now are the t-shirts and they come from japanI sold my drums to make ends meetThe band broke up, we had to eatIt's the same old shit, it just happens more these daysHey, heyI got a lot to give say can you seeI'm still breathing and my heart still beatsThey took the car but they left the leaseDoes anybody want what's left of me?Boarded up the house, they left the keysForeclosed on my city, rolled up these streetsBut I ain't checking out, I still got my dreamsDoes anybody want what's left of me?Hey, hey, hey, heyI'm a teacher, I'm a farmer, I'm a union manIt's getting hard to make a living in this hard landWe ain't working in our factories, all those jobs went overseasHey, heyDoes anybody want, does anybody wantDoes anybody want what's left of me?I got a lot to give, say can you seeI'm still breathing and my heart still beatsThey took the car but they left the leaseDoes anybody want what's left of me?Does anybody want to buy or rentTake a chance or place a bet?I ain't checking out, I still got my dreamsDoes anybody want what's left of me?Hey, heyDoes anybody want, does anybody wantDoes anybody want what's left of me?Hey, heyDoes anybody want, does anybody wantDoes anybody want what's left of me?";11.234;"Billy Falcon / Jon Bon Jovi; Richie Sambora"
When I Look Into Your Eyes;https://www.letras.mus.br/bon-jovi/1524122/;I see forever when I look in your eyesYou're all I've ever wanted, I always want you to be mineLet's make a promise till the end of timeWe'll always be together and our love will never dieSo here we are face to faceAnd heart to heartI want you to know we will never be apartNow I believe that wishes can come trueCause I see my whole world, I see only youChorus:When I look into your eyesI can see how much I love youAnd it makes me realizeWhen I look into your eyesI see all my dreams come trueWhen I look into your eyesI looked for you all of my lifeAnd now that I've found you we will never say goodbyeCan't stop this feeling and there's nothing I can doCause I see everything, when I look at youChorus:When I look into your eyesI can see how much I love youAnd it makes me realizeWhen I look into your eyesI see all my dreams come trueWhen I look into your eyesChorus:When I look into your eyesI can see how much I love youAnd it makes me realizeWhen I look into your eyesWe will always be together and our love will never dieWhen I look into your eyesI see all my dreams come true when I look into your eyesWhen I look into your eyes;27.627;Jon Bon Jovi
When She Comes;https://www.letras.mus.br/bon-jovi/4986/;Outside this world keeps turnin' 'roundLondon Bridge keeps burnin' downBut it'll be all right, ooohNo one hears our silent screamsIn this land of broken dreamsBut it'll be all right, when she comesIt'll be all right, when she comesIt'll be all right, when she comesAnd when I lie she still believesShe don't ask why, she's there for meWhen it gets hard, she's all I need to get byI hear her voice in a thousand placesI try so hard, still I can't escape itShe's the one, when she comes, yeahAnd if the sky come falling down,I never ever even hear a soundIt's true, she's as great a redAs blue as skies are blueEverything's all right, when she comesEverything's all tight, when she comesAnd when I lie, she still believesShe don't ask why, she's there for meWhen it gets hard, she's all I really needEverything's all right, when she comesIt'll all be tight, when she comesWhen she comesIt's all right, it's all right, when she comesIt's all right, it's all right, when she comesIt's all right, it's all right, it's all right, when she comesIt's all right, it's all right, it's all right, when she comes;4.719;Sabe de quem é a composição? Envie pra gente.
When We Were Beautiful;https://www.letras.mus.br/bon-jovi/1575192/;The world is crackedThe sky is tornI'm hanging inYou're holding onI can't pretendedThat nothing changedLiving in the shadowsOf the love we madeBack when we were beautifulBefore the world got smallBefore we knew it allBack when we were inocentI wonder where it wentLets go back and find itSha la laSha la la heySha la laSha la la heySome dreams liveAnd some will dieBut for you and meTheir still aliveNow am I blessedOr am I cursedBecause the way we areAin't the way we wereBack when we were beautifulBefore the world got smallBefore we knew it allBack when we were inocentI wonder where it wentLets go back and find itThe world is crackedThe sky is tornSo much lessThen so much moreBack when we were beautifulBefore the world got smallBefore we knew it allBack when we were inocentI wonder where it wentLets go back and find itBack when we were beautifulBefore the world got smallBefore we knew it allBack when we were inocentI wonder where it wentLets go back and find itBack when we were beautifulBefore the world got smallBefore we knew it allBack when we were inocentI wonder where it wentLets go back and find itSha la laSha la la heySha la laSha la la hey;39.918;Billy Falcon / Jon Bon Jovi / Richie Sambora
When We Were Us;https://www.letras.mus.br/bon-jovi/when-we-were-us/;We were young, unafraidWe were finding our own wayThere is no wind, there is no rainIn the eye of the hurricaneEvery time you climb that mountainThere’s another one left to climbDon’t go looking for tomorrowLeaving yesterday behindWriting every page togetherThose days were not to last foreverDiamonds in the roughWhen we were usBurn the house and torch the skylineThere was more than fire in my eyesLove meant more than lustWhen we were usWe were one, born and raisedMore than blood runs through these veinsCuts can heal, scars will fadeWhat we had will never changeSeasons pass and time will move onYou don’t ever have to let it goYou can go only so far nowTill you're on your way back homeWriting every page togetherThose days were not to last foreverDiamonds in the roughWhen we were usBurn the house and torch the skylineThere was more than fire in our eyesLove meant more than lustWhen we were usMemories are nothing more than ghost that we let inDon’t be afraid of them, do you remember whenWriting every page togetherThose days were not to last foreverDiamonds in the roughWhen we were usBurn the house and torch the skylineThere was more than fire in our eyesLove meant more than lustWhen we were usWhen we were us;16.804;Jon Bon Jovi
Who Said It Would Last Forever;https://www.letras.mus.br/bon-jovi/100699/;You say you've seen it beforeit's time you realizeThe promisse they never meant to keepThey're nothing more than liesYou can come to me with your problemsHow he turned you on with his linesThere ain't no use in pretendingCause you know love is blindWho hurt you this timeLayin' you heard on the liveChorus:Who said it would last foreverAnd he's never break your heartYou should have known betterThat lovers sometimes partSo baby stop cryingAnd wipe those tears out from you eyesIt's time to get back on you feet againLife's full of alibisIf I've told you once (once)I've told you twice (twice)Said it a thousand times beforeYou're so young and too innocentYou keep on comin' back for moreWho hurt you this timeWhen you lay your heart on the liveChorusSo old you head up highIt's lonely in the darkLet someone else try to mend your broken heartTo make a brand new start of things and IGive you everything that you want this timeChorus 2xWho said it would last forever (3X);12.596;Jim Polles / John Bongiovi
Who Says You Can't Go Home?;https://www.letras.mus.br/bon-jovi/280199/;I spent twenty years trying to get out of this placeI was looking for something I couldn't replaceI was running away from the only thing I've ever knownLike a blind dog without a boneI was a gypsy lost in the twilight zoneI hijacked a rainbow and crashed into a pot of goldI been there, done thatBut I ain't looking back on the seeds I've sownSaving dimes, spending too much time on the telephoneWho says you can't go home?Who says you can't go home?There's only one place they call me one of their ownJust a hometown boy, born a rolling stoneWho says you can't go home?Who says you can't go back?I been all around the world, and as a matter of factThere's only one place left I want to goWho says you can't go home?It's alright, it's alright, it's alright, it's alright, it's alrightI went as far as I could, I tried to find a new faceThere isn't one of these lines that I would eraseI lived a million miles of memories on that roadWith every step I take, I know that I'm not aloneYou take the home from the boyBut not the boy from his homeThese are my streets, the only life I've ever knownWho says you can't go home?Who says you can't go home?There's only one place they call me one of their ownJust a hometown boy, born a rolling stoneWho says you can't go home?Who says you can't go back?I been all around the world, and as a matter of factThere's only one place left I want to goWho says you can't go home?It doesn't matter where you are, It doesn't matter where you goIf it's a million miles away or just ten miles up the roadTake it in, take it with you when you goWho says you can't go home?Who says you can't go back?I been all around the world, and as a matter of factThere's only one place left I want to goWho says you can't go home?It's alright, it's alright, it's alright, it's alright, it's alrightWho says you can't go homeIt's alright, it's alright, it's alright, it's alright, it's alrightWho says you can't go home?It's alright, it's alright, it's alright, it's alright, it's alrightWho says you can't go home?;99.489;Jon Bon Jovi / Richie Sambora
Who Would You Die For?;https://www.letras.mus.br/bon-jovi/who-would-you-die-for/;When you walked into the partyThe guests all disappearedYou dropped in with a group of friendsI didn't notice they were thereWas it the way your fingers held that glass?The way your lips broke when you left?I don't care if the devil is keeping scoreFor just one look I'd crawl across the floorWho would you die for?Who would you die for?Leave brand me lipstick glittersYou miss me when I am goneWake up tangled in the sheetsToo aching for my armsThe way you move it's almost holyHop and you don't know your onlyAll I want is all of you and moreThe big bad wolf is knocking at your doorWho would you die for? Who would you die for?I wanna know (who would you die for?)Your secret and your saints, I wanna feel your breathe out and inI wanna know, I wanna knowWho would you die for? Who would you die for?I wanna know what makes you feel, I wanna know love truly isI wanna know what makes you feel, I wanna know love truly isI wanna know what makes you feel, I wanna know love truly isI wanna know what makes you feel, I wanna know love truly isWhen you walked into the partyIt was like the guests all disappearedYou dropped in with a group of friendsI didn't notice they were thereWas it the way your fingers held that glass?The way your lips broke when you left?I don't care if the devil is keeping scoreFor just one kiss I'd crawl across the floorWho would you die for? Who would you die for?I wanna know, your secret and your saints, I wanna feel you breathe out and inI wanna know, I wanna knowWho would you die for? Who would you die for?I wanna knowWho would you die for?I wanna knowWho would you die for?I wanna knowWho would you die for?I wanna know;3.866;Billy Falcon / Jon Bon Jovi
Whole Lot Of Leaving;https://www.letras.mus.br/bon-jovi/1010160/;It's pretty cold for late SeptemberAnd autumn wind is creeping inThe summer Sun packed up it's long goneThere's a whole lot of leaving going onYeahI bet it's warm in CaliforniaI think it's time to hit the roadI just might call that plain of gypsiesWhose searching for our pot of goldSeems like lately there's a whole lot of leaving going onI close my eyesAnd picture your hand in mineI still hear your voiceThat takes me back to that timeWhere I can find a reason to be strongSeems like lately there's a whole lot of leaving going onClose the window, draw the curtainsYou ain't the only one here hurtNo one's right, no one's wrongLately there's a whole lot of leaving going onI close my eyesAnd picture your hand in mineI still hear your voiceThat takes me back to that timeWhere I can find a reason to be strongSeems like lately there's a whole lot of leaving going onHey!You used to live to say you love meNow you got one foot of the doorIt's then you turn around and ask meDo we got it anymore?I close my eyesAnd picture your hand in mineI still hear your voiceThat takes me back to that timeWhere I need a reason to be strongI close my eyesAnd picture your hand in mineYeah, I hold the lineYou'll never hear me say goodbyeSo pretty baby, please, be strongSeems like lately there's a whole lot of leaving going onI'll come back for you, babyOh, ohOh, oh;34.980;John Shanks / Jon Bon Jovi
Why Aren't You Dead?;https://www.letras.mus.br/bon-jovi/118407/;"I got the letter you left under my doorKnocked me on my ass to the floorNever knew two words could take such a biteIt said, ""Dear Jon, Hello. Goodbye.""I saw your car parked outside Motel CascadeSaw two shadows go to town on the shadeI can't believe my own lyin' eyes, oh myIt better be your girlfriend I saw going down some other guyYou told me you loved me, 'til death do us partSo tell me there's a tombstone where there used to be a heartChorus:You said you couldn't live without meSo why aren't you dead?Instead of six feet under you're in someone else's bedThere's just one thing that I can't get through my headYou said you couldn't live without me so why aren't you dead?I cut your face out of our old photographsAnd all the junk you left behind's in the trashWell, I hoped you were a goner for sureWell, there's been a resurrection, yeah, a miracle cureAshes to ashes, dust to dustIf you can't trust the livin' baby who can you trust?Chorus:You said you couldn't live without meSo why aren't you dead?Instead of six feet under you're in someone else's bedThere's just one thing that I can't get through my headYou said you couldn't live without me so why aren't you dead?Ashes to ashes, dust to dustIf you can't trust the livin' baby who can you trust?Chorus:You said you couldn't live without meSo why aren't you dead?Instead of six feet under you're in someone else's bedThere's just one thing that I can't get through my headYou said you couldn't live without me baby, so why aren't you dead?You said you couldn't live with out me, what a surprise!Instead of laying you out I'm laying down on the lineYou spend my hard-earned money, you left me in the redYou said you couldn't live without me…. so why aren't you dead?Why aren't you dead?";8.198;Sérgio Bittencourt / Jon Bon Jovi / Richie Sambora
Wild In The Streets;https://www.letras.mus.br/bon-jovi/4998/;Joey comes from a sacred part of townWhere sometimes you talk so toughThat your feet don't touch the groundAnd the sidewalk soldiers sing their midnite bluesWhile the old men recite their story linesAbout when I was young like youThey say: Oh yeahWe were cruising to the backbeatOh yeah, making love in the backseatsWe were wild, wild in the streetsWild, wild in the streetsA member of the boy's brigadeHad a date with the girl next doorYou know it made her daddy crazyBut it only made her want him moreThey weren't looking for troubleYou know that boy didn't want a fight-not tonightSo she headed out through her bathroom windowWhat her daddy didn't know was gonna be alrightThey said: Oh yeahWe were cruising to the backbeatOh yeah, making love in the backseatWe were wild, wild in the streetsWild, wild in the streetsWild, wild in the streetsWild, wild in the streetsSometimes this town ain't prettyBut you know it ain't so badJust like a girl who looks so happyWhen inside she's so sadIn here we got this code of honorNobody's going downYou don't walk in vainThrough the kid's parade'Cause this is my hometown;11.519;Jon Bon Jovi
Wild Is The Wind;https://www.letras.mus.br/bon-jovi/5051/;I tried to make you happyYou know I tried so hard to beWhat you hoped that I would beI gave you what wantedGod couldn't give you what you needYou wanted more from meThan I could ever beYou wanted heart and soulBut you didn't know, babyWild, wild is the windThat takes me away from youCold is the night without your loveTo see me throughWild, wild is the windThat blows through my heartWild is the wind,Wild is the windYou got to understand, babyWild is the windYou need someone to hold youSomebody to be there night and daySomeone to kiss your fears awayI just went on pretendingToo weak, too proud, too tough to sayI couldn't be the oneTo make your dreams come trueThat's why I had to runThough I needed you, babyWild, wild is the windThat takes me away from youCold is the night without your loveTo see me through, babyWild, wild is the windThat blows through my heart tonightThat tears us apartWild is the wind,Wild is the windYou got to understand, babyWild is the windSoloMaybe a better manWould live and die for youBaby, a better man wouldNever say goodbye to youWild, wild is the windThat takes me away from youCold is the night without your loveTo see me through, babyWild, wild is the windThat blows through my heart tonightThat tears us apartWild is the wind,Wild is the windYou got to understand, babyWild is the wind;29.104;Sérgio Bittencourt / Diane Warren / Dimitri Tiomkin / Jon Bon Jovi / Richie Sambora
Wildflower;https://www.letras.mus.br/bon-jovi/297488/;She wakes up when I sleepTo talk to ghosts like in the moviesIf you don't follow what I mean, I sure don't mean to be confusingThey say when she laughs she wants to cryShe'll draw a crowd then try to hideDon't know if it's her or just my mind I'm losingNobody knows a wildflower still growsBy the side of the roadAnd she don't need to need like the rosesWildflowerThat girl's sure put a spell on meYeah, her voodoos hidden right behind her pocketIf she's fire, I'm gasolineYeah, we fight a lot but neither wants to stop itWell, she'll tell you she's an only child until you meet her brothersSwear she's never met the man she couldn't make into a loverNobody knows a wildflower still growsBy the side of the roadAnd she don't need to need like the rosesShe's at home with the weedsAnd just as free as the night breezeShe's got the cool of a shade treeShe's growin' on me and I can't live without herYesterday's a memoryTomorrow's accessoryThat's her favorite quote about regretWell, she'll tell you 'bout her pedigreeWith a sailor's mouth he'd have left at sea and it ain't over yetNobody knowsNobody knows a wildflower still growsBy the side of the roadAnd she don't need to need like the roses, the rosesShe feels at home with the weedsAnd just as free as the night breezeShe's got the cool of a shade treeShe's growin' on me and I can't live without herBut nobody knowsNobody knowsNobody knowsNobody knowsThat's rightShe wakes up when I sleep to talk to ghosts like in the movies;9.799;Jon Bon Jovi
With a Little Help From My Friends;https://www.letras.mus.br/bon-jovi/853044/;What would you do if I sang out of tuneWould you stand up and walk out on meLend me your ears and I'll sing you a songI'll try not to sing out of keyOh, I'll get by with a little help from my friendsYes, I'll get high with a little help from my friendsI'm gonna try with a little help from my friendsWhat do I do when my love - she's away(Does it worry you to be alone)How do I feel by the end of the day(Are you sad becaouse you're on your ownOh, I'll get by with a little help from my friendsYes, I'll get high with a little help from my friendsI'm gonna try with a little help from my friendsBaby I don't knowBaby I don't knowOh, I'll get by with a little help from my friendsYes, I'll get high with a little help from my friendsI'm gonna try with a little help from my friendsDo you need anybodyI just need somebody to loveCould it be anybodyI want somebody to loveCould you believe in the love at first sightYes, I'm certain it happens all the timeWhat do you see when you turn off the lightI can't tell you but I'm sure I feel niceOh, I'll get by with a little help from my friendsYes, I'll get high with a little help from my friendsI'm gonna try with a little help from my friendsDo you need anybodyI just need somebody to loveCould it be anybodyBaby I don't knowBaby I don't knowOh, I'll get by with a little help from my friendsYes, I'll get high with a little help from my friendsI'm gonna try with a little help from my friends;7.857;John Lennon / Paul McCartney
With These Two Hands;https://www.letras.mus.br/bon-jovi/with-these-two-hands/;I could roll the diceAnd give you ten good reasonsI could break the iceAnd pick up the broken piecesI could wave helloI could raise a glassI could blow a kissI could kick your assWe could take it all apartOr hold it all togetherWith these two handsI can tear down wallsI can build a bridgeI can break my fallWith these two handsI can pray or fightI can hold the torchI can shine a lightWith these two handsI could strike a matchThat sets the world on fireHold a grain of sandTill it turns into a diamondI could plant the seedI could flip that switchMake the sign of peaceI could make a fistOh, we could make this hurtOr we could make it betterWith these two handsI can tear down wallsI can build a bridgeI can break my fallWith these two handsI can pray or fightI can hold the torchI can shine a lightWith these two handsWipe the teardrops from your eyesReach up until we touch the skyFree to dream and make it trueNo, there ain't nothing we can't doOh, there ain't nothing we can't do;3.690;Billy Falcon / Jon Bon Jovi
Without Love;https://www.letras.mus.br/bon-jovi/4960/;She wasn't young, but still a childThere was still innocenceIn painted smilesShe called to me as I past her byLady of the night looked into my eyesShe said: I have been through some changesBut one thing always stays the sameWithout love, there's nothing without loveAnd nothing else can get you through the nightCause' nothing else feels right without loveWoah!I saw a man down on lonely streetA broken man who looked like meAnd no one knows the pain that he's been livingHe lost his love and still hasn't forgivinHe said: I've been through some changesBut one thing always stays the sameWithout love, there's nothing without loveAnd nothing else can get you through the nightCause' nothing else feels right without loveThere's nothing without loveNothing else but love can burn as brightCause' nothing would mean nothing without loveWOAH!I see my lifeSome things I took for grantedLove's passed me bySo many second chancesI was afraidI won't be afraid no moreWithout love, there's nothing without loveNothing else can get you through the nightNothing else feels right without loveThere's nothing without loveAnd nothing else but love can burn as brightCause' nothing would mean nothing without loveThere's nothing without loveAnd nothing without loveNothing without love;26.630;Sérgio Bittencourt / Jon Bon Jovi / Richie Sambora
Woman In Love;https://www.letras.mus.br/bon-jovi/5043/;Call it social commentaryCall it just what me eyes seeSeems that there's more pretty womenThan there are fish in the sea...Woman in loveYou see there's girls who like your moneyGirls who like your carGirls who like to sip champagneAnd feed on caviar...Woman in loveSend me some silk stockingsSmooth talking lipstick and curlsI want a womanMore than a girlNeed some lip-locking, cool walkingDiamonds and pearlsI'll wrap 'em all upAnd give them the worldYou know there ain't no womanLike a woman in loveAin't nothingShe can't rise aboveShe can part the waterWhen the seas get roughBut there ain't no womanLike a woman in loveIf lust is just a dirty dogI've been scratching with the fleasI've been waking up your neighboursBarking up your treeI went down to the shopping mallTo get it off my mindBut it's like sleeping with the enemyIf you're not deaf and blindI tried to runBut it was too late for meI tried to hideSince the day Adam met EveTill I turned on the televisionAnd I looked up on the screenI saw a hundred pretty girlsSing this song on MTVSend me some silk stockingsSmooth talking lipstick and curlsI want a womanMore than a girlNeed some lip-locking, cool walkingDiamonds and pearlsI'll wrap 'em all upAnd give them the worldYou know there ain't no womanLike a woman in loveAin't nothing she can't rise aboveShe can part the waterWhen the seas get roughThere ain't no womanLike a woman in loveThere ain't secretTo woman in loveYou think that you canLive without 'emBut you're asking too muchYou see I've slept with romanceAnd danced with lustBut there ain't no womanLike a woman in loveOh, yeahI've traveled all around the worldAcross the seven seasGot everything I wantedThere's just one thing I needIt hasn't changed foreverFathers tell your sonsThat there ain't nothing likeA thing called loveYou know there ain't no womanLike a woman in loveAin't nothing she can't rise aboveShe can part the waterWhen the seas get roughThere ain't no womanLike a woman in loveThere ain't secretTo woman in loveYou think that you canLive without 'emBut you're asking too muchYou see I've slept with romanceAnd danced with lustBut there ain't no womanLike a woman in loveOh, yeah;17.483;Jon Bon Jovi
Work For The Working Man;https://www.letras.mus.br/bon-jovi/1576055/;I'm here trying to make a livingI ain't living just to dieNever getting back what I'm givingWont someone help me, someone justifyWhy these strong hands are on the unemployment lineAnd theres nothing left, whats on my mindWhoooaa ooohWhos gonna work for the working man (work)Work for the working man (work)Get the hands in the dirt, whos gonna work of the curse (work)Brother Ive been damned (work), if I dont raise a hand (work)Work for the work, work, work for the working man (work)Working manEmpty pockets full of worriesI had to get two jobs and it was hard enough just getting byBut with the grace of God I'm getting us throughBut only know that I know how to doThat Im the only one whos gotta look my family in the eyeDay after day, night after nightWhoaaaaa ooohWhos gonna work for the working man (work)Work for the working man (work)Get the hands in the dirt, whos gonna work of the curse (work)Brother I've been damned (work), if I dont raise a hand (work)Work for the work, work, work for the working man (work)Working man, Working man, Working manI lost my pensionThey took my IDThese were my friends these were my dreamsThese were my hopes, these are my streetsCan you hear me?Whos gonna work for the working man (work)Work for the working man (work)Get the hands in the dirt, whos gonna work of the curse (work)Brother I've been damned (work), if I dont raise a hand (work)Work for the work, work, work for the working man (work)Working man, working man, working manThese were my friends, these were my dreamsThese were my hopes, these are my streets;27.050;Darrell Brown / Jon Bon Jovi / Richie Sambora
(You Want To) Make A Memory;https://www.letras.mus.br/bon-jovi/956015/;Hello, again, it's you and meKinda always like it used to beSippin' wine, killing timeTrying to solve life's mysteriesHow's your life? It's been a while!God it's good to see you smileI see you reaching for your keysLooking for a reason not to leaveIf you don't know if you should stayIf you don't say what's on your mindBaby just breatheThere's nowhere else tonight we should beYou wanna make a memory?I dug up this old photographLook at all that hair we hadIt's bittersweet to hear you laughYour phone is ringing I don't wanna askIf you go now I'll understandIf you stay Hey I've got a planWe're wanna make a memoryYou wanna steal a piece of time?You can sing the melody to meAnd I can write a couple of linesYou wanna make a memory?If you don't know if you should stayAnd you don't say what's on your mindBaby just breatheThere's nowhere else tonight we should be (we should be)You wanna make a memory?You wanna steal a piece of time?You can sing the melody to meAnd I can write a couple of linesYou wanna make a memory?You wanna make a memory?You wanna make a memory?;267.957;Richie Sambora / Jon Bon Jovi / Desmond Child
You Belong To Me;https://www.letras.mus.br/bon-jovi/303696/;Música Original de Pee Wee King, Redd Stewart, Chilton Price - Cantada Por Benny CarterSee the pyramids along the NileSee the sunrise on a tropic isleJust remember all the whileThat you belong to meSee the market place in old AlgiersSend me postcards and souvenirsJust remember 'till the sun appearsYou belong to meAnd I'll be alone without youMaybe you'll be lonesome, tooAnd blueFly the oceans in a silver planeSee the forests that are wet with rainJust remember 'til you're home againThat you belong to meWell I'll be alone without youMaybe you'll be lonesome, tooAnd blueSee the ocean from a silver planeSee the forests that are wet with rainJust remember 'til you're home againYou belong to me;12.107;Sabe de quem é a composição? Envie pra gente.
You Can Sleep While I Dream;https://www.letras.mus.br/bon-jovi/111134/;"You're boy sits down to write a song 'cause he thinks he's got something to sayInnocence thinks it can change the world but the world keeps getting in the wayIt's a small list for the optimist who believes that he can flyIn a long line full of pessimists to stop him every time he triesSome people see things as they are and ask,""why?""I dream things that never were, I take my shot and say, ""why not?""(Hey, hey, hey) This one's for the dreamers(Hey, hey, hey) Doubting disbelieversGet out of my wayI bend but I aint' breakingScared but I ain't shakingBaby, you can sleep while I dreamConvicted by convictions, they were carving out your crossThey came to take your measurements just to show you who's the bossUntil I reach that promised land I won't stopWhen I get there I'll shake your hand so meet me on that mountaintop(Hey, hey, hey) This one's for the dreamers(Hey, hey, hey) Doubting disbelieversGet out of my wayI bend but I aint' breakingScared but I ain't shakingBaby, you can sleep while I dream(Hey, hey, hey) This one's for the breathing(Hey, hey, hey) Forgotten and the bleeding(Get out of my way) I may whisper but I'm screamingI got angels, I got demonsBaby, you can sleep while I dreamI'm not suggesting that you fly with me (Yeah, yeah)Well here's a dose of some reality (Yeah, yeah)You're swinging at a change-up, boy you better shape up,here comes the wrecking ballGood morning, here's your wake-up call(Hey, hey, hey) I feel the change a comin'(Hey, hey, hey) See that train a comin'(Hey, hey, hey) This one's for the dreamers(Hey, hey, hey) Doubting disbelieversGet out of my wayI bend but I aint' breakingScared but I ain't shakingBaby, you can sleep while I dream(Hey, hey, hey) This one's for the breathing(Hey, hey, hey) Forgotten and the bleeding(Get out of my way) I may whisper but I'm screamingI got angels, I got demonsBaby, you can sleep while I dream, when I dream… and I dream… I dream…(Hey, hey, hey) I can feel the change a come(Hey, hey, hey) I see that train a comingCan you see it?Baby, you can sleep while I dream";8.774;Dean Grakal / Jon Bon Jovi / Mark Hudson
You Can't Lose At Love;https://www.letras.mus.br/bon-jovi/80456/;You can lose at cards...You can lose your keys...You can lose the house or lose the lease...You can lose your car, you can lose the race...You can lose your mind or lose your faith...Take a look around and hear what I've gotta say:You can't lose at love.No, you can't lose at loveYou can't lose at love...You can't lose at love...Chose anything you can dream ofNo, you can't lose at love.We could lose the plotOr we could lose our wayBut I ain't going to loseThese ain't good games we're playingLet me make you an offer too good to refuseNo, you can't lose at loveNo, you can't lose at loveYou can't lose at loveYou can't lose at loveChose anything you can dream ofBut you can't lose at loveNow we just might roll a seven, these ain't loaded diceWe'll never get to heaven from this driveway tonightYou've heard a million promises that's never come throughBaby I'm telling you we're dueYou can't lose at loveYou can't lose at loveChose anything you can dream ofBut baby, you can't lose at loveTake a chance on meCause you can't lose at loveTake a chance on meNo, you can't lose at loveTake a chance on meYou can't lose at loveNo, you can't lose at loveYou can't lose at loveYou can't loseYou can't lose.;7.444;Bon Jovi
You Give Love A Bad Name;https://www.letras.mus.br/bon-jovi/4964/;Shot through the heart, and you're to blameDarling, you give love a bad nameAn angel's smile is what you sellYou promise me heaven, then put me through hellChains of love got a hold on meWhen passion's a prison, you can't break freeOh, you're a loaded gun, yeahOh, there's nowhere to runNo one can save meThe damage is doneShot through the heart, and you're to blameYou give love a bad name (bad name)I play my part and you play your gameYou give love a bad name (bad name)Hey, you give love a bad namePaint your smile on your lipsBlood-red nails on your fingertipsA school boy's dream, you act so shyYour very first kiss was your first kiss goodbyeOh, you're a loaded gunOh, there's nowhere to runNo one can save meThe damage is doneShot through the heart, and you're to blameYou give love a bad name (bad name)I play my part and you play your gameYou give love a bad name (bad name)You give loveOh, shot through the heart, and you're to blameYou give love a bad nameI play my part and you play your gameYou give love a bad name (bad name)Shot through the heart, and you're to blameYou give love a bad name (bad name)I play my part and you play your gameYou give love a bad name (bad name)You give love (woah, oh-oh-oh)You give love (woah, oh-oh-oh), (bad name)You give love (woah, oh-oh-oh)You give love (woah, oh-oh-oh), (bad name)You give love (woah, oh-oh-oh)You give love (woah, oh-oh-oh), (bad name)You give love (woah, oh-oh-oh);1.545.663;Desmond Child / Richie Sambora / Jon Bon Jovi
You Had Me From Hello;https://www.letras.mus.br/bon-jovi/65086/;At the mirror you fix your hair and put your makeup onYou're insecure about what clothes to wearI can't see nothing wrongTo me you look so beautiful when you can't make up your mindIt's half past eight, it's getting lateIt's OK, take your timeStanding here my hands in my pocketsLike I have a thousand timesThinking back it took one breathOne word to change my lifeThe first time I saw you it felt like coming homeIf I never told you I just want you to knowYou had me from helloWhen we walk into a crowded room it's like we're all aloneEverybody tries to kidnap your attentionYou just smile and steal the showYou come to me and take my handWe start dancin' slowYou put your lips up to my ear and whisper way down lowFrom the first time I saw you it felt like coming homeIf I never told you I just want you to knowYou had me from helloAnd when you're laying down beside meI feel your heartbeat to remind me...The first time I saw you it felt like coming homeIf I never told you I just want you to knowYou had me from helloFrom helloFrom hello;44.983;Andreas Carlsson / Jon Bon Jovi / Richie Sambora
You Keep Me Hangin' On;https://www.letras.mus.br/bon-jovi/303697/;Set me free why don't you babyGet out of my life why don't you baby'Cause you don't really love meYou just keep me hangin' onWhy do you keep comin' aroundPlaying with my heartWhy don't you get out of my lifeAnd let me make a new startLet me get over youThe way you've gotten over meYou say although we broke upYou still wanna be just friendsBut how can we be friendsWhen seeing you only breaks my heart againYou claim you still care for meBut your heart and soul need to be freeNow that you've got your freedom babyYou wanna still hold onto meYou don't want me for yourselfSo let me find somebody elseWhy don't you be a man about itAnd set me freeYou don't care a thing about meYou're just using meSo get out get out get out of my lifeAnd let me sleep at night'Cause you don't really love meYou just keep me hangin' on;7.666;Sabe de quem é a composição? Envie pra gente.
You Really Got Me Now;https://www.letras.mus.br/bon-jovi/1695303/;You're dancing with your shadowYou been talking in your sleepWell you can walk on waterBut don't want to wet your feetYou really got meYou really got me nowYou know I don't know how you do itBut you really put me through itYou got meYou say you talk to everyoneWho is anyone in townBut they don't recognize youWith your foot out of your mouthYou really got meYou really got me nowYou know I don't know how you do itBut you really put me through itYou got meWho am I to judge a manWho says he's his own biggest fanIt's trueYou brought a knife out to a gunfightAnd you're shouting that I'm deadMy old friends Smith and WessonThink you're in over your headYou really got meYou really got me nowYou know I don't know how you do itBut you really put me through itYou got meRepeat;10.449;Jon Bon Jovi
You Shook Me All Night Long;https://www.letras.mus.br/bon-jovi/you-shook-me-all-night-long/;She was a fast machine she kept her motor cleanShe was the best damn woman that I ever seenShe had the sightless eyes telling me no liesKnocking me out with those American thighsTaking more than her shareHad me fighting for airShe told me to come, but I was already there'Cause the walls start shakingThe earth was quakingMy mind was achingAnd we were making itAnd you shook me all night longYeah, you shook me all night longWorking double time on the seduction lineShe's one of a kind, she's just mine, all mineWanted no applause it's just another courseMade a meal outta meAnd come back for moreHad to cool me down to take another roundNow I'm back in the ring to take another swing'Cause the walls were shaking the earth was quakingMy mind was achingAnd we were making itAnd you shook me all night longYeah, you shook me all night longIt knocked me out I said youShook me all night longYou had me shaking and youShook me all night longYeah, you shook meWhen you took me;684;Angus Young / Bon Scott / Brian Johnson / Malcolm Young
