titulo;url;letra;views;composicao;extracted_at
Oceano;https://www.letras.mus.br/djavan/11337/;Assim que o dia amanheceu láNo mar alto da paixãoDava pra ver o tempo ruirCadê você? Que solidão!Esquecera de mimEnfim, de tudo o que há na terraNão há nada em lugar nenhumQue vá crescer sem você chegarLonge de ti, tudo parouNinguém sabe o que eu sofriAmar é um deserto e seus temoresVida que vai na sela dessas doresNão sabe voltar, me dá teu calorVem me fazer feliz, porque eu te amoVocê deságua em mim, e eu, oceanoE esqueço que amar é quase uma dorSó sei viver se for por vocêEnfim, de tudo o que há na terraNão há nada em lugar nenhumQue vá crescer sem você chegarLonge de ti, tudo parouNinguém sabe o que eu sofriAmar é um deserto e seus temoresVida que vai na sela dessas doresNão sabe voltar, me dá teu calorVem me fazer feliz, porque eu te amoVocê deságua em mim, e eu, oceanoE esqueço que amar é quase uma dorSó sei viver se for por você;3.228.462;Djavan;2025-09-07 12:33:05
Um Amor Puro;https://www.letras.mus.br/djavan/11341/;O que há dentro do meu coraçãoEu tenho guardado pra te darE todas as horas que o tempo tem pra me concederSão tuas, até morrerE a tua história, eu não seiMas me diga só o que for bomUm amor tão puro que ainda nem sabe a força que temÉ teu e de mais ninguémTe adoro em tudo, tudo, tudoQuero mais que tudo, tudo, tudoTe amar sem limites, viver uma grande históriaTe adoro em tudo, tudo, tudoQuero mais que tudo, tudo, tudoTe amar sem limites, viver uma grande históriaAqui ou noutro lugarQue pode ser feio ou bonitoSe nós estivermos juntosHaverá um céu azul, ohUm amor puroNão sabe a força que temMeu amor, eu juroSer teu e de mais ninguémUm amor puroO que há dentro do meu coraçãoEu tenho guardado pra te darE todas as horas que o tempo tem pra me concederSão tuas, até morrerE a tua história, eu não seiMas me diga só o que for bomUm amor tão puro que ainda nem sabe a força que temÉ teu e de mais ninguémTe adoro em tudo, tudo, tudoQuero mais que tudo, tudo, tudoTe amar sem limites, viver uma grande históriaTe adoro em tudo, tudo, tudoQuero mais que tudo, tudo, tudoTe amar sem limites, viver uma grande históriaTe adoro em tudo, tudo, tudoQuero mais que tudoTe amar sem limites, viver uma grande históriaOhTe amar sem limites, viver uma grande históriaTe adoro em tudo, tudo, tudoQuero mais que tudo, tudo, tudoTe amar sem limites, viver uma grande história;3.551.028;Djavan;2025-09-07 12:33:06
Eu Te Devoro;https://www.letras.mus.br/djavan/45523/;Teus sinais me confundem da cabeça aos pésMas por dentro eu te devoroTeu olhar não me diz exato quem tu ésMesmo assim eu te devoroTe devoraria a qualquer preçoPorque te ignoro, ou te conheçoQuando chove, ou quando faz frioNoutro plano, te devoraria tal CaetanoÀ Leonardo DiCaprioÉ um milagreTudo que Deus criou pensando em vocêFez a Via Láctea, fez os dinossaurosSem pensar em nada, fez a minha vidaE te deuSem contar os dias que me faz morrerSem saber de ti, jogado à solidãoMas se quer saber se eu quero outra vidaNão, não!Teus sinais me confundem da cabeça aos pésMas por dentro eu te devoroTeu olhar não me diz exato quem tu ésMesmo assim eu te devoroTe devoraria a qualquer preçoPorque te ignoro, ou te conheçoQuando chove, ou quando faz frioNoutro plano, te devoraria tal CaetanoÀ Leonardo DiCaprioÉ um milagreTudo que Deus criou pensando em vocêFez a Via Láctea, fez os dinossaurosSem pensar em nada, fez a minha vidaE te deuSem contar os dias que me faz morrerSem saber de ti, jogado à solidãoMas se quer saber se eu quero outra vidaNão, não!Eu quero mesmo é viver pra esperar, esperarDevorar vocêEu quero mesmo é viver pra esperar, esperarDevorar vocêViver, viver pra esperar vocêQuero viver pra esperar vocêQuero esperar você;3.970.348;Djavan;2025-09-07 12:33:07
Se...;https://www.letras.mus.br/djavan/69400/;Você disse que não sabe se nãoMas também não tem certeza que simQuer saber?Quando é assim, deixa vir do coraçãoVocê sabe que eu só penso em vocêVocê diz que vive pensando em mimPode ser, se é assimVocê tem que largar a mão do nãoSoltar essa louca, arder de paixãoNão há como doer pra decidirSó dizer sim ou nãoMas você adora um seEu levo a sério, mas você disfarçaVocê me diz à beça e eu nessa de horrorE me remete ao frio que vem lá do sulInsiste em zero a zero, e eu quero um a umSei lá o que te dá, não quer meu calorSão Jorge, por favor, me empresta o dragãoMais fácil aprender japonês em braileDo que você decidir se dá ou nãoVocê disse que não sabe se nãoMas também não tem certeza que simQuer saber?Quando é assim, deixa vir do coraçãoVocê sabe que eu só penso em vocêVocê diz que vive pensando em mimPode ser, se é assimVocê tem que largar a mão do nãoSoltar essa louca, arder de paixãoNão há como doer pra decidirSó dizer sim ou nãoMas você adora um seEu levo a sério, mas você disfarçaVocê me diz à beça e eu nessa de horrorE me remete ao frio que vem lá do sulInsiste em zero a zero, e eu quero um a umSei lá o que te dá, não quer meu calorSão Jorge, por favor, me empresta o dragãoMais fácil aprender japonês em braileDo que você decidir se dá ou não;4.640.269;Djavan;2025-09-07 12:33:07
Sina;https://www.letras.mus.br/djavan/45550/;Pai e mãe, ouro de minaCoração, desejo e sinaTudo mais, pura rotina, jazzTocarei seu nome pra poder falar de amorMinha princesa, art-nouveau da naturezaTudo o mais, pura beleza, jazzA luz de um grande prazerÉ irremediável neonQuando o grito do prazerAçoitar o ar, réveillonO luar, estrela-do-marO Sol e o domQuiçá, um dia, a fúria desse frontVirá lapidar o sonho até gerar o somComo querer caetanear o que há de bomO luar, estrela-do-marO Sol e o domQuiçá, um dia, a fúria desse frontVirá lapidar o sonho até gerar o somComo querer caetanear o que há de bomYeah, yeah, yeahPai e mãe, ouro de minaCoração, desejo e sinaTudo o mais, pura rotina, jazzTocarei seu nome pra poder falar de amorMinha princesa, art-nouveau da naturezaTudo o mais, pura beleza, jazzA luz de um grande prazerÉ irremediável neonQuando o grito do prazerAçoitar o ar, réveillonO luar, estrela-do-marO Sol e o domQuiçá, um dia, a fúria desse frontVirá lapidar o sonho até gerar o somComo querer caetanear o que há de bomO luar, estrela do marO Sol e o domQuiçá, um dia, a fúria desse frontVirá lapidar o sonho até gerar o somComo querer caetanear o que há de bomYeah, yeah, yeahYeah, yeah, yeahYeahYeah;2.347.759;Djavan;2025-09-07 12:33:08
Samurai (part. Stevie Wonder);https://www.letras.mus.br/djavan/11342/;Ai, quanto quererCabe em meu coraçãoAi, me faz sofrerFaz que me mata e se não mata, fereVai, sem me dizerNa casa da paixãoSai quando bem querTraz uma praga e me afaga a peleCrescei, luarPra iluminar as trevas fundas da paixãoEu quis lutar contra o poder do amorCaí nos pés do vencedorPara ser o serviçal de um samuraiMas eu tô tão feliz!Dizem que o amor atraiYeah, yeahAi, quanto quererCabe em meu coraçãoAi, me faz sofrerFaz que me mata e se não mata, fereVai, sem me dizerNa casa da paixãoSai quando bem querTraz uma praga e me afaga a peleCrescei, luarPra iluminar as trevas fundas da paixãoEu quis lutar contra o poder do amorCaí nos pés do vencedorPara ser o serviçal de um samuraiMas eu tô tão feliz!Dizem que o amor atraiOh, yeah, yeah, yeahOh, yeahYeah!;1.183.997;Djavan;2025-09-07 12:33:08
Flor de Lis;https://www.letras.mus.br/djavan/45527/;Valei-me, Deus, é o fim do nosso amorPerdoa, por favorEu sei que o erro aconteceuMas não sei o que fez tudo mudar de vezOnde foi que eu errei?Eu só sei que amei, que ameiQue amei, que ameiSerá talvez que minha ilusão foi dar meu coraçãoCom toda força pra essa moça me fazer feliz?E o destino não quis me ver como raizDe uma flor de lisE foi assim que eu vi nosso amor na poeiraPoeiraMorto na beleza fria de MariaE o meu jardim da vida ressecou, morreuDo pé que brotou Maria, nem margarida nasceuE o meu jardim da vida ressecou, morreuDo pé que brotou Maria, nem margarida nasceuValei-me, Deus, é o fim do nosso amorPerdoa, por favorEu sei que o erro aconteceuMas não sei o que fez tudo mudar de vezOnde foi que eu errei?Eu só sei que amei, que ameiQue amei, que ameiSerá talvez que minha ilusão foi dar meu coraçãoCom toda força pra essa moça me fazer feliz?E o destino não quis me ver como raizDe uma flor de lisE foi assim que eu vi nosso amor na poeiraPoeiraMorto na beleza fria de MariaE o meu jardim da vida ressecou, morreuDo pé que brotou Maria, nem margarida nasceuE o meu jardim da vida ressecou, morreuDo pé que brotou Maria, nem margarida nasceuE o meu jardim da vida ressecou, morreuDo pé que brotou Maria, nem margarida nasceuE o meu jardim da vida ressecou, morreuDo pé que brotou Maria, nem margarida nasceu;1.832.290;Djavan;2025-09-07 12:33:09
Vive;https://www.letras.mus.br/djavan/vive/;É inútil chorarNoites enveredarRuir por nada assimMinha vida é suaComo o marinheiro do marSofrer, não há por queDesencana, meu amorTudo seu é muita dorViveDeixa o tempo resolverO que tem que acontecerLivreTanto que eu sonheiNos amar a pleno vaporTanto que eu quisFazê-la estrelaDa sagração de um ser felizDesinflama, meu amorDo seu jeito é muita dorViveDeixa o tempo resolverSe tiver que acontecerViveDesencana, meu amorTudo seu é muita dorViveDeixa o tempo resolverO que tem que acontecerLivreTanto que eu sonheiNos amar a pleno vaporTanto que eu quisFazê-la estrelaDa sagração de um ser felizDesinflama, meu amorDo seu jeito é muita dorViveDeixa o tempo resolverSe tiver que acontecerViveDesencana, meu amorTudo seu é muita dorViveDeixa o tempo resolverO que tem que acontecerLivre;88.297;Djavan;2025-09-07 12:33:09
Nem Um Dia;https://www.letras.mus.br/djavan/45538/;Um dia frioUm bom lugar pra ler um livroE o pensamento lá em vocêEu, sem você, não vivoUm dia tristeToda fragilidade incideE o pensamento lá em vocêE tudo me divideUm dia frioUm bom lugar pra ler um livroE o pensamento lá em vocêEu, sem você, não vivoUm dia tristeToda fragilidade incideE o pensamento lá em vocêE tudo me divideLonge da felicidade e todas as suas luzesTe desejo como ao arMais que tudoÉs manhã na natureza das floresMesmo por toda riqueza dos sheiks árabesNão te esquecerei um dia, nem um diaEspero com a força do pensamentoRecriar a luz que me trará vocêE tudo nascerá mais beloO verde faz do azul com o amareloO elo com todas as coresPra enfeitar amores grisE tudo nascerá mais beloO verde faz do azul com o amareloO elo com todas as coresPra enfeitar amores grisUm dia frioUm bom lugar pra ler um livroE o pensamento lá em vocêEu, sem você, não vivoUm dia tristeToda fragilidade incideE o pensamento lá em vocêE tudo me divideMesmo por toda riqueza dos sheiks árabesNão te esquecerei um dia, nem um diaEspero com a força do pensamentoRecriar a luz que me trará vocêE tudo nascerá mais beloO verde faz do azul com o amareloO elo com todas as coresPra enfeitar amores grisE tudo nascerá mais beloO verde faz do azul com o amareloO elo com todas as coresPra enfeitar amores grisE tudo nascerá mais beloO verde faz do azul com o amareloO elo com todas as coresPra enfeitar amores grisE tudo nascerá mais beloO verde faz do azul com o amareloO elo com todas as coresPra enfeitar amores gris;3.186.649;Djavan;2025-09-07 12:33:09
Azul;https://www.letras.mus.br/djavan/45508/;Eu não sei se vem de DeusDo céu ficar azulOu virá dos olhos teus?Essa cor que azuleja o diaSe acaso anoitecer e o céu perder o azulEntre o mar e o entardecerAlga marinha, vá na maresiaBuscar ali um cheiro de azulEssa cor não sai de mimBate e finca pé a sangue de reiAté o Sol nascer amarelinhoQueimando mansinhoCedinho, cedinho (cedinho)Corre e vá dizer pro meu benzinhoUm dizer assim: O amor é azulzinhoAté o Sol nascer amarelinhoQueimando mansinhoCedinho, cedinho cedinhoCorre e vá dizer pro meu benzinhoUm dizer assim: O amor é azulzinho;574.952;Djavan;2025-09-07 12:33:10
Você Bem Sabe;https://www.letras.mus.br/djavan/45555/;Você bem sabeQue eu não sei te dizerTudo o que sinto por vocêMas você bem sabeQue we always lieBut we can never say goodbyeVocê nem sabeMe dizer o que sentir no coraçãoMente sem ter razãoNão vou fugirMas não vou ficarSempre loving youSó porque we were so happyVocê não quer dizer que não querMas também não dizSe é felizE tem um novo amorVai ou não vaiQue eu vou ou não vouSeja como forCom você, sem vocêCom você, sem vocêA gente tem é que crescer;71.745;Djavan / Nelson Motta;2025-09-07 12:33:11
Linha do Equador;https://www.letras.mus.br/djavan/11340/;Luz das estrelas, laço do infinitoGosto tanto dela assimRosa amarela, voz de todo gritoGosto tanto dela assimEsse imenso, desmedido amorVai além de seja o que forVai além de onde eu vouDo que sou, minha dorMinha Linha do EquadorEsse imenso, desmedido amorVai além de seja o que forPassa mais além doCéu de Brasília, traço do arquitetoGosto tanto dela assimGosto de filha, música de pretoGosto tanto dela assimNessa desmesura de paixãoÉ loucura do coraçãoMinha Foz do Iguaçu, Polo Sul, meu azulLuz do sentimento nuEsse imenso, desmedido amorVai além de seja o que forVai além de onde eu forDo que sou, minha dorMinha Linha do EquadorMas é doce morrer nesse marDe lembrar, e nunca esquecerSe eu tivesse mais alma pra dar, eu dariaIsso pra mim é viverCéu de Brasília, traço do arquitetoGosto tanto dela assimGosto de filha, música de pretoGosto tanto dela assimEssa desmesura de paixãoÉ loucura do coraçãoMinha Foz do Iguaçu, Polo Sul, meu azulLuz do sentimento nuEsse imenso, desmedido amorVai além de seja o que forVai além de onde eu vouDo que sou, minha dorMinha Linha do EquadorMas é doce morrer nesse marDe lembrar, e nunca esquecerSe eu tivesse mais alma pra dar, eu dariaIsso pra mim é viver;608.688;Caetano Veloso / Djavan;2025-09-07 12:33:13
Pétala;https://www.letras.mus.br/djavan/11338/;O seu amorReluz que nem riqueza, asa do meu destinoClareza do tino, pétalaDe estrela caindo bem devagarÓ, meu amorViver é todo sacrifício feito em seu nomeQuanto mais desejo um beijo, um beijo seuMuito mais eu vejo gosto em viver, viverPor ser exatoO amor não cabe em siPor ser encantadoO amor revela-sePor ser amor, invade e fimPor ser exatoO amor não cabe em siPor ser encantadoO amor revela-sePor ser amor, invade e fimPor ser exatoO amor não cabe em siPor ser encantadoO amor revela-sePor ser amor, invade e fim;1.187.838;Djavan;2025-09-07 12:33:16
Lilás;https://www.letras.mus.br/djavan/45530/;Amanhã, outro diaLua sai, ventaniaAbraça uma nuvem que passa no arBeija, brinca e deixa passarE no ar de outro diaMeu olhar surgia nas pontas de estrelas perdidas no marPra chover de emoção, trovejarRaio se libertou, clareou muito maisSe encantou pela cor lilásPrata na luz do amorCéu azul!Eu quero ver o pôr do SolLindo como ele sóE gente pra ver, e viajarNo seu mar de raioEu quero ver o pôr do SolLindo como ele sóE gente pra ver, e viajarNo seu mar de raioAmanhã, outro diaLua sai, ventaniaAbraça uma nuvem que passa no arBeija, brinca e deixa passarE no ar de outro diaMeu olhar surgia nas pontas de estrelas perdidas no marPra chover de emoção, trovejarRaio se libertou, clareou muito maisSe encantou pela cor lilásPrata na luz do amorCéu azul!Eu quero ver o pôr do SolLindo como ele sóE gente pra ver, e viajarNo seu mar de raioEu quero ver o pôr do SolLindo como ele sóE gente pra ver, e viajarNo seu mar de raioEu quero ver o pôr do SolLindo como ele sóE gente pra ver, e viajarNo seu mar de raioEu quero ver o pôr do SolLindo como ele sóE gente pra ver, e viajarNo seu mar de raioEu quero ver o pôr do SolLindo como ele sóE gente pra ver, e viajarNo seu mar de raioEu quero ver o pôr do SolLindo como ele sóE gente pra ver, e viajarNo seu mar de raio;855.537;Djavan;2025-09-07 12:33:17
Açaí;https://www.letras.mus.br/djavan/45499/;Solidão de manhãPoeira tomando assentoRajada de vento, som de assombraçãoCoração sangrando toda palavra sãA paixão, puro afãMístico clã de sereia, castelo de areiaIra de tubarão, ilusãoO Sol brilha por siAçaí, guardiãZum de besouro, um ímãBranca é a tez da manhãAçaí, guardiãZum de besouro, um ímãBranca é a tez da manhã;514.422;Djavan;2025-09-07 12:33:18
Meu Bem Querer;https://www.letras.mus.br/djavan/meu-bem-querer/;Meu bem querer é segredo, é sagradoEstá sacramentado em meu coraçãoMeu bem querer, tem um quê de pecadoAcariciado pela emoçãoMeu bem querer, meu encantoTô sofrendo tanto, amorE o que é o sofrerPara mim que estouJurado pra morrer de amorMeu bem querer é segredo, é sagradoEstá sacramentado em meu coraçãoMeu bem querer, tem um quê de pecadoAcariciado pela emoçãoMeu bem querer, meu encantoTô sofrendo tanto, amorE o que é o sofrerPara mim que estouJurado pra morrer de amor;264.782;Djavan;2025-09-07 12:33:21
Faltando Um Pedaço;https://www.letras.mus.br/djavan/45524/;O amor é um grande laçoUm passo pr'uma armadilhaUm lobo correndo em círculoPra alimentar a matilhaComparo sua chegadaCom a fuga de uma ilhaTanto engorda, quanto mataFeito desgosto de filhaDe filhaO amor é como um raioGalopando em desafiosAbre fendas, cobre valesRevolta as águas dos riosQuem tentar seguir seu rastroSe perderá no caminhoNa pureza de um limãoOu na solidão do espinhoO amor e a agoniaCerraram fogo no espaçoBrigando horas a fioO cio vence o cansaçoE o coração de quem amaFica faltando um pedaçoQue nem a Lua minguandoQue nem o meu nos seus braços;477.024;Djavan;2025-09-07 12:33:22
Boa Noite;https://www.letras.mus.br/djavan/45511/;Meu ar de dominadorDizia que eu ia ser seu donoE nessa eu dancei!Hoje no universoNada que brilha cega mais que seu nomeFiquei mudo ao lhe conhecerO que vi foi demais, vazouPor toda selva do meu serNada ficou intactoNa fronteira de um oásisMeu coração em paz, se abalouÉ surpresa demais que trazes'Inda bem que eu sou FlamengoMesmo quando ele não vai bemAlgo me diz em rubro-negroQue o sofrimento leva alémNão existe amor sem medoBoa noite!Quem não tem pra quem se darO dia é igual à noiteTempo parado no ar, há diasCalor, insônia , oh! noiteQuem ama vive a sonhar de diaVoar é do homemVida foi feita pra estar em diaCom a fome, com a fome, com a fomeSe vens lá das alturas com agruras ou pazOh, meu bem, serei seu guia na terraNa guerra ou no sossego sua beleza é o caisE eu sou o homemQue pode lhe dar, além de calor, fidelidadeMinha vida por inteiro eu lhe dou;472.021;Djavan;2025-09-07 12:33:24
Esquinas;https://www.letras.mus.br/djavan/45521/;Só eu seiAs esquinas por que passeiSó eu sei só eu seiSabe lá o que é não ter e ter que ter pra darSabe láSabe láE quem seráNos arredores do amorQue vai saber repararQue o dia nasceuSó eu seiOs desertos que atravesseiSó eu seiSó eu seiSabe láO que é morrer de sede em frente ao marSabe láSabe láE quem seráNa correnteza do amor que vai saber se guiarA nave em breve ao vento vaga de leve e trazToda a paz que um dia o desejo levouSó eu seiAs esquinas por que passeiSó eu seiSó eu seiE quem seráNa correnteza do amor;222.724;Djavan;2025-09-07 12:33:25
Cigano;https://www.letras.mus.br/djavan/45516/;Te quererViver mais pra ser exatoTe seguirE poder chegarOnde tudo é só meuTe encontrarDar a cara pro teu beijoCorrer atrás de tiFeito cigano, cigano, ciganoMe jogar sem medirViajarEntre pernas e delíciasConhecer pra notícias darDevassar sua vidaResistirAo que pode o pensamentoSaber chegar no seu melhorMomento, momento, momentoPra ficar e ficarJuntos, dentro, horasTudo ali às clarasDeixar crescerAté romperA manhãComo o mar está serenoOlha láAs gaivotas jáVão deixar suas ilhasVeja o SolÉ demais essa cidade!A gente vai ter um dia de calorJuntos, dentro, horasTudo ali às clarasDeixar crescerAté romperA manhãComo o mar está serenoOlha láAs gaivotas jáVão deixar suas ilhasVeja o SolÉ demais essa cidade!A gente vai ter um dia de calor;228.783;Djavan;2025-09-07 12:33:26
A Carta;https://www.letras.mus.br/djavan/85841/;Não vá levar tudo tão a sérioSentindo que dá, deixa correrSe souber confiar no seu critérioNada a temerNão vá levar tudo tão na boaBrigue para obter o melhorSe errar por amor Deus abençoaSeja vocêNo que sua crença vacilouA flor da dúvida se abriuVou ler a carta que o Biel mandouPra você, lá do BrasilEles me disseram tanta asneira, disseram só besteiraFeito todo mundo dizEles me disseram que a coleira e um prato de raçãoEra tudo o que um cão sempre quisEles me trouxeram a ratoeira com um queijo de primeiraQue me, que me pegou pelo narizMe deram uma gaiola como casa, amarraram minhas asasE disseram para eu ser felizMas como eu posso ser feliz num poleiro?Como eu posso ser feliz sem pular?Mas como eu posso ser feliz num viveiroSe ninguém pode ser feliz sem voar?Ah, segurei o meu pranto para transformar em cantoE para meu espanto minha voz desfez os nósQue me apertavam tantoE já sem a corda no pescoço, sem as grades na janelaE sem o peso das algemas na mãoEu encontrei a chave dessa celaDevorei o meu problema e engoli a soluçãoAh, se todo o mundo pudesse saberComo é fácil viver fora dessa prisãoE descobrisse que a tristeza tem fimE a felicidade pode ser simples como um aperto de mãoEntendeu?É esse o vírus que eu sugiro que você contraiaNa procura pela cura da loucuraQuem tiver cabeça dura vai morrer na praia;323.129;Djavan / Gabriel Contino;2025-09-07 12:33:28
A Escola / No Silêncio da Madrugada;https://www.letras.mus.br/djavan/a-escola-no-silencio-da-madrugada/;Quando a escola desceuPro desfile da avenidaNa alegria de um bandoDe aves em partidaVeio o morro inteiro pra assistirA escola sairNuma esperança marcadaEm cada estrofe cantadaDo samba-enredo que pra mimEra o mais lindoE tinha um refrão assimDo samba-enredo que pra mimEra o mais lindoE tinha um refrão assimLá iá lá iá lá iá lá iáAproveitou o silêncio da madrugadaE sem dizer nada, catouOs seus farrapos do roupeiroPegou todo o dinheiro e arribouFalsamente aproveitouO silêncio da madrugadaComo uma ladraRealmente ela roubouTodos os meus planosTodos esses anosQue em vão meu coração amouAproveitou o silêncio da madrugadaE sem dizer nada, catouOs seus farrapos do roupeiroPegou todo o dinheiro e arribouFalsamente aproveitouO silêncio da madrugadaComo uma ladraRealmente ela roubouTodos os meus planosTodos esses anosQue em vão meu coração amouPegou meu violão seresteiroQue eu custei o ano inteiro pra pagar a prestaçãoMas também pra que que eu quero uma violaSe ela foi embora e levou a inspiraçãoAproveitouAproveitou o silêncio da madrugadaE sem dizer nada, catouOs seus farrapos do roupeiroPegou todo o dinheiro e arribouFalsamente aproveitouO silêncio da madrugadaComo uma ladraRealmente ela roubouTodos os meus planosTodos esses anosQue em vão meu coração amou;321;Mercedes Mariani Ayrão;2025-09-07 12:33:29
A Ilha;https://www.letras.mus.br/djavan/45497/;Um facho de luzQue a tudo seduz por aquiEstrela cadente reluzentementeSem fimE um cheiro de amorEmpestado no ar a me entorpecerQuisera viesse do mar e não de vocêUm raio que inunda de brilhoUma noite perdidaUm estado de coisas tão purasQue movem uma vidaE um verde profundo no olharA me endoidecerQuisera estivesse no mar e não em vocêPorque seu coração é uma ilhaA centenas de milhas daquiPorque seu coração é uma ilhaA centenas de milhas daquiPorque seu coração é uma ilhaA centenas de milhas daquiPorque seu coração é uma ilhaA centenas de milhas daqui;98.378;Djavan;2025-09-07 12:33:29
A Noiva da Cidade;https://www.letras.mus.br/djavan/768320/;Tutu-Marambá não venha mais cáQue a mãe da criança te manda matar''Tutu-Marambá não venha mais cáQue a mãe da criança te manda matar''Ai, como essa moça é descuidadaCom a janela escancaradaQuer dormir impunementeOu será que a moça lá no altoNão escuta o sobressaltoDo coração da genteAi, quanto descuido o dessa moçaQue papai tá lá na roçaE mamãe foi passearE todo marmanjo da cidadeQuer entrarNos versos da cantiga de ninarPra ser um Tutu-MarambáAi, como essa moça é distraídaSabe lá se está vestidaOu se dorme transparenteEla sabe muito bem que quando adormeceEstá roubandoO sono de outra genteAi, quanta maldade a dessa moçaE, que aqui ninguém nos ouçaEla sabe enfeitiçarPois todo malandro da cidadeQuer entrarNos sonhos que ela gosta de sonharE ser um Tutu-MarambáBoi, boi, boi, boi da cara pretaPega essa menina que tem medo de careta'';25.999;Chico Buarque / Francis Hime;2025-09-07 12:33:30
A Rosa (part. Chico Buarque);https://www.letras.mus.br/djavan/176211/;Arrasa o meu projeto de vidaQuerida, estrela do meu caminhoEspinho cravado em minha garganta, gargantaA santa às vezes troca meu nome, e someE some nas altas da madrugada, coitadaTrabalha de plantonista, artistaÉ doida pela portela, ói ela, ói elaVestida de verde e rosa, a rosaA rosa garante que é sempre minhaQuietinha saiu pra comprar cigarroQue sarro, trouxe umas coisas do norteQue sorte, que sorte, voltou toda sorridenteDemente, inventa cada caríciaEgípcia, me encontra e me vira a caraOdara, gravou meu nome naBlusa, abusa, me acusaRevista os bolsos da calçaA falsa limpou a minha carteiraManeira, pagou a nossa despesaBeleza, na hora do bom me deixa, se queixaA gueixa que coisa mais amorosaA rosaAh, Rosa, e o meu projeto de vida?Bandida, cadê minha estrela guiaVadia, me esquece na noite escuraMas juraMe jura que um dia volta pra casaArrasa o meu projeto de vidaQuerida estrela do meu caminhoEspinho cravado em minha garganta, gargantaA santa às vezes me chama de Alberto, AlbertoDecerto sonhou com alguma novelaPenélope, espera por mim bordandoSuando, ficou de cama com febre, que febreA lebre como é que ela é tão fogosaA rosaA rosa jurou seu amor eternoMeu terno ficou na tinturariaUm dia me trouxe uma roupa justaMe gusta, me gusta, cismou de dançar um tangoMeu rango sumiu lá da geladeiraCaseira, seu molho é uma maravilhaQue filha, visita a família em sampaÀs pampa, às pampa, voltou toda descascadaA fada acaba com minha liraA gira esgota minha laringeEsfinge, devora minha pessoaA toa, a toa, que coisa mais amorosaA rosaAh, rosa, e o meu projeto de vida?Bandida, cadê minha estrela guia?Vadia, me esquece na noite escuraMas juraMe jura que um dia volta pra casa;79.648;Chico Buarque;2025-09-07 12:33:30
A Rota do Indivíduo (Ferrugem);https://www.letras.mus.br/djavan/45498/;Mera luz que invade a tarde cinzentaE algumas folhas deitam sobre a estradaO frio é o agasalho que esquentaO coração gelado quando ventaMovendo a água abandonadaRestos de sonhos sobre um novo diaAmores nos vagões, vagões nos trilhosParece que quem parte é a ferroviaQue mesmo não te vendo te vigiaComo mãe, como mãe que dorme olhando os filhosCom os olhos na estradaE no mistério solitário da penugemVê-se a vida correndo, paradaComo se não existisse chegadaNa tarde distante, ferrugem ou nada;84.074;Djavan / Orlando Morais;2025-09-07 12:33:31
Aboio Blues;https://www.letras.mus.br/djavan/aboio-blues/;Eu fui no céu buscar meu paiPra mostrar a escravidãoE a mulher que eu encontreiDisse: Eu sou dona do teu coraçãoBem vindo, meu meninoPra nadar nesse mar que é meuNo entanto, é precisoQue você me tire o véuLancei no ar potente chamaPra livrar sua visãoAmor, não vá vir a delírioMe perder na imensidãoTe entrego meu destinoQuero em ti permanecerSilêncio cristalinoSuavíssimo deverHomem, deite no meu leitoE observe a amplidãoQue vive dentro do teu peitoBem juntinho da solidãoTe juro, doce amadaNunca vi a vida assimAgora eu sei que tudo é nadaCom você dentro de mimTe deixo, oh semente novinhaA brilhar na escuridãoEspelho meu, dei-lhe o que tinhaSomos um na multidão;2.944;André Luis Oliveira;2025-09-07 12:33:31
Açaí;https://www.letras.mus.br/djavan/45499/;Solidão de manhãPoeira tomando assentoRajada de vento, som de assombraçãoCoração sangrando toda palavra sãA paixão, puro afãMístico clã de sereia, castelo de areiaIra de tubarão, ilusãoO Sol brilha por siAçaí, guardiãZum de besouro, um ímãBranca é a tez da manhãAçaí, guardiãZum de besouro, um ímãBranca é a tez da manhã;514.422;Djavan;2025-09-07 12:33:31
Açai (part. Gal Costa);https://www.letras.mus.br/djavan/acai-part-gal-costa/;SolidãoDe manhãPoeira tomando assentoRajada de ventoSom de assombraçãoCoraçãoSangrando toda palavra sãA paixãoPura afãMístico clã de sereiaCastelo de areiaIra de tubarãoIlusãoO Sol brilha por siAçaíGuardiãZum de besouroUm imãBranca é a tez da manhãHttps: //youtu. Be/eRIepmRo5OI;1.424;Djavan;2025-09-07 12:33:31
Acelerou;https://www.letras.mus.br/djavan/45500/;Ando tão perdido em meus pensamentosLonge já se vão os meus dias de pazHoje com a Lua clara brilhandoVejo que o que sinto por ti é maisQuando te vi, aquilo era quase o amorVocê me acelerou, acelerou, me deixou desigualChegou pra mim, me deu um daqueles sinaisDepois desacelerou e eu fiquei muito maisSempre esperarei por ti, chegue quandoSonho em teus braços dormir, descansarVenha e a vida pra você será boaCedo que é pra gente se amar a maisQuando te vi, aquilo era quase o amorVocê me acelerou, acelerou, me deixou desigualChegou pra mim, me deu um daqueles sinaisDepois desacelerou e eu fiquei muito maisQuando te vi, aquilo era quase o amorVocê me acelerou, acelerou, me deixou desigualChegou pra mim, me deu um daqueles sinaisDepois desacelerou e eu fiquei muito maisMuito mais perdido, quase um cara vencidoÀ mercê de amigo ou coisa que o valhaVocê me enlouquece, você bem que mereceInda me aparece de minissaiaSério, o que eu vou fazer, eu te amoNada do que é você em mim se desfazMesmo sem saber o teu sobrenomeCreio que te amar é pra sempre maisQuando te vi, aquilo era quase o amorVocê me acelerou, acelerou, me deixou desigualChegou pra mim, me deu um daqueles sinaisDepois desacelerou e eu fiquei muito maisQuando te vi, aquilo era quase o amorVocê me acelerou, acelerou, me deixou desigualChegou pra mim, me deu um daqueles sinaisDepois desacelerou e eu fiquei muito maisQuando te vi, aquilo era quase o amorVocê me acelerou, acelerou, me deixou desigualChegou pra mim, me deu um daqueles sinaisDepois desacelerou e eu fiquei muito mais;223.085;Djavan;2025-09-07 12:33:31
Acerto de Contas;https://www.letras.mus.br/djavan/acerto-de-contas/;Com você viviDe verdade,Eu digo tarde.Mas seiQue foi sempre muito bom!Só fiz coisas tontas,Nesse acerto de contasQuem pagaÉ o meu coraçãoVocê é tudoO que eu sonheiAgora eu sei,Me faz de novo respirarOutra madrugada já passouE você nem lô,Devastando a cidadeO verde da mata é outra corAo sentir que estouLhe perdendoNada é mais,Não sei maisO que vou dizer,Só quero poder lhe provar,Mostrar pra vocêQue eu mudei!Me deixa voltarCom você viviDe verdade,Eu digo tarde.Mas seiQue foi sempre muito bom!Só fiz coisas tontas,Nesse acerto de contasQuem pagaÉ o meu coraçãoVocê é tudoO que eu sonheiAgora eu sei,Me faz de novo respirarOutra madrugada já passouE você nem lô,Devastando a cidadeO verde da mata é outra corAo sentir que estouLhe perdendoNada é mais,Não sei maisO que vou dizer,Só quero poder lhe provar,Mostrar pra vocêQue eu mudei!Me deixa voltarOutra madrugada já passouE você nem lô,Devastando a cidadeO verde da mata é outra corAo sentir que estouLhe perdendoNada é mais,Não sei maisO que vou dizer,Só quero poder lhe provar,Mostrar pra vocêQue eu mudei!Me deixa voltarNão sei maisO que vou dizer,Só quero poder lhe provar,Mostrar pra vocêQue eu mudei!Me deixa voltarDizer,Quero poder provar,Mudei!;16.441;Djavan;2025-09-07 12:33:31
Adorava Me Ver Como Seu;https://www.letras.mus.br/djavan/1085991/;Será que alguémSaberá dizerVendo de foraComo é viverLonge da mulherQue a gente adoraNão há festa que cheguePra tristeza ceder lugarNão sei se alguémPode mensurarO que perdiDe tanto sonhoQue cultiveiE não viviAdorava me ver como seuSempre adorei mas não deuDas vezes que conteiCom uma viradaNada tenho a dizerSó cabeçadaCanseiTime empatouCom o MadureiraDeus, o que foi que eu fiz?NasciPra ser o amorE ela mela o jogoMe teveE não me quis.;67.509;Djavan;2025-09-07 12:33:31
Água;https://www.letras.mus.br/djavan/81738/;Tudo que se passa aquiNão passa de um naufrágioEu me criei no mar eFoi lá que eu aprendiA nadarPra nadaEu aprendi pra nadaA maré subiu demasiadaE tudo aqui está que é águaQue é águaÁgua pra encherÁgua pra mancharÁgua pra vazar a vidaÁgua pra reterÁgua pra arrasarÁgua na minha comidaÁguaAguaceiroAguadouroÁgua que limpa o couroOu até mata;85.065;Djavan;2025-09-07 12:33:31
Água de Lua;https://www.letras.mus.br/djavan/85843/;Faca de ponta, peixeiraPau na moleira, espingardaCano comprido estampido no arClarão da espada afiadaA morte um dia há de chegarFogo cuspiu, labaredaFlora no mato, veredaPrata boiando nas águas do luarClarão da espada afiadaA morte um dia há de chegarEu me criei no molhadoAreia e pedras do ladoBerço de uma sereia;29.300;Djavan;2025-09-07 12:33:32
Aguenta a Mão, João (part. Adoniran Barbosa);https://www.letras.mus.br/djavan/aguenta-a-mao-joao-part-adoniran-barbosa/;Não reclama, contra o temporalQue derrubou seu barracãoNão reclama, Aguenta a Mão, JoãoCom o Cibide aconteceu coisa piorNão reclama, pois a chuva só levou a sua camaNão reclama, Aguenta a Mão, JoãoQue amanhã tu levanta um barracão muito melhorC'o Cibide, coitado, não te contei?Tinha muita coisa mais no barracãoA enxurrada levou seus tamancos e o lampiãoE um par de meia que era de muita estimaçãoO Cibide tá que tá dando dó na genteAnda por aí com uma mão atrás e outra na frente;472;Adoniran Barbosa;2025-09-07 12:33:32
Alagoas;https://www.letras.mus.br/djavan/85842/;Ô MaceióÉ três mulé prum homem sóÔ MaceióÉ três mulé prum homem sóEu fui batizado na capela do farolMatriz de Santa Rita,MaceióEu fui batizado na capela do farolMatriz de santa Rita,Maceiómas foi beirando estrada abaixo que eu piquei a mulaDisposto a colar grau na escola da naturaSe alguém me perguntarNão tenho nada a dizerPois eu, pra me realizarPreciso morrerMas foi beirando estrada abaixo que eu piquei a mulaDisposto a colar um grau na escola da naturaSe alguém me perguntarNão tenho nada a dizerPois eu, pra me realizar preciso morrerVocê me deu liberdadePra meu destino escolherE quando sentir saudadesPoder chorar por vocêNão vê, minha terra mãeQue estou a me lamentarÉ que eu fui condenado a viver do que cantarA--la, a--la, ala, AlagoasA--la, a--la, ala, AlagoasEu fui batizado na capela do farol......;51.704;Djavan;2025-09-07 12:33:32
Alegre Menina;https://www.letras.mus.br/djavan/45501/;O que fizeste, sultão, de minha alegre meninaPalácio real lhe dei, um trono de pedrariaSapato bordado a ouro, esmeraldas e rubisAmetista para os dedos, vestidos de diamantesEscravas para serví-la, um lugar no meu dosselE a chamei de rainha, e a chamei de rainhaO que fizeste, sultão, de minha alegre meninaSó desejava campina, colher as flores do matoSó desejava um espelho de vidro prá se mirarSó desejava do sol calor para bem viverSó desejava o luar de prata prá repousarSó desejava o amor dos homens prá bem amarSó desejava o amor dos homens prá bem amarNo baile real levei a tu alegre meninaVestida de realeza, com princesas conversouCom doutores praticou, dançou a dança faceiraBebeu o vinho mais caro, mordeu fruta estrangeiraEntrou nos braços do rei, rainha, mas verdadeiraEntrou nos braços do rei, rainha, mas verdadeira;180.181;Jorge Amado / Dori Caymmi;2025-09-07 12:33:32
Além de Amar;https://www.letras.mus.br/djavan/972765/;Quero esquecerÉ como nódoa e não saiNem pra fugirSair já não me distraiComo extinguirAs sobras de uma paixãoRetidas no mais secreto vãoTanto a dizerMas tais palavras não saemDonas de siPra não me verem ruir me traemEu me perdi e não sei como explicarO que foi que eu fiz além de amarOu é desamor ou é intrigaSeja o que forJá nos desuneSe é por amar que a gente brigaBem pode ser ciúmeMas tudo é pouco pra tanto sofrerSem razãoPra convencer meu coração;165.745;Djavan;2025-09-07 12:33:32
Aliás;https://www.letras.mus.br/djavan/45502/;Existem coisas que o amor dizCom aquela coisa a maisDe quem é felizJóias caras produzidas no coraçãoTiaras sem fimGuardo essa luzes pra te servirÉ tanta coisa que o amor fazVem como um rioEm sua calma vorazTimidez, mas sabe voarPra fugir da sombra do não-quererAdemais, quem é que quer sofrer?Você, o sonho, meus pés, o chãoMesmo que bravoO mar vira na cançãoMística rosa, ave rubraMeu Deus do céu, da boca rubiBeijo esperado, me leve a tiÉ um sacrifício dizer um nãoEm seu ofício de obedecer à paixãoSeja como forSempre se faz por prazerTudo o que o amor dizAliás, quem não quer ser feliz?;36.965;Djavan;2025-09-07 12:33:32
Álibi;https://www.letras.mus.br/djavan/45503/;Havia mais que um desejoA força do beijoPor mais que vadiaNão sacia maisMeus olhos lacrimejam teu corpoExposto à mentira do calor da iraNo afã de um desejo que não contraíraNo amor, a tortura está por um trizMas a gente atura e até se mostra felizQuando se tem o álibiDe ter nascido ávidoE convivido inválidoMesmo sem ter havido, havidoQuando se tem o álibiDe ter nascido ávidoE convivido inválidoMesmo sem ter havido, havidoHavia mais que um desejo;115.739;Djavan;2025-09-07 12:33:34
Alívio;https://www.letras.mus.br/djavan/45504/;Aturei andar de bar em barNa contramãoPra seguir a sua direçãoVou na praia e todos são iguaisQueimados ou nãoSempre a procurar sem direçãoAturdido sem sentidoNão sei onde vouToda hora é como agoraÉ viver só pra lhe esperarEu queria tanto descansarO meu coraçãoUma nova má notícia nãoSeja lindo amor bem vindoE cresça o quanto forMe apareça e faça o seu golPra eu respirarE ter alívioE nessa condiçãoVou poder me situarEm seu convívioTão coloridoQuiçá no lado azulPreto, branco, qualquer corMas sempre vivo;41.167;Arthur Maia / Djavan;2025-09-07 12:33:34
Alumbramento;https://www.letras.mus.br/djavan/45505/;Deve ser bem mornaDeve ser maternalSentar num colchãoE sorrir e zangarTapear tua mãoIsso sim, isso nãoDeve ser bem loucaDeve ser animalHálito de gimVai fingir, vai gemerE dizer ai de mimE de repente deve terUm engenho, um poderQue é pro menino fraquejarAlucinar, derreterDeve estar com pressaE partir e deixarCica de cajú no olhar do guriPor aí deve ser...;28.245;Chico Buarque / Djavan;2025-09-07 12:33:34
Alvo Certo (part. A Cor do Som);https://www.letras.mus.br/djavan/alvo-certo-part-a-cor-do-som/;Mais se fala em cantarMais se espalha músicaMais desce do céuO que nos cresceMais a gente dá a mãoMais se toca o coraçãoMais sobe do chãoNossa uniãoFaço o violão, meu bastãoMeu bastão voadorVoa até onde derVoo e vou onde ninguémChegaria a péParece que sempre cresceO sentimento da espécieQuando você apareceE nosso pouso é sempreNo alvo certoMais se fala em cantarMais se espalha músicaMais desce do céuO que nos cresceMais a gente dá a mãoMais se toca o coraçãoMais sobe do chãoNossa uniãoFaço o violão, meu bastãoMeu bastão voadorVoa até onde derVoo e vou onde ninguémChegaria a péParece que sempre cresceO sentimento da espécieQuando você apareceE nosso pouso é sempreNo alvo certoFaço o violão, meu bastãoMeu bastão voadorVoa até onde derVoo e vou onde ninguémChegaria a péParece que sempre cresceO sentimento da espécieQuando você apareceE nosso pouso é sempreNo alvo certo;375;Dadi / André Carvalho;2025-09-07 12:33:34
Amar É Tudo;https://www.letras.mus.br/djavan/11339/;Meu amorEu nem sei te dizer quanta dorMesmo a noite não sabiaO que o amor escondiaMinha vidaQue fazer com minha alma perdidaFoi um raio de ilusãoBem no meu coraçãoE veio com tudoDissabor e tudoVeio com tudoDissabor e tudoEu seiEu não sei viver sem elaAssim, um simples talvez me desesperaNinguém pode querer bem sem ralarNão há nada o que fazerAmar é tudo;210.873;Djavan;2025-09-07 12:33:34
Amazon Farewell;https://www.letras.mus.br/djavan/amazon-farewell/;Across this line you leave us with nothingSo you see there mister it's time to talkI need a room to walkSee there's something wrong with your planStayed where I amAcross this line my people been livingFor a whole lot longer than you walk thereAnd from what we can tell of your customs misterForgive me for sayingYou got a lot to learnBefore you can sayWe got to live your wayAcross this line you leave us with nothingBut I like forget hunger and pain you madeWe don't like that tradeBut aside a map in your handTake a look at this landWhen we are gone the story is overGenerations suddenly swept awayTo make another gardener desert misterForgive me for sayingThere's a lot to learnBefore you can sayWe got to live your wayTxucarramãeKrenacroroKalapaloYawalapiti - iiii - iiiiKamayuráKayabíKuikúruWauràSuyáAwetí - iiii - iiii;3.073;Brock Walsh / Djavan / Mark Vieha;2025-09-07 12:33:34
Amor Algum;https://www.letras.mus.br/djavan/98345/;Lua, que vai pela noiteolha aqui pra mimvira essa minha sortee faz eu ser mais feliztodas as estradas que andeinão me trouxeramjamais amor algumme traz ume eu te apresentareiao céu azulpra que eu não vejanada sem core o sol raiarsem amorpra que eu não vejao tempo passarno desesperoe nada de me apaixonarnão sobrevivereiserei fácil de acharsem coleira, atacandoinsensibilidadetô pronto pra esbanjartoda vez que eu for sairuau! Que delírio, o meuo que eu quero é amarnem que o amornão seja eu;41.868;Djavan;2025-09-07 12:33:34
Amor de Índio;https://www.letras.mus.br/djavan/872608/;Tudo que move é sagradoE remove as montanhasCom todo cuidado, meu amorEnquanto a chama arderTodo dia te ver passarTudo viver a teu ladoCom o arco da promessaNo azul pintado pra durarAbelha fazendo melVale o tempo que não voouA estrela caiu do céuO pedido que se pensouO destino que se cumpriuDe sentir teu calorE ser todoTodo dia é de viverPara ser o que forE ser tudoSim, todo amor é sagradoE o fruto do trabalhoÉ mais que sagrado, meu amorA massa que faz o pãoVale a luz do teu suorLembra que o sono é sagradoE alimenta de horizontesO tempo acordado de viverNo inverno te protegerNo verão sair pra pescarNo outono te conhecerPrimavera poder gostarNo estio me derreterPra na chuva dançarE andar juntoO destino que se cumpriuDe sentir teu calorE ser tudo;46.077;Beto Guedes / Ronaldo Bastos;2025-09-07 12:33:35
Anastácio;https://www.letras.mus.br/djavan/anastacio/;Caiu manso como a florDespetalou, morreuE o morro madrugouLevando um samba seuAbre alas meu senhorQue o samba entrou no céuDeus lhe tenha eternamenteNuma roda de NoelSe saudade fosse chuvaTemporal na despedidaNossa escola era um aguaceiroSoluçando na avenidaCaiuCaiu manso como a florDespetalou, morreuE o morro madrugouLevando um samba seuAnastácio seu meninoSeu moleque quanta dorSeu amor ficou chorandoMas seu povo não calouSe na hora do desfileCada um tem seu papelQue loucura a gente ouvirSeu apito lá do céu;118;César Costa Filho / Walter Queiroz;2025-09-07 12:33:35
Andaluz;https://www.letras.mus.br/djavan/85844/;Estrela minhaLuz do dia abacate e melCheiro de haxiTarde de frioBeija-flor, flores na varanda se transamSombra de luzUi de amor frugal, casa azulBabalaó, olorum, alá, dalai-lamaVigiai governadorPorque o povo, virgem Maria!Sai da janela se quer sonharVem pra camaDeus lhe fez viverPra me querer amorQuase 2. 000Salvaria a arara azulO circo é orfeiVai Lua, é diaDeixa vir os raios de SolTens a noiteLonge de mimSevilha incensa o ar andaluzBabalaô, Olorum, Alá, Dalai-LamaVigiai governadorPorque o povo, virgem Maria!Sai da janela se quer sonharVem pra camaMontes au ginkgoPlein de rameauxViens d'ici soupçonner desOiseauxQui ne volent pasViens tu volerJe voyage partoutMais molloSoit l'image de toutLe point ouSe va bouger, bougerSortes du ginkgoPlein de rameauxIl y a prés d'ici un caracoSi tu le mets, mis-en-scèneSoit le reine de tousComme la mousseQui l'ai rien faitBien fait, bien fait, bien, fait, bien faitGens et ginkoPleins de rameauxC'est JolieComme la poésie de Rimbaud;22.788;Flavia Virginia / Djavan;2025-09-07 12:33:35
Anjo de Vitrô;https://www.letras.mus.br/djavan/anjo-de-vitro/;Noutro lugar amanheceuA várzea florescida ressurgiuPensei sob o excelso mundo e euCéu singular, bruma penderDa márgem escura a luz a devenirSerá seu rosto imaculado a refugirPra abalar com essa graça todaum dia feito pra surpreender avistoum vento rasgar sedento de norte a sulMas era só a chuva que caíaCom suas setas transpassando o diaTecendo a noite azulDada como um anjo de vitrôPura flôr sem pecadoVocê tímida e assustadaE eu aqui deslumbradoMas num dia deliranteEscalou-me vôo iradoDando pinta tipo pronta embarquei encantado;21.041;Djavan;2025-09-07 12:33:35
Ânsia de Viver;https://www.letras.mus.br/djavan/ansia-de-viver/;Se pretender me dominarSou escravoVisando a nada lhe faltarMe endividoE nessa ânsia de viverEu me matoPra me aquecerCom o seu calorSe quer saber por que vocêLogo direi:É um bater descompassadoQue me vemNem é preciso Deus dizerO certo sou euPra conviverCom os lábios seusE na luz que existePara o dia iluminarVê-se um par românticoSe beijar se olhandoNo fundo azulÉ zoom, é zenVocê e euE mais ninguémJá que o amor soberanoPode enxergar no escuroVou estar sempre esperandoVocê me aclamarO seu porto seguro;9.948;Djavan;2025-09-07 12:33:35
Ao Menos Um Porto;https://www.letras.mus.br/djavan/ao-menos-um-porto/;Eu que sou de declamarO seu nome nas ruasVolta pra mimPra não me destruirRuim que pode piorarÉ assim que eu me sintoNão, não se váVenha cáVem pra mimCanteiros onde não seiIrei encontrá-losNas nuvensDe quando eu lhe abraçoE tudo é tão bomNada é tão bomAmor que tanto guardeiPra lhe dedicarSem medir, sem pensarSem amar não dá pra viverNem pra morrerNinguém pode mensurarQuando bate é uma coisaPra nunca maisNão se váVem pra mimBarco a derivarSem lugar pra irSem um marNada que vá me garantirAo menos um portoNa escuridãoQue vai serCaso me diga: NãoNinguém pode mensurarQuando bate é uma coisaPra nunca maisNão se váVem pra mimCanteiros onde não seiIrei encontrá-losNas nuvensDe quando eu lhe abraçoE tudo é tão bomNada é tão bomAmor que tanto guardeiPra lhe dedicarSem medir, sem pensarSem amar não dá pra viverNem pra morrerEu que sou de declamarO seu nome nas ruasNão, não se váVenha cáVem pra mim;1.300;Sabe de quem é a composição? Envie pra gente.;2025-09-07 12:33:35
Apoteose Ao Samba;https://www.letras.mus.br/djavan/1742340/;La-la-la-la, lai-la-la-laiaLa-la-la, la-laSambaQuando vens aos meus ouvidosEmbriagas meus sentidosTrazes inspiraçãoA dolência que possuis na estruturaÉ uma seduçãoVai alegrar o coração daquela criaturaQue com certeza está sofrendo de paixãoSambaSoprado por muitos aresAtravessaste os sete maresCom evoluçãoO teu ritmo que te torna ainda mais ardenteQuando vem da alma de nossa genteEu quero que sejas sempre meu amigo lealNão me abandones nãoVejo em ti o lenitivo idealEm todos os momentos de afliçãoÉs meu companheiro inseparável de tradiçãoDevo-lhe toda gratidãoSamba, eu confessoÉs a minha alegriaEu canto para esquecer a nostalgiaSambaQuando vens aos meus ouvidosEmbriagas meus sentidosTrazes inspiraçãoA dolência que possuis na estruturaÉ uma seduçãoVai alegrar o coração daquela criaturaQue com certeza está sofrendo de paixãoSambaSoprado por muitos aresAtravessaste os sete maresCom evoluçãoO teu ritmo que te torna ainda mais ardenteQuando vem da alma de nossa genteEu quero que sejas sempre meu amigo lealNão me abandones nãoVejo em ti o lenitivo idealEm todos os momentos de afliçãoÉs meu companheiro inseparável de tradiçãoDevo-lhe toda gratidãoSamba, eu confessoÉs a minha alegriaEu canto para esquecer a nostalgia;9.561;Silas De Oliveira / Mano Décio da Viola;2025-09-07 12:33:36
Aquele Um;https://www.letras.mus.br/djavan/85845/;"BaixouNum centro de mesa de um barUm santo estranhoCheirou, fumou, não cuspiu,Sei lá.....E tocou pianoFalou que ""era aquele um""Das quebradasO santo de camaDas mal amadasAlguém do centro perguntou o seu pontoAí o santo lhe respondeu:Meu ponto é qualquer umCom bicheiro e taxiZarakiê, Zaraquiê, ZoroquiêZaraquiê, ZoroquiêZô";36.308;Aldir Blanc / Djavan;2025-09-07 12:33:36
Ares Sutis;https://www.letras.mus.br/djavan/ares-sutis/;Quanto mais eu seiMenos eu sei quem sou.Será que eu viviTudo porque passei...E quem será que eu sou?Mesmo podendo imaginarO que eu quiser,Eu não sei se sou tanto!Quanto mais eu souMenos sou o que sei.E pra o que nasci,Será que cumprirei?O que será que eu seiNum corpo a mendigar,Qual é a leiNo desvão do amar?Me consumiPra ter um pouco de ti,Clamei por atenção!Jamais useiSapatos tão peculiares,Andei vestida por colares mis,Violentei até  meus ares sutis!E o que não tem fimComeça outra vez:Quanto mais eu souAcho que mais eu seiO que vai ser, enfimSedada de afeiçãoEu vou viverPra esquecer de  mim;13.989;Djavan;2025-09-07 12:33:36
Aridez;https://www.letras.mus.br/djavan/aridez/;Atravesso o deserto escuroPra fugir da solidãoVocê que é meu farolNão deixe eu me perder, nãoÉ você quem há de me tirarDessa tremenda aridezVocê que me faz sonharVeja o que faz dessa vezSonhador, devagar ou voandoChego lá!De sonhar, eu seiQue já nem vivo maisE mesmo amando sóA esperança não se desfazO amor chega a ser um pecadoDe tão bomÉ a paz forjadaPor conflitos milAbalos pontuaisQuando se ama, vive-se maisQuantos beijosPoderíamos ter dadoE os encantados diasQue como tudo indicaSeriamNão faz malVocê é água da fonteQue irriga um coraçãoFeito pra baterPra sempre por vocêAmor!;7.319;Djavan;2025-09-07 12:33:36
As Curvas da Estrada de Santos (part. Roberto Carlos);https://www.letras.mus.br/djavan/as-curvas-da-estrada-de-santos-part-roberto-carlos/;Se você pretende saber quem eu souEu posso lhe dizerEntre no meu carro na Estrada de SantosE você vai me conhecerVocê vai pensar que euNão gosto nem mesmo de mimE que na minha idadeSó a velocidade anda junto a mimSó ando sozinho e no meu caminhoO tempo é cada vez menorPreciso de ajuda, por favor me acudaEu vivo muito sóSe acaso numa curvaEu me lembro do meu mundoEu piso mais fundo, corrijo num segundoNão posso pararEu prefiro as curvas da Estrada de SantosOnde eu tento esquecerUm amor que eu tive e vi pelo espelhoNa distância se perderMas se amor que eu perdiEu novamente encontrar, ohAs curvas se acabam e na Estrada de SantosNão vou mais passarNão, não vou mais passar, ohEu prefiro as curvas da Estrada de SantosOnde eu tento esquecerUm amor que eu tive e vi pelo espelhoNa distância se perderMas se amor que eu perdiEu novamente encontrar, oh, ohAs curvas se acabam e na Estrada de SantosEu não vou mais passarNão, não, não, não, não, nãoNa Estrada de Santos as curvas se acabamE eu não vou mais passarNão, não, nãoOh, na Estrada de Santos as curvas se acabam;18.147;Erasmo Carlos / Roberto Carlos;2025-09-07 12:33:36
Asa;https://www.letras.mus.br/djavan/45506/;A manhã me socorreu com flores e avesSuaves, soltas, em asa azulBorboletas em bandoDiz que pedra não falaQue dirá se falasseEu, Ana?Me amaMe queima na sua camaO veludo da falaDisse: beijo, que é doceMe prende, me igualaMe rende com sua balaDiz que pedra não falaQue dirá se falasseEu, Ana?Me amaMe queima na sua camaO veludo da falaDisse: beijo, que é doceMe prende, me igualaMe rende com sua balaSe disfarce de ZeusDe Juruna, na deusa azulSe me comoverEu já sei que é tuClaridade de um novo diaNão havia sem vocêVocê passou e eu me esqueciO que ia dizerO que há pra falarOnde leva essa ladeiraQue tristes terras venceráUm intérprete tocando blues?Que há pra falarOnde leva essa ladeiraQue tristes terras venceráUm intérprete inventando blues?Que há pra falarOnde leva essa ladeiraQue tristes terras venceráUm intérprete delirando no blues?Se disfarce de ZeusDe Juruna, na deusa azulSe me comoverEu já sei que é tuClaridade de um novo diaNão havia sem vocêVocê passou e eu me esqueciO que ia dizerO que há pra falarOnde leva essa ladeiraQue tristes terras venceráUm intérprete tocando blues?Que há pra falarOnde leva essa ladeiraQue tristes terras venceráUm intérprete inventando blues?Que há pra falarOnde leva essa ladeiraQue tristes terras venceráUm intérprete delirando no blues?;61.937;Djavan;2025-09-07 12:33:36
Atitude;https://www.letras.mus.br/djavan/85846/;Por você de tudo fareiTe quero demaisVocê sabeTudo, tudo é atitudeAté o mar que é a vida do pescadorEsse mar eu te douDiga o que é que eu sou pra vocêSe sou pouco ou nadaNão me diga nadaMagoar pra quê?Até porque euNão saberei viver sem vocêLonge de ti, dias sem céuA refletir nos olhos meusCasas sem cor, nenhum lugarQue eu queira ir ou passarSe você não está aliPra me abalarCom sua doce visãoAs mãos frias de amorAquecendo as minhas mãosDona da luzQue invade o meu coração.;35.203;Djavan;2025-09-07 12:33:36
Avião;https://www.letras.mus.br/djavan/45507/;Pode quebrar, sofrer, cair, descer, contorcer de dorNão vou mais me prender a vocêFazer o mesmo showVou bater na porta da vida, receber e pagarSem ter que me entregar a ninguémSeu muito pra mim é poucoEu quero a paz de viver soltoVai dizer que sou outro, sou não!Eu me cansei de ser seu aviãoNão vou voar, não dessa vez!Pode quebrar, sofrer, cair, descer, contorcer de dorNão vou mais me prender a vocêFazer o mesmo showVou bater na porta da vida, receber e pagarSem ter que me entregar a ninguémNem me conformar com poucoEu quero a paz de viver soltoVai dizer que sou outro... sou não!Eu me cansei de ser seu aviãoNão vou voar, não dessa vez!Pode quebrar, sofrer, cair, descer, contorcer de dorNão vou mais me prender a vocêFazer o mesmo showVou bater na porta da vida, receber e pagarSem ter que me entregar a ninguémSeu mundo pra mim é toloEu quero a paz de viver soltoVai dizer que sou outro, sou não!Eu me cansei de ser seu aviãoNão vou voar, não dessa vez!;130.137;Djavan;2025-09-07 12:33:36
Avô;https://www.letras.mus.br/djavan/85847/;E se eu parar de tomar pra sempre sundaee não amar lévi-strauss em seu enleiose eu achar démodé , quem serei?E se tiver tudo chato e o céu for feioe eu decidir que chopin , não solfejareise eu fizer um ar blazè, quem serei?Quando eu for saberei.Como eu era um homem longe do que soupreocupado em me mostrar capaz...Nem que eu queira, hoje posso ser tal rapaznão sou mais, não sou mais, não sou maisnão sou mais enfimnem mesmo o que eu serei, sounão sou mais, não sou mais.E no balaio da construção de um homemrevejo os moldes e as massas que eu já useipois viver é reviver, hoje eu seiquem eu for, já encontreie de quebra a experiência me ensinou:é preciso juventude para que eu me torne avôè preciso juventudequem me dera tê-la intacta a cada eracomo uma florque algum dia, alguém espera em outra portaque o futuro preparou.;23.000;Flávia Viana / Djavan;2025-09-07 12:33:37
Azedo e Amargo;https://www.letras.mus.br/djavan/1085982/;Ela é chegadaEm azedo e amargoLeite com salE outros bodesSe ela fosse planta seriaA comigo-ninguém-podeEm seus cabelosA curva da fitaPrende a flor da madrugadaMas nas unhas se vêO quanto é aflita, invocadaPor amorAndo por onde forPor você faço o que forPra viverDeixa virDiz-me por onde irCorre atrásPra não ter dúvidas mais!Verga esse traçoQue a induz à solidãoDeixa que um abraçoEm sua onda de calorA revele, leve,Apta até pra ilusão...Sonho percorrê-laPor estradas vicinaisConhecer por dentroComo a luz nos cafezaisPra contê-la e tê-laNos lençóis vaziosDos meus ais.;19.518;Djavan;2025-09-07 12:33:37
Azul;https://www.letras.mus.br/djavan/45508/;Eu não sei se vem de DeusDo céu ficar azulOu virá dos olhos teus?Essa cor que azuleja o diaSe acaso anoitecer e o céu perder o azulEntre o mar e o entardecerAlga marinha, vá na maresiaBuscar ali um cheiro de azulEssa cor não sai de mimBate e finca pé a sangue de reiAté o Sol nascer amarelinhoQueimando mansinhoCedinho, cedinho (cedinho)Corre e vá dizer pro meu benzinhoUm dizer assim: O amor é azulzinhoAté o Sol nascer amarelinhoQueimando mansinhoCedinho, cedinho cedinhoCorre e vá dizer pro meu benzinhoUm dizer assim: O amor é azulzinho;574.952;Djavan;2025-09-07 12:33:37
Bailarina;https://www.letras.mus.br/djavan/98347/;A cada pirueta que você dáum tom de violetainunda o seu bailarfico encantado ao vê-la voarem seu grand-jetécomo eu queria ser o seu parqueria o meu destinojunto ao seu dome o estilo manuelinono que tem de bompra erigir um belo altarna intenção de entronizá-lano lugar de uma deusasou um barco navegandoalto-mar por vocêa me desbravar sem medocom um desejo incontidoinvadindo a cançãocrepuscular estaçãodo amor não correspondidotal como o solno arreboleu morro com vidaplié aquijeté alisocorro, queridaquero viversó pra vocêde hojepra sempre;30.299;Djavan;2025-09-07 12:33:37
Baile;https://www.letras.mus.br/djavan/45509/;"Tarde tramando a noiteLuz e trevas no ar trocando beijosAtração de AzougueGuiando a carruagem do desejoPra resultar num luar talvezQue eu espero tão claroQuanto o sonho de ter você comigoDia dos namoradosHá de te receber em meu abrigoGinseng, ópio, coisa de acenderNão tem poder de me ligarUm beijo seu pode muito maisFaz a cena mudar, acenderA cidade para o baile que é vocêMinha amada, minha estrada, meu viverA saudade vem dos maresDensa como uma nuvemDecidida a cobrir toda a cidadePenso em ti, me dá medoNão suporto um dedo de saudadePra te esperar eu vejo TVDizem que a ""Nova Era""Trará algo de bom pro mundo inteiroNo jornal da TVMais um homem recua por dinheiroGinseng, ópio, coisa de acenderNão tem poder de me ligarUm beijo seu pode muito maisFaz a cena mudar, acenderA cidade para o baile que é vocêMinha amada, minha estrada, meu viverA saudade vem dos maresSonho, odisséia, magia, lógica, poesia, dor,Éden, unidade, alegoria, toque, amplidão, semente,Linguagem, alimento, futuro, aura, espelho, via,Eterno, átomo, matéria, nada, arte, tudo somosNa insanidade exata do amor!";12.370;Djavan;2025-09-07 12:33:37
Bangalô;https://www.letras.mus.br/djavan/bangalo/;Eu nem sei se quero amarOutra vezGanhei, investi, perdiUma vida e tantoMilhagens de amores febrisGanhei, investi, perdiNão vou ficar em bar, vencido,Não maisNão vou chorar amor perdido,Não quis châteauNem bangalôNão me quis, não me viu,Não me vêCom tanto a lamentar nada perdiSem você, sem você, sem vocêNão vou ficar em bar, vencido,Não maisNão vou chorar amor perdido,Não quis châteauNem bangalôNão me quis, não me viu,Não me vêCom tanto a lamentar nada perdiSem você, sem você, sem vocêNão vou ficar em bar, vencido,Não maisNão vou chorar amor perdido,Não quis châteauNem bangalôNão me quis, não me viu,Não me vêCom tanto a lamentar nada perdiSem você, sem você, sem vocêSem você, sem você, sem você;60.519;Djavan;2025-09-07 12:33:37
Banho de Rio;https://www.letras.mus.br/djavan/85848/;Folha de saiãoUma colcha de brimLonge um cantadorVersejou pra mimFumega lampiãoNa paredeO sonho secouNa nesga do amorHá sedeDias como boisPassam e nem me veemAh meu cantadorVersejar pra que?Hoje eu tô tão assimSem saberPrazer nenhumSem meu amorNão tomo banho de rioNem sou feliz tão cedo;16.778;Djavan;2025-09-07 12:33:37
Be Fair;https://www.letras.mus.br/djavan/785413/;"Dont't run away cause i can't stand itDon't run away cause i can't stand itDon't you pretend that i'm strongDon't try to hurt me cause i can't stand itDon't try to hurt me cause i can't stand itDon't make me feel that i'm weakHey, you knowThe worst thing you can doIs to get me boredStay here tonight or i won't sleep thenStay here tonight or i won't sleep thenBe cool to me or i'll cryDon't dare to touch me or i won't sleep thenDon't dare to touch me or i won't sleep thenTreat me  no good or i'll dieHey, you knowThe worst thing you can doIs to ignoreBabe, i have given all my soul to youTell me, is the hapiness i felt untrue?Babe, i have given all my soul to youHow can i tell my heart like this ""it's through""?I don't wanna throw upon youAll my wrathSo,please,be fairOtherwise,whatever you doWill cause my death";6.484;Flavia Virginia;2025-09-07 12:33:37
Being Cool;https://www.letras.mus.br/djavan/being-cool-aviao/;You seem to send a signalEvery moment I am with youI'm only going on a feelingBut I'm going underYou shake me up and I wouldBe a liar if I deniedThis is all new to meI'm not too excitable as a ruleBut I can't bother being coolWhy is it so hard to be coolWhy have you taken me so far beyondWhere I'd even want to be coolYou seem to light a fireSimply talking, walking with meYou smile as if you know you've got me'Round your little fingerThe air becomes electricIt's a force that won't be defiedI stare and stare at youWith no way of hiding that I'm a foolBut I can't bother being coolWhy is it so hard to be coolWhy have you taken me so far beyondWhere I'd even want to be cool;2.489;Sabe de quem é a composição? Envie pra gente.;2025-09-07 12:33:38
Beiral;https://www.letras.mus.br/djavan/45510/;Eu juroTe querer enquanto o ouroDo turno da tardeCair no beiralFoi como Eu disse a vocêSem lhe ter faladoMeu ladoLuz acesa de pescadorBom de marQuer me ver sonharTraz a tua vidaMais pra perto de mimTarde caiE na descida se acabou de verO sol do lavradorBrilhara, gritara na sua luzFez sinalQue um dia desseDeus dará em dobroE finalmente se escondeuA noite vem, que vemE Eu aliMas não tava à toaTava contenteTava com meu BemNum canto da menteMas não tava à toaTava contenteTava com meu BemNum canto da menteEu juroPerto de mimMas não tava à toaTava contenteTava com meu BemNum canto da menteMas não tava à toaTava contenteTava com meu Bem;26.495;Djavan;2025-09-07 12:33:38
Beleza Destruída (part. Milton Nascimento);https://www.letras.mus.br/djavan/beleza-destruida-part-milton-nascimento/;O mundo é lindo, mas não é infindoTemos que cuidarPra não ver acabarTantos lagos, assim como os rios podem fenecerDar lugar, mas a quê?A mata queimando, joga a esperança na mais cruel solidãoSolidãoChuva demais pra unsE de menos pros demaisCausando mais sofrer, mais sofrerVoar, correr, saltar, fugirViver pra ver o Sol sairVoar, correr, saltar, fugirViver pra ver o Sol sairVer indígenas e bichos implorando para existirFaz tão mal, faz tão malMas o homem cego por dinheiro só saber dizerDizimar, dizimarVer tanta beleza destruídaEncolhendo a própria vida, simÉ o fimPra quem hoje o fruto do não contaLogo vai ter conta pra pagarPra viverVoar, correr, saltar, fugirViver pra ver o Sol sairVoar, correr, saltar, fugirViver pra ver o Sol sairVoar, correr, saltar, fugirViver pra ver o Sol sairVoar, correr, saltar, fugirViver pra ver o Sol sair;3.264;Djavan;2025-09-07 12:33:38
Bicho Solto;https://www.letras.mus.br/djavan/85849/;Não sei julgar o que há em tiSentir com precisãoSe é fogo ou água, já desistiO meu coração que agüenteNão há nada mais loucoMais sensívelQue você junto de mimCom o seu amor indizívelEu faço e aconteçoPra estar com vocêEu te abraço, amorTe desfaço em florNesse abraço a genteSe veste um ao outroPra virar um bicho soltoDesordenar por aí'cê de quatro, amorBeira art-décoUma imagem no altar da luxúriaVocê com esse jeito seuMe venceuAh, gosto de você em mim!O lascivo chega a brilharDe incandescer mais que o solLá no limiar do prazerEstrelas pulam de alegriaSe fantasiam, mudam de corPra ver o amor nascer;27.379;Djavan;2025-09-07 12:33:38
Bird Of Paradise;https://www.letras.mus.br/djavan/bird-of-paradise/;You appear on the horizon, far awayMy desire to be there with youStirs the wind and fills the sailsIn the bay I drop the anchor down, swim ashoreOn the beach the coconut palmsJasmine, frangipane and youYour silent eyes convince meI'm maroonedWe're safe inside this azure blue lagoonI want to know you, bird of paradiseI want to show you all the love that I feelI need to touch you, bird of paradiseI need your touch to make this fantasy realOn the sea a storm is raging, far awayAnd the ships, like so many toysFear the wind and fight the wavesIn your arms, a forgotten dreamNothing moreHere the sky is perfectly clearEvening star, the moonlight and youYour silent eyes convince meI'm maroonedWe're safe inside this azure blue lagoonI want to know you, bird of paradiseI want to show you all the love that I feelI need to touch you, bird of paradiseI need your touch to make this fantasy realI want to know you, bird of paradiseI want to show you all the love that I feelJust you and me, a mango treeThe bare necessities of loveMy bird of paradise, I realizeThat you were sent here from aboveYou're my bird of paradiseMy bird of paradise;2.725;Djavan;2025-09-07 12:33:38
Boa Noite;https://www.letras.mus.br/djavan/45511/;Meu ar de dominadorDizia que eu ia ser seu donoE nessa eu dancei!Hoje no universoNada que brilha cega mais que seu nomeFiquei mudo ao lhe conhecerO que vi foi demais, vazouPor toda selva do meu serNada ficou intactoNa fronteira de um oásisMeu coração em paz, se abalouÉ surpresa demais que trazes'Inda bem que eu sou FlamengoMesmo quando ele não vai bemAlgo me diz em rubro-negroQue o sofrimento leva alémNão existe amor sem medoBoa noite!Quem não tem pra quem se darO dia é igual à noiteTempo parado no ar, há diasCalor, insônia , oh! noiteQuem ama vive a sonhar de diaVoar é do homemVida foi feita pra estar em diaCom a fome, com a fome, com a fomeSe vens lá das alturas com agruras ou pazOh, meu bem, serei seu guia na terraNa guerra ou no sossego sua beleza é o caisE eu sou o homemQue pode lhe dar, além de calor, fidelidadeMinha vida por inteiro eu lhe dou;472.021;Djavan;2025-09-07 12:33:38
Bouquet;https://www.letras.mus.br/djavan/198014/;Viver tem me dadoO que fazer:Quero bem...Quero pra te darO que não temTudo é tão poucoPra te merecerJá procurei não háQuando o céu precisaA lua vemEsclareceE eu longe de tiO dia nem amanhecePisa em vez de pousarFeito a solidãoTransparência de noivaE bouquetVocê passa, uma graçaE nada vêNa pressa de alcançarO solO que faz o seu olharPra ser assimNão é azul mas é marDe tanto brilhoMe deixa também brilharOlha pra mimE eu irei descansarÀ sombra da vitóriaGozando dessa glóriaEm paz...;14.515;Djavan;2025-09-07 12:33:38
Brigas Nunca Mais;https://www.letras.mus.br/djavan/1741991/;Chegou, sorriu, venceu depois chorouEntão fui eu quem consolou sua tristezaNa certeza de que o amor tem dessas fases másE é bom para fazer as pazes, masDepois fui eu quem dela precisouE ela então me socorreuE o nosso amor mostrou que veio prá ficarMais uma vez por toda a vidaBom é mesmo amar em pazBrigas nunca mais.;24.662;Antonio Carlos Jobim / Vinícius de Moraes;2025-09-07 12:33:39
Brilho da Noite;https://www.letras.mus.br/djavan/79141/;Que será que existeAlém desse olharQuanto há de segredo?E entre Mozart e LisztPor quem optaráEncara as alturas ou a placidezE em caso de amorVirá tateandoOu irá por onde eu for?Matinal ou vampiraAfeita ao pecadoSeja agulhada ou zenSou mais você e mais ninguémPra me tirar desse caos onde estouDoido pra amarLouco de amorQuando quero ficar felizComeço a pensarEm você me lambendoMe vejo atuar em seu filmeE bem enquadradoPosso conferir sua perfeiçãoQue mal pro meu coraçãoBrilho da noiteCausa perdidaMeu horizonteTudo na vida;23.946;Djavan;2025-09-07 12:33:39
Cabeça Vazia;https://www.letras.mus.br/djavan/cabeca-vazia/;AdorouDetesteiQuando é assimEu já nem seiCada umNuma leiNunca se sabeO que temBem maior que um escândaloNão tem pra tsunamiNão é coisa de vândaloOu juízo finalÉ cabeça vaziaQue manda em tanta genteQue diz que não sabiaQue agia diferenteVocê me chega assimNenhum perdãoMe beija malE nada dizE nem pra me dizerO que se dizFoi sem quererMe arrependiLá vem, lá vemVocê com seus dеpravesNem vemMagoar é graveSei bemMas sem se tocarÉ piorVocê só querUm rala comigoE atéQue é ruim, eu não digoMas também não éTudo de bomAdorouDetesteiQuando é assimEu já nem seiCada umNuma leiNunca se sabeO que temBem maior que um escândaloNão tem pra tsunamiNão é coisa de vândaloOu juízo finalÉ cabeça vaziaQue manda em tanta genteQue diz que não sabiaQue agia diferenteVocê me chega assimNenhum perdãoMe beija malE nada dizE nem pra me dizerO que se dizFoi sem quererMe arrependiLá vem, lá vemVocê com seus depravesNem vemMagoar é graveSei bemMas sem se tocarÉ piorVocê só querUm rala comigoE atéQue é ruim, eu não digoMas também não éTudo de bomLá vem, lá vemVocê com seus depravesNem vemMagoar é graveSei bemMas sem se tocarÉ piorVocê só querUm rala comigoE atéQue é ruim, eu não digoMas também não éTudo de bomLá vem, lá vemDepraves, nem vemÉ graveSei bemSem se tocarÉ piorVocê só querUm rala comigoE atéQue é ruim, eu não digoMas também não éTudo de bom;1.326;Sabe de quem é a composição? Envie pra gente.;2025-09-07 12:33:39
Cair Em Si;https://www.letras.mus.br/djavan/45512/;Às vezes parece um tamborMas não é tambor nem nada, é o coraçãoQue fica entre a paz e o terrorQuando vejo a sua caraEntre as caras da multidãoLogo fico cansadoComo se tivesse estado a correrNum segundo já me sintoSem uma gota de sangueMal consigo respirar, sobreviverSó Deus sabe o saldoCreditado ao amor que lhe douSe terei sono tranquilo ou vida sobressaltadaNão sei nada, não sei nadaOlhar pro Sol, vencer o marAdmitir, brigar com o par.. Isso é nada!Não ter você, cair em siMorrer de amor não é o fim mas me acaba;91.256;Djavan;2025-09-07 12:33:39
Calmaria e Vendaval;https://www.letras.mus.br/djavan/87178/;Choro e canto, mato e morro,Corro entre o bem e o mal.Sem querer faço da vidaCalmaria e vendaval,Passarinho e águia brava,Brisa mansa e temporal.Vendo o dia se apagando,Vejo a noite amanhecer.Passo o tempo procurandoQuem me possa responderComo é que tem quem viveSem ninguém por quem morrer..Um caminho a gente encontra,Só questão de procurar.Se uma reta tá no céu,Uma curva tá no mar.Só não se acha saídaQuando a morte vem levar.;24.726;Toquinho / Vinícius de Moraes;2025-09-07 12:33:39
Canto da Lira;https://www.letras.mus.br/djavan/85850/;Esse meninoEncantaram o meu amorEla foi encantadaPelo canto da liraE nunca mais voltouO canto da liraDelirariaQualquer donzelaDa cidade ou do interiorDo meu BrasilEncanta a mãe da noiteO pai do diaEncanta o cantorEu desconfio que não tem jeitoEssa ave tem um cantoTão perfeitoQue encantou atéO mal feito e o malfeitorEncanta a mãe da noiteO pai do diaEncanta o cantorEu desconfio que não tem jeitoEssa ave tem um cantoTão perfeitoQue encantou atéO mal feito e o malfeitor;10.436;Djavan;2025-09-07 12:33:39
Capim;https://www.letras.mus.br/djavan/45513/;Capim do Vale, vara de goiabeira na beira do rioParo para me benzerMãe d'Água sai um pouquinho desse seu leito ninhoQue eu tenho um carinho para lhe fazerPinheiros do ParanáQue bom tê-los como areia no marMangas do Pará, pitombeiras da BorboremaA Ema gemeu no tronco do JuremáCacique perdeu mas lutou que eu viJari não é Deus mas acham que simQue fim levou o amorPlantei um pé de fuló deu capimCapim do Vale, vara de goiabeira na beira do rioParo para me benzerMãe d'Água sai um pouquinho desse seu leito ninhoQue eu tenho um carinho para lhe fazerPinheiros do ParanáQue bom tê-los como areia no marMangas do Pará, pitombeiras da BorboremaA Ema gemeu no tronco do JuremáCacique perdeu mas lutou que eu viJari não é Deus mas acham que simQue fim levou o amorPlantei um pé de fuló deu capim;133.956;Djavan;2025-09-07 12:33:39
Cara de Índio;https://www.letras.mus.br/djavan/45514/;Índio cara pálida,cara de índio.Índio cara pálida,cara de índio.Sua ação é válida, meu caro índio.Sua ação é válida, válida ao índio.Nessa terra tudo dá,terra de índio.Nessa terra tudo dá,não para o índio.Quando alguém puder plantar,quem sabe índio.Quando alguém puder plantar,não é índio.Índio quer se nomear,nome de índio.Índio quer se nomear,duvido índio.Isso pode demorar,te cuida índio.Isso pode demorar,coisa de índio.Índio sua pipoca,tá pouca índio.Índio quer pipoca,te toca índio.Se o índio se tocar,touca de índio.Se o índio toca,não chove índio.Se quer abrir a boca,pra sorrir índio.Se quer abrir a boca,na toca índio.A minha também tá pouca,cota de índio.Apesar da minha roupa,também sou índio.;57.980;Djavan;2025-09-07 12:33:39
Carinhoso;https://www.letras.mus.br/djavan/1347199/;Meu coraçãoNão sei porqueBate felizQuando te vêE os meus olhosFicam sorrindoE pelas ruasVão te seguindoMas mesmo assimFoges de mimAhSe tu soubessesComo souTão carinhosoE muito e muitoQue te queroE como é sinceroO meu amorEu sei que tuNão fugiriasMais de mimVem, vem, vem, vemVem sentir o calorDos lábios meusÀ procura dos teusVem matar esta paixãoQue me devora o coraçãoE só assim entãoSerei felizBem feliz;26.360;João de Barro / Pixinguinha (Alfredo Vianna);2025-09-07 12:33:40
Carnaval No Rio;https://www.letras.mus.br/djavan/85851/;Quem vê caraNão vê que horas sãoJá vem passando a mãoNão sou dessasQue você tá pensandoVocê quer me parecerUm lobãoFaça favorDe não me olharComo quem quer devorarDesista de vezDe me conquistarO dono do meu coraçãoÉ puro e alemãoCismou de passarO carnaval no rioE desde que lhe conheçoVadioVocê é o últimoEm quem pensareiÁgua que não bebereiQuem é você?Eu não seiVá procurar a sua laiaSe queres saberEu sou de uma outra praiaNão vem com essa conversa!Meu nome é IngridMeu nome é Ingrid;11.776;Djavan;2025-09-07 12:33:40
Cedo Ou Tarde;https://www.letras.mus.br/djavan/cedo-ou-tarde/;AzulVem dos lados de anilVeio assim, nem me viuMal passou por aquiAquiCedo ou tarde é quando?Antes eu me mandoDeixo o ar invadirAliQuem manda é o medoA hora é imprópria pra sorrirViver assimCom tais dissaboresNão é brincadeiraCom tantos rancoresFaz-se uma fogueiraNão seiMais o que é certoO que decerto é ruimNem sei de mimCom a dor destruídaO que vai ser da vida?A vida soberanaSeria desumanaPorque o sol da tardeClareia, mas não ardeO mal de quem ama é a fé;8.229;Djavan;2025-09-07 12:33:40
Celeuma;https://www.letras.mus.br/djavan/98348/;Não me deixe sem me ouvir falarnão me faça um troço dessedepois não adianta mãe pra ajudaré bronca pra ninguém resolversem você seria pobre e infelize essa tal eu mal conheçopois nem que eu estivesse fora de mimjamais iria com essa aípor um nada você pagae quem acaba no sal sou eusai comprando sem olharo que essa gente quer venderencrencado, acusadopor uma falta que não condizeu prefiro morrera dar ouvido a celeumae lhe perder;14.364;Djavan;2025-09-07 12:33:40
Chega de Mágoa;https://www.letras.mus.br/djavan/950560/;Essa música foi removida em razão de solicitação do(s) titular(es) da obra. O Letras.mus.br está trabalhando para obter o licenciamento desse conteúdo.;26.309;Composição Coletiva;2025-09-07 12:33:40
Cigano;https://www.letras.mus.br/djavan/45516/;Te quererViver mais pra ser exatoTe seguirE poder chegarOnde tudo é só meuTe encontrarDar a cara pro teu beijoCorrer atrás de tiFeito cigano, cigano, ciganoMe jogar sem medirViajarEntre pernas e delíciasConhecer pra notícias darDevassar sua vidaResistirAo que pode o pensamentoSaber chegar no seu melhorMomento, momento, momentoPra ficar e ficarJuntos, dentro, horasTudo ali às clarasDeixar crescerAté romperA manhãComo o mar está serenoOlha láAs gaivotas jáVão deixar suas ilhasVeja o SolÉ demais essa cidade!A gente vai ter um dia de calorJuntos, dentro, horasTudo ali às clarasDeixar crescerAté romperA manhãComo o mar está serenoOlha láAs gaivotas jáVão deixar suas ilhasVeja o SolÉ demais essa cidade!A gente vai ter um dia de calor;228.783;Djavan;2025-09-07 12:33:40
Coleção (part. Cassiano);https://www.letras.mus.br/djavan/colecao-part-cassiano/;Sei que você gosta de brincarDe amoresMas, ó, comigo nãoComigo nãoSei também que vocêEu não sei, mais nadaUm dia você vaiOuvir de alguémO que ouvi de tiEntão irá pensarComo eu sonhei em vãoNão vá, ou váVocê é quem querQuer saber?Eu amo vocêSei que você gosta de brincarDe amoresMas, ó, comigo nãoComigo nãoSei também que vocêEu não sei mais nadaUm dia você vaiOuvir de alguémO que ouvi de tiEntão irá pensarComo eu sonhei em vãoNão vá, ou váVocê é quem querQuer saber? Eu amoQuer saber? Eu amoQuer saber? Eu amoEu amo vocêEu amo você;836;Cassiano / Paulo Zdanowski;2025-09-07 12:33:40
Com Mais Ninguém;https://www.letras.mus.br/djavan/com-mais-ninguem/;Pode acreditarMeu destino diz, meu bemQue eu não serei felizCom mais ninguémMesmo que o amorSe alimente de ilusãoÉ melhor que sofrerDe solidãoUm amor pra crescerPrecisa ter como existirContido, retidoEm vez de luz, obscuridadeSe o que sinto não vá trazer você pra mimNão há por quê um céu assimNão dá pra dizer que no auge da ilusãoO amor vai saberO que fazerCom a paixãoPode acreditarMeu destino diz, meu bemQue eu não serei felizCom mais ninguémMesmo que o amorSe alimente de ilusãoÉ melhor que sofrerDe solidãoUm amor pra crescerPrecisa ter como existirContido, retidoEm vez de luz, obscuridadeSe o que sinto não vá trazer você pra mimNão há por quê um céu assimNão dá pra dizer que no auge da ilusãoO amor vai saberO que fazerCom a paixão;2.936;Sabe de quem é a composição? Envie pra gente.;2025-09-07 12:33:41
Como Posso Saber;https://www.letras.mus.br/djavan/85852/;Ah! se eu pudesse entenderAs coisas que vêm do amorMas quem sou eu se a vida nuncaMe ensinouComo posso saberSe nem Deus me explicou a razãoDessa anti-paixão que existeEm vocêAmor é coisa que a gente tem queAprender por si sóNem sempre o que diz o livro é melhor BISE hoje eu me sinto cansadaCarrego o peso do amorQue eu não pude aprenderPorque você nunca me ajudou;21.614;Djavan;2025-09-07 12:33:41
Coração Leviano;https://www.letras.mus.br/djavan/85853/;Trama em segredo teus planosParte sem dizer adeusNem lembra dos meus desenganosFere quem tudo perdeuAh coração levianoNão sabe o que fez do meuAh coração levianoNão sabe o que fez do meuTrama em segredo teus planosParte sem dizer adeusNem lembra dos meus desenganosFere quem tudo perdeuAh coração levianoNão sabe o que fez do meuAh coração levianoNão sabe o que fez do meuEste pobre naveganteMeu coração amanteEnfrentou a tempestadeNo mar da paixão e da loucuraFruto da minha aventuraEm busca da felicidadeAh coração teu enganoFoi esperar por um bemDe um coração levianoQue nunca será de ninguémTrama em segredo teus planosParte sem dizer adeusNem lembra dos meus desenganosFere quem tudo perdeuAh coração levianoNão sabe o que fez do meuAh coração levianoNão sabe o que fez do meuCoração levianoNunca será de ninguémCoração levianoNunca será de ninguém;47.857;Paulinho da Viola;2025-09-07 12:33:41
Cordilheira;https://www.letras.mus.br/djavan/85854/;BocejarDia claro, vida a verdejarLuz por entre os cachos amarelos do ipêDeu pra verVocê me tocou sem perceberVocê nem me olhaE eu não posso te esquecerCreio em tiSe for ilusão, que Deus me guieO que não fazer pra se merecer tal mulherCerraçãoNoite na janela meu quererPorque te venero, sempre espero por vocêPor sobre a cordilheira, o arco-írisMeu corpo treme ao pensar no seu, frenesiTe quero,Mesmo pra te dar sem ter retornoTe quero assazTe quero assimTe quero pra mimEscada pro pecado, caso de amorTeus lábios tão sonhadosVão me ter sempre aquiÀ espera de um olhar que fazDia romperO céu cairNoite fecharE faz o meu ar desaparecer.O luar que eu vi no lago azulDaria pra vocêO luar que eu vi no lago azulNum instante se escondeu;18.463;Djavan;2025-09-07 12:33:41
Corisco;https://www.letras.mus.br/djavan/85855/;Na hora em que o céu se abreNo mesmo instante um raio explodeConcomitante um olho vêE a pedra do corisco podePode se tornar o que forE tudo o quanto é testemunhaPode até mesmo ser a dorCravada carne pela unhaTelefax mandeiO mapa mundi do meu penarAnde, mande logo um telexMe confirmando quando seráQue a necessidade de amorLhe trará num raioA necessidade de amorNum dia de chuvaE na tempestade vocêFará com que eu saiaNo exato momento de verO céu se abrir ao comando de IansãQue seja o momento em que a luzRegistre meu desejo de verVocê, meu amor, me traduzNo raio de Iansã, seu poderQue seja pra mim, meu XangôPoder correr correr meu riscoQuiçá ver nascer uma florNa lisa pedra do CoriscoTelegrafite de ExúLeia no muro do seu quintalPichada, fixada no azulA frase diz o essencialA necessidade de amorGritando na ruaA necessidade de amorUivando pra LuaUm lobo faminto de amorA dor que acentuaA necessidade de verO céu se abrir ao comando de Iansã.;11.533;Djavan / Gilberto Gil;2025-09-07 12:33:41
Correnteza;https://www.letras.mus.br/djavan/45517/;A correnteza do rioVai levando aquela florO meu bem já está dormindoZombando do meu amorNa barranceira do rioO ingá se debruçouE a fruta que era maduraA correnteza levou, a correnteza levouA correnteza levouE choveu uma semana e eu não vi o meu amorO barro ficou marcadoAonde a boiada passouDepois da chuva passadaCéu azul se apresentouLá à beira da estrada, vem vindo o meu amorA correnteza do rioVai levando aquela florE eu adormeci sorrindoSonhando com nosso amorSonhando com nosso amorSonhando com nosso amorOh, Dandá, oh, Dandá;161.899;Luiz Bonfá / Tom Jobim;2025-09-07 12:33:41
Corsário (part. João Bosco);https://www.letras.mus.br/djavan/corsario-part-joao-bosco/;Meu coração tropical está coberto de neve, masFerve em seu cofre geladoE à voz vibra e a mão escreve marBendita lâmina grave que fere a parede e trazAs febres loucas e brevesQue mancham o silêncio e o caisRoserais, Nova Granada de EspanhaPor você, eu, teu corsário presoVou partir a geleira azul da solidãoE buscar a mão do marMe arrastar até o mar, procurar o marMesmo que eu mande em garrafasMensagens por todo o marMeu coração tropical partirá esse gelo e iráCom as garrafas de náufragosE as rosas partindo o arNova Granada de EspanhaE as rosas partindo o arIela, iela, iela, iela la la la;6.914;Aldir Blanc / João Bosco;2025-09-07 12:33:41
Curumim;https://www.letras.mus.br/djavan/45518/;O que era florEu já catei pra darAté meus lápis de corEu já deiG.I. Joe, já deiO que se pensarEu já deiMinhas conchas do marAh! Minha florChega de maltratarO que mais pode agradarA vocêEu já fiz de tudoCadê que adiantouQue loucoQue é o amorTem graça viverQuando ela fica de malNão quer brincarTxucarramãeKrenacroroKalapaloYawalapiti - iiii - iiiiKamayuráKayabíKuikúruWauràSuyáAwetí - iiii - iiii;37.713;Djavan;2025-09-07 12:33:41
De Flor Em Flor;https://www.letras.mus.br/djavan/85856/;O amor, pra judiar de mimDeu à flor um cheiro de jasmimDe um punhado de areia brancaCom lendas e conchasFez prisão pro marE a brilhar assimTudo aqui parece dele virUm ator, um retratoO mato, o fim do atoUm prato feito pra cuspirE pra render alguémTem no olhar uma faca que fezCom a liga do aço inox, a intriga do boxQue é toda paixãoFoi coroado reiNo amor, simples vontade é leiUma coisa que amargaOu será que trava?Tão doce que enjoaSó sei que o amor enfimDe flor em florFez você pra mimSó sei que o amor enfimDe flor em florFez você pra mimO amor, pra judiar de mimDeu à flor um cheiro de jasmimDe um punhado de areia brancaCom lendas e conchasFez prisão pro marE a brilhar assimTudo aqui parece dele virUm ator, um retratoO mato, o fim do atoUm prato feito pra cuspirE pra render alguémTem no olhar uma faca que fezCom a liga do aço inox, a intriga do boxQue é toda paixãoFoi coroado reiNo amor, simples vontade é leiUma coisa que amargaOu será que trava?Tão doce que enjoaSó sei que o amor enfimDe flor em florFez você pra mimSó sei que o amor enfimDe flor em florFez você pra mim;39.500;Djavan;2025-09-07 12:33:42
De Tanto Amor;https://www.letras.mus.br/djavan/1162397/;Ah eu vim aqui amorSó pra me despedirE as últimas palavras desse nosso amorVocê vai ter que ouvirMe perdi de tanto amorAh eu enlouqueciNinguém podia amar assim e eu ameiE devo confessarAí foi que eu erreiVou te olhar mais uma vezNa hora de dizer adeusVou chorar mais uma vezQuando olhar nos olhos seusNos olhos seusAh saudade vai chegarE por favor meu bemMe deixe pelo menos só te ver passarEu nada vou dizerPerdoa se eu chorarVou chorar mais uma vezQuando olhar nos olhos seusNos olhos seusAh saudade vai chegarE por favor meu bemMe deixe pelo menos só te ver passarEu nada vou dizerPerdoa se eu chorar;79.120;Erasmo Carlos / Roberto Carlos;2025-09-07 12:33:42
Deixa o Sol Sair;https://www.letras.mus.br/djavan/85859/;Dia inteiro de olho nas nuvensEm qual delasEu vou te ter um dia?Passageiro de todas as nuvensEu navego com você a me guiarQuero ver quem vai serSerá eu ou vocêQuem será,Que decide a barreira romper?Nosso olhar quer falarMas, o medo é demais pra agirDeixa o amor resolver por nósDeixa o sol sair.Tudo é tão claro em mimSei que é amorE será fundo como o marVai acender uma lanterna no escuroO que vai ser o mundo,Com o que temosE nos falta receber?Vai ser você e eu enfim naquela nuvemE o que o amor vai poder ajudar,Quando a noite chegar?Mesmo que chova...O que eu tento explicarÉ que sem você não há lugarVocê me marcou, não vou dizerQue fazer, vou sair? Nem pensarRecolher, desligar,Vou dormir mais cedo.Eu só sei o que souSe viver pra te amarBody and soul, meu amor;29.381;Djavan;2025-09-07 12:33:42
Delírio Carioca;https://www.letras.mus.br/djavan/896462/;No rio: marOuço newton assoviarUm gershwin clara nunesQue faz vibrar feito flautaOs túneisUm cisco no olho azul da lagoa:SozinhoMacunaíma anda de pedalinhoNo rio-festaPorgy and bessTapeiam mais um turista argentinoE o chope é fino no azul cristalinoE vem num avião um jobim azulãoE a chuva é flecha em são sebastião...A clave rosa da manhã atinge um balãoMaravimentirosa:Dá pra pegar jacaré no arrastão;6.392;Aldir Blanc / Guinga;2025-09-07 12:33:42
Delírio Dos Mortais;https://www.letras.mus.br/djavan/1085986/;RioPodem dizer o que quiserMas o xodó do povoÉ o RioCasa do samba e do amorDo RedentorLouvado seja o RioRioPra delírio dos mortaisPedras monumentaisCombinaram aquiUm encontro colossalE contorno de beleza igualNunca viCom esse poderOutra cidade não háNão consigo pensar em duasÉ muito fácil sentirA mão de Deus em tudoEm CopacabanaO Rio bate um bolãoGarotas que passam têm lugar na cançãoTudo está aliPra quem sabe o que é bomNinguém mais esquece o réveillonFevereiro e marçoÉ tempo de carnavalO Rio que traçoÉ o lugar naturalPras coisas do amorDo jeito que se querTamanho o esplendor da mulher;34.648;Djavan;2025-09-07 12:33:42
Depois do Natal;https://www.letras.mus.br/djavan/1287293/;Seja assim como ésE eu te amarei sempre maisChega o dia que a gente entendeQue o amor teve um ponto finalO Natal já chegou de repenteSem presente nenhum para darNosso sonho feliz que se foiA brincar como duas criançasE querer um brinquedoEsperançasTudo foiJá passouMas eu quero o Natal novamenteTudo festa e alegria geralCom você ao meu lado presenteO meu sonho, meu mundo idealMeu presente será como sempreEu queria e sonhava afinalO presente é você, meu NatalNosso sonho feliz que se foiA brincar como duas criançasE querer um brinquedoEsperançasTudo foiJá passouMas eu quero o Natal novamenteTudo festa e alegria geralCom você ao meu lado presenteO meu sonho, meu mundo idealMeu presente será como sempreEu queria e sonhava afinalO presente é você, meu Natal;6.274;João Donato;2025-09-07 12:33:42
Desandou;https://www.letras.mus.br/djavan/1085990/;Me diga jáO que foi que aconteceuVocê e euEra tão bomLembro-me bemQuando a gente se encantouVocê traziaNos olhosA lã do primeiro amorPeguei na mãoDa vida eu nada mais queriaNaqueles diasImaculadosE num abraçoQuis roubar um beijo seuMas você deuFoi algo!IndescritívelO mais que podiaMe arrebatouMas nesse beijoSó tinha alegriaFaltava dorVocê foi prum ladoE eu pro outroAí desandou!...;25.598;Djavan;2025-09-07 12:33:43
Desejo;https://www.letras.mus.br/djavan/85857/;Você nem sabeO que é uma vidareduzida a paixãoDaí tudo é ilusãoTudo é ilusãoSentir saudadePrender uma vidaPela respiraçãoAssim tudo é ilusãoTudo é ilusãoSe queixa em não ter o mar à mãoCom esse calor o dia é dorSe queixa do nada que tiverN‹o que se possa tudo querernem tudo é o que se querAmor, amorPlantado ao coraçãoFoi brotar de um beijoAí já (nem) é ilusão ?É o meu desejo;52.757;Djavan;2025-09-07 12:33:43
Desenho de Giz;https://www.letras.mus.br/djavan/1311243/;Quem quer viver um amorMas não quer suas marcas, qualquer cicatrizA ilusão, o amorNão é risco na areia, desenho de gizEu sei que vocês vão dizerA questão é querer desejar, decidirAí diz o meu coraçãoQue prazer tem bater se ela não vai ouvirAí minha boca me dizQue prazer tem sorrir se ela não me sorri tambémQuem pode querer ser felizSe não for por um grande amor?Eu sei que vocês vão dizerA questão é querer desejar, decidirAí diz o meu coraçãoQue prazer tem bater se ela não vai ouvirCantar, mas me digam, pra quê?E o que vou sonhar, só querendo escapar à dorQuem pode querer ser felizSe não for por amor?Quem pode querer ser felizSe não for por amor?Quem pode querer ser felizSe não for por amor?;25.515;Abel Silva / João Bosco;2025-09-07 12:33:43
Desfigurado;https://www.letras.mus.br/djavan/85858/;Amortua dor deixouMeu ser desfiguradoBasta me lembrarPrá reativarO meu sofrerPrá que?SigoCaminhando sóMeu caminhos perdiVocê se virouEm brisa ou póAfinalSe foiDesapareceuSumiuSem pedir a DeusQuem pede perdãoSou eu;4.855;Djavan;2025-09-07 12:33:43
Dia Azul;https://www.letras.mus.br/djavan/98346/;Tu, somente tuirás converter a neveem dia azulbasta um olhare gelo pega fogomeu estado é luznum outro mundoem todo lugareu me sentireiinfindo por te amara sensaçãoé de poder tudoe ter amorpor todo mundotudo bemse o céu dos teus olhosmentir e eu possa vircomo a Evaa passar desilusãomas se nãoe for realidade o que dizo teu olhar de amorsair do teu comandonem de vez em quandoeu não saberiao que fariaposso até dizero quanto tudo é bem maiorpor te quererviver é maisdo que sair salvando o que podee com amora vida explode;34.273;Djavan;2025-09-07 12:33:43
Disfarça e Chora;https://www.letras.mus.br/djavan/1742339/;ChoraDisfarça e choraAproveita a voz do lamentoQue já vem a auroraA pessoa que tanto queriasAntes mesmo de raiar o diaDeixou o ensaio por outraÓ, triste senhoraDisfarça e choraTodo o pranto tem horaE eu vejo seu pranto cairNo momento mais certoOlhar, gostar só de longeNão faz ninguém chegar pertoE o seu pranto, ó, triste senhoraVai molhar o desertoChoraDisfarça e choraAproveita a voz do lamentoQue já vem a auroraA pessoa que tanto queriaAntes mesmo de raiar o diaDeixou a escola por outraÓ, triste senhoraDisfarça e choraTodo o pranto tem horaE eu vejo seu pranto cairNo momento mais certoOlhar, gostar só de longeNão faz ninguém chegar pertoE o seu pranto, ó, triste senhoraVai molhar o deserto;26.962;Cartola / Dalmo Castello;2025-09-07 12:33:43
Doidice;https://www.letras.mus.br/djavan/84756/;É naturalUm vendaval que passa aquiMais doidice aliOu uma seca que arrasouPior é não te ver agoraAflora víciosClaras manhãsOu tanto maisQue eu possa terNada quer dizerSe o teu beijo não é meuCio chegandoCalor explodindoTemores rondando o arE eu pensando em tiMe apaixonei?Talvez, pode serEnlouqueci?Não sei, nunca viPreciso sairDepois que eu descobriQue há vocêNunca mais existiCuanto más me olvidas te amo masEstrella, sin tu amorNo sé, no sé, no sé, no sé;69.069;Djavan;2025-09-07 12:33:43
Dois Amores;https://www.letras.mus.br/djavan/85860/;No dia em que cruzei contigo,me lembro,vi logo todo o filme que viria:eu nasci pra adorar vocepela vida afora e sempreaté morrerMas outro caraatravessou meu caminho,vi logo que o filme se repetia,e agi pra pensar depois:como eu posso amar e tanto assimaos dois?Outra boca, outro corpooutras mãos, eu seivou falando assim pra me confessarEstou apaixonadaAté já sonheidois amores, outra leinenhuma falta a ser perdoada.Não me peçapra parar de te querernunca me abandonesem ver razãonada é tudo ou nada.Se o meu coraçãopuder ser de mais alguémdeixa eu ir, deixa serdeixa estar, tudo bem.;37.764;Djavan / Fátima Guedes;2025-09-07 12:33:43
Dona do Horizonte;https://www.letras.mus.br/djavan/dona-do-horizonte/;Eu já nasciMinha mãe quem dizPredestinado ao cantoEla falouQue eu tinha o domQuando eu estavaNa soleiraDos meus poucos anos!Foi indo assim, quando dei por mimJá não fazia outra coisaCantava ali, só pra ela ouvirE me dizer coisas tão boasPor exemplo:Quero vê-lo o mais queridoComo nosso orlandoHei de ler seu nome escritoEm placa de avenidaNão vai mudar, toda mãe é assimMãe é o nome do amor!Logo cresciMinha mãe aliDona do horizonteMe fez ouvirDalva de OliveiraE Ângela Maria todo diaDeusas que adoravaTinha prazerEm me levar pra verLuiz Gonzaga cantarNão sem deixarDe advertirPra que eu estudasse sempre maisE sem descansoQuero vê-lo o mais queridoComo nosso orlandoHei de ler seu nome escritoEm placa de avenidaNão vai mudar, toda mãe é assimMãe é o nome do amor!;11.062;Djavan;2025-09-07 12:33:44
Dor e Prata;https://www.letras.mus.br/djavan/85861/;Pão é ouroPrata é leiDor é nylonAmor é vidroEu e DeusCrescer é como trairDe repente amanhecerJá na hora de partir pra vidaViver é mais que crescerÉ querer achar o fimDo saber, da lei, da vidaDo nadaDe tudo, de siPão é ouroPrata é leiDor é nailonAmor é vidroEu e DeusCrescer é como trairDe repente amanhecerJá na hora de partir pra vidaViver é mais que crescerÉ querer achar o fimDo saber, da lei, da vidaDo nadaDe tudo, de si;6.547;Djavan;2025-09-07 12:33:44
Dores Gris;https://www.letras.mus.br/djavan/dores-gris/;Sei que não seiSair de onde quero ficarO meu lugarÉ aonde eu ainda não fuiVivo assim como quem nem nasceuEsperando você para amarE viverA poesiaQuanto mais lida, mais ganha vidaCom seu amor, um ser melhor sereiO vento austral sopra longitudinalAs melenas da nau solidãoAs Dores Gris de quem ama e não é felizÉ uma praga que dá na raizPois sem você não saberei quem souOu o que faço com tanto amor;6.515;Djavan;2025-09-07 12:33:44
Dorme Sofia;https://www.letras.mus.br/djavan/98351/;Na, na, na, na, nana, na, na, na, naa Sofia vai dormira Sofia vai nanarna, na, na, na, nana, na, na, na, naa Sofia com esse olhãocomo pode dormirdorme, Sofiadorme, Sofia (BIS)dorme, Sofiadormena, na, na, na, na;10.266;Djavan;2025-09-07 12:33:44
Dou Não Dou;https://www.letras.mus.br/djavan/45519/;Você me faz sofrer e diz que chorarNão faz mal a ninguémEu quero ver meu bemQuando cê vai querer crescerNão vê que além de tiNão existirá no mundo mais ninguémTambém se mais houver é loucuraRefaça e diga que me quer namorarCriatura do céuE a gente faz amor quando tiver que acontecerSe eu te desejo logo posso esperarQue um dia vou verA fera ronronar com doçuraAí quem sabe a gente emendaAí quem sabe a gente váDepois da explosão,do vem meu bemDou não douSe apaixonarO tempo passa o amor aumentaE tudo passa a ser demaisE a sensação de conviver com a dor cai;72.801;Djavan;2025-09-07 12:33:44
Drão;https://www.letras.mus.br/djavan/571705/;DrãoO amor da gente é como um grãoUma semente de ilusãoTem que morrer pra germinarPlantar n'algum lugarRessuscitar no chãoNossa semeaduraQuem poderá fazerAquele amor morrerNossa caminhaduraDura caminhadaPela estrada escuraDrãoNão pense na separaçãoNão despedace o coraçãoO verdadeiro amor é vãoEstende-se infinitoImenso monolitoNossa arquiteturaQuem poderá fazerAquele amor morrerNossa caminha duraCama de tatamePela vida aforaDrãoOs meninos são todos sãosOs pecados são todos meusDeus sabe a minha confissãoNão há o que perdoarPor isso mesmo é que háDe haver mais compaixãoQuem poderá fazerAquele amor morrerSe o amor é como um grãoMorre nasce trigoVive morre pãoDrão, Drão;45.971;Gilberto Gil;2025-09-07 12:33:44
Dupla Traição;https://www.letras.mus.br/djavan/85862/;Você chegouVocê me viuVocê falouVocê me iludiuMe beijouE agora amor?Você dormiu, se retirou e eu fiqueiVocê destruiu o que fezE agora, amor?Na minha opiniãoIsso é dupla traiçãoSe você não sabe pedir perdãoVolta que eu quero morrer de alegriaDepois agradecer;32.548;Djavan;2025-09-07 12:33:44
É Hora;https://www.letras.mus.br/djavan/85863/;É hora de trabalharNa hora de receberÉ hora de se comerO pão que o diabo amassou (BIS)Me conta como foi o diaMe conta o que restouPro dia de amanhãNão é necessário dizerPerigaVocê chorar e eu sorrirE o povo inteiro a perguntarPorque o rio deságua no mar?Ê ! O rio deságua no mar (BIS)Deságua no mar (3 vezes). No Mar !Ê ! O rio deságua no mar (BIS)Deságua no mar (3 vezes).No Mar !;18.169;Djavan;2025-09-07 12:33:44
E Que Deus Ajude;https://www.letras.mus.br/djavan/85865/;ParaparaEu vou mudar de profissãoEu vou ser cantorEu vou pro Rio de Janeiro BISNo Expresso Brasileiropelo mês de fevereiroJá cansei de ser ferreiroSeu doutor, oh seu doutorO meu som alagoanoConquistou americanovivo vindo dos Estados UnidosE pra saber meu paradeiroLá no Rio de JaneiroConsultei meu padroeiroMeu amigoO meu amigo, o meu amigofalou:Vá com fé e DeusE que Deus ajudeQue Deus te cuideDeus não ilude;26.874;Djavan;2025-09-07 12:33:44
É Sério;https://www.letras.mus.br/djavan/85864/;Meu peito exposto flecha mortalSerá que é bem, será que é mal,Será amor bandido?Eu vou levando vida normalNão te conheço e nem te esqueço,quero, te quero, te queroe é sério, sim,se o destino fezvocê gostar de mim.Será por quequis na minha vidaalguém como voce?;18.662;Djavan / Fátima Guedes;2025-09-07 12:33:45
Êh! Êh!;https://www.letras.mus.br/djavan/eh-eh/;Meu coração tá assimDesertoComo a saudadeTá sem paz, sem liberdadePrecisa se refazerEstrago da tempestadeTambém preciso entenderQue o amor deixa saudadeÊh, êhAssim está meu coraçãoAtolado em lodo e lamaSoterrado nesse tramaMas respirando a esperançaMeu peito está desse jeitinhoBatendo descompassadoTá ferido e magoadoChorando que nem criançaCoração de poetaFaz do amor sua metaSe o amor tem seu poderDessa eu não vou morrerVou reconstruir meu sonhoBuscando outros sinaisNinguém vai me ver tristonhoJamaisJamais duvidei do amor e não duvidarei;736;Sabe de quem é a composição? Envie pra gente.;2025-09-07 12:33:45
Embola Bola (Cateretê);https://www.letras.mus.br/djavan/85866/;Embola a bola emboraSem rebolarEmbola a bola emboraSem rebolarEmbola a bola emboraSem rebolarEmbola a bola emboraSem rebolarPasso nessa vidaComo passo na avenidaEntre nobres e caras-de-pauSufocados no mesmo idealMas, à mercêDe um falso alentoEu me deitoEsperandoSorrindo ou xingandoO que jamaisTeceu-me consideraçãoDança quem marcouEu não;14.656;Djavan;2025-09-07 12:33:45
Encontrar-te;https://www.letras.mus.br/djavan/encontrar-te/;Qualquer lugarEm que eu váEncontrar-teCom o desejoÀ flor da pelePor fimDestacaria o teu agirE o modo de sentirComo sendo vitaisPra mimNão é possívelDescreverComo me encantasMais que o outonoFaz com os valesDe abrilTu tens a naturezaAos pésPor isso é que tu ésEstrela, mesmoEm céu de anilHá paixão nos aresMas só no amorSe vai longeSeja eu de mais ninguémNão é porque queresQue é só teuO meu pensamentoSei que tenhoA ti tambémO espetáculo em teu olharFez escândaloA boca é fartaEntre beijar e dizerNão faço nada sem te ouvirE há muito decidiAmar-te enquantoEu viver;41.783;Djavan;2025-09-07 12:33:45
Enguiçado;https://www.letras.mus.br/djavan/enguicado/;Tanto nego erradoEnguiçadoDado a viverCom a coisa erradaInclinado a tudo cederSe bem combinadoEm qualquer lado pode estarPouco importa o malQue se vai causarAté treinamentoPra sair de situaçãoSob juramentoSe diz simQuando é pra ser nãoVive dando o boteEm escala abismalUm a mais, outro maisOu cem é normalSe hoje está aliÉ porque aqui não dáMais nenhumDeixou de render algumQuando vai deixarDe se interessarPor coisa ruimSe antes não era assimMuita falsidadePouca glória, nenhum elãUma pobre históriaQue foi grandeE hoje é anãSeu comportamentoDesastroso me quebrou:Disse: Vou ali, venho jáSe encantou por láNunca mais voltou;2.948;Djavan;2025-09-07 12:33:45
Entre Outras Mil;https://www.letras.mus.br/djavan/entre-outras-mil/;O passarinho deixou o ninho cheio de esperançaHoje vaga na lembrançaO encanto se quebrouFicou assim, não mais voou e nem mais nadaCom a asa machucadaE o coração sem amorEis-me aquiE, de novo, sempre a correr igual ao povoEm busca de alguém que me queira bemSendo como eu souQue seja alguém com perfilPeculiar, entre outras milQuiçá até me venha a chamar de seuE eu poder dizer que o mundo é meuO passarinho deixou o ninho cheio de esperançaHoje vaga na lembrançaO encanto se quebrouFicou assim, não mais voou e nem mais nadaCom a asa machucadaE o coração sem amorEis-me aquiE, de novo, sempre a correr igual ao povoEm busca de alguém que me queira bemSendo como eu souQue seja alguém com perfilPeculiar, entre outras milQuiçá até me venha a chamar de seuE eu poder dizer que o mundo é meuE eu poder dizer que o mundo é meu;3.639;Djavan;2025-09-07 12:33:45
Esfinge;https://www.letras.mus.br/djavan/45520/;O marVazou de uma paixãoAtravessouMeus olhosEncheu a minha mãoCaiu no chãoEm doces gotasDe amorEvaporou na noiteNublou o céuDe estrelasE derramou manhãSe o amorSabe de tudo fazerPode ter um jeitoDe acasalarO canto do marCom minha vozDe cantorE fazer do meu cantoUm brado tão fundoQue sóUm grande amor atingePra amolecer o mundoE seu coraçãoDe esfingeE seu coraçãoDe esfingeE seu coraçãoDe esfinge;43.688;Djavan;2025-09-07 12:33:46
Esplendor;https://www.letras.mus.br/djavan/esplendor/;No hay otro romanceMi luz que de alcanceA tal esplendorSerás la primeraY única banderaDe un gran amorMas cuando estás lejosTiemblan los espejosNo encuentro mi vozSólo sé de míDesde tu mirarLo que no nazca en tiNo me alcanzaráDonde sea que estésSiempre encontraréRemanso de pazSer de quien nos quiere, es tenerTendrás sólo el amor que desSoy quien soy por amarteNo hay otro romanceMi luz que de alcanceA tal esplendorSerás la primeraY única banderaDe un gran amorMas cuando estás lejosTiemblan los espejosNo encuentro mi vozSólo sé de míDesde tu mirarLo que no nazca en tiNo me alcanzaráDonde sea que estésSiempre encontraréRemanso de pazSer de quien nos quiere, es tenerTendrás sólo el amor que desSoy quien soy por amarteSer de quien nos quiere, es tenerTendrás sólo el amor que desSoy quien soy por amarte, por amarteSoy quien soy por amarte;3.172;Sabe de quem é a composição? Envie pra gente.;2025-09-07 12:33:46
Esquinas;https://www.letras.mus.br/djavan/45521/;Só eu seiAs esquinas por que passeiSó eu sei só eu seiSabe lá o que é não ter e ter que ter pra darSabe láSabe láE quem seráNos arredores do amorQue vai saber repararQue o dia nasceuSó eu seiOs desertos que atravesseiSó eu seiSó eu seiSabe láO que é morrer de sede em frente ao marSabe láSabe láE quem seráNa correnteza do amor que vai saber se guiarA nave em breve ao vento vaga de leve e trazToda a paz que um dia o desejo levouSó eu seiAs esquinas por que passeiSó eu seiSó eu seiE quem seráNa correnteza do amor;222.724;Djavan;2025-09-07 12:33:46
Estátua de Sal;https://www.letras.mus.br/djavan/98349/;Que você não me faça jusA gente até relevaMas você bem que tem um plusIsso ninguém pode negarE são tantos momentos bonsApesar dos senõesVocê sabe a hora certaDe trocar a peleDa vilãPor alguém de mente abertaDe quem quase sempreSou fãVocê tem uma coisa boaQue às vezesSoa estranhoE um esplendorEncontrado em cada nota do soul, soulOu no mar quando o Sol ascenderDeusa do amor ouEstátua de salQual será vocêQue vai dizer quem souPra que eu não váErrar e me perder?;8.380;Djavan;2025-09-07 12:33:46
Estória de Cantador;https://www.letras.mus.br/djavan/45522/;Me apareceu tal rainha qual estrela pelo chãoNo decote a sianinha e a fileira de botãoElogiei seu vestido pra dizer que era nobreFeito um rei oferecido eu estou às suas ordensAs ordens foram servidas com muito amor e paixãoDe mil juras prometidas surge um único varãoNa festa de Deus-menino após dois anos de corteLevou um menino à lida quase me levou à morteO que sobrou de nós dois não dá nem pra repartirO pior veio depois quando pude conferirPelos traços desse filho dá pra ler a minha históriaUm sofrer que vem de longeAcobertado de glória;32.136;Djavan;2025-09-07 12:33:46
Estrada de Canindé;https://www.letras.mus.br/djavan/1577661/;"Ai, ai, que bomQue bom, que bom que éUma estrada e uma caboclaCom a gente andando a péAi, ai, que bomQue bom, que bom que éUma estrada e a lua brancaNo sertão de CanindéAutomóvel lá nem se sabeSe é ""home"" ou se é ""muié""Quem é rico anda em burricoQuem é pobre, anda a péMas o pobre vê na estradaO ""orvaio"" beijando a ""flô""Vê de perto o galo campinaQue quando canta, muda de corVai ""moiando"" os pés no riachoQue água fresca, nosso SenhorVai ""oiando"" coisa a ""grané""Coisas que, pra ""mode"" verO cristão tem que andar a pé";4.828;Humberto Teixeira / Luiz Gonzaga;2025-09-07 12:33:46
Eu Te Amo;https://www.letras.mus.br/djavan/571706/;Ah, se já perdemos a noção da horaSe juntos já jogamos tudo foraMe conta agora como hei de partir?Ah, se ao te conhecer dei pra sonhar, fiz tantos desvariosRompi com o mundo, queimei meus naviosMe diz pra onde é que inda posso ir?Se nós, nas travessuras das noites eternasJá confundimos tanto as nossas pernasDiz com que pernas eu devo seguirSe entornaste a nossa sorte pelo chãoSe na bagunça do teu coraçãoMeu sangue errou de veia e se perdeuComo, se na desordem do armário embutidoMeu paletó enlaça o teu vestidoE o meu sapato inda pisa no teuComo, se nos amamos feito dois pagãosTeus seios inda estão nas minhas mãosMe explica com que cara eu vou sair?Não, acho que estás te fazendo de tontaTe dei meus olhos pra tomares contaAgora conta como hei de partir;103.760;Antonio Carlos Jobim / Chico Buarque;2025-09-07 12:33:46
Eu Te Devoro;https://www.letras.mus.br/djavan/45523/;Teus sinais me confundem da cabeça aos pésMas por dentro eu te devoroTeu olhar não me diz exato quem tu ésMesmo assim eu te devoroTe devoraria a qualquer preçoPorque te ignoro, ou te conheçoQuando chove, ou quando faz frioNoutro plano, te devoraria tal CaetanoÀ Leonardo DiCaprioÉ um milagreTudo que Deus criou pensando em vocêFez a Via Láctea, fez os dinossaurosSem pensar em nada, fez a minha vidaE te deuSem contar os dias que me faz morrerSem saber de ti, jogado à solidãoMas se quer saber se eu quero outra vidaNão, não!Teus sinais me confundem da cabeça aos pésMas por dentro eu te devoroTeu olhar não me diz exato quem tu ésMesmo assim eu te devoroTe devoraria a qualquer preçoPorque te ignoro, ou te conheçoQuando chove, ou quando faz frioNoutro plano, te devoraria tal CaetanoÀ Leonardo DiCaprioÉ um milagreTudo que Deus criou pensando em vocêFez a Via Láctea, fez os dinossaurosSem pensar em nada, fez a minha vidaE te deuSem contar os dias que me faz morrerSem saber de ti, jogado à solidãoMas se quer saber se eu quero outra vidaNão, não!Eu quero mesmo é viver pra esperar, esperarDevorar vocêEu quero mesmo é viver pra esperar, esperarDevorar vocêViver, viver pra esperar vocêQuero viver pra esperar vocêQuero esperar você;3.970.348;Djavan;2025-09-07 12:33:46
Êxtase;https://www.letras.mus.br/djavan/85867/;Eu devia ter sentido o teu rancorMas tava doido num jogo de vasco-ô-ô-ô!Eu fiquei cego na estrada de damascoE armei num botequim, virei a mesaTava em êxtase que nem santa teresaEu devia ter partido a tua caraMas eu era um são sebastião flechadoMais um seu zé mané, ungido e mal pagoEscada pro céu na rua da passagemAura marginal do morto na garagemBarrabás, querubim, pinelEu, xará, um bárbaro arataca saqueando RomaEu, xará, um bêbado babaca em estado de comaEu, xará, o cordeiro de Deus, o bode expiatórioA testemunha ocular que não tem nada a verO condenado que não tem nada a perderO mordomo na chanchada de suspenseO presunto na baixada fluminense;32.302;Aldir Blanc / Djavan;2025-09-07 12:33:46
Faltando Um Pedaço;https://www.letras.mus.br/djavan/45524/;O amor é um grande laçoUm passo pr'uma armadilhaUm lobo correndo em círculoPra alimentar a matilhaComparo sua chegadaCom a fuga de uma ilhaTanto engorda, quanto mataFeito desgosto de filhaDe filhaO amor é como um raioGalopando em desafiosAbre fendas, cobre valesRevolta as águas dos riosQuem tentar seguir seu rastroSe perderá no caminhoNa pureza de um limãoOu na solidão do espinhoO amor e a agoniaCerraram fogo no espaçoBrigando horas a fioO cio vence o cansaçoE o coração de quem amaFica faltando um pedaçoQue nem a Lua minguandoQue nem o meu nos seus braços;477.024;Djavan;2025-09-07 12:33:46
Farinha;https://www.letras.mus.br/djavan/45525/;A farinha é feita de uma plantaDa família das euforbiáceas, euforbiáceasDe nome manihot utlíssimaQue um tio meu apelidou de macaxeiraE foi aí que todo mundo achou melhorA farinha tá no sangue do nordestinoEu já sei desde menino o que ela pode darE tem da grossa, tem da fina, se não tem da quebradinhaVou na vizinha pegar pra fazer pirão ou mingauFarinha com feijão é animalO cabra que não tem eira nem beiraLá no fundo do quintal tem um pé de macaxeiraA macaxeira é popularÉ macaxeira pr'ali, macaxeira pra cáE em tudo que é farinhada a macaxeira táVocê não sabe o que é farinha boaFarinha é a que a mãe me manda lá de AlagoasVocê não sabe o que é farinha boaFarinha é a que a mãe me manda lá de AlagoasUi, uiVocê não sabe o que é farinha boaFarinha é a que a mãe me manda lá de AlagoasVocê não sabe o que é farinha boaFarinha é a que a mãe me manda lá de AlagoasA farinha é feita de uma plantaDa família das euforbiáceas, euforbiáceasDe nome manihot utlíssimaQue um tio meu apelidou de macaxeiraE foi aí que todo mundo achou melhorA farinha tá no sangue do nordestinoEu já sei desde menino o que ela pode darE tem da grossa, tem da fina, se não tem da quebradinhaVou na vizinha pegar pra fazer pirão ou mingauFarinha com feijão é animalO cabra que não tem eira nem beiraLá no fundo do quintal tem um pé de macaxeiraA macaxeira é popularÉ macaxeira pr'ali, macaxeira pra cáE em tudo que é farinhada a macaxeira táVocê não sabe o que é farinha boaFarinha é a que a mãe me manda lá de AlagoasVocê não sabe o que é farinha boaFarinha é a que a mãe me manda lá de Alagoas, uiVocê não sabe o que é farinha boaFarinha é a que a mãe me manda lá de AlagoasVocê não sabe o que é farinha boaFarinha é a que a mãe me manda lá de Alagoas;79.263;Djavan;2025-09-07 12:33:47
Fato Consumado;https://www.letras.mus.br/djavan/45526/;Eu quero verVocê mandar na razãoPrá mim não éQualquer notíciaQue abala o coração...(4x)Se toda hora é horaDe dar decisãoEu falo agoraNo fundo eu julgo o mundoUm fato consumadoE vou-me emboraNão quero maisDe mais a maisMe aprofundarNessa históriaArreio os meus anseiosPerco o veioE vivo de memória...Eu quero é viver em pazPor favor me beija a bocaQue louca, que louca!...(2x)Se toda hora é horaDe dar decisãoEu falo agoraNo fundo eu julgo o mundoUm fato consumadoE vou-me emboraNão quero maisDe mais a maisMe aprofundarNessa históriaArreio os meus anseiosPerco o veioE vivo de memória...Eu quero é viver em pazPor favor me beija a bocaQue louca, que louca!...(4x);408.896;Djavan;2025-09-07 12:33:47
Fera;https://www.letras.mus.br/djavan/1085992/;Você é coisa demaisQue mau eu não saber lidarCom tudo isso de uma vezEu sei, mas eu vou dar tudoVou enfrentar um mundo assustadorPra conquistar o coração da feraQue me fere com amorCai o sol no marÉ um milagre eu não me afogar com a tardeSou quem arde cego de paixãoAbra a porta entãoDeixe eu pensar que por ser assim sou amadoPerdido ou desejado,Estar contigo me faz tão bemÉ amor, bemE eu nem sei se você vai me amarNinguém, só você, meu bemPode fazer meu coração sofrer.;18.866;Djavan;2025-09-07 12:33:47
Figura;https://www.letras.mus.br/djavan/85868/;A mim não importa ser a sombraquando voce é a figuraser a situação quando voce é o assuntoeu nasci pra estar ao seu ladomesmo se não estamos juntose é por isto que quando gritaspermane,o caladocomo o sol determinaretrato falado, meu pé de laranja limanós somos assim como um desenhotalvez reflexo e refletorvoce, as imagens que tenhoas que queroas que tenho amor;18.524;Djavan / Orlando Moraes;2025-09-07 12:33:47
Final Feliz (part. Jorge Vercilo);https://www.letras.mus.br/djavan/887298/;Chega de fingirEu não tenho nada a esconderAgora é pra valerHaja o que houverNão tô nem aíEu não tô nem aqui pro que dizemEu quero é ser felizE viver pra tiPode me abraçar sem medoPode encostar sua mão na minhaMeu amorDeixa o tempo se arrastar sem fimMeu amor,não há mal nenhum gostar assimOh, meu bemAcredite no final felizMeu amorMeu amor;119.950;Jorge Vercillo;2025-09-07 12:33:47
Flor de Lis;https://www.letras.mus.br/djavan/45527/;Valei-me, Deus, é o fim do nosso amorPerdoa, por favorEu sei que o erro aconteceuMas não sei o que fez tudo mudar de vezOnde foi que eu errei?Eu só sei que amei, que ameiQue amei, que ameiSerá talvez que minha ilusão foi dar meu coraçãoCom toda força pra essa moça me fazer feliz?E o destino não quis me ver como raizDe uma flor de lisE foi assim que eu vi nosso amor na poeiraPoeiraMorto na beleza fria de MariaE o meu jardim da vida ressecou, morreuDo pé que brotou Maria, nem margarida nasceuE o meu jardim da vida ressecou, morreuDo pé que brotou Maria, nem margarida nasceuValei-me, Deus, é o fim do nosso amorPerdoa, por favorEu sei que o erro aconteceuMas não sei o que fez tudo mudar de vezOnde foi que eu errei?Eu só sei que amei, que ameiQue amei, que ameiSerá talvez que minha ilusão foi dar meu coraçãoCom toda força pra essa moça me fazer feliz?E o destino não quis me ver como raizDe uma flor de lisE foi assim que eu vi nosso amor na poeiraPoeiraMorto na beleza fria de MariaE o meu jardim da vida ressecou, morreuDo pé que brotou Maria, nem margarida nasceuE o meu jardim da vida ressecou, morreuDo pé que brotou Maria, nem margarida nasceuE o meu jardim da vida ressecou, morreuDo pé que brotou Maria, nem margarida nasceuE o meu jardim da vida ressecou, morreuDo pé que brotou Maria, nem margarida nasceu;1.832.290;Djavan;2025-09-07 12:33:47
Flor do Medo;https://www.letras.mus.br/djavan/45532/;Venha me beijar de uma vezVocê pensa demaisPra decidirVenha a mim de corpo e almaLibera e deixa o que forNos unirNão vá fugir mais uma vezVença a falta de arQue a flor do medo trazTente pensarPode até ser mau e talMas pode até serQue seja demaisTudo vai mudarPosso pressentirVocê vai lembrar e rirAlguma dorQue não vai matar ninguémPode ser vista e nos rondarNão precisa se assustarIsso é clamorDe amorVenha me beijar de uma vezFeito nuvem no arSem afliçãoVenha a mim de corpo e almaLibera a paz do meu coraçãoNão vá se perder outra vezNesse mesmo lugarPor onde já passouTente pensarPode até ser sonho e talMas pode até serQue seja o amor;88.872;Djavan;2025-09-07 12:33:47
Florir;https://www.letras.mus.br/djavan/85869/;Quanto dá de tipra meu viver, florirentre ares de verãonão demore a virmatar a minha sedede cair na tua redepra sabero tesãoque voce évoce é um trizque vai me fazer felizvocê tem o sol na mãoilumina aquiou eu sinto medotua chama é meu segredosó eu seio tesãoque passeiquem te vêe não queré loucoou azarou, azaroue não se deu bemquem te imaginouoh, oh, oh,se chamava amoroh, oh, ohe o que vou fazernasci pra te quererés o meu amor;24.400;Djavan;2025-09-07 12:33:47
Fly Me To The Moon;https://www.letras.mus.br/djavan/1755308/;Fly me to the moonLet me play among the starsLet me see what spring is like onJupiter and MarsIn other words, hold my handIn other words, darling, kiss meFill my heart with songAnd let me sing forever moreYou are all I long forAll I worship and adoreIn other words, please be trueIn other words, I love you;48.437;Bart Howard;2025-09-07 12:33:48
Garota de Ipanema;https://www.letras.mus.br/djavan/576155/;Olha que coisa mais linda, mais cheia de graçaÉ ela, menina, que vem e que passaNum doce balanço a caminho do marMoça do corpo dourado, do Sol de IpanemaO seu balançado é mais que um poemaÉ a coisa mais linda que eu já vi passarAh, por que estou tão sozinho?Ah, por que tudo é tão triste?Ah, a beleza que existeA beleza que não é só minhaQue também passa sozinhaAh, se ela soubesse que quando ela passaO mundo inteirinho se enche de graçaE fica mais lindo por causa do amorPor causa do amorOlha que coisa mais linda, mais cheia de graçaÉ ela, menina, que vem e que passaNum doce balanço a caminho do marMoça do corpo dourado, do Sol de IpanemaO seu balançado é mais que um poemaÉ a coisa mais linda que eu já vi passarAh, por que estou tão sozinho?Ah, por que tudo é tão triste?Ah, a beleza que existeA beleza que não é só minhaQue também passa sozinhaAh, se ela soubesse que quando ela passaO mundo inteirinho se enche de graçaE fica mais lindo por causa do amorPor causa do amor;17.953;Vinícius de Moraes / Tom Jobim;2025-09-07 12:33:48
Gostoso Veneno (part. Alcione);https://www.letras.mus.br/djavan/1217821/;Este amor me envenenaMas todo amor sempre vale a penaDesfalecer de prazer, morrer de dorTanto faz, eu quero é mais amorA água da fonte bebida na palma da mãoRosa se abrindo, se despetalando no chãoQuem não viu e nem provouNão viveu, nunca amouSe a vida é curta e o mundo é pequenoVou vivendo morrendo de amorAh, gostoso veneno;24.079;Wilson Moreira / Nei Lopes;2025-09-07 12:33:48
Hoje a Noite Não Tem Luar;https://www.letras.mus.br/djavan/1400806/;Ela passou do meu ladoOi, amor, eu lhe faleiVocê está tão sozinhaEla então sorriu pra mimFoi assim que a conheciNaquele dia junto ao marAs ondas vinham beijar a praiaO Sol brilhava de tanta emoçãoUm rosto lindo como o verãoE um beijo aconteceuNos encontramos à noitePasseamos por aíE num lugar escondidoOutro beijo lhe pediLua de prata no céuO brilho das estrelas no chãoTenho certeza que não sonhavaA noite linda continuavaE a voz tão doce que me falavaO mundo pertence a nósE hoje a noite não tem luarE eu estou sem elaJá não sei onde procurarNão sei onde ela estáHoje a noite não tem luarE eu estou sem elaJá não sei onde procurarOnde está meu amor?;30.311;Menudo;2025-09-07 12:33:48
HUMBIUMBI;https://www.letras.mus.br/djavan/1841431/;Humbiumbi yange yelela tuendeKakele ka tchibambaOsala posiVakuene vayelela yelela tuendeKakele ka thimbambaOsala posi;11.893;Djavan;2025-09-07 12:33:48
Iluminado;https://www.letras.mus.br/djavan/iluminado/;Fazer o bemÉ sempre uma coisa dadaSem esperar nadaSem olhar a quemVamos sorrirPra não cair em ciladaQuem não ri de nadaNão sabe o que temO que fazer?Tudo é possívelComo um dia de SolÉ jogar o anzolEsperarPra ver o que vemQue venha a nósVoz de todo cantoNum alento guiado pelo ventoTrazendo o melhor que temVem cantarPra tudo aqui ficarIluminadoIluminadoIluminarCanta aíPra tudo aqui seguirIluminadoIluminadoPra que possa andar;1.070;Sabe de quem é a composição? Envie pra gente.;2025-09-07 12:33:48
Iluminado (part. Flávia Virginia, Max Viana, João Viana, Sofia Viana, Inácio Viana, Thomas Boljover e Lui Viana);https://www.letras.mus.br/djavan/iluminado-part-flavia-virginia-max-viana-joao-viana-sofia-viana-inacio-viana-thomas-boljover-e-lui-viana/;Fazer o bemÉ sempre uma coisa dadaSem esperar nadaSem olhar a quemVamos sorrirPra não cair em ciladaQuem não ri de nadaNão sabe o que temO que fazer?Tudo é possívelComo um dia de SolÉ jogar o anzolEsperarPra ver o que vemQue venha a nósVoz de todo cantoNum alento guiado pelo ventoTrazendo o melhor que temVem cantarPra tudo aqui ficarIluminadoIluminadoIluminarCanta aíPra tudo aqui seguirIluminadoIluminadoPra que possaAndar;7.426;Djavan;2025-09-07 12:33:48
Imagina;https://www.letras.mus.br/djavan/443898/;ImaginaImaginaHoje à noiteA gente se perderImaginaImaginaHoje à noiteA lua se apagarQuem já viu a lua grisQuando a lua começa a murcharLua grisÉ preciso gritar e correr, socorrer o luarMeu amorAbre a porta pra noite passarE olha o solDa manhãOlha a chuvaOlha a chuva, olha o sol, olha o dia a lançarSerpentinasSerpentinas pelo céuSete fitasColoridasSete viasSete vidasAvenidasPra qualquer lugarImaginaImaginaSabe que o menino que passar debaixo do arco-íris vira moça,viraA menina que cruzar de volta o arco-íris rapidinho volta a serrapazA menina que passou no arco era oMenino que passou no arcoE vai virar meninaImaginaImaginaImaginaImaginaImaginaHoje à noiteA gente se perderImaginaImaginaHoje à noiteA lua se apagar;18.233;Antonio Carlos Jobim / Chico Buarque;2025-09-07 12:33:48
Imposto;https://www.letras.mus.br/djavan/1085985/;IPVA, IPTUCPMF foreverÉ tanto impostoQue eu já nem sei!...ISS, ICMSPIS e COFINS, pra nada...Integração Social, aonde?Só se for no carnavalEles nem tchumMas tu paga tudoSão eles os senhores da vezTu é comum, eles têm fundoPra acumular, com o respaldo da leiEssa gente não quer nadaÉ praga sem precedenteGente que só sabe fazerPor si, por siTudo até parece claroÀ luz do diaMas claro que é escusoNão pense que é só issoAinda tem a farra do I.R.Dinheiro demais!Imposto a mais, desvio a maisE o benefício é um horrorEstradas, hospitais, escolasTsunami a céu aberto,Não está certo.Pra quem vai tanto dinheiro?Vai pro homem que recolheO impostoPois o homem que recolheO impostoÉ o impostor;14.356;Djavan;2025-09-07 12:33:48
Infinito;https://www.letras.mus.br/djavan/85870/;Tô perdido por alguémNão consigo ver nada alémDo que eu digo nada seiCompreender o amorNão é de hojeJá vai longeE nem sinalHojeEstou longePreso a vocêLivre na prisãoSem castigoFaz chorarDistraído rói devagarÉ pedindo que Deus dáPor falar no amorAcho que vou buscarViver por vocêOu me acabarQuem mandou me acorrentarFazer-me refémNas grades do amorTe vejo lá no luarTe espero lá no sol.;80.998;Djavan;2025-09-07 12:33:49
Infinitude;https://www.letras.mus.br/djavan/79140/;Eu vou cantar pra vocêDo que é feito o novo amor:De um outro amar, que é cederPela unidade de todos nósReinventar, reviver,Ressignificar o amor,Que esse que estáJá não dá, caducouEssa já não é mais a épocaDe se ligar na própria dor!E guerrear, sempre em nome do amorPois o que ele querÉ crescer o mais que derAté a infinitudeDo olhar, do ouvir,Nas mãos em algum jardim,Da gente da terra enfimCrescer, buscar, até chegar a DeusPra amar essa terra e os seus;17.697;Djavan;2025-09-07 12:33:49
Íris;https://www.letras.mus.br/djavan/85871/;Mil anos luzUm instante estelarNo prisma de toda luzSeu olharTem a coisa que o laser trazE não dizBate e reduzQuebra a viga do sentimentoExpõe à luz do tempoMe atraiE me distraiE ainda faz um fogo em mimChama que eu vouChama que eu vouChama que eu vouDesce do arPela cisma que a noite criaE vem criar o diaQue eu não conto a ninguémO que foi que eu viTraz no olharUm encanto de arco-írisDe tanto mar na írisMe atraiE me distraiE ainda faz um fogo em mimToma que eu douToma que eu douToma que eu douPor você eu deixo o meu viverPra me encantar por tiSó voce pra me fazer sofrerE me deixar feliz;21.539;Djavan;2025-09-07 12:33:49
Irmã de Neon;https://www.letras.mus.br/djavan/85872/;Tudo pra subir, tudo pra vencerTudo pra que eu possaSer seu na vidaEncontrar uma saídaMe envolverQuando decidir, faça-me um sinalE eu estarei aptoPra ser seu e prontoFaça de mim seu quintal,Seu lazerEntre beijos divinaisUma mordida aqui, outra aliCresce nos matagaisO meu querer por tiPerfumada flor-de-lãSua aragem me apraz e seduzCabelos, quantos pêlosTantos ui, uis...Monumento colossal, deusa com véuA tal, a que dizComo e porquêMerece ser a mais felizEva, irmã de neonFilha de Barcelona e GaudiTu tens asas pra voarMas, eu te esperarei aquiPra mostrar o que é bomE te contar como eu souTe ensinar coisas da vidaSer seu guia ou o que forSair pra dançar contigoSer seu amigo, seu amor...Te mostrar o que é bomE te contar como eu souTe ensinar coisas da vidaSer seu guia ou o que forSair pra dançar contigoSer seu amigo, seu amor...;32.088;Djavan;2025-09-07 12:33:49
Já Não Somos Dois;https://www.letras.mus.br/djavan/ja-nao-somos-dois/;Onde a luzDo iluminado amorSe escondeu?Me azoouDepois desapareceuMeio do nadaMinha doce amadaExpôsQue ela e euJá não somos dois!Tu me negasLevas tudo às cegasPor queÉ mais fluidoDo que faz parecer?E pensarQue memoráveis tardesPasseiDe lembrarTe beijarei!Não sei desanimarTe quero night and daySei do que faço jusSem saber mergulharOu mesmo nadarÁguas que atravessei!Um par dividido ao meioUm poço de drama, cheioNo vau da eternidadeNum canto da solidãoSemente nativaGermina bem à vontade!;82.507;Djavan;2025-09-07 12:33:49
Joaninha;https://www.letras.mus.br/djavan/1085981/;Tudo passaEnquanto a hora esperaQuando ave noturna piaTodos piam, eu espio,Noite fria, na luz guiaDo luar, que lugar...Que lugar, que lugarQuando é horaO amor se vai emboraSem saber como seriaMais um dia se recriaNa paixão, outro chão,Outra vez, toda vez,Toda vez, toda vez...A vereda é azuladaE sofrida a solidãoQue sem chãoFaz morada no descaminhoBem quando a luz do cactoReflete ao sol altivoA chuva rompe o pactoInundando a tarde quenteE o prazer que sente a joaninhaQuando anda pela florGanha um quê de sacrifício e dorVolto a contemplarO firmamentoBruma que o cobriaEsvaneceuCheia de pesarEstrela espiaA luz do luarQue a escondeu!...;13.293;Djavan;2025-09-07 12:33:49
Jogral;https://www.letras.mus.br/djavan/85873/;JOGRALNo dia em que eu vim de casacheirando à beira-de-riono pensamento umas asaspra cumprir melhor meu desafiomeu pensamento rodou...Cortando o torrão nesse tremandando bem...Acho que a mais de cemde maceió aqui parece ali...Mãe disse que eu não aceitecorja com más companhiasquando deitar, tome o leitedepois reze três ave-mariasmeu pensamento rodou...Cortando o torrão nesse tremandando bem...Acho que a mais de cemde maceió aqui parece ali...Um dia ainda sou cantorfaz um ano que eu te disse brincandoeu fui pensar no meu amoragora tô aqui quase chorando...No dia em que eu vim de casacheirando à beira de riono pensamento umas asasprá cumprir melhor meu desfioe muita água rolou...;26.709;Djavan / Filó;2025-09-07 12:33:49
Judia de Mim;https://www.letras.mus.br/djavan/judia-de-mim/;Judia de mimJudiaSe não sou merecedor desse amorSe eu choroSerá que você não notouÉ a você que eu adoroCarrego esse meu sentimento sem ressentimentoJudia de mimJudiaSe não sou merecedor desse amorÉ a cana quando é boa se conhece pelo nóAssovio entre os dentes, uma cantiga dolenteEntre cacos e cavacos sobrei euDuro nos cascosBem curtido pelo cheiro do sovacosE quem dança qualquer dança, a bonança não sabe o que éDesconhece a esperançaNo falso amor leva féQuem de paz se alimenta se contenta com migalhasNão se aflige e corrige as próprias falhasSe não sou merecedor desse amorSe não sou merecedor desse amor;2.679;Wilson Moreira / Zeca Pagodinho;2025-09-07 12:33:50
La Noche;https://www.letras.mus.br/djavan/1755306/;La noche no quiere venirYo quiero estar cerca de tiY poder robarte un besoY si no sabes quién esY poco a poco dejaréQue me vayas descubriendoYo quiero estar cerca de tiCuando rompa el amanecerO cuando se esté oscureciendoGritos de amor se oianUna rosa seré para tiEn mis sueños respondiasNunca te olvides de miTu amor me ha robado el almaTu amor me ha robado el sueñoYa mi me dejó sin nadaDe la ilusión me mantengoSoy cautivo de tus besosQue a mi me queman por dentroMi ilusion y mi alegriaYa eres toíto lo que tengo;36.884;Enrique Heredia Carbonell / Juan Jose Suarez Escobar;2025-09-07 12:33:50
Lábios;https://www.letras.mus.br/djavan/85874/;Doce amorTe desejo lábiosLábios, lábiosE um olharQue eu planejoSábio, sábioPra te dizer de uma vezO que de amor eu seiSe te quero verSó pra te darO que eu tiverQuisera terMeu amorTe desejo lagosLargos lábiosE um olharQue eu planejoFrágil, ágilA me levar de uma vezPra bem luar nem seiE te quero verSó pra ficarCom o mar e o céuLábios que beijamPor lazer do azul;22.198;Djavan;2025-09-07 12:33:50
Ladeirinha;https://www.letras.mus.br/djavan/79144/;Quase à noitinha ela desceA ladeirinha que fazLado com o meu quintalOs seus passos ágeis livresTrazem o amor idealFeito de laço posse viçoVertical na dor e um solTodo tempo a brilharPelos rios matas virgens desse seu corpoQue eu desejo amarO dia é vago quando eu não a flagro a sorrir para mimPosso ver imagens no nadaDuendes no edredonE é só dormir pra ouvir em qualquer lugarSirenes no arRessaltando vocêO dia nasce e você já envolta num véuTraz a luzFlores se esgarçam num bailado em busca de atençãoMais nada existe enquanto a vejo passarO que é seu andarQue ventura esse chãoTudo mais é puro alvoroçoQue a imagem de um colossoProvoca dia a dia;15.397;Djavan;2025-09-07 12:33:50
Lambada de Serpente;https://www.letras.mus.br/djavan/45528/;Cuidá dum pé de milhoQue demora na sementeMeu pai disse meu filho, noite fria, tempo quenteLambada de serpenteA traição me enfeitiçouQuem tem amor ausente já viveu a minha dorNo chão da minha terraUm lamento de correnteUm grão de pé de guerraPra colher dente por denteLambada de serpenteA traição me enfeitiçouQuem tem amor ausente já viveu a minha dor;198.910;Cacaso / Djavan;2025-09-07 12:33:50
Lamento Sertanejo;https://www.letras.mus.br/djavan/675788/;Por ser de lá do SertãoLá do cerradoLá do interior, do matoDa caatinga, do roçadoEu quase não saioEu quase não tenho amigoEu quase que não consigoFicar na cidade sem viverContrariado.Por ser de lá, na certaPor isso mesmoNão gosto de cama moleNão sei comer sem torresmoEu quase não faloEu quase não sei de nadaSou como rês desgarradaNessa multidão, boiadaCaminhando a esmo.;28.028;Dominguinhos / Gilberto Gil;2025-09-07 12:33:50
Lei;https://www.letras.mus.br/djavan/85875/;Vou lhe contarNem dá pra crerNada tem mais poderQue um desejo engolindo tudoCaminhando pro fundoE ali no finalCrescerQuero correrMe libertar, defenderMas cadê o chãoQue a paixão não vêVeio no arE pá! No breuSem avisar desceuNum deserto e fez o futuroDesabrochar do escuroE à luz do diaRompeuVeio trazer a ressurreição de um serQue ao morrer de amorVive como euVale acrescentarQue mesmo quem tudo sabeEm torno de leiNão pode mudarAmor é issoÉ sacrifício a valerPorém,Milagres como eleNem Deus fará jamaisMeu amor, meu viverÉ ver o sol a seus pésE a terra uma pedra sem corSe lapidando...;12.157;Djavan;2025-09-07 12:33:50
Liberdade;https://www.letras.mus.br/djavan/45529/;Um amor ou um gen da mesma corCintila em mim o chão a tremer conduz a luzMeu amor e quer me matar de amorQue seja assimPor obedecer viver por mimE voar onde o longe é poucoCruzar os muros do alémE assim pousar na TerraE amar muito mais que poucosPousar a vida em tuas mãosE assim cruzar a TerraLiberdade vai na poesiaTraz meu destino que eu vou sairE voar onde o longe é poucoCruzar os muros do alémE assim pousar na TerraE amar muito mais que poucosPousar a vida em tuas mãosE assim cruzar a TerraE voar onde o longe é poucoCruzar os muros do alémE assim pousar na TerraE amar muito mais que poucosPousar a vida em tuas mãosE assim cruzar a Terra;36.357;Djavan;2025-09-07 12:33:50
Lilás;https://www.letras.mus.br/djavan/45530/;Amanhã, outro diaLua sai, ventaniaAbraça uma nuvem que passa no arBeija, brinca e deixa passarE no ar de outro diaMeu olhar surgia nas pontas de estrelas perdidas no marPra chover de emoção, trovejarRaio se libertou, clareou muito maisSe encantou pela cor lilásPrata na luz do amorCéu azul!Eu quero ver o pôr do SolLindo como ele sóE gente pra ver, e viajarNo seu mar de raioEu quero ver o pôr do SolLindo como ele sóE gente pra ver, e viajarNo seu mar de raioAmanhã, outro diaLua sai, ventaniaAbraça uma nuvem que passa no arBeija, brinca e deixa passarE no ar de outro diaMeu olhar surgia nas pontas de estrelas perdidas no marPra chover de emoção, trovejarRaio se libertou, clareou muito maisSe encantou pela cor lilásPrata na luz do amorCéu azul!Eu quero ver o pôr do SolLindo como ele sóE gente pra ver, e viajarNo seu mar de raioEu quero ver o pôr do SolLindo como ele sóE gente pra ver, e viajarNo seu mar de raioEu quero ver o pôr do SolLindo como ele sóE gente pra ver, e viajarNo seu mar de raioEu quero ver o pôr do SolLindo como ele sóE gente pra ver, e viajarNo seu mar de raioEu quero ver o pôr do SolLindo como ele sóE gente pra ver, e viajarNo seu mar de raioEu quero ver o pôr do SolLindo como ele sóE gente pra ver, e viajarNo seu mar de raio;855.537;Djavan;2025-09-07 12:33:51
Limão;https://www.letras.mus.br/djavan/85876/;O véu luminoso do sol na brumacobre a serra molhadapor um buraco na névoa,vara a espada de luzlibertando a terra ao tocá-laa chuva parou,o dia renasce para o passeio,para o amor, para o trabalhoa princípio o cheiro é a primeira coisa a lembraro chão enxugando, aquecendoas poças diminuindoo povo, os animais, o vai-e-vemé dia de colher, é dia de pescar,preparar o peixecheiro de limão me encantacomo se sente o fruto do limoeiro?A virgindade verde se abre em gotaspara encenar o saborno teatro da boca,onde o áspero se fereao ranger dos dentese o sangue é água, muita água,uma nascente.;20.273;Djavan;2025-09-07 12:33:51
Limão / Avião / Flor de Lis;https://www.letras.mus.br/djavan/limao-aviao-flor-de-lis/;O véu luminoso do Sol na brumaCobre a serra molhadaPor um buraco na névoaVara a espada de luzLibertando a terra ao tocá-laA chuva parouO dia renasce para o passeioPara o amor, para o trabalhoA princípio o cheiro é a primeira coisa a lembrarO chão enxugando, aquecendoAs poças diminuindoO povo, os animais, o vai-e-vemÉ dia de colher, é dia de pescarPreparar o peixeCheiro de limão me encantaComo se sente o fruto do limoeiro?A virgindade verde se abre em gotasPara encenar o saborNo teatro da bocaOnde o áspero se fereAo ranger dos dentesE o sangue é água, muita água, uma nascenteE o sangue é água, muita água, uma nascentePode quebrar, sofrer, cair, descer, contorcer de dorNão vou mais me prender a vocêFazer o mesmo ShowVou bater na porta da vida, receber e pagarSem ter que me entregar a ninguémNem me conformar com poucoEu quero a paz de viver soltoVai dizer que sou outro... Sou não!Eu me cansei de ser seu aviãoNão vou voar, não dessa vez!Pode quebrar, sofrer, cair, descer, contorcer de dorNão vou mais me prender a vocêFazer o mesmo showVou bater na porta da vida, receber e pagarSem ter que me entregar a ninguémSeu mundo pra mim é toloEu quero a paz de viver soltoVai dizer que sou outro, sou não!Eu me cansei de ser seu aviãoNão vou voar, não dessa vez!Valei-me, Deus, é o fim do nosso amorPerdoa, por favorEu sei que o erro aconteceuMas não sei o que fez tudo mudar de vezOnde foi que eu errei?Eu só sei que amei, que ameiQue amei, que ameiSerá talvez que minha ilusão foi dar meu coraçãoCom toda força pra essa moça me fazer feliz?E o destino não quis me ver como raizDe uma Flor de LisE foi assim que eu vi nosso amor na poeiraPoeiraMorto na beleza fria de MariaE o meu jardim da vida ressecou, morreuDo pé que brotou Maria, nem Margarida nasceuE o meu jardim da vida ressecou, morreuDo pé que brotou Maria, nem Margarida nasceuE o meu jardim da vida ressecou, morreuDo pé que brotou Maria, nem Margarida nasceu;393;Djavan;2025-09-07 12:33:51
Linha do Equador;https://www.letras.mus.br/djavan/11340/;Luz das estrelas, laço do infinitoGosto tanto dela assimRosa amarela, voz de todo gritoGosto tanto dela assimEsse imenso, desmedido amorVai além de seja o que forVai além de onde eu vouDo que sou, minha dorMinha Linha do EquadorEsse imenso, desmedido amorVai além de seja o que forPassa mais além doCéu de Brasília, traço do arquitetoGosto tanto dela assimGosto de filha, música de pretoGosto tanto dela assimNessa desmesura de paixãoÉ loucura do coraçãoMinha Foz do Iguaçu, Polo Sul, meu azulLuz do sentimento nuEsse imenso, desmedido amorVai além de seja o que forVai além de onde eu forDo que sou, minha dorMinha Linha do EquadorMas é doce morrer nesse marDe lembrar, e nunca esquecerSe eu tivesse mais alma pra dar, eu dariaIsso pra mim é viverCéu de Brasília, traço do arquitetoGosto tanto dela assimGosto de filha, música de pretoGosto tanto dela assimEssa desmesura de paixãoÉ loucura do coraçãoMinha Foz do Iguaçu, Polo Sul, meu azulLuz do sentimento nuEsse imenso, desmedido amorVai além de seja o que forVai além de onde eu vouDo que sou, minha dorMinha Linha do EquadorMas é doce morrer nesse marDe lembrar, e nunca esquecerSe eu tivesse mais alma pra dar, eu dariaIsso pra mim é viver;608.688;Caetano Veloso / Djavan;2025-09-07 12:33:51
Lobisomem;https://www.letras.mus.br/djavan/85877/;Pelo vento frio que começou a baterPela paz interior do gadoDescuidado caiu do céu um pingoVai choverSou um bicho perdidoUm ser acuado num canto do abrigoUm lobisomemAdorada distante noite escuraOnde Deus se flagra imaginandoOh! Que dor me dá de ver a terra se ferrarTá no índio, no gregoNa pele do mundoA mancha envenenada do ciúmeAssisto tudo sem verSem interesse maiorVivo longe de casa e nunca pensei em voltarAssisto tudo sem crerNada que vejo é piorLonge da minha amadaNem Deus, nem nada me tocaDia triste, quantos aisOnde estás, oh meu amor?Com quem mais posso pensar no esplendorDia triste, dor a maisEsplendor que se desfazNoutros aisQuando se sofre de amor;12.998;Djavan;2025-09-07 12:33:51
Louça Fina;https://www.letras.mus.br/djavan/1085987/;"Boa, meiga, francaJusticeira, tu me gustasChantilly num pedaço de boloLouça fina, mãos do meu amparoLuz acesaPra que eu possa seguir...Diz-me aí, sou todo ouvido:Que só quer comigoNinguém mais, nada mais que o quererQue o contrário não põe mesaInda traz tristeza... isso não se vai ver!Tudo pra mimÉ riqueza, é riquezaPorque passo ao lado teuE todo amorTem um sonho, tem um sonho:Propagar-se por terras antes perdidas,Dando vida a um viverBoca-luva, rosa-vulva,Insuficiente o ar;Vertigem, só de pensar!Cores se acabando de alegriaOnde nasça florEm qualquer ramo pálido que já foi dorÉ o que eu desejoPra nós doisTodo mêsTudo em pazToda vezMinha amadaSe eu sei bemSei que maisNão se tem, não se tem!";17.816;Djavan;2025-09-07 12:33:51
Luanda;https://www.letras.mus.br/djavan/85878/;"Foi numa noite de luandaque um clarão me abalou em lobitocomo fosse um raio de susto, um facho místicotalvez o sol tenha esquecidouma gota do dia na noitepra saciar a sede do espírito em seu pernoiteou foi o ar que incendiounum grito da mãe oxumdizendo: ""menino, onde é que tu anda?Eu te batizo africamentecom o fogo que deus lavrou tua semente""luanda, luanda, luanda, luandaluanda, luanda, luanda, luandaluanda, luanda, luanda, luanda";20.087;Djavan;2025-09-07 12:33:51
Lugar Comum;https://www.letras.mus.br/djavan/85879/;Acho bom tu relaxarAqui, mal começouQuer valer como isso vaiMadrugada romper?Vê como isso tá showOlha aquela lá, que blusãoParece a mesma que tu pegouE beijou na bocaMuito arriscadoA lá o negão!Cada uma mais demaisE neguinho mandando verOuvindo aqui ouve de tudoMenos sobre amor de mãeAqui tá bom pra mentirLugar assim ninguém nem tá aíAqui eu posso ser quem souOu ser atorTá ficando um arrocho danadoTô quase malucoÉ demais o cheiro que a gente temE com tantos dedosA coisa melhora bemQual domadorO DJ Dom Pepe põe na coleiraDark, metal, charm, punk, funkRasta, ploc, clubberLugar comumOnde todos querem amar sem sofrerE essa mulher, pura chave de cadeiaO que quer, o que fazNa minha teia?Se ferrou!Estou sonhando;27.324;Djavan;2025-09-07 12:33:51
Luz;https://www.letras.mus.br/djavan/72882/;No burro a cangaNa menina a tangaO verde do mar é umVerde num tom quase azulDo infinito ao zoomMarelouCandomblé oxumZamburar pra tirar egumO que não se vêTá aíComo tudo o que háMinha fé riu-se de mimPelo quanto tristeEu falei de dorComo se no fundoDa dorNão vivesse a paixãoMal-me-querA vida segue seu lamentoUm tanto florUm leito de rioNo cioUm cheiro de amorÉ amorQuando não dizÉ fogo por um trizUm trem entrouNo meu euE divagou felizE na dorEu passo um gizArco-irisando a solidãoNa liçãoQue o sol me traduzViver da própria luz;102.052;Djavan;2025-09-07 12:33:52
Luz e Mistério;https://www.letras.mus.br/djavan/1742336/;Oh! Meu grande bemPudesse eu ver a estradaPudesse eu terA rota certa que levasse atéDentro de tiOh! meu grande bemSó vejo pistas falsasÉ sempre assimCada picada aberta me tem maisFechado em mimÉs um luarAo mesmo tempo luz e mistérioComo encontrarA chave desse teu riso sérioDoçura de luzAmargo e sombra escuraProcuro em vãoBanhar-me em tiE poder decifrar teu coraçãoÉs um luarAo mesmo tempo luz e mistérioComo encontrarA chave desse teu riso sérioOh grande mistério, meu bem, doce luzAbrir as portas desse império teuE ser feliz;25.079;Beto Guedes / Caetano Veloso;2025-09-07 12:33:52
Maçã;https://www.letras.mus.br/djavan/85880/;"Subi ladeira nas ""carreira""Te amei desfiladeiro abaixoEncalacrei no lodo, na lamaNa areia movediça da carícia humanaO chão brilhava, a casa ria,Clareava o dia e eu nos teus braçosE viajei, fui bater na EspanhaCom o cheiro que você temMe embriaguei, destruí CasablancaE me revoltei contra a NicaráguaApós me atolar lá no IrãTeu beijo é Nova YorkO que quer dizer maçãComo é bom te quererAcordei, tava frioDei a volta e voltei pro RioDei a volta e voltei pro RioDei meia volta e voltei pro Rio";59.121;Djavan;2025-09-07 12:33:52
Maçã do Rosto;https://www.letras.mus.br/djavan/45531/;Que é isso preta?Não faça isso nao, não, não, não, não.Esse seu chamego é bom demais para o meu coração.Me ame devagarinhoSem fazer nenhum esforçoTô doido por seu carinhoPra sentir aquele gostoQue você tem na maçã do rostoQue você tem na maça do seu rostoMe ame devagarinhoSem fazer nenhum esforçoTô doido por seu carinhoPra sentir aquele gostoQue você tem na maça do rostoQue você tem na maça do seu rostoVem morrer nesse beijo que eu vou te darPor você meu desejo aumentou e pode me matarVem morrer nesse beijo que eu vou te darPor você meu desejo aumentou e pode me matar;30.457;Djavan;2025-09-07 12:33:52
Madressilva;https://www.letras.mus.br/djavan/madressilva/;Vem me iluminar com o teu sorrisoLacrar tudoDe aroma igual a madressilvaÉs minha eu seiAbriste um céu azulEm meio a tempestade glacialÉ normal porque és minhaE cumprir qualquer desejo teuMe é sagradoPor precisar te-lá ao meu ladoO fogo aquece a LuaImersa na luz do amorTu que me tiraste de um vazioDores, idasAo teu pensamento eu associoMinha vidaEntre os seres de boa sorte que a natureza criouEstou eu porque és só minhaCom quem de mar em mar avisteiUm cais douradoPra contemplar nosso passadoO fogo aquece a LuaImersa na luz do amor;2.793;Sabe de quem é a composição? Envie pra gente.;2025-09-07 12:33:52
Magia;https://www.letras.mus.br/djavan/85881/;Reserve o mito da magia        )Só pra você                           ) BISDas leis sobrenaturaisDo amor jamaisExistiu você                         )Existiu você                         ) BISExistiu você                         )Reserve o mito da magia        )Só para você                         ) BISNa dor unilateralDo anti-amor na qualEvadiu vocêEvadiu você;19.824;Djavan;2025-09-07 12:33:52
Mal de Mim;https://www.letras.mus.br/djavan/85882/;"Eu penseique fosse coisa para um dia sóFicar de mal de mimReagiSou seu amigo e digo ""Como vai?""Você fica séria e  nem sinalBrigou comigo e a solidão serviráDe lugar pra nós doisSe é amor, que tal agir e não radicalizar?Sejamos mais lisosPega esse meu ombroRega, se adormecer eu sei que o sono passou a pernaNessa distância férreaque marcou o meu amorDormir contigo é escutar Gal e TomO que rolar é bomPassear, rever amigos, conduzir boas novasVisitar a Grécia no futuro";118.885;Djavan;2025-09-07 12:33:52
Malásia;https://www.letras.mus.br/djavan/45533/;Eu vou lá na Malásia te verSe você pra Ásia forEu nem contaria de um até trêsPensei, já fuiJá que eu posso sem asas voarSempre que tu me beijasNão é histeria querer estarOnde tu estejasImpossível é ela não sucumbirTudo se faz por amorPrincesa se humilhaVidas se anula, flores se dãoEu vou seguirNas noites de medo e dramasVou cavalgarO monstro sagrado do amorInsaciávelSempre a correr em chamasCruzar o espaçoA procurar minha estrela, estrelaSaiu com a noite e me deixou;14.470;Djavan;2025-09-07 12:33:52
Maledeto;https://www.letras.mus.br/djavan/maledeto/;Tô aqui sempre fazendo planos pra estar com vocêPrometendo o amor sem os danos que você quer terUm olhar pouco mais demorado já me faz sonharQuando penso que a tenho ao meu ladoVocê vai atrás do maledetoVocê vai atrás do maledetoVocê vai que vaiQueira ou não, tô vivendo na duvida, se vou conseguirDesespero, mas vou virando laje pra lhe seduzirNão sou mar para viver de ondaNão vou me enganarSe eu ficar mergulhado nas sombrasVou cair na buraqueira mesmoVou cair na buraqueira mesmoMas eu vou que vouJá viu que arraso é se dar pra alguém que o quer pra siNada é tão bomE beber da agua que há, dividir pra crescerTente me quererMinha madredeus,Mãe de Deus não me deixe sóAjudai aos seusRetirai do viver, o nó;6.096;Djavan;2025-09-07 12:33:53
Mande Um Sinal;https://www.letras.mus.br/djavan/mande-um-sinal/;Se um dia acontecerVocê voltar pra mimEu juro, meu amorVou lhe dizer que simMande um sinalAquilo que eu fizEu sei, não tem perdãoPerdoa, meu amorDaqui pra frente, eu seiEu vou saber cuidar de vocêEu juro que vou me entregar ao amorSem pensar no dia de amanhãVocê pode ter a certezaQue eu falo a verdadeLição que a vida me deuCaminhoAndar com você pelo mundoDestinoSe um dia acontecerVocê voltar pra mimEu juro, meu amorVou te fazer felizMande um sinalQue eu vou correndo te ver;8.030;Cézar Mendes / Ronaldo Bastos;2025-09-07 12:33:55
Mãos Dadas;https://www.letras.mus.br/djavan/maos-dadas/;Agi assim porque não tolero gente ruimNão quis saber que sem você eu passo malNão me humilheiSempre lhe deiMuito mais do que pude dar para alguémMas no amor que eu dediquei a vocêNão há mais ninguémNão maisNão digo nunca maisPra não ser enfáticoMas certas tardes já não mais virãoE não é segredoE assim não mais poder sair de mãos dadasPor aí à foraAflora o medo;4.490;Sabe de quem é a composição? Envie pra gente.;2025-09-07 12:33:55
Mar À Vista;https://www.letras.mus.br/djavan/85883/;Eu não seiQue será de mim!Eu não seiE nada me importa saberEu só seiQue havia um mar à vista aliVocê passou assim por mimE eu me perdi;13.655;Djavan;2025-09-07 12:33:55
Mar de Ilusão;https://www.letras.mus.br/djavan/85884/;Se entardeceuE a luz morreu no teu solMe chama, me chama de amorSe em vez de céuTe deram um mar de ilusãoMe chama me chama de amorE eu irei perdoarPor que igual ao ventoA gente fica sóSe mal se conduz;17.425;Djavan;2025-09-07 12:33:55
Maria Das Mercedes;https://www.letras.mus.br/djavan/45534/;Eu tenho uma namorada viva no interiorMaria das Mercedes, linda como um beija-florOntem eu recebi carta dela cheirando a fulôMeu nego, estou intacta, pura, volte, por favorLá pros quarentaLá pros quarenta eu vouLá pros quarentaLá pros quarenta eu vouEu quis escrever pro velho endereçoSobretudo que eu conheço da cidade grandeComo fui infame, esqueci o seu sobrenomeSe é Pereira, Moreira, FerreiraSó sei que acaba com eiraComo aquela bananeiraSe é Pereira, Moreira, FerreiraSó sei que acaba com eiraComo aquela bananeira;28.098;Djavan;2025-09-07 12:33:56
Matizes;https://www.letras.mus.br/djavan/1085988/;Você vem de longeDe outra vida, de outro lugarSe o meu sangue fogeÉ você que acabou de chegarO amor consomeDesde quando é só afeiçãoPois já traz seu nomeComo dona do meu coraçãoMas você se admiraDe me encontrarJá eu fiquei bem pertoDe tremularFicamos sósPerdi a vozVocê sorriuFoi quando eu ri tambémPensei que morreria...Ainda bem!De puro amorVocê tentou amenizarAquela emoçãoApanhando uma pedra no chãoAmor não pede nadaE o que sente logo exibeVocê, mesmo abalada,Tem um encantoQue me inibeNa íris dos meus olhosMergulhavam seus matizesA planejar o beijoQue o desejoJá exige!;19.356;Djavan;2025-09-07 12:33:56
Me Leve;https://www.letras.mus.br/djavan/85885/;Hoje quando eu fui te ver, bemLembrando as coisas mais banaisParei lá no lugarVocê já não tava maisRio de Janeiro secouOu não?Quem sabe eu esqueciVocê noutro lugarSei lá, GuarapariTudo que era azulFicou downQue mal não ter você aliNinguém, me viu, chorarMas, tá doendoQuem mandou me seduzirSe você forMe leve daquiPra onde váEu agora sou seu parQuando sairMe leve com vocêEntão não vá;44.670;Djavan;2025-09-07 12:33:56
Mea-Culpa;https://www.letras.mus.br/djavan/1085983/;Eu não digoQue se trate de um amor perdidoResta a chama, mas a horaDe fazer o mea-culpa é agoraE exibir outros dadosQue impliquem outros resultadosCom a bênção do perdãoPor que não, por que não?Não botei féNunca dei margem pra sofrimentoTô atento, mas os diasCom a marca da melancoliaSão lembrados!...E é possívelQue no afã de uma ou outra brigaTenha errado sem perdãoMas quem não, mas quem não?Não sei se o meu rivalDescrito como o talNo seu caso de amorVacilouNão fez o que éPra se fazerMas sei que o passadoVem cobrar meu bem,E nessa é um tal de chorarViver no bar buscando aliviarA dor da solidão, sem açãoSó pensando em voltarA sorrir ou chorarCom a vidaQue antes parecia rasa e cinzaEm verdadeEra pão, era vinho, era chão.;10.571;Djavan;2025-09-07 12:33:56
Melodia Sentimental;https://www.letras.mus.br/djavan/1200339/;Acorda, vem ver a luaQue dorme na noite escuraQue surge tão bela e brancaDerramando doçuraClara chama silenteArdendo meu sonharAs asas da noite que surgemE correm o espaço profundoOh, doce amada, despertaVem dar teu calor ao luarQuisera saber-te minhaNa hora serena e calmaA sombra confia ao ventoO limite da esperaQuando dentro da noiteReclama o teu amorAcorda, vem olhar a luaQue brilha na noite escuraQuerida, és linda e meigaSentir seu amor é sonhar;58.300;Dora Vasconcelos / Heitor Villa-Lobos;2025-09-07 12:33:56
Meninos, Eu Vi;https://www.letras.mus.br/djavan/1665211/;Um grande amorPara viver um grande amorEu vi o grande amor no claro olhar da minha amada, eu viQue todo o grande amor ainda é pouco, ainda é nada, eu viAmores que jamais vereiMeninos, eu viviVivendo a poesia de verdadeTambém vi a cidade incendiada, eu tive medoEu vi a escuridãoEu vi o que não quisAmei mais do que pude, eu fiquei cego de paixãoE acho que enfim eu vi um homem ser felizJuro que um dia eu vi um homem ser felizEu vi o grande amor escancarado em cada cara, eu viO amor evaporando pelos céus da GuanabaraAmores de imortal verãoMeninas, como eu viVivendo poesia de verdadeEu vi uma cidade enfeitiçada, e tive medoEu vi um coraçãoMolhando o meu paísAmei mais do que pude, eu fiquei cego de paixãoE acho que enfim eu vi o homem ser felizAh, juro que um dia eu vi o homem ser feliz!;4.303;Antonio Carlos Jobim / Chico Buarque;2025-09-07 12:33:56
Meu;https://www.letras.mus.br/djavan/45535/;Você sabe fazerTudo o que fazNada existe em vocêQue eu não goste demaisQuando você me dizMe apaixonei por você, meuFaz a cara felizDe quem sabe o que é seuEu nunca vi nada assim, ô louco!É como faz o amorPra se protegerDá um zignal na dorÉ vetado sofrerDiscordar, discutirNada é mais saudável, não, não, nãoUm olhar neném de serLogo fecha a questãoEu nunca vi nada assim, ô loucoAr, só com vocêMar, com você qualquer fundura dáTudo é tão meuQuando você vem se chegando, chegandoDe um modo só seu;96.772;Djavan;2025-09-07 12:33:56
Meu Bem Querer;https://www.letras.mus.br/djavan/meu-bem-querer/;Meu bem querer é segredo, é sagradoEstá sacramentado em meu coraçãoMeu bem querer, tem um quê de pecadoAcariciado pela emoçãoMeu bem querer, meu encantoTô sofrendo tanto, amorE o que é o sofrerPara mim que estouJurado pra morrer de amorMeu bem querer é segredo, é sagradoEstá sacramentado em meu coraçãoMeu bem querer, tem um quê de pecadoAcariciado pela emoçãoMeu bem querer, meu encantoTô sofrendo tanto, amorE o que é o sofrerPara mim que estouJurado pra morrer de amor;264.782;Djavan;2025-09-07 12:33:57
Meu Romance;https://www.letras.mus.br/djavan/meu-romance/;Tu és meu romanceCom toda nuanceDe um esplendorSerás a primeiraE única bandeiraDe um grande amorE eu sinto o efeitoDo ar rarefeitoQuando longe estouEu só sei de mimPelo teu olharO que não vem de tiNão me alcançaráOnde você vaiSempre me encontreiNo topo da pazSer de quem nos quer é terAmar a quem se quer é serEu sou por amar vocêTu és meu romanceCom toda nuanceDe um esplendorSerás a primeiraE única bandeiraDe um grande amorE eu sinto o efeitoDo ar rarefeitoQuando longe estouEu só sei de mimPelo teu olharO que não vem de tiNão me alcançaráOnde você vaiSempre me encontreiNo topo da pazSer de quem nos quer é terAmar a quem se quer é serEu sou por amar você;4.275;Djavan;2025-09-07 12:33:57
Mil Vezes;https://www.letras.mus.br/djavan/85886/;Mil vezes te amoMeu bemPasso a vidaA procurar vocêNão vejo graça em mais ninguémSaí do leblonLá pelas cinco da manhãSem te verComo vou ficar sem você?Nêgo falaQue é melhor abrirNão páro de pensar em tiChego a delirarLouco pra te dar um alôLeio algoMas você não passaPego uma uvaApago a luzMe sinto nuVou dormirSem ter vontade, tardePorque voce não apareceuDedo de DeusMedo do paiAi, ai, que raiva!;19.617;Djavan;2025-09-07 12:33:57
Milagreiro;https://www.letras.mus.br/djavan/65750/;Agora vamos ter os girassóisDo fim do anoE o calor vem desumanoTudo irá se expandirCrescer com as águasQuiçá, amores nos coraçõesE um santeiro, milagreiroPrevê a dor de terceirosE diz que a vida é feita de ilusãoE um santeiro, milagreiroPrevê a dor de terceirosE diz que a vida é feita de ilusãoAquela que um dia o fez sonharSe foi com o outroNo dia em que os dois se casariam por amorEle aluouHoje o seu pesar cintila nos varaisUsou as sete vidas e não foi feliz jamaisToda a imensidão passou pela vidaE foi cair na solidãoMais um santo para esculpir é o que lhe valePra evitar que o rancor suas ervas espalhe;126.999;Djavan;2025-09-07 12:33:57
Minha Irmã;https://www.letras.mus.br/djavan/45537/;Vento cantou na mata, trovão roncouFilho de Juca, que raio matouMãe disse que eu botasse o olho em vocêEntão, passa pra dentro, menino vai chover;44.182;Djavan;2025-09-07 12:33:57
Minha Mãe;https://www.letras.mus.br/djavan/85887/;O descampado se viaE eu de esperarTava mortaCom jeito de agoniaEu me encostava na portaA disfarçar a barrigaDos risos da fantasiaFingindo terNos meus olhosUm sol que nunca podiaVia passar procissõesE os velhos nos caramanchõesê, êVia passar esses diasComo se fossem dobradosArdia em mimEsse filhoComo se fosse pecadoFilho do pecado;21.566;Djavan;2025-09-07 12:33:57
Miragem;https://www.letras.mus.br/djavan/85888/;Com a mão de um desejoSelvagemRoubarei a sedaQue o beijo guardouSó pra dar uma riquezaPro meu amorVivo por que te vejoMiragemNum lampejo de abelhaFazendo o melVou fazer no céuDo teu carinhoUma lã pro cioNa certezaDe quem faz o vinhoTeu calorAlucinaE a pleno rigorDominaFeito uma coisaQue mata de prazerDeixa verSe eu não morrerTe quero de novoAndo por onde vejoMiragemUm beijo passou por mim;40.960;Djavan;2025-09-07 12:33:57
Miss Susanna (Florir);https://www.letras.mus.br/djavan/85889/;Miss Susanna pleasePardon me for askingBut what was it you called me for?In a room removedMaster would not approveOf you and I behind closed doorsNot at allIt isn't right at allMiss Susanna pleaseWhatever are you sayingIt frightens me to stand so nearSurely you must seeWhat will become of meThe moment that the master hearsWhat we've doneHe wouldn't like it noneMuch as I desire theeOh, lady, oh, this isn't the place for meIf the word gets outOh, oh, ohThere will be no doubtOh, oh, ohThey will hang me highOh, oh, ohIn the moonless skyOh, oh, ohMiss Susanna pleaseThink of what you're sayingTell me where you put your keySeeing you this wayI feel I must obeyNo matter what becomes of meRight or wrongI'm just not, not that strongMuch as she desires meSalvation is keeping my lady pleasedIf the word gets outOh, oh, ohThere will be no doubtOh, oh, ohThey will hang me highOh, oh, ohIn the moonless skyOh, oh, ohO que vou fazerÉ te satisfazerCom o meu amorOh, oh, oh;6.445;Djavan;2025-09-07 12:33:57
Morena de Endoidecer;https://www.letras.mus.br/djavan/85890/;Saí na porta de casaOlhei pro céu e penseiParece que vai choverParece que vai choverParece que vai choverO amor que trago no peitoÉ carga pra mais de dezMorena de endoidecerMorena de endoidecerMorena de endoidecerMorena de endoidecerVai pensamento, vaiViajar de navio pra verQue fim levou minha vidaQuando você foi emboraO céu deu de escurecerSerá que eu fiquei chorando, ô ôParece que vai choverSerá que fiquei chorando, ô ôParece que vai choverSerá que eu fiquei chorando, ô ôParece que vai chover;25.793;Cacaso / Djavan;2025-09-07 12:33:57
Muito Mais;https://www.letras.mus.br/djavan/85891/;Quero saberAmorSe me quer em seu coraçãoEu prefiro morrerAcabouSó não quero levar um nãoQuero saberAmorSe me quer em seu coraçãoEu prefiro morrerAcabouSó não quero que a tristezaAfaste você de mimNem desejo que o seu lindo olharE o que lembrar vocêMe abandoneSe o céu incandescer de uma vezLuz escorrerTudo virar verãoMe espere aquiQue eu vou aliPegar Halley pra tiVolto pra verVocê correrPra me dizerQue simÉ AlagoasQuem dera nas suas águasMe banharMuito maisMas deixa issoPra longe.;17.696;Djavan;2025-09-07 12:33:58
Muito Obrigado;https://www.letras.mus.br/djavan/85892/;Obrigado por tudo quantoVocê me fez por nadaPor nada se mataE morre de amorNão quero parecer com nadaNo mundo porqueApesar da entranha feridaDonde eu saí pro nadaDo nada também se nasceUma flor com todo seu poderDe coloração e magiaTudo isso é uma questão de saberSaber viverTudo isso é uma questão de amarPra entenderTudo isso é uma questão de quererReconhecerQue quem sabe tudonada há de ser, nesse compassoHá espaço pra quem quiser viverMuito obrigadoMuito obrigado BISMuito obrigadoPor tudo que eu tenho passado;49.486;Djavan;2025-09-07 12:33:58
Mundo Vasto;https://www.letras.mus.br/djavan/64677/;Conta pra pagar, a vida é o mesmo beabáum desalento natoconto com você pra me salvarde me prenderao que não for bom de fatofico esperando a festaque é você chegandocom o que há de bom e de melhor no pratomeu amor, é vocêquem me vê lá no altosem o seu braço de pazo resto é medocrise em cada cantoquem já não vinha com tantosequer sobrou pro gastosó você pra me tirar dessa cadeia de pesarque assola esse mundo vastomeu amor, sem vocêo que posso esperarver a solidão da naturezasó crescer ante a surdez do mundopor segundomenos bicho, menos águaquem manda bem, muito bemmas também pagaDeus me fez nascerpra eu viver de um tudotudo é muito vagoe sem apoio o bicho é braboo trigo é joio e quem quiserque se dê malcom você na mãocomo é que eu posso desdizero que Ele dissesem parecer ingratidão?;8.131;Djavan;2025-09-07 12:33:58
Na Boca do Beco;https://www.letras.mus.br/djavan/1086127/;Na hora da agoniaEu perguntoCadê os meus amigos, meus camaradas, meus pareceiros?Na hora que eu mais necessito deles não acho umO Zé tá pra São PauloE Pedro morreuAté o Biu desapareceuChico Careca, já cansei de bater na casa da esquina e nemJá é quase noite e o negão num açoiteNa boca do beco vai aparecerE eu vou ter que encararE não posso perder, que a crioula vai verTomei decisãoComo último tiroGritei num suspiroGanhei o bolãoE não tenho um irmãoCom quem possa gastar!De repentemente a turma pintouCom sorriso nos dentesMe dizendo contenteAh! Deixa isso com a gente!No final do barato, eu ganhei do negãoE, sem grana na mãoA turma me ganhouQuando sacou o grupoE hoje a crioula está de lutoNo final do barato, eu ganhei do negãoE, sem grana na mãoA turma me ganhouQuando sacou o grupoE hoje a crioula está de lutoE hoje a crioula está de luto, ê!E hoje a crioula está de luto;13.947;Djavan;2025-09-07 12:33:58
Nada a Nos Separar;https://www.letras.mus.br/djavan/1742344/;Mais uma vezVou te esperarMais uma vezNão vou te ver chegarE eu tão tristeSerei mais tristePorque sei bemQue é vão te esperarPorem minha lembrançaContigo estaráE a esperança reacenderaE um dia então junto ao portãoNosso lugar irei te esperarE tu viras de um mundo tristeE ficaras pra sempre junto a mimE o Sol da felicidadeDe novo brilharáFeliz sereiFaleis serásAté o fimSim nossa tristezasIram terminasSim livres seremosNada irá nos separarNossa horas tristesDe paz serão enfimE as incertezasDirei fim, fim, fim, fim, fimE um dia então junto ao portãoNosso lugar irei te esperarE tu viras de um mundo tristeE ficaras pra sempre junto a mimE o Sol da felicidadeDe novo brilharaFeliz sereiFaleis serásAté o fim;23.323;Wayne Shanklin / Versão: Romeo Nunes;2025-09-07 12:33:58
Nada Mais (Lately);https://www.letras.mus.br/djavan/nada-mais-lately/;Sinto quando alguém te interessaMesmo quando finges que não vêsSe desapareces numa festa, eu já seiNão te quero ouvir falar do tempoSe eu só pergunto: Onde vais?Mas se quiser saber se voltas logoYou don't know, nada maisVão dizer que são tolicesQue podemos ser felizesMas tudo o que eu seiNão dá pra disfarçarDessa vez doeu demaisAmanhã será, jamaisOnde a gente vai tem uns amigosQue você precisa visitarSe não sou feliz são só ciúmes, nada maisMais de uma vez flagrei seus lábiosNa intenção do nome de outro alguémMas se quiser saber porque que eles calamVocê diz: Tudo bemVão dizer que são tolicesQue podemos ser felizesMas tudo o que eu seiNão dá pra disfarçarDessa vez doeu demaisAmanhã será, jamais;24.871;Steve Wonder;2025-09-07 12:33:58
Nada Mais Sou;https://www.letras.mus.br/djavan/nada-mais-sou/;Te viFiquei sóAliQuase sem vozNão fui capazNem de umOi, meu!Me deuFoi medo de te olharSei lá!E se ela nemMe virMe ignorarPosso morrerDe verdadeOu maisNunca sabereiO que é o amorNa terraJá não há mais lugarPasso a frequentarO desprazerVou viver só por viverSem existirNada mais souSe é que eu já fuiSem teu calorO que eu seriaMas a ilusãoQue acendeuNo coraçãoA luzNão tem porqueSe apagarNão;1.329;Sabe de quem é a composição? Envie pra gente.;2025-09-07 12:33:58
Não Deu;https://www.letras.mus.br/djavan/85893/;Eu sonhei viverCom você assimTudo até o fimE no frio te protegerE te ver dormirE ali ficarVivendo pra vocêMelhor viverDe Deus usar a mãoTe puxar pra lugar seguroSempre que precisarEstar aqui pra te atenderTe ouvir, te aconselhar, discutirTe livrar do escuroDe um mundo realMas não deu,Que mal...Eu sonhei viverCom você assimDedicado a mimDe tudo me protegerPra me ver feliz a te agradarContando estórias pra te ver sorrirDistrair, pensar no bemE ver a luz da vida se acenderNo amor dos braços teusMas não deu...;17.493;Djavan;2025-09-07 12:33:58
Não É Um Bolero;https://www.letras.mus.br/djavan/nao-e-um-bolero/;Eu não digo que nãoEla é bela e feraMas não ponderaE me deixa doidinhoQuando eu penso que simEla dá de ombroE eu me escombro sozinhoSe com ela há muito mais luarPor que viver dias sombrios?Eu não posso me distanciarE me perder dos seus carinhosVocê é demais... Muito mais pra mimNão é um boleroÉ amor sincero, que a tudo resisteNão a ter do lado, me deixa abaladoE nada é mais tristeA vida é à toa, não fica de boaQuem não tem um quererEu tenho de tudo mas me falta tudoSe eu não tenho você;47.602;Djavan;2025-09-07 12:33:59
Nas Ruas;https://www.letras.mus.br/djavan/85894/;Meu olhar se mirando em teu olharse eu pegar na mão , te beijareite beijareinão consigo mais de vontade de ficaro que há entre eu e vocêé raroé na falta de ar do teu olharque o sufoco crescerá eu sei,ora se sei!Não encontro mais nada pra me segurartudo poderá aconteceré claro!Tempestade de negras e louras,morenas mourastodas elas a me voduzardesnudas bailam nas ruase se vão nas luasdo reflexo que sai da luz do teu olhareu te desejo e queroporque deus querquem não quer é vocêque não tem fé em deus!;10.792;Djavan;2025-09-07 12:33:59
Navio;https://www.letras.mus.br/djavan/85895/;Eu amei a sua caraVenha cáÉ um prazerOuvi-la falarMusical que nem um rioQue navio éVocê na praiaQue visãoÉ um abismo pro coraçãoSim, pelo que vejoVocê é a mais bonitaFilha da manhãSuave beijoEm lábios de maçãQueria saberO que toca vocêQueria chegarE poder te alcançarEu quero dizerQue eu queria vocêOh, luz do quererMinha vida é vocêEu vou buscarO céu, o marO que de maisBonito háPra te presentearO céu, o marO que de maisBonito há;17.806;Djavan / Flávia Virigínia / Max Viana;2025-09-07 12:33:59
Nem Um Dia;https://www.letras.mus.br/djavan/45538/;Um dia frioUm bom lugar pra ler um livroE o pensamento lá em vocêEu, sem você, não vivoUm dia tristeToda fragilidade incideE o pensamento lá em vocêE tudo me divideUm dia frioUm bom lugar pra ler um livroE o pensamento lá em vocêEu, sem você, não vivoUm dia tristeToda fragilidade incideE o pensamento lá em vocêE tudo me divideLonge da felicidade e todas as suas luzesTe desejo como ao arMais que tudoÉs manhã na natureza das floresMesmo por toda riqueza dos sheiks árabesNão te esquecerei um dia, nem um diaEspero com a força do pensamentoRecriar a luz que me trará vocêE tudo nascerá mais beloO verde faz do azul com o amareloO elo com todas as coresPra enfeitar amores grisE tudo nascerá mais beloO verde faz do azul com o amareloO elo com todas as coresPra enfeitar amores grisUm dia frioUm bom lugar pra ler um livroE o pensamento lá em vocêEu, sem você, não vivoUm dia tristeToda fragilidade incideE o pensamento lá em vocêE tudo me divideMesmo por toda riqueza dos sheiks árabesNão te esquecerei um dia, nem um diaEspero com a força do pensamentoRecriar a luz que me trará vocêE tudo nascerá mais beloO verde faz do azul com o amareloO elo com todas as coresPra enfeitar amores grisE tudo nascerá mais beloO verde faz do azul com o amareloO elo com todas as coresPra enfeitar amores grisE tudo nascerá mais beloO verde faz do azul com o amareloO elo com todas as coresPra enfeitar amores grisE tudo nascerá mais beloO verde faz do azul com o amareloO elo com todas as coresPra enfeitar amores gris;3.186.649;Djavan;2025-09-07 12:33:59
Nereci (part. Mariazinha);https://www.letras.mus.br/djavan/85896/;Nereci, quando o mar levouTeria sido de traiçãoSerá que na maré de hoje, ela virá?Rainha do marNereci, quando o mar levouTeria sido de traiçãoSerá que na maré de hoje, ela virá?Rainha do marNereci, quando o mar levouTeria sido de traiçãoSerá que na maré de hoje, ela virá?Rainha do marNereci, quando o mar levouTeria sido de traiçãoSerá que na maré de hoje, ela virá?Rainha do marAlém de todos alémAlém do além marNereci além do azul estaráAlém de todos alémAlém do além marNereci além do azul estaráAlém de todos alémAlém do além marNereci além do azul estaráNereci, quando o mar levouTeria sido de traiçãoSerá que na maré de hoje, ela virá?Rainha do marNereci, quando o mar levouTeria sido de traiçãoSerá que na maré de hoje, ela virá?Rainha do marAlém de todos alémAlém do além marNereci além do azul estaráNereci além do azul estaráAlém de todos alémAlém do além marNereci além do azul estaráRainha do marAlém de todos alémAlém do além marNereci além do azul estaráNereciAlém de todos alémAlém do além marNereci além do azul estará (rainha do mar);12.671;Djavan;2025-09-07 12:33:59
Nkosi Sikeleli Afrika (Hino do Congresso Nacional Africano);https://www.letras.mus.br/djavan/nkosi-sikele-iafrika/;"Nkosi sikelel' iAfrikaMaluphakanyisw' uphondo lwayo,Yizwa imithandazo yethu,Nkosi sikelela, thina lusapho lwayo.Morena boloka setjhaba sa heso,O fedise dintwa la matshwenyeho,O se boloke, O se boloke setjhaba sa heso,Setjhaba sa South Afrika - South Afrika.Uit die blou van onse hemel,Uit die diepte van ons see,Oor ons ewige gebergtes,Waar die kranse antwoord gee,Sounds the call to come together,And united we shall stand,Let us live and strive for freedom,In South Africa our landYihla Moya, Yihla Moya,Yihla Moya OyingcweleSikelela iNkosi zetu;Zimkumbule umDali wazo;Zimoyike zezimhlonele,Azisikelele.Sikelel' amadod' esizwe,Sikelela kwa nomliselaUlitwal'ilizwe ngomonde,Uwusikelele.";6.707;Enoch Sontonga;2025-09-07 12:33:59
Nó Na Madeira;https://www.letras.mus.br/djavan/no-na-madeira/;Eu sou é madeiraEm samba de roda já dei muito nó...Em roda de samba sou considerado,De chinelo novo brinquei carnaval, carnaval.Eu sou é madeiraMeu peito é do povo do samba e da gente,E dou meu recado de coração quenteNão ligo a tristeza, não furo eu sou gente.Sou é a madeiraTrabalho é besteira, o negócio é sambarQue samba é ciência e com consciênciaSó ter paciência que eu chego até lá...Sou nó na madeiraLenha na fogueira que já vai pegarSe é fogo que fica ninguém mais apagaÉ a paga da praga que eu vou te rogar;1.938;João Nogueira / Eugênio Monteiro;2025-09-07 12:33:59
Nobreza;https://www.letras.mus.br/djavan/45539/;Nossa velha amizade nasceuDe uma luz que acendeuAos olhos de abrilCom cuidado e espanto eu te olheiNo entanto você sorriuConcedendo-me a graça de verTalhado em você a nobreza de frenteO amor se desnudandoNo meio de tanta genteUm doce descascado pra mimEu guardo pro fimPra comer demoradoUma grande amizade é assimDois homens apaixonadosE sentir a alegria de verA mão do prazer acenando pra genteO amor crescendo enfimComo capim pros meus dentes;31.887;Djavan;2025-09-07 12:33:59
Num Mundo de Paz;https://www.letras.mus.br/djavan/num-mundo-de-paz/;Vem ver a tarde, amorNunca tal esplendorFez-se notar com tanta resoluçãoVem que o anil do amorE o sangue da paixãoVão ostentar usando de toda corE aí pensar, em tudo que se vai fazerE avaliando o entorno das coisasAbstrair o que só nos faz perderPra que você possa me olharE querer tudo de novoE contar com o que vai terE no sal de um beijo novoTer motivo pra viverBelas noites de verão de mãos dadas por aíRetomar o que era bomMas se não quiser sairDeixarQue o vento leveE o amor se encarregue de tudoE que a gente volte a rir de tudoE que a vida seja longa e tudoNum mundo de pazE que a gente volte a rir de tudoE que a vida seja longa e tudoNum mundo de pazVem ver a tarde amorNunca tal esplendorFez-se notar com tanta resoluçãoVem que o anil do amorO sangue da paixãoVão ostentar usando de toda corVem que o anil do amorO sangue da paixãoVão ostentar usando de toda corE aí pensar, em tudo que se vai fazerE avaliando o entorno das coisasAbstrair o que só nos faz perderPra que você possa me olharE querer tudo de novoE contar com o que vai terE no sal de um beijo novoTer motivo pra viverBelas noites de Verão de mãos dadas por aíRetomar o que era bomSer feliz é logo aliE querer tudo de novoE contar com o que vai terE no sal de um beijo novoTer motivo pra viverBelas noites de verão de mãos dadas por aíRetomar o que era bom;5.472;Sabe de quem é a composição? Envie pra gente.;2025-09-07 12:34:00
Num Mundo De Paz;https://www.letras.mus.br/djavan/num-mundo-de-paz-2/;Belas noites de verãoDe mãos dadas por aíRetomar o que era bomMas se não quiser sair, deixarQue o vento leveE o amorSe encarregue de tudoE que a gente volte a rir de tudoE que a vida seja longa e tudoNum mundo de paz;682;Sabe de quem é a composição? Envie pra gente.;2025-09-07 12:34:00
Numa Esquina de Hanói;https://www.letras.mus.br/djavan/45540/;Um é par de doisQuer ver, verásIrei a ti pra viverDepois morrer de pazOu nãoQuem saberá?Ficarei sabedorSe você temperou no salOu se salobro nósMe atiro, cívicoAos meus amigosDe varar a noiteTrazás nó cego, dirásE eu rirei, pecadorNo que você corará maisE de cor entregarásA minha alma vivaE depenada para o satanásQue enfim, quiçá lhe traiIndiferente a mimQue não lhe significa nada maisDo que um lobo atrozPerdido numa esquina de HanóiPerdido numa esquina de Hanói;13.499;Djavan;2025-09-07 12:34:00
Nuvem Negra;https://www.letras.mus.br/djavan/45541/;Não adianta me ver sorrirEspelho meuMeu riso é seuEu estou ilha ... daHoje não ligo a TVNem mesmo pra ver o JôNão vou sairSe ligarem não estouÀ manhã que vemNem bom-dia  eu vou darSe chegar  alguémA me pedir um favorEu não seiTá difícil ser euSem reclamar de tu ...doPassa nuvem negraLarga o diaE vê se leva o malQue me arrasouPra que não faça sofrer mais ninguémEsse amor que é raroE é precisoPra nos levantarMe derrubounao sabe parar de crescere doer;102.750;Djavan;2025-09-07 12:34:00
Nvula;https://www.letras.mus.br/djavan/1841444/;Maca ditila nanazanrayNo kulaiê daca destemyKe manga kuru,Ke kuraia, nobon dayaDolá yo daka...;3.101;Lokua Kanza;2025-09-07 12:34:00
O Tal do Amor;https://www.letras.mus.br/djavan/o-tal-do-amor/;Me vejo ao seu ladoCom o ego infladoEu vivo a quererO seu amorSeja como forTeu beijo ardenteNão sai da menteE o meu coraçãoNão sabe o que é ilusãoSe eu lhe chamarVocê não olharVai me pesar, mas voaE eu espero na boaSorrir pra mimÉ quase um jardimOnde pássaros voamE entidades atuamPro bem querer o bemSe unificarE assombrar a dorPra estarmos juntosEm nome do talDo amor;9.287;Djavan;2025-09-07 12:34:00
O Vento;https://www.letras.mus.br/djavan/85897/;Minha mulher, minha irmãMinha cara metadeDe carne maçã, maçãMinha costela- de-AdãoMeu pé de romã, romãVento que bate na portaTrazendo notíciasQue tem de alguémVento que entorna a manhãDo meu bemMe leva, me levaVentoBate suas asasVoa sobre as casasVentofaz o dia delirarTraz minha morena do além- marMinha irmã, meu irmãoQuem tem ouro na peleDa alma pagã, pagãVento me ensina a tocarA flauta de Pã, de Pã;24.731;Djavan / Ronaldo Bastos;2025-09-07 12:34:00
Obi;https://www.letras.mus.br/djavan/85898/;ObiObáQue nem zen, czarShalonJerusalém, z'oiseauNa relva ralaMeu arerêTombaraAli, AláLogo alémNem láLogumPra cá ninguém faraóNo ver da genteO samba é pedra mórÁfricaBenficaE fica melhorAmanheceu de um sorrisoVida como é precisoSonhandoSentindoCantandoInfindoOuvindoFalandoFalo de mimPra vocêAlô, oláSe não for pra jáSo longOuricuri madurouNo ver da genteO samba é pedra mórÁfricaBenficaE fica melhor;16.581;Djavan;2025-09-07 12:34:00
Oceano;https://www.letras.mus.br/djavan/11337/;Assim que o dia amanheceu láNo mar alto da paixãoDava pra ver o tempo ruirCadê você? Que solidão!Esquecera de mimEnfim, de tudo o que há na terraNão há nada em lugar nenhumQue vá crescer sem você chegarLonge de ti, tudo parouNinguém sabe o que eu sofriAmar é um deserto e seus temoresVida que vai na sela dessas doresNão sabe voltar, me dá teu calorVem me fazer feliz, porque eu te amoVocê deságua em mim, e eu, oceanoE esqueço que amar é quase uma dorSó sei viver se for por vocêEnfim, de tudo o que há na terraNão há nada em lugar nenhumQue vá crescer sem você chegarLonge de ti, tudo parouNinguém sabe o que eu sofriAmar é um deserto e seus temoresVida que vai na sela dessas doresNão sabe voltar, me dá teu calorVem me fazer feliz, porque eu te amoVocê deságua em mim, e eu, oceanoE esqueço que amar é quase uma dorSó sei viver se for por você;3.228.462;Djavan;2025-09-07 12:34:00
Olá;https://www.letras.mus.br/djavan/ola/;Olá, sei que você está sóTambém vou indo só, por essa vida aforaQue bom isto me acontecerVocê me aparecer exatamente agoraEu estava com destino incertoVi você por pertoTriste na avenidaAgora vamos rir à toaEnquanto o tempo voaQue é tão curta a vidaHoje vamos ao Bola pularAmanhã você diz o que querE depois deixa o barco rolarSeja o que Deus quiserQuarta nós vamos bolarUm futuro de amor e de pazPara estarmos juntos em outros carnavais;139;Hermenegildo Evangelista de Paula;2025-09-07 12:34:01
OM;https://www.letras.mus.br/djavan/45542/;"Eu já nem sei quem souTão dedicado a ti, um cobertor pro frio.Queria ser teu ""Om"" viver grudado sim, sempre ali, sempre aliNão sou nada indelével, sou instável como a cidadeMas carrego pau e pedra só para ver-te mais à vontadeSem o mar a cobrir-te de sombras ou coresLivre pra amores desses que vêm e vãoSob o bronze da noite onde o mais são estrelasTodas ali para vê-la como fazer com os homensAh! você que nasceu com o leito pro rioQue desafio querer-te acompanhar!";36.353;Djavan;2025-09-07 12:34:01
Oração Ao Tempo;https://www.letras.mus.br/djavan/1742337/;És um senhor tão bonitoQuanto a cara do meu filhoTempo tempo tempo tempoVou te fazer um pedidoTempo tempo tempo tempoCompositor de destinosTambor de todos os rítmosTempo tempo tempo tempoEntro num acordo contigoTempo tempo tempo tempoPor seres tão inventivoE pareceres contínuoTempo tempo tempo tempoÉs um dos deuses mais lindosTempo tempo tempo tempoQue sejas ainda mais vivoNo som do meu estribilhoTempo tempo tempo tempoOuve bem o que te digoTempo tempo tempo tempoPeço-te o prazer legítimoE o movimento precisoTempo tempo tempo tempoQuando o tempo for propícioTempo tempo tempo tempoDe modo que o meu espíritoGanhe um brilho definidoTempo tempo tempo tempoE eu espalhe benefíciosTempo tempo tempo tempoO que usaremos pra issoFica guardado em sigiloTempo tempo tempo tempoApenas contigo e comigoTempo tempo tempo tempoE quando eu tiver saídoPara fora do teu círculoTempo tempo tempo tempoNão serei nem terás sidoTempo tempo tempo tempoAinda assim acreditoSer possível reunirmo-nosTempo tempo tempo tempoNum outro nível de vínculoTempo tempo tempo tempoPortanto peço-te aquiloE te ofereço elogiosTempo tempo tempo tempoNas rimas do meu estiloTempo tempo tempo tempo;48.251;Caetano Veloso;2025-09-07 12:34:01
Orquídea;https://www.letras.mus.br/djavan/orquidea/;Lembra aquela PhalaenopsisQue você me deuMe deixou com SophronitisPor um beijo seuPleurothallis, PaphiopedilumCores demaisNada comumCyrtopodium, SarcoglottisDe um bem-quererFui à Brassia na MalaxisMas não vi vocêAmabilis, Violácea-me aquiJavanica, Guttata-meCattleya ou PurpurataMe remete a vocêUma Brassavola nataSeu labelo bicolorDesacataPela fragrância da corSépala, labelo, colunaE pétala tem a florFlor que nasce, cresceE flora por amor;11.179;Djavan;2025-09-07 12:34:01
Outono;https://www.letras.mus.br/djavan/45543/;Um olhar, uma luz, ou um par de pérolasMesmo sendo azuis, sou teu e te devoPor essa riquezaUma boca que eu seiNão porque me fala lindoE sim, beija bemTudo é viável pra quem faz com prazerSedução, frenesiSinto você assim, sensual, árvoreEspécie escolhida pra ser a mão do ouroO outono traduzir, viver o esplendor em siTua pele, um bourbonMe aquece como eu queroSweet home, gostar é atualAlém de ser tão bom;250.096;Djavan;2025-09-07 12:34:01
Outro Lugar;https://www.letras.mus.br/djavan/443899/;Cê sabe que as canções são todas feitas pra vocêE vivo porque acredito nesse nosso doido amorNão vê que ta errado, tá errado me querer quando convémE se eu não estou enganado acho que você me ama tambémO dia amanheceu chovendo e a saudade me contemO céu já tá estrelado e tá cansado de zelar pelo meu bemVem logo que esse trem já tá na hora, tá na hora de partirE eu já to molhado, to molhado de esperar você aquiAmor eu gosto tanto, eu amo, amo tanto o seu olharAndei por esse mundo louco, doido, solto com sede de amarIgual a um beija-flor, que beija-flor,De flor em flor eu quis beijarPor isso não demora que a historia passa e pode me levarE eu não quero ir, não posso ir pra lado algumEnquanto não voltarNão quero que isso aqui dentro de mimVá embora e tome outro lugarTalvez a vida mude e nossa estrada pode se cruzarAmor, meu grande amor, estou sentindoQue esta chegando a hora de dormir;20.989;Milton Nascimento;2025-09-07 12:34:01
Palco;https://www.letras.mus.br/djavan/1742510/;Subo nesse palco, minha alma cheira a talcoComo bumbum de bebê, de bebêMinha aura clara, só quem é clarividente pode verPode verTrago a minha banda, só quem sabe onde é LuandaSaberá lhe dar valor, dar valorVale quanto pesa prá quem preza o louco bumbum do tamborDo tamborFogo eterno prá afugentarO inferno prá outro lugarFogo eterno prá consumirO inferno, fora daquiVenho para a festa, sei que muitos têm na testaO deus-sol como um sinal, um sinalEu como devoto trago um cesto de alegrias de quintalDe quintalHá também um cântaro, quem manda é Deus a músicaPedindo prá deixar, prá deixarDerramar o bálsamo, fazer o canto, cantar o cantarLá, lá, iá;41.938;Gilberto Gil;2025-09-07 12:34:01
Papel Machê (part. João Bosco);https://www.letras.mus.br/djavan/papel-mache-part-joao-bosco/;Cores do marFesta do SolVida é fazerTodo sonho brilharSer felizNo teu colo dormirE depois acordarSendo o seu coloridoBrinquedo de papel machêCores do marFesta do SolVida é fazerTodo sonho brilharSer felizNo teu colo dormirE depois acordarSendo o seu coloridoBrinquedo de papel machêDormir no seu coloÉ tornar a nascerVioleta e azul, outro serLuz do quererNão vai desbotarLilás cor do marSeda cor de batomArco-íris crepomNada vai desbotarBrinquedo de papel machêDormir no seu coloÉ tornar a nascerVioleta e azul, outro serLuz do quererNão vai desbotarLilás cor do marSeda cor de batomArco-íris crepomNada vai desbotarBrinquedo de papel machê;143;João Bosco / Capinan;2025-09-07 12:34:02
Para Comigo Fazer;https://www.letras.mus.br/djavan/85901/;Já é tardeE não vou mais dormirEu vou sair sem direção talvezNa escuridão, eu possa ver alguém felizEu quero ver à toaAo menos uma pessoa, numa boaPor aíPara comigo fazerpara comigo poder até conversarSobre coisas esquecidasPelo desuso da bocaOu pela fala vencidaPara comigo lembrarpara comigo dançar ao somda retreta dos grilosa pernear os doisA poder tudoAntes que o dia amanheçaE acordem todos, todosPara comigo parar;12.315;Djavan;2025-09-07 12:34:02
Pára-raio;https://www.letras.mus.br/djavan/84145/;Descalço num pequeno espaçoDeitado em quarto crescentePálido, cálido, espírito ausenteCalado, de corpo fechadoNão traço, não sigo, não sou obrigadoNão faço segredo, não sou bem dotadoCabeça feita, visão na estradaEsqueço do medo, não choro por nadaNo braço do marBem na ponta da areiaA terra treme, o tempo serraQuem manda na chuva é o ventoQuem manda na chuva é o ventoE pára-raioCata-ventoE pára-raioE pára o tempoE páraE pára-raioCata-vento;29.177;Djavan;2025-09-07 12:34:02
Paratodos;https://www.letras.mus.br/djavan/paratodos/;O meu pai era paulistaMeu avô, pernambucanoO meu bisavô, mineiroMeu tataravô, baianoMeu maestro soberanoFoi antonio brasileiroFoi antonio brasileiroQuem soprou esta toadaQue cobri de redondilhasPra seguir minha jornadaE com a vista enevoadaVer o inferno e maravilhasNessas tortuosas trilhasA viola me redimeCreia, ilustre cavalheiroContra fel, moléstia, crimeUse dorival caymmiVá de jackson do pandeiroVi cidades, vi dinheiroBandoleiros, vi hospíciosMoças feito passarinhoAvoando de edifíciosFume ari, cheire viníciusBeba nelson cavaquinhoPara um coração mesquinhoContra a solidão agresteLuiz gonzaga é tiro certoPixinguinha é incontesteTome noel, cartola, orestesCaetano e joão gilbertoViva erasmo, ben, robertoGil e hermeto, palmas paraTodos os instrumentistasSalve edu, bituca, naraGal, bethania, rita, claraEvoé, jovens à vistaO meu pai era paulistaMeu avô, pernambucanoO meu bisavô, mineiroMeu tataravô, baianoVou na estrada há muitos anosSou um artista brasileiro;1.186;Chico Buarque;2025-09-07 12:34:02
Pássaro;https://www.letras.mus.br/djavan/85899/;"Vem me dar teu calor.Que eu te dou meu carinho.Como faz a flor com beija-flor.Ou o pão e o vinho.Minhas juras de amorTeus cuidados comigoNa paz dos teus braçosPena de ave, campos de trigoE chego a levitarQuando estou te olhandoPássaro voa e vai pela beira do rioE deixo de pensar no que é desenganoE reparo só nos desafiosCom a graça de Deus meninoÉ que eu me guio""Rogai por nós, vos peço paz!""Nos una mais, não nos deixe sósE se não for pedir demais,Quero vida normal e algum dinheiroDeitar, dormir, poder sonharQue um dia eu vá conhecer o sulQue chova aqui o que chove láPara o que se plantar ganhar o verdePra alimentar, pra garantirO bem-estar de viver sem medoE ter pra quando precisarE não ter que ficar chupando o dedoDa criação, dos pés de cocoA fruta-pão quero ver crescerRealizar a ilusaoPara o meu coração se aquecerSe eu deixar de ter vocêÉ como não ter mais o que esperarOu sei lá o quê, deixar de serFlamengo, MengoAh, se eu perder vocêÉ quase não mais poder respirarOu pirar de vez e não ser maisFlamengo, mengo, mengo";32.133;Djavan;2025-09-07 12:34:02
Passou;https://www.letras.mus.br/djavan/85900/;Preciso sairDistrair um poucoSer içado ao mundoDo fundo do poçoReaparecerCom a tarde aindaPorque o que passou, passouNada é para toda a vidaTudo o que eu viviÉ passado, escombrosDeixo os seus jardinsE afins para os pombosPronto para seguirTicket só de idaOutro lugar, um outro amorUma outra cor na vidaNunca mais outras noitesVão me seguir de madrugadaSua lembrança já não me faz nadaSair pro solVer a ponte se abrirSorrir de tudoDesencanar'Cê sabe ser friaTanto quanto a SuéciaE eu o Brasil das matas tropicaisMares de verão, cascatas de fozLuar do sertãoE levo a vida bem melhorSeguindo meu coração;19.740;Djavan;2025-09-07 12:34:02
Pecado;https://www.letras.mus.br/djavan/pecado/;Quero ficar pensandoQuase me abandonandoCom pouco a me ligarA sinais de vida em construçãoNenhuma nuvem, nadaTempo de água paradaAlma quer navegarMas ela tá que falaFala, fala, falaPecado!Pecado, pecado, pecadoÉ passarinho que cantaFlora de encantos milSonhos e catedraisPara a longa espera dos cordeirosMesmo que o amor avancePerde-se em nuanceQuase um Chile inteiroEnquanto vocêFala, fala, falaPecado!Pecado, pecado, pecadoQuer viver de amor? Vá!Mas pode parar com esse pantimOuça mais, pra variarE saber mais de mimPecado!Pecado, pecado, pecadoVocê está sempre a maisNão tem mais medidaE a bem dizer:InsatisfazNo entantoMulher mais queridaEstá pra nascerÉ passarinho que cantaFlora de encantos milSonhos e catedraisPara a longa espera dos cordeirosMesmo que o amor avancePerde-se em nuanceQuase um Chile inteiroEnquanto vocêFala, fala, falaPecado!Pecado, pecado, pecadoQuer viver de amor? Vá!Mas pode parar com esse pantimOuça mais, pra variarE saber mais de mimPecado!Pecado, pecado, pecadoVocê está sempre a maisNão tem mais medidaE a bem dizer:InsatisfazNo entantoMulher mais queridaEstá pra nascer;14.992;Djavan;2025-09-07 12:34:02
Pedra;https://www.letras.mus.br/djavan/1077280/;Sede de amor, febre de anseioQuase a escuridãoVocê partiu, me reduziuAmor, me perco em lágrimasNão mais a vi, desde abrilFui pro mar e você lá deitada na pedraQue inveja dessa pedraO que ficou, eu compreendiFace aquela visãoO que era amor inda me dizPena que tudo acabeUm lance novo me despertouDesde já, só quero estar com quem me serveE de resto, serei breveNada fica em pé pra quem se quebra numa paixãoO mundo é vão e tudo é só um oco absurdoNão mais me vejo assimTô a pé, mas chego onde vouRevê-la só foi ruimPorque nada me causouDoeu, me ressentiQuando você me desprezouMas hoje estou aquiAlgo como uma flor na pedra preste a nascerSede de amor, febre de anseioQuase a escuridãoVocê partiu, me reduziuAmor, me perco em lágrimasNão mais a vi, desde abrilFui pro mar e você lá deitada na pedraQue inveja dessa pedraO que ficou, eu compreendiFace àquela visãoO que era amor inda me dizPena que tudo acabeUm lance novo me despertouDesde já, só quero estar com quem me serveE de resto, serei breveNada fica em pé pra quem se quebra numa paixãoO mundo é vão e tudo é só um oco absurdoNão mais me vejo assimTô a pé, mas chego onde vouRevê-la só foi ruimPorque nada me causouDoeu, me ressentiQuando você me desprezouMas hoje estou aquiAlgo como uma flor na pedra preste a nascerSede de amor, febre de anseioQuase a escuridãoVocê partiu, me reduziuAmor, me perco em lágrimasNão mais a vi, desde abrilFui pro mar e você lá deitada na pedraQue inveja dessa pedraO que ficou, eu compreendiFace àquela visãoO que era amor inda me diz;47.387;Djavan;2025-09-07 12:34:02
Pedro Brasil;https://www.letras.mus.br/djavan/85902/;SorriaPara mim meu BrasilAssimRia largo do fundo aquiRia aqui do nadaNão vá trairO seu dom de cair de péLogo agora que eu escreviUma canção de féAtenção: Quem descobriu o Brasil foi PedroQuem libertou o Brasil foi PedroQuem construiu o Brasil foi PedroQuem descobriuQuem libertouQuem construiuQuem já se viu um tanto PedroViver assimFeito coisa ruim, no arBem fez pedro lá no céuQue aprendeu chover, estiarE hoje tem grande poder pra láMas nada pode aquiMas nada pode aquiMas nada pode aquiMas nada pode aquiSorria;13.758;Djavan;2025-09-07 12:34:02
Pela Luz dos Olhos Teus (part. Gal Costa);https://www.letras.mus.br/djavan/pela-luz-dos-olhos-teus/;Quando a luz dos olhos meusE a luz dos olhos teus resolvem se encontrarAi, que bom que isso é, meu DeusQue frio que me dá o encontro desse olharMas se a luz dos olhos teusResiste aos olhos meus só pra me provocarMeu amor, juro por Deus, me sinto incendiarMeu amor, juro por DeusQue a luz dos olhos meus já não pode esperarQuero a luz dos olhos meus na luz dos olhos teusSem mais lala laráPela luz dos olhos teus eu acho, meu amorE só se pode acharQue a luz dos olhos meus precisa se casarLa la  la la la la la laQuando a luz dos olhos meusE a luz dos olhos teus resolvem se encontrarAi, que bom que isso é, meu DeusQue frio que me dá o encontro desse olharMas se a luz dos olhos teusResiste aos olhos meus só pra me provocarMeu amor, juro por Deus, me sinto incendiarMeu amor, juro por DeusQue a luz dos olhos meus já não pode esperarQuero a luz dos olhos meus na luz dos olhos teusSem mais lala laráPela luz dos olhos teus eu acho, meu amorE só se pode acharQue a luz dos olhos meus precisa se casarLa la  la la la la la laPrecisa se casarPrecisa se casarPrecisa se casar;5.615;Vinícius de Moraes;2025-09-07 12:34:03
Pétala;https://www.letras.mus.br/djavan/11338/;O seu amorReluz que nem riqueza, asa do meu destinoClareza do tino, pétalaDe estrela caindo bem devagarÓ, meu amorViver é todo sacrifício feito em seu nomeQuanto mais desejo um beijo, um beijo seuMuito mais eu vejo gosto em viver, viverPor ser exatoO amor não cabe em siPor ser encantadoO amor revela-sePor ser amor, invade e fimPor ser exatoO amor não cabe em siPor ser encantadoO amor revela-sePor ser amor, invade e fimPor ser exatoO amor não cabe em siPor ser encantadoO amor revela-sePor ser amor, invade e fim;1.187.838;Djavan;2025-09-07 12:34:03
Pode Esquecer;https://www.letras.mus.br/djavan/pode-esquecer/;Em algum lugar,Onde se podeEsperar pelo melhor,Onde cada serSe viu crescerCheio de planosPra servir,Vida só há de terQuem a dividir!Ser alguémPor fazer mais!Não se pode ir alémNas costas de ninguém,Por amor, como for, vai.Na nova ordem geralDe um novo comando,Abstinência moralÉ crime hediondo!Aquela onda de caosQue sai varrendo o marDos que têm poder,Pode esquecer!Só procedimentos normais,O mais é injúria.E tudo se liquefaz,Num mar de candura.Se alguém tiver que arbitrarSó vai poder contarCom o delírio de um cantor:O que se passou, passouPrescreveu!...O amanhã ficou pra bem distante,O hoje com a mesma cara de ontemE a vida segue em frente, ardilosamente a mil.;13.150;Djavan;2025-09-07 12:34:03
Por Uma Vida Em Paz;https://www.letras.mus.br/djavan/1085989/;Não sei bem o que dizerSobre o mal na Terra:Acho que amor hesitou!A devastação da mataTraz morte e medoAs guerras: caos e misériaO incontrolável degeloNão vai trazerFuturo algumNão vai.O homem quer sempre mais!Mas se não faz o pãoO que vai serDos filhosNão é dizendo nãoQue vão crescerOs líriosSaber doarRenunciar, dividirDevia vir de qualquer umViver jáVamos usar essa leiDepois de tanto danoO que não faltaÉ avisoPra que não haja enganoPosso ser maisConcisoPor uma vida em pazTudo o que forPreciso!Juízo.;18.425;Djavan;2025-09-07 12:34:03
Presunçosa;https://www.letras.mus.br/djavan/1278975/;MalcriadaMaltratou meu coraçãoUma topada de amor por vingançaDeixa um desfecho ruim como herançaPresunçosaMe comove, me destróiUma topada de amor por vingançaDeixa um desfecho ruim como herançaPaciência se tudo terminouMeu orgulho caiu, mas levantouPaciência se tudo terminouMeu orgulho caiu, mas levantouMalcriadaMaltratou meu coraçãoUma topada de amor por vingançaDeixa um desfecho ruim como herançaPaciência se tudo terminouMeu orgulho caiu, mas levantouPaciência se tudo terminouMeu orgulho caiu, mas levantouPresunçosaMe comove, me destróiUma topada de amor por vingançaDeixa um desfecho ruim como herançaPaciência se tudo terminouMeu orgulho caiu, mas levantouPaciência se tudo terminouMeu orgulho caiu, mas levantouPaciência se tudo terminouMeu orgulho caiu, mas levantouPaciência se tudo terminou;6.994;Antônio Carlos / Jocafi;2025-09-07 12:34:03
Primavera;https://www.letras.mus.br/djavan/1665213/;O meu amor sozinhoÉ assim como um jardim sem florSó queria poder ir dizer a elaComo é triste se sentir saudadeÉ que eu gosto tanto delaQue é capaz dela gostar de mimE acontece que eu estou mais longe delaQue da estrela a reluzir na tardeEstrela, eu lhe diriaDesce à terra, o amor existeE a poesia só espera verNascer a primaveraPara não morrerNão há amor sozinhoÉ juntinho que ele fica bomEu queria dar-lhe todo o meu carinhoEu queria ter felicidadeÉ que o meu amor é tantoUm encanto que não tem mais fimE no entanto ele nem sabe que isso existeÉ tão triste se sentir saudadeAmor, eu lhe direiAmor que eu tanto procureiAh, quem me dera eu pudesse serA sua primaveraE depois morrer;21.072;Carlos Lyra / Vinícius de Moraes;2025-09-07 12:34:03
Primazia;https://www.letras.mus.br/djavan/primazia/;Fique assim, assimDê continuidade à mulherQue me faz tão bem como éQue vem no meio da noiteProcurar o que querSeja assim, assimSempre uma pessoa do bemQue amar é tudo o que temPorque maior doçuraNão existe em ninguémSou estávelMas, sem ti não sei quem souMe enamoreiE é pra casarPrimaziaDe quem tem um grande amorÉ escolherViver como for!És o mar em mimVago em tuas sendas azuisSó para perder-me em tiÉ embriagadorQuando me conduzesTudo fosse assimNinguém saberia sofrerNem se poderia suporUm mar de ilusãoOnde se debaterSou estávelMas, sem ti, não sei quem souMe enamoreiE é pra casarPrimaziaDe quem tem um grande amorÉ escolherViver como forFique assim, assimDê continuidade à mulherQue me faz tão bem como éQue vem no meio da noiteProcurar o que querTudo fosse assimNinguém saberia sofrerNem se poderia suporUm mar de ilusãoOnde se debaterSou estávelMas, sem ti, não sei quem souMe enamoreiE é pra casarPrimaziaDe quem tem um grande amorÉ escolherViver como for;8.083;Djavan;2025-09-07 12:34:03
Primeira Estrada;https://www.letras.mus.br/djavan/primeira-estrada/;Esse seu coração nunca foi tão frioDa pra ver a ilusão na beira do rio, rioImploro pra você ficar quem diz que fica? Não ficaCom tanto pra lhe dá e você modifica, ficaCampos que florirão no sertão de vinhoVocê se vai sem razão e leva o caminho de vezComo é que vai ser pra viver precisando tanto de você?Se alguém sabe de amor por favor me faleSe era amor por que acabou?Quem amou não sabe, não se sabeSó um pouco de atenção encheria-me de briosNo mar do meu coração trago os meus navios, ávidosPra resistir e proteger de todo perigo, digoFicar sem você, já vou dizer, não consigo, sigoSonhei com um grande amor e o que tive foi o nadaO que era doce acabou na primeira estrada, nadaComo é que vai ser pra viver precisando tanto de você?Se alguém sabe de amor, por favor me fale!Se era amor por que acabou?Quem amou nunca sabeNão se sabe;1.945;Djavan;2025-09-07 12:34:03
Puzzle Of Heart;https://www.letras.mus.br/djavan/pazzle-of-heart/;Believe me, I'll never know-how in this life I ever found youI don't know why you put up with meWhen I go on hurting you soWhy you stay, heaven knowsIt's true that I would be lost without your tender arms to anchor meWhen all my schemes have abandoned meWandering off empty and coldUntil you have taken holdLike a puzzle of hearts, your love makes me wholeEach of us missing part of the other's soulAs long as I liveNo less will I giveLike a puzzle of hearts scattered far and wideWe're on a journey, starting from different sidesAnd each day I wakeWith each step I takeI see your face and fall into placeBelieve me, I'll never know how in this life I ever found youI don't know why you put up with meWhen I go on hurting you soWhy you stay, God only knowsLike a puzzle of hearts, your love makes me wholeYou are the missing part of my lonely soulAs long as I liveNo less will I giveLike a puzzle of hearts scattered far and wideLove is a journey, starting from different sidesAnd each day I wakeWith each step I takeI see your face and fall into place;578;Sabe de quem é a composição? Envie pra gente.;2025-09-07 12:34:03
Qual É?;https://www.letras.mus.br/djavan/206525/;Mas qual éDe que lado estásVou pra frenteTu vais pra trásMas qual éDiga de uma vezEu te esperoJá faz um mêsMeu Deus ai aiAi que loucuraVocê joga só contra mimSó contra mimVocê rema contra a maréDe repente a maré não dá péNão dá mais péMas qual é;12.030;Marcos Valle / Paulo Sérgio Valle;2025-09-07 12:34:04
Quantas Voltas Dá Meu Mundo;https://www.letras.mus.br/djavan/85903/;Rede de malha jangada de vela içada no arQuem não se arrisca não joga a iscaAtividade no marQuantas voltas dá meu mundoSei láPasto na relva madeira de selva coberta de florSeja silvestre preste ou não presteAtrai de longe o amorQuantas voltas dá meu mundoSei láChega domingo ninguém na igreja não tem oraçãoTudo que é santo vive de encantoAcorde a fé irmãoQuantas voltas dá meu mundoSei láNoite de lua viola na rua pra vida esquecerCanto aberto verso incertoA noite o amanhecerQuantas voltas dá meu mundoSei láJeito brejeiro retrato inteiro da populaçãoVida sem rumo mas em resumoAmor no coraçãoQuantas voltas dá meu mundoSei lá;26.867;Djavan;2025-09-07 12:34:04
Quase de Manhã (part. David Sanborn);https://www.letras.mus.br/djavan/85904/;Se você quer me namorarEnfrento marCorreria e trânsitoNo sufoco grito ráUm saraváE se não derViro satãDou a mão à políticaCéticaCríticaOu pratico o ramadãMas se você disser que nãoNão largo mãoDesse jeito lânguidoFico chato pra comerA rua vem me verNão queroVou deixar a saudade lamberO que ia ser melE sal virouMeu bemSem você pra que o marMesmo as estrelasHão de brilharTão cheias de dúvidasNa luz dos olhos meusO que era pra baterBateuCoração não dormeE é quase de manhã;12.847;Djavan;2025-09-07 12:34:04
Quase Fantasia;https://www.letras.mus.br/djavan/quase-fantasia/;Cada vez que eu te enlaçoÉ bomMas se eu te desfaçoÉ melhorÉ pura viagemPoderei conquistar a LuaSe eu tocar nessa boca tuaNessa paisagemVaidade é necessáriaMas escorregaQuem não a domina bemDesequilibra e caiFui na trama dos teus passosSucumbirQuase como se eu fosse um doenteE você o elixirCada vez que eu te enlaçoÉ bomMas se eu te desfaçoÉ melhorQuase fantasiaSe você não tem o poderDe recusar ou escolherO que mais teria?Vaidade é necessáriaMas escorregaQuem não a domina bemDesequilibra e caiFui na trama dos teus passosSucumbirQuase como se eu fosse um doenteE você o elixirCada vez que eu te enlaçoÉ bomMas se eu te desfaçoÉ melhorQuase fantasiaCada vez que eu te enlaçoÉ bomMas se eu te desfaçoÉ melhorÉ pura viagemPoderei conquistar a LuaSe eu tocar nessa boca tuaNessa paisagemVaidade é necessáriaMas escorregaQuem não a domina bemDesequilibra e caiFui na trama dos teus passosSucumbirQuase como se eu fosse um doenteE você o elixirCada vez que eu te enlaçoÉ bomMas se eu te desfaçoÉ melhorQuase fantasiaSe você não tem o poderDe recusar ou escolherO que mais teria?;840;Sabe de quem é a composição? Envie pra gente.;2025-09-07 12:34:04
Quase Perdida;https://www.letras.mus.br/djavan/quase-perdida/;Não pude crer:Cê me ligou,Quando eu já estava conformado!Não vou mais entender vocêNão quero mais lhe censurar.Se for pra terSem pagar a mais,Deixa estar:Isso já dá.Seja em madri ou no algarvePra onde for,Estarei do lado,Viverei declamando:Discórdia, nunca maisAgora é sóAmor e paz.Ninguém duvidaQue será tão bomDo seu batom, sobreviverE cair nos seus braçosTodo diaComo os cristaisNo amanhecer.Quase perdida,Numa noite em flor,Você, de amor,Me matariaSendo assim,Não será demaisSe eu disser que a amareiPor todas as vidasNão puder crerCê me ligou,Quando eu já estava conformado!Não vou mais entender vocêNão quero mais lhe censurar.Se for pra terSem pagar a mais,Deixa estar:Isso já dá.Seja em madri ou muriciPra onde for,Estarei do lado,Viverei declamando:Discórdia, nunca maisAgora é sóAmor e paz.;9.342;Djavan;2025-09-07 12:34:04
Que Foi My Love?;https://www.letras.mus.br/djavan/85905/;Que foi my love?Quando você fica assimEu não sei,Se a love story que nos envolveuAinda bate uma bolaOu o gato comeu.Me olha e diz se ainda está a fimVai logo, e taca um beijo em mim (claro!...)Que foi my love?Quando dei por mimO clima já estava estabelecidoAcabou de passar batom vermelhoE pelo espelhoMe lançou um olhar sofrido.Quer conversar, faz mais sentidoQuem sofre de véspera é peru.Lembra-se da primeira vez,Eu viajei nos rosas do seu corpo nuDepois a gente se refezE jamais você me pareceu tão bemEstavas tão bem...Que foi my love?Nada pode justificar medos e dúvidasTe quero agora como jamaisPoderei querer mais ninguém (eu acho né?...)Mas, se não for exatamente issoRelaxa e aproveita o que tem!;21.158;Djavan;2025-09-07 12:34:04
Quero-quero;https://www.letras.mus.br/djavan/85906/;Quem não tomou banho de baciaNão é sabedorQue a água bem quente logo esfriaNão vá-se embora nãoVocê vive igual as andorinhasSe mudando, se mudandoVê lá se não quer pousar na minhaPara parar de fugir, parar de fugirPara que fugir tantoVocê me domina desde o diaQue o bumba passouCom graça pegou tudo o que tinhaE deu para o boi lamberVestida de flores, pedrariaVisual umbandaEsfregou nas fuças da vizinhaTodo esse seu jeito de serPassei na novena da igrejinhaPedi pro meu amorDepois carne seca com farinhaNa casa de zé nestorUm dedo de prosaE Zé me pôs a par que Júlia nasceuCoitada da mãe é tão novinhaE dizem que o pai ali sou euQue graça sem graça, credo!Tem graça, disfarça e sai pra láEntrei pela porta da foliaE vi um corredorQue leva a torre da alegriaOnde vive seu amorDe lá com asas de andorinhaSai voando, sai voandoVê lá se não quer pousar na minhaPara parar de fugir, parar de fugirPara que fugir tantoVejo o quero-quero cantarolarAli por nós doisE toda janela se abriráPensando em vocêE a saudade pinta o céu de encarnadoCom a água da lavagem do vermelhoE o dia desperta mal-encaradoEm ver toda ajuda desperdiçadaNão vá-se embora nãoQue fique em nome da leiPra sempre onde eu te alcanceSe você sai voandoQue graça sem graça, credo!Tem graça, disfarça e sai pra lá;16.419;Djavan;2025-09-07 12:34:04
Quinze Anos;https://www.letras.mus.br/djavan/quinze-anos/;Quinze anos:Só pra quem fazDe tudo um planoPara defender as divisasDo próprio reino.Quinze eras:Base de cada primaveraDe duas vidas enredadasDe bem querer!Quis esse marDos seus olhos descerPra me arrastarPelos cantosAdmirado em seus encantosCom a alma frondosa de vida,Perdidamente!Oh! flor de cristal que brotouEm meio ao lírioPra vida inteiraSeguir sua voz,Acolher-me aos pésE adorar quem sou...Bendizer aos céusPor querido serE viver de amor!O que estabeleceuVocê e euNão se dilui,Mas eu posso dizer:Eu e você,Rio que flui!;6.977;Djavan;2025-09-07 12:34:05
Real;https://www.letras.mus.br/djavan/85908/;Vou sair por aíPra pensar em vocêE fazerO que só Deus sabeDistrair meu olharMe deixar conduzirDar de cara com o marE você lá a luzirVejo vocêComo a um lugarBom de se verLivre pra correr e brincarFeito um jardimTão naturalQue você pra virar florSó precisa dos meus olhosTe abracei, me perdiNão vi mais nada aliFui bater onde havia músicaE na paz do prazerEu gozei quanto quisDe sonhar com vocêPosso dizer que sou felizPenso em vocêNa ilusão de te encontrarLouca por me procurarSó no amorTudo é realE você é uma florA me prometer o céuVejo vocêComo a um lugarBom de se verLivre pra correr e brincarPenso em vocêNa ilusão de te encontrarLivre pra correr;10.685;Djavan / Tetsuo Sakurai;2025-09-07 12:34:05
Rei do Mar;https://www.letras.mus.br/djavan/85907/;Vou me perderNo azul verde do marJunto da manhãEm busca da vidaVou removerLendas, tormentas, paixãoLivre a navegarEm busca da vidaQue me importaA brisa friaO brilho dos faróisQue me importaO fundo, a calmaria e o temporalEu sou o reiEu sou o reiEu sou o reido marDa minha cidade natal;14.803;Djavan;2025-09-07 12:34:05
Renunciação;https://www.letras.mus.br/djavan/85909/;Tantos anos devotados, renunciaçãonada tocaria seu coraçãose revelou desgarrado e planocomo vidro frio e sem corao declarar tolo o meu quererachei que a vida fossesob medida com voceum bem da natureza mas, não.E na ilusão de que me querias, como euquanto amor se perdeu meu Deus!Novos planos, vida nova ,alma de ateupreso na parede o meu coração seupra onde vou,o que mais farei,de quem eu sou,o que serei?;8.017;Djavan;2025-09-07 12:34:05
Retrato da Vida;https://www.letras.mus.br/djavan/85910/;Esse matagal sem fimEssa estrada, esse rio secoEssa dor que mora em mimNão descansa e nem dorme cedoO retrato da minha vidaÉ amar em segredoNão quer saber de mimE eu vivendo da tua vidaDeus no céu e você aquiA esperança é quem me abrigaEsses campos não tardam em florirJá se espera uma boa colheitaE tudo parece seguirFazendo a vida tão direitaMas e você o que fazQue não repara no chãoPor onde tem que passarE pisa em meu coração?O teu beijo em meu destinoEra tudo o que eu queriaSer teu homem, teu meninoO ser amado de todo dia;111.731;Djavan / Dominguinhos;2025-09-07 12:34:05
Reverberou;https://www.letras.mus.br/djavan/reverberou/;"Reverberou(djavan)Com medo,Eu chamei pra dançar,Não sei nemSe você me ouviuMeu coração pra pular,Cê em vez de falar,Sorriu...Tomei aquilo como um sim;Meu corpo até reverberou!Vejo você levantar,Penso: vou abraçarO amor.Não sei se é assimQue o amor nasce,Mas sei que perambularPor beijos sem desejoNão é luz -- é o breu.E por ser ela a luz que me renasce,No instante em que eu a enlaçar,Socorro! posso pirarCom o calor do corpo dela.Meu deus!";10.738;Djavan;2025-09-07 12:34:05
Ridículo;https://www.letras.mus.br/djavan/ridiculo/;Não há o que fazerEu nasciCom tudo pra seguirComigo aprisionada a vocêA mesma raizDe uma vidaA doisCapaz de até morrerPor amorEu não via nadaMais sublimeSó em seu abraçoEu me encontravaRidículo!E fui descobrindoEm cada gestoA sanhaDe quem nunca prestouE chorei até ruirComo é que eu pudeTer a quemNunca me quis?E me enamoreiFui felizMe caseiCom alguémQue nuncaExistiu;703;Djavan;2025-09-07 12:34:05
Romance;https://www.letras.mus.br/djavan/85911/;Fruta-de-condeSua casca é um romanceMuito boinha vocêViu? Laranjinha doceDulcíssimaPitomba juraAmargura no caroçoGoiaba quase de vezMamoeiro dá um leiteQue felPitanga do céuAmor de maçãDebaixo do frioPor dentro do matoFruto do atoLigado à resina de cajáManga-espada inchadaEu sou do matoBrinquei com maturiVou ficando por aquiNas costas da madrugadaPor dentro do matoFruto do atoLigado à resina de cajáManga-espada inchadaEu sou do matoBrinquei com maturiVou ficando por aquiMeu bem me abraçaE a Lua quer me dizerTe amo;28.694;Djavan;2025-09-07 12:34:05
Romeiros;https://www.letras.mus.br/djavan/85912/;Capoeira galho secoBarro duro pé no chãoEspinho poeira e estradaBurro boi de carroçãoTudo isso tá láNo meu sertãoTudo isso tá láNo meu sertãoEu cansei os olhos de verO mato pariErva sidreira, erva daninhaM‹e boa ter de alecrimCarrapateira na beira da pistaCapim santo cançãoEssa lembrança me marea a vistaE rasga meu coração                         (bis)Capoeira galho secoBarro duro pé no chãoEspinho poeira estradaBurro boi de carroçãoTudo isso tá láNo meu sertãoTudo isso tá láNo meu sertãoA forma do cactos daQue nem se avaliaSamba cai caiBanho romeiroQue é noite de romariaReligiosamenteSe roga se reza canta-seLevanta fiéisCom muita alegriaVim beijar JesusQue é filho de Maria;4.493;Djavan;2025-09-07 12:34:06
Rua Dos Amores;https://www.letras.mus.br/djavan/rua-dos-amores/;Vê!O horizonte despe a luaA rua se amontoa pra verE a nua nem taí pra o que fazVerVocê assim descendo a ruaA lua, logo, passa a saberQuem é tudo quando encontra você!;29.192;Djavan;2025-09-07 12:34:06
Sabe você?;https://www.letras.mus.br/djavan/576156/;Você é muito mais que eu souEstá bem mais rico do que eu estouMas o que eu sei você não sabeE antes que o seu poder acabeEu vou mostrar como e por queEu sei, eu sei mais que vocêSabe você o que é o amor? Não sabe, eu seiSabe o que é um trovador? Não sabe, eu sei.Sabe andar de madrugada tendo a amada pela mãoSabe gostar, qual sabe nada, sabe, nãoVocê sabe o que é uma flor? Não sabe, eu sei.Você já chorou de dor? Pois eu chorei.Já chorei de mal de amor, já chorei de compaixãoQuanto à você meu camarada, qual o que, não sabe nãoE é por isso que eu lhe digo e com razãoQue mais vale ser mendigo que ladrãoSei que um dia há de chegar e isso seja quando forEm que você pra mendigar, só mesmo o amorVocê pode ser ladrão quando quiserMas não rouba o coração de uma mulherVocê não tem alegria, nunca fez uma cançãoPor isso a minha poesia, ah, ah, você não rouba nãoAh, ah, você não rouba não;29.866;Carlos Lyra / Vinícius de Moraes;2025-09-07 12:34:06
Sabes Mentir;https://www.letras.mus.br/djavan/1698143/;Sabes mentirHoje eu sei que tu sabes sentirUm falso amorAbrigaste em meu coraçãoSempre a iludirTu falavas com tanto ardorDessa paixãoQue dizias sentirMas tudo agora acabouPara mim terminou a ilusãoHoje esse amor já findouE afinal para que amarSempre a iludirTu beijavas com afeiçãoSempre a fingirUma falsa emoçãoSabes mentirHoje eu sei que tu sabes sentirUm falso amorAbrigaste em meu coraçãoSempre a iludirTu falavas com tanto ardorDessa paixãoQue dizias sentirMas tudo agora acabouPara mim terminou a ilusãoHoje esse amor já findouE afinal para que amarSempre a iludirTu beijavas com afeiçãoSempre a fingirUma falsa emoção;95.655;Othon Russo;2025-09-07 12:34:06
Sabor Impune;https://www.letras.mus.br/djavan/85913/;Entre a planta do meu péE o cume da sua cabeçaAcontece o que Deus não querMas permite à beçaQuem falou que uma ponte uneSuponho quis ser precisoMas gozou de um sabor impuneDe pranto e risoPelo pé que rama o chãoE o lume da sua estrelaDescanse a cabeça na mãoE vá dizer pra elaQue além dos que estão envolvidosNa flor da dura sementeEu juro pela alma dos banidosQue o resto é gente;3.582;Djavan;2025-09-07 12:34:06
Samba da Volta;https://www.letras.mus.br/djavan/samba-da-volta/;Você voltou, meu amorAlegria que me deuQuando a porta abriu você me olhouVocê sorriu, ah, você se derreteuE se atirou, me envolveu, nem brincouConferiu o que era seuÉ verdade, eu reconheçoEu tantas fiz, mas agora tanto fazO perdão pediu seu preço, meu amorEu te amo e Deus é mais;121;Toquinho / Vinicius de Moraes;2025-09-07 12:34:06
Samba Dobrado;https://www.letras.mus.br/djavan/580445/;Vai ser pior aindaQuando amanhecerTudo que se tem pra cantarNão dá pra embalarNem pra devolverO direito de escolherA música melhor para se dançarQuem faz parte dessa cenaGravando! Pode rodarPra cumprir a mesma penaNão é preciso ensaiarTá combinadoBasta aprender sambar dobradoBasta aprender sambar dobradoBasta aprender sambar dobradoBasta aprender sambar dobrado;17.680;Djavan;2025-09-07 12:34:06
Samurai (part. Stevie Wonder);https://www.letras.mus.br/djavan/11342/;Ai, quanto quererCabe em meu coraçãoAi, me faz sofrerFaz que me mata e se não mata, fereVai, sem me dizerNa casa da paixãoSai quando bem querTraz uma praga e me afaga a peleCrescei, luarPra iluminar as trevas fundas da paixãoEu quis lutar contra o poder do amorCaí nos pés do vencedorPara ser o serviçal de um samuraiMas eu tô tão feliz!Dizem que o amor atraiYeah, yeahAi, quanto quererCabe em meu coraçãoAi, me faz sofrerFaz que me mata e se não mata, fereVai, sem me dizerNa casa da paixãoSai quando bem querTraz uma praga e me afaga a peleCrescei, luarPra iluminar as trevas fundas da paixãoEu quis lutar contra o poder do amorCaí nos pés do vencedorPara ser o serviçal de um samuraiMas eu tô tão feliz!Dizem que o amor atraiOh, yeah, yeah, yeahOh, yeahYeah!;1.183.997;Djavan;2025-09-07 12:34:06
Samurai (versión en español);https://www.letras.mus.br/djavan/samurai-version-en-espanol/;¡Ay! Cuanto querer cabe en mi corazón¡Ay! Me hace sufrirCasi me mataY si no mata, hiere¡Ay! Sin avisar un golpe matadorVa alrededorComo una plagaQue me abrasa de fiebreLa luz lunar encenderá la negra noche de pasiónQuise luchar contra el más puro amorCaí a los pies del vencedor para ser el servidorDe un samuráiMe siento tan felizDicen que el amor atrae;12.147;Sabe de quem é a composição? Envie pra gente.;2025-09-07 12:34:07
Se Acontecer;https://www.letras.mus.br/djavan/89234/;As estrelas brilham sem saber,Mas cada vez melhorPois foi só você aparecerTodas desceram pra verVocê brilhar de cor.O que mais chamou minha atenção?Sua expressão sutilIsso eu já não posso esquecerPorque não foi só visão,O coração sentiu.A tenda da noite enche de sombraUm sonhar vazioPercorri tantas fontes até ver vocêSair do nada pros meus horizontesQue a manhã pura e sãCom as mãos de jasmim vá roçar seu rostoPro amor ardente despertar por mimDeus é pai, vai saberSe acontecer, serei seu até o fim!Em tempo de chuva, que chova:Eu não largo da sua mão!Nem que caia um raioEu saio sem você na imaginação.;99.844;Djavan;2025-09-07 12:34:07
Se Não Vira Jazz;https://www.letras.mus.br/djavan/se-nao-vira-jazz/;Pra conversar, brigar, beijarEu to pronto pra tudoNão quero nadaSem soluçãoViver é mais que bom demaisQuando o amorTá inclusoÉ um abusoDe perfeiçãoEu te quero sãComo uma florNo ardor do calor da manhãPra que lamentarO que a gente não fez?PassouAgora é outra vezPra se ligar, pra discutirComo reconstruir nossa pazE o ideal de um larBrilhar de novoSe não vira jazzPra conversar, brigar, beijarEu to pronto pra tudoNão quero nadaSem soluçãoViver é mais que bom demaisQuando o amorTá inclusoÉ um abusoDe perfeiçãoA noite a passear pela brumaVerá em cada colinaO quanto eu te amoDepois, a madrugada invadeUm sonho em que tu me tinhasAmor de verdade!;17.656;Djavan;2025-09-07 12:34:07
Se...;https://www.letras.mus.br/djavan/69400/;Você disse que não sabe se nãoMas também não tem certeza que simQuer saber?Quando é assim, deixa vir do coraçãoVocê sabe que eu só penso em vocêVocê diz que vive pensando em mimPode ser, se é assimVocê tem que largar a mão do nãoSoltar essa louca, arder de paixãoNão há como doer pra decidirSó dizer sim ou nãoMas você adora um seEu levo a sério, mas você disfarçaVocê me diz à beça e eu nessa de horrorE me remete ao frio que vem lá do sulInsiste em zero a zero, e eu quero um a umSei lá o que te dá, não quer meu calorSão Jorge, por favor, me empresta o dragãoMais fácil aprender japonês em braileDo que você decidir se dá ou nãoVocê disse que não sabe se nãoMas também não tem certeza que simQuer saber?Quando é assim, deixa vir do coraçãoVocê sabe que eu só penso em vocêVocê diz que vive pensando em mimPode ser, se é assimVocê tem que largar a mão do nãoSoltar essa louca, arder de paixãoNão há como doer pra decidirSó dizer sim ou nãoMas você adora um seEu levo a sério, mas você disfarçaVocê me diz à beça e eu nessa de horrorE me remete ao frio que vem lá do sulInsiste em zero a zero, e eu quero um a umSei lá o que te dá, não quer meu calorSão Jorge, por favor, me empresta o dragãoMais fácil aprender japonês em braileDo que você decidir se dá ou não;4.640.269;Djavan;2025-09-07 12:34:07
Sêca;https://www.letras.mus.br/djavan/45544/;A terra se quebrando todaA fome que humilha a todosVida se alimenta de dorQue pobre povo sem socorroPor que será que Deus pôs aliO ser pra ser assim sofredor?Sob a brasa do sol padecerDo desdém do poder fingidoSem saber o que é ser felizViver, como se diz, dá medoApesar de se ter céu azulO mesmo lá do sul, mesmo Deus;14.615;Djavan;2025-09-07 12:34:07
Seduzir;https://www.letras.mus.br/djavan/45545/;Cantar é mover o domDo fundo de uma paixão, seduzirAs pedras, catedrais, coraçãoAmar é perder o tomNas comas da ilusãoRevelar todo sentidoVou andar, vou voar pra ver o mundoNem que eu bebesse o marEncheria o que eu tenho de fundoVou andar, vou voar pra ver o mundoNem que eu bebesse o marEncheria o que eu tenho de fundoVou andar, vou voar pra ver o mundoNem que eu bebesse o marEncheria o que eu tenho de fundoCantar é mover o domDo fundo de uma paixão, seduzirAs pedras, catedrais, coraçãoAmar é perder o tomNas comas da ilusãoRevelar todo sentidoVou andar, vou voar pra ver o mundoNem que eu bebesse o marEncheria o que eu tenho de fundoVou andar, vou voar pra ver o mundoNem que eu bebesse o marEncheria o que eu tenho de fundoVou andar, vou voar pra ver o mundoNem que eu bebesse o marEncheria o que eu tenho de fundoVou andar, vou voar pra ver o mundoNem que eu bebesse o marEncheria o que eu tenho de fundoVou andar, vou voar pra ver o mundoNem que eu bebesse o marEncheria o que eu tenho de fundoVou andar, vou voar pra ver o mundoNem que eu bebesse o marEncheria o que eu tenho de fundo;198.727;Djavan;2025-09-07 12:34:07
Segredo;https://www.letras.mus.br/djavan/45546/;Desses olhosTenho medoQuer dizer tudoTudo é segredoVejo em sua corQue tudo será tristeSe um dia eu deixar de te verO teu beijoEu inventoNa sala escuraDo sentimentoQuando bate a dorEu sei que o amor existeE onde vive que eu chamoE não vemSofrer, cantarSocorrer, fugir da paixãoPra que?Mesmo onde há certeza de doresQue flores dãoQue nem de algodãoVago em teu calorSou, sou tão leveSe o amor é breveDeixa nascerPra ver;35.849;Djavan;2025-09-07 12:34:08
Sem Saber;https://www.letras.mus.br/djavan/45547/;A vida já é um absurdoCom você longe, muito maisA estrada é ruimTransito que não vaiMas com a gente tudo ia em pazÉ você que esquenta sem saberVocê não me vê como eu souQuando vou te verDias sem calorQue fará? O que me dirá?Fui pra cama cedoTemendo o mistérioQue desasossegoMe diz o que quer - eu douE não douesperando nadaDouSilêncio da noiteA noite brilhandoMeu bem eu te adoroEu sigo pensando em vo..Vou não vou?Eu preciso dela, vou!Enfrentar o caosConceder é construirRetirar o salVamos ver, se ela sorrirSorrirei tambémE farei, seja o que forPra voltar atrásE o que mais vale o amor?;28.125;Djavan;2025-09-07 12:34:08
Sentimento Verdadeiro;https://www.letras.mus.br/djavan/11345/;Pode ser quem fornasceu pra ter amorsó não sabequando ele viráse é cerca de florou jogo de azarsó quem tem amorsabe contarum sentimento verdadeiropassa a céu e chãofaz do tormentopassageiro do coraçãovive por sisempre aprendendoa existirquase não pensa no que fazquando é pra se dartão queridoquanto nada maisé o que hásem se conterou é tudoou não dápra servaga entre o lírioda luz solare a agonia do quebra-marforjado em ourotesouroque não existe pra se comprarcomo um amigoestende a mãotingidade solidão;48.845;Djavan;2025-09-07 12:34:08
Serrado;https://www.letras.mus.br/djavan/45548/;Se o Senhor me for louvadoEu vou voltar pro meu cerradoPor ali ficou quem temperouO meu amor e semeou em mimEssa incrível saudadeSe é por vontade de DeusValei, valeiSe pedir a Deus pelo meu prazerNão for pecado, vou rezarPra quando eu voltar a reverTodas as brincadeiras do passadoCortejar meu cerradoEm dia, feriadoViva o cordão azul e encarnadoEu sei, serei feliz de novoMeu povo, deixa eu chorar com vocêSerei feliz de novoMeu povo, deixa eu chorar com vocêSerei feliz de novoMeu povo, deixa eu chorar;93.621;Djavan;2025-09-07 12:34:08
Sevilhando;https://www.letras.mus.br/djavan/sevilhando/;Andaluz é o marE o negro nosso trigoCantam pra confirmarAmor em cada abrigoOnde os dois proclamamQue só quem amaNão teme o perigoE não querem nadaAlém de a todosCom o canto encantarMas Sevilha plantouNa Alagoas nataUm fiel servidorA par do que se trataE uma música negraVai sevilhandoTudo ali na lataE só é inteiroO que aclamaToda forma de amorAo se falar de vidaVê-se o quanto é tão sérioNada mais é a vidaQue sede de um grande impérioDeus é quem dá o caminhoMas as pernas são as suasTrate de vencerA tudo quanto for subidaDecidaUma é saber comoA outra é nada saberQueria sândaloMas também podia ser camomilaOu mesmo lavandaOu vanilaPara enfrentar o viver;3.279;Sabe de quem é a composição? Envie pra gente.;2025-09-07 12:34:08
Sílaba;https://www.letras.mus.br/djavan/79143/;Quem me dirá não o que desejo nem o que seiMas aquilo de que precisoSem botar nem tirar uma sílaba?Quem saberá contar o enredoSem alterar o tom, o teor e o desfechoSem errar, nem mudar uma vírgula?Toda amizade tem seus deslizesDa empolgação à desilusãoÉ o afã que a gente temSabendo onde vai darNum cenário idealizadoBem que o desejo fala mais claroDiz logo ao que vem sem enrolaçãoMas se alguém insiste em ficar boiando na dorOra, faça-me o favor!;15.237;Djavan / Lulu Santos;2025-09-07 12:34:08
Sim Ou Não;https://www.letras.mus.br/djavan/45549/;Um dia preciso irNa casa da solidãoSó pra saberSe o que sofriDá pra beberOutra paixãoEm mimO amor se fezDo jeitoQue se inventouToda razãoPerde o seu fimSe um coraçãoFor o juizVai redimirO medo de amarSaudadeEnquantoO amor ferirE o prantoA dor sararNão digo nãoNem dou o simDeixoO meu coraçãoChorar por mim;50.993;Djavan;2025-09-07 12:34:09
Sina;https://www.letras.mus.br/djavan/45550/;Pai e mãe, ouro de minaCoração, desejo e sinaTudo mais, pura rotina, jazzTocarei seu nome pra poder falar de amorMinha princesa, art-nouveau da naturezaTudo o mais, pura beleza, jazzA luz de um grande prazerÉ irremediável neonQuando o grito do prazerAçoitar o ar, réveillonO luar, estrela-do-marO Sol e o domQuiçá, um dia, a fúria desse frontVirá lapidar o sonho até gerar o somComo querer caetanear o que há de bomO luar, estrela-do-marO Sol e o domQuiçá, um dia, a fúria desse frontVirá lapidar o sonho até gerar o somComo querer caetanear o que há de bomYeah, yeah, yeahPai e mãe, ouro de minaCoração, desejo e sinaTudo o mais, pura rotina, jazzTocarei seu nome pra poder falar de amorMinha princesa, art-nouveau da naturezaTudo o mais, pura beleza, jazzA luz de um grande prazerÉ irremediável neonQuando o grito do prazerAçoitar o ar, réveillonO luar, estrela-do-marO Sol e o domQuiçá, um dia, a fúria desse frontVirá lapidar o sonho até gerar o somComo querer caetanear o que há de bomO luar, estrela do marO Sol e o domQuiçá, um dia, a fúria desse frontVirá lapidar o sonho até gerar o somComo querer caetanear o que há de bomYeah, yeah, yeahYeah, yeah, yeahYeahYeah;2.347.759;Djavan;2025-09-07 12:34:09
Slogan (part. Sandra de Sá e Marina Lima);https://www.letras.mus.br/djavan/slogan-part-sandra-de-sa-e-marina-lima/;LarO catavento manda mundo girarÉ este o sloganLar, doce larO dia vem raiandoMãe IemanjáNos protejaAbençoe, minha mãeAs crianças de todo Brasil (Brasil)E de todo mundo tambémIemanjá!Livrai os povos da guerraE do amor aproxime-osMãe IemanjáLar, doce larO dia vem raiandoMãe IemanjáNos protejaSabe por que digo isto?Porque já vivi nesse mundo ao léuA necessidade obriga a raciocinarÉ quando pego a chorarPego a chorar, choroPorque cada um pode ter seu próprio larMãe IemanjáLar, doce larO dia vem raiandoMãe IemanjáNos protejaO catavento manda mundo girarÉ este o sloganSabe por que digo isto?Porque já vivi nesse mundo ao léuA necessidade obriga a raciocinarÉ quando pego a chorarPego a chorar, choroPorque cada um pode ter seu próprio lar;24;Cassiano;2025-09-07 12:34:09
So Bashiya Ba Hlala Ekhaya;https://www.letras.mus.br/djavan/1743212/;So bashiya ba hlala ekhayaSaphuma sangena kwamanye amanzweLathokumgazi khona ubaba no mamaHlale inkululekoSe si thi hlala ehkayaSe si thi ngena kwamanye amanzweLathokumgazi khona ubaba no mamaHlale inkululekoSo bashiya ba thobeniSaphuma sangena kwamanye amanzweLathokumgazi khona ubaba no mamaHlale inkululeko;7.271;Sabe de quem é a composição? Envie pra gente.;2025-09-07 12:34:09
Só Eu Sei (part. BK');https://www.letras.mus.br/djavan/so-eu-sei-part-bk/;Só eu sei (aham, aham, aham, aham)As esquinas por que passei-ei-ei-ei (fala)Só eu sei (só eu sei, só eu sei, só eu sei)Só eu seiSó eu sei (aham, aham, aham)As esquinas por que passei-ei-ei-eiSó eu sei (só eu sei, só eu sei, só eu sei)Só eu seiÓTudo tem que começar de algum lugar, lembra de nóis sem a chuteira?Só a vontade de jogar, huh, só a vontade de ganharEntão, até o fundo do poço era lugar pra treinarÉ que a vida é uma estrada e eu tô pisando fundoDe braços abertos pro mundoÓ, estamos de frente pro mar, você teme se molhar, eu mergulhoViver não me assusta maisMesmo com o peso do mundo, ser ágilSer de carne, ser de osso e ter a mente de açoTu sabe onde eu ando, mas não pode ver meus passosTe mostro como agir num ambiente onde ninguém é confiávelDeram murros, eu escapeiMe deram muros, eu escalei, óSem tempo pra orar e Ele pra me escutar, então sou rápidoSó falo com Deus: Me perdoe e obrigado e, humApós a tempestade, vou agradecer (agradecer)Quando acabar a guerra, vou agradecer (agradecer)Enquanto o Sol brilhar, vou agradecerAgradecerPorqueSó eu seiAs esquinas por que passei-ei-ei-eiSó eu seiSó eu sei (aham, aham)ÓTá no mapa do tesouroQue o caminho é perigosoÉ um campo minado, todos são alvosCom monstros que não têm coração, mas têm olhoQuase tudo brilha, quase nada é ouroQuase tudo é briga, quase mato e morroMas olha onde você tá procurando a verdadeA rua é covardeÓFazer grana pra ficar cobertoNinguém sabe quando o inverno chegaO topo é areia movediça, que eu nunca me esqueçaTrazemos ódio e disposição, lealdade, e você? O que que traz pra mesa?Viver muito como um rei, essa é minha respostaMinha vida nas dezesseis, essa é minha apostaE ninguém mora na minha mentePorque é lá que o perigo mora(Só eu sei)(Só eu sei)(As esquinas por que, só eu sei)(As esquinas por que passei-ei-ei-ei)Só eu sei (aham, aham, aham, aham)As esquinas por que passei-ei-ei-ei (fala)Só eu sei (só eu sei, só eu sei, só eu sei, hum)Só eu sei (só eu sei, só eu sei, só eu sei e)Só eu sei (ei, hey, ei)As esquinas por que passei-ei-ei-ei (aham, aham, aham, aham e)Só eu sei (só eu sei, só eu sei, só eu sei, ó)Só eu sei (só eu sei, só eu sei, só eu sei)Só eu sei;89;BK' / Djavan / NansySilvvz;2025-09-07 12:34:09
Só Pra Ser o Sol;https://www.letras.mus.br/djavan/so-pra-ser-o-sol/;Cheguei assim normal, cabreiroMas, chegando bemUhu! Você disse que vinha e veioNão acrediteiE cheguei a tremerPensei em você virando armárioPra chegar em mimQue bom! Te verTão linda e desejadaVocê comigo tudo é muito antigoNovo é amarEu quero o mundo pra te darA fim de te merecerO quanto esperei?Primeiro encontro:Tudo é tanto e como bate fundoPoder te amar e não pretenderMais nada nesse mundoUi, demorou, fuiPro meio do laçoAi, e quem não vaiEu vou e faço,Ali, como não ir?Agora é horaUi! Pronto já fui:Virou históriaLá, o céu azulE mesmo o marÉ todo azulPor ela!Fiquei assim, bobei, não seiNunca vi nada igualEu tenho pra mim que você veioSó pra ser o sol;19.058;Djavan;2025-09-07 12:34:09
Só Tinha de Ser Com Você;https://www.letras.mus.br/djavan/167896/;É, só tinha de ser com vocêHavia de ser prá vocêSenão era mais uma dorSenão não seria o amorAquele que o mundo não vêO amor que chegou para darO que ninguém deu prá vocêO amor que chegou para darO que ninguém deu prá vocêÉ, você que é feito de azulMe deixa morar neste azulMe deixa encontrar minha pazVocê que é bonito de maisSe ao menos pudesse saberQue eu sempre fui só de vocêE você sempre foi só de mimQue eu sempre fui só de vocêVocê sempre foi só de mimÉ, só eu sei quanto amor eu guardeiSem saber que era só prá vocêÉ, só eu sei quanto amor eu guardeiSem saber que era só prá vocêÉ, só tinha de ser com vocêHavia de ser prá vocêSenão era mais uma dorSenão não seria o amorAquele que o mundo não vêO amor que chegou para darO que ninguém deu prá vocêO amor que chegou para darO que ninguém deu prá você;88.553;Aloysio de Oliveira / Tom Jobim;2025-09-07 12:34:09
Solitude;https://www.letras.mus.br/djavan/solitude/;Amor em quedaMesmo tal moedaPerde cotaçãoUm mundo loucoEvolui aos poucosPela contramãoO erro invadeTudo o que é cidadeCai na imensidãoGuerra vende armas, mantém cargosDestrói sonhos, tudo de uma vezSensatezNão tem vezVidas fardos, meros dadosIncontáveis casos de desamorQuanta dorMuita dorParece tardeFalar de amizadeVer com o coraçãoE desse jeitoReparar defeitoEstendendo a mãoGuerra vende armas, mantém cargosDestrói sonhos, tudo de uma vezSensatezNão tem vezVidas fardos, meros dadosIncontáveis casos de desamorQuanta dorMuita dorQuem é que sabeO quanto lhe cabeDessa solitude?Por isso a horaDe fazer é agoraTome uma atitude;105.941;Djavan;2025-09-07 12:34:09
Sorri;https://www.letras.mus.br/djavan/45551/;SorriQuando a dor te torturarE a saudade atormentarOs teus dias tristonhos, vaziosSorriQuando tudo terminarQuando nada mais restarDo teu sonho encantadorSorriQuando o sol perder a luzE sentires uma cruzNos teus ombros cansados, doridosSorriVai mentindo a tua dorE ao notar que tu sorrisTodo mundo irá suporQue és felizSmile;505.149;Charles Chaplin / G;2025-09-07 12:34:10
Sorriso de Luz (part. Gilson Peranzzetta);https://www.letras.mus.br/djavan/sorriso-de-luz/;No primeiro olhar deu pra imaginarVai acontecerTentei evitar, mas ao desviarVi um céu de estrelasE ao sorrir, que luz!Seu riso tem uma luz que ninguém mais traduzSó o luarChegou pra ficar, pra iluminarE me enlouquecerAo se aproximar, não deu pra negarNão pude esconderLi no seu olhar, estava escrito láAté nas estrelasE ao sorrir, que luz!Que brilho ela possuiMeu Deus, ela seduz com o seu olharVeio pra ficar, pra me encantarE me envolverLoucos pra sonhar, foram se entregarSem ninguém saberRisos pelo ar, livres para amarSede de viverNão sei como foi, mas se a vida pôsTudo entre nós dois, então vai serE esse amor em nós vai sorrir apósCada amanhecerAo se aproximar, não deu pra negarNão pude esconderLi no seu olhar, estava escrito láAté nas estrelasE ao sorrir, que luz!Que brilho ela possuiMeu Deus, ela seduz com o seu olharVeio pra ficar, pra me encantarE me envolver;190.294;Gilson Peranzzetta / Nelson Wellington;2025-09-07 12:34:10
Soweto;https://www.letras.mus.br/djavan/85914/;Kinshasa, beiruteMaranhãoO negro que lutePra poder sonharEm mudar isso aquiO poder tem tantas mãosE só sabe mentirQuanto mais se dizE mais o povo querEleiçãoNinguém esperava verA terra estremecerCom o apartheidDeus salve sowetoCarícia e calorNos guetosDe cada canto do mundoMeu amorCom tantos assuntosE eu a te adorarAbsurdo seriaNão pensar que é normalSe armar todo diaPara combater o malO povo votariaE assim eu amareiA serra, a maréO litoralDeus salve sowetoSubtrai de governoOs que trairãoEsses nãoJá tem gente demaisA querer mandarO povo quer florescerE ganhar a vida;21.985;Djavan;2025-09-07 12:34:10
Stephen's Kingdom;https://www.letras.mus.br/djavan/stephens-kingdom/;Kinshasa, beirut, maranhaoA final salute to three fine soldiersAs their daddies had beenAs their sons would after themForgive me, my fatherBut the cause is lostAnd no one´s left to win it backWe have emptied the fountainPulled the last of the gold from the mountainFarewell now sowetoI will remember the rest of my daysA paraffin moonDistant fireA weary platoon on watch ´til morningToo frightened to sleepTo even take a breath too deepToo young to rememberHow it came to pass that back becameThe enemyWe have drunk from the fountainLined our pockets with gold fromThe mountainFarewell now sowetoAnd goodbye africaTo the sound of rifle and drumStephens´s kingdom has comeAnd has overcomeThere´s no power like the mightOf tomorrow´s dreamSound the rifle and drumStephen´s kingdom has comeAnd they will be doneThere´s no conquering the mightOf tomorrow´s dreamKinshasa, beirut, maranhaoA final salute to three fine soldiersAs their daddies had beenAs their sons would after themForgive me, my fatherBut the cause is lostAnd no one´s left to win it backWe have emptied the fountainPulled the last of the gold fromThe mountainFarewell now sowetoAnd goodbye africaTo the sound of rifle and drumStephens´s kingdom has comeAnd has overcomeThere´s no power like the mightOf tomorrow´s dreamSound the rifle and drumStephen´s kingdom has comeAnd they will be doneThere´s no conquering the mightOf tomorrow´s dreamThere´s no conquering the mightOf tomorrow´s dream;1.423;Djavan;2025-09-07 12:34:10
Sururu de Capote;https://www.letras.mus.br/djavan/81737/;Ê saravá é sucuriÊ sarará de pratajiEis o siri-de-coralSururu na casca é capoteNo nordeste tem Santo Antônio, São BenedictoTem matrimônio de corpo invictoQuatro pimentas um prato feitoUma tapa na venta pra quem não comer direitoÊ rapariga não se torturaDor de barriga, cidreira curaÉ na casinha que se fazAquela mocinha tá ficando um rapazEm São Paulo é bom, mas como lá eu não digoVou pegar ônibus vou rever meu umbigoEm São Paulo é bom, mas como lá eu não digoVou pegar ônibus vou rever meu umbigo;8.223;Djavan;2025-09-07 12:34:10
Tainá-Flor;https://www.letras.mus.br/djavan/98350/;Tainá quer bemA seus iguaisAos bichos tambémTainá querBem demaisQuer protegerDar seus cuidadosSeja porqueNão pode verNada erradoA floresta é seu lugarAli nasceu e se criouE aprendeu a amarFruto da mataTainá-FlorO pajé lhe confiouA pedra de muiraquitãLhe deu força e coragemNo calcanhar do caçadorTainá saiuHomem com serra de motorÁrvore nem viuLá pros ladosDo igarapé do arco-írisSeu povo e a mataConvivemOs bichos e o rioSão livres;15.443;Djavan;2025-09-07 12:34:10
Tanta Saudade;https://www.letras.mus.br/djavan/85915/;Era tanta saudadeÉ pra matarEu fiquei até doenteEu fiquei até doente, meninaSe eu não mato a saudadeÉ, deixa estarA saudade mata a genteA saudade mata a genteQuis saber o que é o desejoDe onde ele vemFui até o centro da terraE é mais alémProcurei uma saídaO amor não temEstava ficando loucoLouco, louco de querer bemQuis chegar até o limiteDe uma paixãoBaldear o oceanoCom a minha mãoEncontrar o sal da vidaE a solidãoEsgotar o apetiteTodo o apetite do coraçãoMas voltou a saudadeÉ, pra ficarAi, eu encarei de frenteAi, eu encarei de frente, meninaSe eu ficar na saudadeÉ, deixa estarA saudade engole a genteA saudade engole a gente, meninaAi amor, miragem minhaMinha linha do horizonteÉ monte atrás de monte, é monteA fonte nunca mais que secaAi, saudade, inda sou moçoAquele poço não tem fundoÉ um mundo e dentro um mundoE dentro um mundo e dentro um mundoE dentro é o mundo que me leva;164.294;Chico Buarque / Djavan;2025-09-07 12:34:10
Tão Raro;https://www.letras.mus.br/djavan/85916/;Naquele instanteEm que o dia caiE o sol finge brilharPra noiteTodos os pássarosBuscam um canto pra sonharE todo desejo é maior, hum!...Quer me torturar, hein?O que mais eu queroÉ saber se me quer ou nãoO que desejar, temO mais sinceroTudo em mim é vocêVeja bem, hum!...Naquele instanteEm que o dia caiE o sol finge brilharPra noiteTudo é tão raroQuanto é inviávelTer que se achar na vidaAmando só.;18.359;Djavan;2025-09-07 12:34:10
Tarzan, o Filho do Alfaiate;https://www.letras.mus.br/djavan/1296639/;Quem foi que disse que eu era forte?Nunca pratiquei esporte, nem conheço futebolO meu parceiro sempre foi o travesseiroE eu passo o ano inteiro sem ver um raio de SolA minha força bruta resideEm um clássico cabide, já cansado de sofrerMinha armadura é de casimira duraQue me dá musculatura, mas que pesa e faz doerEu poso pros fotógrafos, e distribuo autógrafosA todas as pequenas lá da praia de manhãUm argentino disse, me vendo em CopacabanaNo hay fuerza sobre-humana que detenga este TarzanDe lutas não entendo abacatePois o meu grande alfaiate não faz roupa pra brigarSou incapaz de machucar uma formigaNão há homem que consiga nos meus músculos pegarCheguei até a ser contratadoPra subir em um tablado, pra vencer um campeãoMas a empresa, pra evitar assassinatoRasgou logo o meu contrato quando me viu sem roupãoEu poso pros fotógrafos, e distribuo autógrafosA todas as pequenas lá da praia de manhãUm argentino disse, me vendo em CopacabanaNo hay fuerza sobre-humana que detenga este TarzanQuem foi que disse que eu era forte?Nunca pratiquei esporte, nem conheço futebolO meu parceiro sempre foi o travesseiroE eu passo o ano inteiro sem ver um raio de SolA minha força bruta resideEm um clássico cabide, já cansado de sofrerMinha armadura é de casimira duraQue me dá musculatura, mas que pesa e faz doer;4.732;Noel Rosa / Vadico;2025-09-07 12:34:11
Tem Boi Na Linha;https://www.letras.mus.br/djavan/85917/;Café com pão no Vera CruzJejum limão em JaperiA bolsa e a vida dançam nesse tremTe cuida!Sacola, cabaço, futuro, tutuTem boi na linha, seu Honório GurgelLá vai barão pras filipetasComendador entrou no pauTuriaçu sem gororobaFez desse trem cabrioléNegão quebrou a gabirobaÉ, é CordovilCavalo de ferro, tchhhhCavalo de ferro, tchhhhCavalo de ferro, tchhhhUdp-um, udp-dois, udp-três, udp-mil e udputisgrila udfêdapêCascudo, pedrada, cuspida, pisadaVai pra Anchieta, seu Vigário GeralEngavetou, descarrilhouDescarrilhei, quebrei tambémAi, Santa Cruz, não sou JesusNão sou Jesus em Santa CruzSomos zumbisTodos os santosMeu vai-e-vemParece o vaivém do tremParece o vaivém do tremParece o vaivém do trem;9.475;Aldir Blanc / Djavan / Paulo Emilio;2025-09-07 12:34:11
Temporal;https://www.letras.mus.br/djavan/85918/;Voce passa e tudo perde a graçameus olhos passam a depender de tinão tem jeito o estrago já foi feitofeito um temporal voce bate em mimO mar bateu, voce me pegoupra confirmar o sol desmaioua onda vai, meu coração carregaO mar bateu, voce me pegoupra confirmar o sol desmaioua onda vai, meu coração carregaVoce mente diz que é amor que senteseu sentimento é uma torre de areiavoce sabe , seu coração não abrenão minta não pra não ficar feiaO mar bateu, o vento soproue vai quebrar na minha dora onda vem , seu sentimento levaO mar bateu, o vento soproue vai quebrar na minha dora onda vem , seu sentimento levaQuem me dera ter o céu ser seu meninocom a lança da paixão vencer o seu destinoser a noite só pra te dar um sonhoonde eu estou pra te prender com um abraço;16.718;Djavan;2025-09-07 12:34:11
Tenha Calma / Sem Você;https://www.letras.mus.br/djavan/85919/;Quer me deixarNão sei porquêDeixa eu pensarPra sei lá, verO que fazerPra você ficar?Sem seu amorA vida passa em vãoSe você forO que é de vidro quebraNo meu coraçãoSeu olhar é lindoVer você sorrindoÉ demaisPor favor não fazMe dizer adeusVai me botar a perderTenha calmaNão se vá meu pop starTenha féTe prometo vir a serDo jeito que você querUm amor de mulherMeu amorMeu amor nuncaTe ausentes de mimPara que eu viva em pazPara que eu não sofra maisTanta mágoa assimNum mundo sem você;60.228;Djavan;2025-09-07 12:34:11
Tenho Medo de Ficar Só;https://www.letras.mus.br/djavan/tenho-medo-de-ficar-so/;Tenho medo de ficar sóSem um bem não se viveDesviveEu não suporto ser quem souQuando estou sem ninguémTudo é feito de ausênciaCarênciaConheço esse estadoTodos os ladosNada me faz felizE vivo sob um céu que nada me dizNão importa se amado eu forSó me vale o que eu sintoNão mintoAmar me faz superiorTudo queda aos meus pésTudo me é possívelOu crívelEsqueço os demais simples mortaisSó me interessa o amorAlguém para cultivar uma vida em flor;5.886;Djavan;2025-09-07 12:34:11
Them Belly Full;https://www.letras.mus.br/djavan/64665/;"Na-na-na-na-na-na-na-na-na;Na-na-na-na-na-na-na-na-na;Na-na-na-na-na-na-na-na-na;Na-na-na-na-na-na-na-na-na.Them belly full but we hungry.A hungry mob is a angry mob.A rain a-fall but the dirt it tough;A pot a-cook but the food no 'nough.You're gonna dance to JAH music, dance.We're gonna dance to JAH music, dance.Forget your troubles and dance.Forget your sorrow and dance.Forget your sickness and dance.Forget your weakness and dance.Cost of living get so high,Rich and poor, they start a cry.Now the weak must get strong.They say, ""Oh, what a tribulation.""Them belly full but we hungry.A hungry mob is a angry mob.A rain a-fall but the dirt it tough;A pot a-cook but the food no 'nough.We're gonna chuck to JAH music, chuckin'.We're chuckin' to JAH music, we're chuckin'.A belly full but them hungry.A angry mob is a angry mob.A rain a-fall but the dirt it tough;A pot a-cook but the food no 'nough.A angry man is a angry man.A rain a-fall but the dirt it tough;A pot a-cook but the food no 'nough.(Repeat)A angry mob is a angry mob.";3.950;Bob Marley;2025-09-07 12:34:11
Todas As Horas;https://www.letras.mus.br/djavan/85920/;As horas que passamE levam um pouco de mimSão horas findas e predestinadasA mesma ilusão sem fimSão horas que provam do meu sofrerHora H , dia DSão horas tontas da mesma bebidaQue nos faz na vida um atorHoras de fogo caídas no bronzeFeridas nas doses do amorFaz tanto tempo que eu me apaixoneiQue hoje sei bem melhorTodas as horasTodas as horasTodas as horas de cor;14.007;Djavan;2025-09-07 12:34:11
Topázio;https://www.letras.mus.br/djavan/45552/;Kremlin, BerlimSó pra te verE poder rirLuzes, jasmimMeu coração, vaso quebradoIlusão, fugirDa fronteira de topázio e lãVou até rubiSeduçãoPoder sonharEstupidezVocê arrasaE me arrasouSó pra anoitecerO que é escuroNinguém me beijouMais puroTô lembrando de vocêUma vez...Kremlin, BerlimPra não dizer TelavivIlusãoFugir de mim.;38.907;Djavan;2025-09-07 12:34:11
Total Abandono;https://www.letras.mus.br/djavan/85921/;Você jurou em se vingarQuando se concretizou o meu abandono do larMas até hoje eu não descobriOnde é que eu fui erradoEu não podia viverTotal e completamente enganadoVocê feriu meu coraçãoPorém não se tocou que homem não é leãoNada é mais sensato do que esquecerE recomeçarApesar do que há se que passouA vida vai continuarNada é mais sensato do que esquecerE recomeçarApesar do que há que se passouA vida vai continuar;9.168;Djavan;2025-09-07 12:34:12
Transe;https://www.letras.mus.br/djavan/85922/;Abra o seu coraçãoQue eu quero passarAndar de tremFlores beijando o chãoPedras a sonharTudo em transe de amorAs carícias virãoSoltas pelo arVindas do alémE no meu coraçãoOu qualquer lugarTudo brilhará tambémAli onde o ar beira a luzTodo encanto vai navegarNo decorrer de uma paixãoTempestade nasce no ventoCresce e se faz mulherPra me levarNa ilusãoAbra o seu coraçãoQue eu quero passarAndar de tremFlexas de solidãoCantam pra saudarNoites de luarEm vão;26.496;Djavan;2025-09-07 12:34:12
Treze de Dezembro;https://www.letras.mus.br/djavan/1789532/;Bem que esta noite eu vi gente chegandoEu vi sapo saltitandoE ao longe ouvi o ronco alegre do trovãoAlguma coisa forte pra valerEstava para acontecer na regiãoQuando o galo cantouQue o dia raiou eu imagineiÉ que hoje é treze de dezembro e a treze de dezembroNasceu nosso reiO nosso rei do baiãoA maior voz do sertãoFilho do sonho de Dom SebastiãoComo fruto do matrimônioDo cometa JanuárioCom a estrela SantanaAo nascer da era do AquárioNo cenário rico das terras de ExuO mensageiro nu dos orixásÉ desse treze de dezembroQue eu me lembrarei e sei que não me esquecerei jamais;5.105;Luiz Gonzaga / ZÃ© Dantas;2025-09-07 12:34:12
Triste Baía da Guanabara;https://www.letras.mus.br/djavan/85923/;Ah! Minha Santa IdolatradaNão fazia quase nadaPela minha fidelidadeAh! Só por vocêEu entreguei sem recusar meu coraçãoMe sentia nos seus braçosNuma grade de celaBelo Horizonte, sombra de velaA descrença mais sinceraPela minha sinceridadeAh! Você jurouE prometeu, mas não me deu o seu amorEu faria da injúriaA canção mais singelaÁgua roladaCéu de aquarelaTe perjuro, te desprezoPela minha felicidadeAh! Você entrou na minha vidaMas comigo não viveuEu sabia, fruta boaTá na ponta da varaTriste baía da GuanabaraLua branca, noite claraPela minha triste cidadeAh! Sem ter vocêMeu coração só quer lembrar a minha dorEu queria que soubesseQue te amar não consola;7.880;Novelli / Cacaso;2025-09-07 12:34:12
Triste É o Cara;https://www.letras.mus.br/djavan/triste-e-o-cara/;Triste é o caraQue só sabe o que é bom,Que não sai do leblon,Que nunca ficou à toa.Triste é o caraQue não sabe perder,Que não sai de você,Que nunca se superou.Triste é aqueleQue’ inda não conhece avariaNada sabe do bluesIgnora à luz do dia.Triste é o caraQue de amor não morreu.Como nada perdeu,Até hoje não se achou!Um destinoTão banal,Uma vida igualConcedeu, arregou,Sob o pânico da dor.Que besteiraTudo é beira,Na mangueiraE nego vive de amor.Ilusão,Amar é solução.;18.492;Djavan;2025-09-07 12:34:12
Um Amor Puro;https://www.letras.mus.br/djavan/11341/;O que há dentro do meu coraçãoEu tenho guardado pra te darE todas as horas que o tempo tem pra me concederSão tuas, até morrerE a tua história, eu não seiMas me diga só o que for bomUm amor tão puro que ainda nem sabe a força que temÉ teu e de mais ninguémTe adoro em tudo, tudo, tudoQuero mais que tudo, tudo, tudoTe amar sem limites, viver uma grande históriaTe adoro em tudo, tudo, tudoQuero mais que tudo, tudo, tudoTe amar sem limites, viver uma grande históriaAqui ou noutro lugarQue pode ser feio ou bonitoSe nós estivermos juntosHaverá um céu azul, ohUm amor puroNão sabe a força que temMeu amor, eu juroSer teu e de mais ninguémUm amor puroO que há dentro do meu coraçãoEu tenho guardado pra te darE todas as horas que o tempo tem pra me concederSão tuas, até morrerE a tua história, eu não seiMas me diga só o que for bomUm amor tão puro que ainda nem sabe a força que temÉ teu e de mais ninguémTe adoro em tudo, tudo, tudoQuero mais que tudo, tudo, tudoTe amar sem limites, viver uma grande históriaTe adoro em tudo, tudo, tudoQuero mais que tudo, tudo, tudoTe amar sem limites, viver uma grande históriaTe adoro em tudo, tudo, tudoQuero mais que tudoTe amar sem limites, viver uma grande históriaOhTe amar sem limites, viver uma grande históriaTe adoro em tudo, tudo, tudoQuero mais que tudo, tudo, tudoTe amar sem limites, viver uma grande história;3.551.028;Djavan;2025-09-07 12:34:12
Um Dia;https://www.letras.mus.br/djavan/85924/;Um dia, eu sonhei que era lindoQue era lindo se amarMas, acho que eu me enganeiMe enganei eQuando a noite me calaEu procuro, eu procuro não sonharCom o que no mundo não háQual será o tempo que eu precisoPra que eu possa entenderMe acostumarCom essa ilusãoOutro coraçãoNão vai poder me enganarNão vai poder me enganar;89.421;Djavan;2025-09-07 12:34:13
Um Quase Amor;https://www.letras.mus.br/djavan/um-quase-amor/;Você me pede pra manter segredoSobre o que não aconteceuQue eu nada tente dizerDo que não houve entre você e euJogando luzes sobre os mínimos detalhesDe algo que não se confirmouDenunciando o nascerDe um quase amorTudo era quase, talvezQuem sabe ou nãoE nada era tão ou talQue pudesse ser prazerosoEra algo assim bem acintosoUm desuso que cresceuNo meio do nadaUma cena de amor que ficou lá congeladaVocê me pede pra manter segredoSobre o que não aconteceuQue eu nada tente dizerDo que não houve entre você e euJogando luzes sobre os mínimos detalhesDe algo que não se confirmouDenunciando o nascerDe um quase amorTudo era quase, talvezQuem sabe ou nãoE nada era tão ou talQue pudesse ser prazerosoEra algo assim bem acintosoUm desuso que cresceuNo meio do nadaUma cena de amor que ficou lá congelada;4.839;Djavan;2025-09-07 12:34:13
Uma Brasileira;https://www.letras.mus.br/djavan/uma-brasileira/;Rodas em sol, trovas em dóUma brasileira, ôUma forma inteira, ôYou, you, youNada demaisNada atravésUma légua e meia, ôUma brasa incendeia, ôYou, you, youDeixa o sal no marDeixe tocar aquela cançãoOne more timeTatibitateTrate-me, trateComo um candeeiro, ôSomos do interior do milhoE esse ão de sãoHei de cantar naquela cançãoOne more time;12.232;Carlinhos Brown / Herbert Vianna;2025-09-07 12:34:13
Vaidade;https://www.letras.mus.br/djavan/76861/;Vempois já nasce o diaesqueçamos tudo de ontemo que eu não fariapara apagaro que eu dissede nós doiso indivíduo exaltadofala pelos cotovelosacaba se descontrolandoe desse jeitoé impossívelnão ferireu, que sempre vi vocêsorrindo nos meus braçosnão, a me iluminar os ladosmais esquivosdos meus traçosferiu-me de vaidadesua verdade duravocê disseo que erapra dizere eu faleisó loucuraspor favorvolta aíque eu voufazer de tudopara me redimir;13.281;Djavan;2025-09-07 12:34:13
Valsa Brasileira;https://www.letras.mus.br/djavan/1755307/;Vivia a te buscarPorque pensando em tiCorria contra o tempoEu descartava os diasEm que não te viComo de um filmeA ação que não valeuRodava as horas pra trásRoubava um pouquinhoE ajeitava o meu caminhoPra encostar no teuSubia na montanhaNão como anda um corpoMas um sentimentoEu surpreendia o solAntes do sol raiarSaltava as noitesSem me refazerE pela porta de trásDa casa vaziaEu ingressariaE te veriaConfusa por me verChegando assimMil dias antes de te conhecer;8.277;Chico Buarque / Edú Lobo;2025-09-07 12:34:13
Vamos Fugir;https://www.letras.mus.br/djavan/784403/;Vamos fugirDeste lugar, babyVamos fugirTo cansado de esperarQue você me carregue.Vamos fugirPro outro lugar, babyVamos fugirPra onde quer que você váQue você me carregue[Refrão]Pois diga que iráIrajá, IrajáPra onde eu só beijar você,Você beijar mim sóMarajó, MarajóQualquer outro lugar comum, outro lugar qualquerGuaporé, Guaporé.Qualquer outro lugar ao sol, outro lugar ao sul.Céu azul, céu azul.Onde haja só meu corpo nuJunto ao seu corpo nuVamos fugirPro outro lugar, baby.Vamos fugirPra onde haja um tobogã,Onde a gente escorregue[Refrão]Vamos fugirDeste lugar, baby.Vamos fugirTo cansado esperarQue você me carregue.Todo dia de manhãFlores que a gente regueUma banda de maçãOutra banda de ReggaeTo cansado de esperarQue você me carregue.Pra onde querQue você váQue você me carregueDiga que irá...;39.121;Gilberto Gil / Liminha;2025-09-07 12:34:13
Ventos do Norte;https://www.letras.mus.br/djavan/45553/;Bem vinda não sei de ondeNão sei como apareceuSe foi dos ventos do NorteOu da maré que cresceuToquei o seu lindo rostoE logo me apaixoneiAmei com bastante gostoTomei o posto de reiÉ como se eu tivesseToda a força de uma prece a me rodearÉ como se eu tivesseToda a força de uma prece a me rodearO meu amor foi tão grandeQue eu nem pude atinarToda maré, todo ventoComo vem torna a voltarAssim se foi meu amorDeixando como lembrançaA barra de sua saiaJogada na areia brancaÉ como se eu tivesseToda a força de uma prece pra não chorarÉ como se eu tivesseToda a força de uma prece pra não chorar;33.693;Djavan;2025-09-07 12:34:13
Vesúvio;https://www.letras.mus.br/djavan/vesuvio/;Você quis namorar e eu achei divertidoMas o mar tem ondaComeçou a rolar, foi ganhando sentidoTodo mar tem ondaQuando vi, já não havia nada no prumoO Sol é de ouroO que dá pra fazer quando se perde o rumo?O Sol cai no marNo mar, cai no marE a onda é de ouroDe ouro, de ouroEu nunca achei que fosse nadaPra ficar e fazer o que fezE ver você sempre ligadaNo que faz, pra ter mais, toda vezVocê é do amargo e eu sou do azedoMas o mar tem ondaQuando for demorar, nunca se vá tão cedoTodo mar tem ondaNunca tive pra mim que você fosse tantoO Sol é de ouroMas se vai-se de mim, deixa um jardim em prantoE o Sol cai no marNo mar, cai no marE a onda é de ouroDe ouro, de ouroEu nunca achei que fosse nadaPra ficar e fazer o que fezE ver você sempre ligadaNo que faz, pra ter mais, toda vezQuem me dera saber o que nunca foi ditoMas o mar tem ondaPra tentar descrever outras formas que habitoTodo mar tem ondaVocê tem um poder que me lembra o VesúvioO Sol é de ouroQue na foz do prazer me transforma em dilúvioE o Sol cai no marNo mar, cai no marE a onda é de ouroDe ouro, de ouroE o Sol cai no marNo mar, cai no marE a onda é de ouroDe ouro, de ouro;88.355;Djavan;2025-09-07 12:34:13
Vida Nordestina;https://www.letras.mus.br/djavan/vidas-nordestinas/;A vida não é de festaPara o povo do sertãoMas até quem não tem emprestaDá a mãoA vida é mais doloridaPra esse povo sofredorMesmo assim só se vê perdidaDe amorAté o lar onde falta o pãoTem lá seus dias de alegriaAo abrigar uma novenaPra fazer oraçãoA fé do povo é o que há de seuSem ela tudo vai ser piorNem roça, nem gadoExistem sem DeusMas quando é dia de festaTodo povo do sertãoDança para aparar as arestasDo coraçãoAs moças já tão bonitasFicam lindas como quêE o homem nem acreditaNo que vêVestindo igreja e palácioCoroa e catedralPara o reisado se dançarChegança e pastorilSe dança pelo natalDia de reis é o finalCoco de roda e toréOrgulho da regiãoQue agradava a lampiãoGuerreiro e maracatuQuadrilha e bumba-meu-boiE só saudadeDepois;13.873;Djavan;2025-09-07 12:34:14
Vida Real (Dejame Ir);https://www.letras.mus.br/djavan/45554/;Quem sabe assimVocê vai aprender que amarNão é brincar de amor e sofrerFaz parte do quererMais uma vezVocê só quis amar à vocêE agora compreende porqueAmar é perigoso demaisA vida ensina que não se aprende a viverSenão vivendo entre o não e o simAgora chora e a quem queriasNão te ama e foi emboraSeca tuas lágrimas e olha pra mimMe diz o que é que eu posso dizerSe é noite em nossa vida realOu sonho que não teve finalQuem sabe assimVocê vai aprender que amarNão é brincar de amor e sofrerFaz parte do quererMais uma vezVocê só quis amar à vocêE agora compreende porqueAmar é perigoso demais;34.345;Chico Novarro / Mike Ribas / Nelson Motta;2025-09-07 12:34:14
Vidas Pra Contar;https://www.letras.mus.br/djavan/vidas-pra-contar/;No correr da noiteTudo é espreitaDestemidosVaga-lumes luz-sombreiamSemiescondidosMuitos morreramPurosSem ver a manhãÀ sombra da noiteNos palacetesDormem odaliscasEm seus retretesSerão mocinhasDe sonhos verdesPurasNa luz da manhãFui ver vidas pra contarEnquanto o sono incertoNão vemAcolherNa noite eu perdi meu olharImagens não paramDe referirE envolverNão é naturalMas fazia bemNão estar perdidoPor ninguém;8.231;Djavan;2025-09-07 12:34:14
Violeiros;https://www.letras.mus.br/djavan/85925/;Anteontem minha genteFui juiz numa funçãoDe violeiros no nordesteCantando em competiçãoVi cantar Dimas Batista e Otacílio seu irmãoOuvi um tal de FerreiraOuvi um tal de JoãoUm a quem faltava um braçoTocava com uma só mãoMas como ele mesmo disseCom veia de emoçãoEu canto a desesperançaVou na alma e dou um nóQuem me ouvir vai ter lembrançaDe Tomás de um braço sóOutro por nome de EuclidesPedia com voz mais roucaMaior atenção de EuridesMas dizem que ela era moucaJá o Joca de CarminhaNão via a hora chegarPor onde anda Nezinha que não vem me ver cantar?Aquilo é mulher de LuaDia tá bem, outro nãoGosta de mim, mas não vêFuturo na profissãoMesmo assim jurou que vinhaE me fez ficar contandoSem saber cadê NezinhaJoca foi desanimandoFriagem no lajedoNo ar do olhar um tormentoCantar os males mode apagarUm amor ardendoDentre todos repentistasZé Jacinto é o mais meninoEsse nem tava na listaMas é neto de JovinoJoão Braúna e PernambucoArribaram sem cantarUm porque tava de lutoO outro não quis explicarCá no desvão do nordesteA vida não vale o nomeÉ gente que nasce e crescePra dividir sede e fomeMal começou Zé de TonhaTodos caíram vencidosCantando suas vergonhasFoi ele o mais aplaudidoFriagem no lajedoNo ar do olhar um tormentoCantar os males mode apagarUm amor ardendo;11.485;Djavan;2025-09-07 12:34:14
Vive;https://www.letras.mus.br/djavan/vive/;É inútil chorarNoites enveredarRuir por nada assimMinha vida é suaComo o marinheiro do marSofrer, não há por queDesencana, meu amorTudo seu é muita dorViveDeixa o tempo resolverO que tem que acontecerLivreTanto que eu sonheiNos amar a pleno vaporTanto que eu quisFazê-la estrelaDa sagração de um ser felizDesinflama, meu amorDo seu jeito é muita dorViveDeixa o tempo resolverSe tiver que acontecerViveDesencana, meu amorTudo seu é muita dorViveDeixa o tempo resolverO que tem que acontecerLivreTanto que eu sonheiNos amar a pleno vaporTanto que eu quisFazê-la estrelaDa sagração de um ser felizDesinflama, meu amorDo seu jeito é muita dorViveDeixa o tempo resolverSe tiver que acontecerViveDesencana, meu amorTudo seu é muita dorViveDeixa o tempo resolverO que tem que acontecerLivre;88.297;Djavan;2025-09-07 12:34:14
Viver É Dever;https://www.letras.mus.br/djavan/viver-e-dever/;Tudo vai mal, muito salNada vai bem pra ninguémNessa pressão, quem há de dar a mão?Pra que o mundo saia lá do fundo pra respirarE não morrerTem que plantar muito maisReflorestar ideaisIdeia boa não acontece à toaUma vida pra ser bem vivida tem que se darAcudir, amparar, prestar mais atençãoPois viver é dever, se negar é pior, merecer cada mãoA paixão é o sol que se espalha no arMesmo ao anoitecerPois viver é dever, se negar é pior, o melhor é viverNo mesmo dia de sol que traz o amareloA nuvem esconde o arrebol no mundo paraleloNem queira saber, meu amor, o quanto eu te queroNo mesmo dia de sol que traz o amareloA nuvem esconde o arrebol no mundo paraleloNem queira saber, meu amor, o quanto eu te queroTem que plantar muito maisReflorestar ideaisIdeia boa não acontece à toaUma vida pra ser bem vivida tem que se darAcudir, amparar, prestar mais atençãoPois viver é dever, se negar é pior, merecer cada mãoA paixão é o sol que se espalha no arMesmo ao anoitecerPois viver é dever, se negar é pior, o melhor é viverPois viver é deverNa paixão pelo arSe negar é piorMesmo ao anoitecerVai brilhar como o solO melhor é viver;7.460;Djavan;2025-09-07 12:34:14
Você Bem Sabe;https://www.letras.mus.br/djavan/45555/;Você bem sabeQue eu não sei te dizerTudo o que sinto por vocêMas você bem sabeQue we always lieBut we can never say goodbyeVocê nem sabeMe dizer o que sentir no coraçãoMente sem ter razãoNão vou fugirMas não vou ficarSempre loving youSó porque we were so happyVocê não quer dizer que não querMas também não dizSe é felizE tem um novo amorVai ou não vaiQue eu vou ou não vouSeja como forCom você, sem vocêCom você, sem vocêA gente tem é que crescer;71.745;Djavan / Nelson Motta;2025-09-07 12:34:14
Você É;https://www.letras.mus.br/djavan/85926/;Sou um pouco árabeVivo das paixõesHá geraçõesPor AndaluziaJá cansei de andarTrago no meu cantoGlórias ancestraisE posso morrer de amorGitano eu souO que eu tenho de índioVai compartilharDesilusõesTriste, na florestaEm que nasceu pra amarMeu Deus, que pecadoO que o homem fazAo desfazer de tudoO que o índio éEu sou negro ainda,Pra não contar com milagresE na ousadiaAlmejar a maisSei que a vida é duraMas ela é justa tambémE é só: só quem faz, tem!Já que nasceu, vai fundo e tudo bemVocê nasceu pra tudo o que é seuNem queira saber o quanto você temVocê é, você quer, você podeE se não se renderChega lá;68.346;Djavan;2025-09-07 12:34:14
Você Pode Ser Atriz;https://www.letras.mus.br/djavan/voce-pode-ser-atriz/;As dores se queixamDo quanto os amoresSão febrisTudo está por um trizDo fimSe o amorSó lhe fez sofrerNão se queixeDe mimEu, por mais que tenteNão consigo ver uma razãoPra tanta indecisãoNo amorO que é pra verO Sol ressurgirPode aumentarA dorLamentar o que perdeuNão váNão era seuE, no que pese a dorJá morreuVá ser felizEmpinar o narizE se o mundoNão corresponderVocê pode ser atriz;816;Sabe de quem é a composição? Envie pra gente.;2025-09-07 12:34:14
Zumbi;https://www.letras.mus.br/djavan/1432363/;Zumbi, comandante guerreiroOgunhê, ferreiro-mor capitãoDa capitania da minha cabeçaMandai a alforria pro meu coraçãoMinha espada espalha o sol da guerraRompe mato, varre céus e terraA felicidade do negro é uma felicidade guerreiraDo maracatu, do maculelê e do moleque bambaMinha espada espalha o sol da guerraMeu quilombo incandescendo a serraTal e qual o leque, o sapateado do mestre-escola de sambaTombo-de-ladeira, rabo-de-arraia, fogo-de-liambaEm cada estalo, em todo estopim, no pó do motimEm cada intervalo da guerra sem fimEu canto, eu canto, eu canto, eu canto, eu canto, eu canto assim:A felicidade do negro é uma felicidade guerreira!A felicidade do negro é uma felicidade guerreira!A felicidade do negro é uma felicidade guerreira!Brasil, meu Brasil brasileiroMeu grande terreiro, meu berço e naçãoZumbi protetor, guardião padroeiroMandai a alforria pro meu coração;11.974;Waly Salomão;2025-09-07 12:34:15
