titulo;url;letra;views;composicao
august;https://www.letras.mus.br/taylor-swift/august/;Salt air and the rust on your doorI never needed anything moreWhispers of: Are you sure?Never have I ever beforeBut I can see us lost in the memoryAugust slipped away into a moment in time'Cause it was never mineAnd I can see us twisted in bedsheetsAugust sipped away like a bottle of wine'Cause you were never mineYour back beneath the SunWishing I could write my name on itWill you call when you're back at school?I remember thinking I had youBut I can see us lost in the memoryAugust slipped away into a moment in time'Cause it was never mineAnd I can see us twisted in bedsheetsAugust sipped away like a bottle of wine'Cause you were never mineBack when we were still changing for the betterWanting was enoughFor me, it was enoughTo live for the hope of it allCancel plans just in case you'd callAnd say: Meet me behind the mallSo much for summer love and saying us'Cause you weren't mine to loseYou weren't mine to lose, ohBut I can see us lost in the memoryAugust slipped away into a moment in time'Cause it was never mineAnd I can see us twisted in bedsheetsAugust sipped away like a bottle of wine'Cause you were never mine'Cause you were never mineNever mineBut do you remember?Remember when I pulled up and said: Get in the carAnd then canceled my plans just in case you'd call?Back when I was livin' for the hope of it all, for the hope of it allMeet me behind the mall(Remember when I pulled up and said: Get in the car)(And then canceled my plans just in case you'd call?)(Back when I was livin' for the hope of it all, for the hope of it all)(Meet me behind the mall)Remember when I pulled up and said: Get in the carAnd then canceled my plans just in case you'd call?Back when I was livin' for the hope of it all (for the hope of it all)For the hope of it all, for the hope of it all(For the hope of it all, for the hope of it all);2.306.276;Taylor Swift / Jack Antonoff
cardigan;https://www.letras.mus.br/taylor-swift/cardigan/;Vintage tee, brand-new phoneHigh heels on cobblestonesWhen you are young, they assume you know nothingSequin smile, black lipstickSensual politicsWhen you are young, they assume you know nothingBut I knew youDancin' in your Levi'sDrunk under a streetlight, II knew youHand under my sweatshirtBaby, kiss it better, IAnd when I felt like I was an old cardiganUnder someone's bedYou put me on and said I was your favoriteA friend to all is a friend to noneChase two girls, lose the oneWhen you are young, they assume you know nothingBut I knew youPlaying hide-and-seek andGiving me your weekends, II knew youYour heartbeat on the High LineOnce in twenty lifetimes, IAnd when I felt like I was an old cardiganUnder someone's bedYou put me on and said I was your favoriteTo kiss in cars and downtown barsWas all we neededYou drew stars around my scarsBut now I'm bleedin''Cause I knew youSteppin' on the last trainMarked me like a bloodstain, II knew youTried to change the endingPeter losing Wendy, II knew youLeavin' like a fatherRunning like water, IAnd when you are young, they assume you know nothingBut I knew you'd linger like a tattoo kissI knew you'd haunt all of my what-ifsThe smell of smoke would hang around this long'Cause I knew everything when I was youngI knew I'd curse you for the longest timeChasin' shadows in the grocery lineI knew you'd miss me once the thrill expiredAnd you'd be standin' in my front porch lightAnd I knew you'd come back to meYou'd come back to meAnd you'd come back to meAnd you'd come backAnd when I felt like I was an old cardiganUnder someone's bedYou put me on and said I was your favorite;2.404.561;Aaron Dessner / Taylor Swift
Daylight;https://www.letras.mus.br/taylor-swift/daylight/;My love was as cruel as the cities I lived inEveryone looked worse in the lightThere are so many lines that I've crossed unforgivenI'll tell you the truth, but never goodbyeI don't wanna look at anything else now that I saw youI don't wanna think of anything else now that I thought of youI've been sleeping so long in a twenty-year dark nightAnd now, I see daylightI only see daylightLuck of the draw only draws the unluckyAnd so I became the butt of the jokeI wounded the good and I trusted the wickedClearing the air, I breathed in the smokeMaybe you ran with the wolves and refused to settle downMaybe I've stormed out of every single room in this townThrew out our cloaks and our daggers because it's morning nowIt's brighter now, nowI don't wanna look at anything else now that I saw you(I can never look away)I don't wanna think of anything else now that I thought of you(Things will never be the same)I've been sleeping so long in a twenty-year dark night(Now, I'm wide awake)And now, I see daylight (daylight), I only see daylight (daylight)I only see daylight, daylight, daylight, daylightI only see daylight, daylight, daylight, daylightAnd I can still see it all (in my mind)All of you, all of me (intertwined)I once believed love would be (black and white)But it's golden (golden)And I can still see it all (in my head)Back and forth from New York (sneaking in your bed)I once believed love would be (burning red)But it's goldenLike daylight, like daylightLike daylight, daylightI don't wanna look at anything else now that I saw you(I can never look away)And I don't wanna think of anything else now that I thought of you(Things will never be the same)I've been sleeping so long in a twenty year dark night(Now, I'm wide awake)And now, I see daylight (I see daylight), I only see daylight (ah)I only see daylight, daylight, daylight, daylightI only see daylight, daylight, daylight, daylight (aah)I only see daylight, daylight, daylight, daylight (and I can still see it all)(Back and forth from New York)I only see daylight, daylight, daylight, daylight(I once believed love would be burning red)Like daylightIt's goldenLike daylightYou gotta step into the daylight and let it goJust let it go, let it goI wanna be defined by the things that I loveNot the things I hateNot the things that I'm afraid of, I'm afraid ofNot the things that haunt me in the middle of the night, II just think thatYou are what you love;1.382.992;Taylor Swift
Love Story;https://www.letras.mus.br/taylor-swift/1332481/;We were both young when I first saw youI close my eyes and the flashback startsI'm standing thereOn a balcony in summer airSee the lights, see the party, the ball gownsSee you make your way through the crowdAnd say: HelloLittle did I knowThat you were Romeo, you were throwing pebblesAnd my daddy said: Stay away from JulietAnd I was crying on the staircaseBegging you: Please, don't goAnd I said: Romeo, take me somewhere we can be aloneI'll be waiting, all there's left to do is runYou'll be the prince and I'll be the princessIt's a love story, baby, just say yesSo I sneak out to the garden to see youWe keep quiet 'cause we're dead if they knewSo close your eyesEscape this town for a little while, uh, oh'Cause you were Romeo, I was a scarlet letterAnd my daddy said: Stay away from JulietBut you were everything to meI was begging you: Please, don't goAnd I said: Romeo, take me somewhere we can be aloneI'll be waiting, all there's left to do is runYou'll be the prince and I'll be the princessIt's a love story, baby, just say yesRomeo, save me, they're trying to tell me how to feelThis love is difficult, but it's realDon't be afraid, we'll make it out of this messIt's a love story, baby, just say yesOh, ohI got tired of waitingWondering if you were ever coming aroundMy faith in you was fadingWhen I met you on the outskirts of townAnd I said: Romeo, save me, I've been feeling so aloneI keep waiting for you, but you never comeIs this in my head? I don't know what to thinkHe knelt to the ground and pulled out a ringAnd said: Marry me, Juliet, you'll never have to be aloneI love you and that's all I really knowI talked to your dad, go pick out a white dressIt's a love story, baby, just say yesOh, oh, ohOh, oh, oh, oh'Cause we were both young when I first saw you;4.263.685;Taylor Swift
Red;https://www.letras.mus.br/taylor-swift/red/;Loving him is like driving a new MaseratiDown a dead end streetFaster than the wind, passionate as sinEnding so suddenlyLoving him is like trying to change your mindOnce you're already flying through the free fallLike the colours in autumn, so brightJust before they lose it allLosing him was blue, like I'd never knownMissing him was dark gray, all aloneForgetting him was like trying to know somebody you never metBut loving him was red (red, red, red, red)Loving him was red (red, red, red, red)Touching him was like realizing all you ever wantedWas right there in front of youMemorizing him was as easy as knowing all the wordsTo your old favorite songFighting with him was like trying to solve a crosswordAnd realizing there's no right answerRegretting him was like wishing you'd never found outThat love could be that strongLosing him was blue, like I'd never knownMissing him was dark gray, all aloneForgetting him was like trying to know somebody you never metBut loving him was red (red, red)Oh, red (red, red)Burning red (red, red, red, red)Remembering him comes in flashbacks and echoesTell myself it's time now, gotta let goBut moving on from him is impossibleWhen I still see it all in my headIn burning redBurning, it was redOh, losing him was blue, like I'd never knownMissing him was dark gray, all aloneForgetting him was like trying to know somebody you never met'Cause loving him was red (red, red)Yeah, yeah, red (red, red)Oh, burning red (red, red, red, red)And that's why he's spinning 'round in my headComes back to me burning red (red, red)Yeah, yeah (red, red)His love was like driving a new MaseratiDown a dead end street;1.836.714;Taylor Swift
The Prophecy;https://www.letras.mus.br/taylor-swift/the-prophecy/;Hand on the throttle, thought I caught lightning in a bottleOh, but it's gone againAnd it was written, I got cursed like Eve got bittenOh, was it punishment?Pad around when I get home, I guess a lesser woman would've lost hopeA greater woman wouldn't beg, but I looked to the sky and saidPlease, I've been on my knees, change the prophecyDon't want money, just someone who wants my companyLet it once be me, who do I have to speak toAbout if they can redo the prophecy?Cards on thе table, mine play out like fools in a fablеOh, it was sinking in (sinking in) (aah)Slow is the quicksand, poison blood from the wound of the pricked handOh, still I dream of himPlease, I've been on my knees, change the prophecyDon't want money, just someone who wants my companyLet it once be me, who do I have to speak toAbout if they can redo the prophecy?And I sound like an infant, feelin' like the very last drops of an ink penA greater woman stays cool, but I howl like a wolf at the MoonAnd I look unstable, gathered with a coven 'round a sorceress' tableA greater woman has faith, but even statues crumble if they're made to waitI'm so afraid I sealed my fate, no sign of soulmatesI'm just a paperweight in shades of greigeSpendin' my last coin so someone will tell meIt'll be okayOoh, oohOoh, oohPlease, I've been on my knees, change the prophecyDon't want money, just someone who wants my companyLet it once be me, who do I have to speak toAbout if they can redo the prophecy?Who do I have to speak to to change the prophecy?Hand on the throttle, thought I caught lightning in a bottleOh, but it's gone againPad around when I get home, I guess a lesser woman would've lost hopeA greater woman wouldn't beg, but I looked to the sky and saidPlease;329.686;Aaron Dessner / Taylor Swift
Lover;https://www.letras.mus.br/taylor-swift/lover/;We could leave the Christmas lights up till JanuaryThis is our place, we make the rulesAnd there's a dazzling haze, a mysterious way about you, dearHave I known you 20 seconds or 20 years?Can I go where you go?Can we always be this close, forever and ever?And ah, take me out, and take me homeYou're my, my, my, myLoverWe could let our friends crash in the living roomThis is our place, we make the callAnd I'm highly suspicious that everyone who sees you wants youI've loved you three summers now, honey, but I want 'em allCan I go where you go?Can we always be this close, forever and ever?And ah, take me out, and take me home (forever and ever)You're my, my, my, myLoverLadies and gentlemen, will you, please, stand?With every guitar string scar on my handI take this magnetic force of a man to be my loverMy heart's been borrowed and yours has been blueAll's well that ends well to end up with youSwear to be overdramatic and true to my loverAnd you'll save all your dirtiest jokes for meAnd at every table, I'll save you a seat, loverCan I go where you go?Can we always be this close, forever and ever?And ah, take me out, and take me home (forever and ever)You're my, my, my, myOh, you're my, my, my, myDarling, you're my, my, my, myLover;2.851.721;Taylor Swift
loml;https://www.letras.mus.br/taylor-swift/loml/;Who's gonna stop us from waltzing back into rekindled flamesIf we know the steps anyway?We embroidered the memories of the time I was awayStitching: We were just kids, babeI said: I don't mind, it takes timeI thought I was better safe than starry-eyedI felt aglow like this, never before and never sinceIf you know it in one glimpse, it's legendaryYou and I go from one kiss to getting marriedStill alivе, killing time at the cemеteryNever quite buriedIn your suit and tie, in the nick of timeYou low-down boy, you stand-up guyHoly ghost, you told me I'm the love of your lifeYou said I'm the love of your lifeAbout a million timesWho's gonna tell me the truth when you blew in with the winds of fateAnd told me I reformed youWhen your impressionist paintings of heaven turned out to be fakes?Well, you took me to hell tooAnd all at once, the ink bleedsA con man sells a fool a get-love-quick schemeBut I felt a hole like this, never before and ever sinceIf you know it in one glimpse, it's legendaryWhat we thought was for all time was momentaryStill alive, killing time at the cemeteryNever quite buriedYou cinephile in black and whiteAll those plot twists and dynamiteMister Steal-Your-Girl, then make her crySaid I'm the love of your lifeYou shit-talked me under the tableTalking rings and talking cradlesI wish I could unrecall how we almost had it allDancing phantoms on the terraceAre they second-hand embarrassedThat I can't get out of bed?'Cause something counterfeit's deadIt was legendaryIt was momentaryIt was unnecessaryShould've let it stay buriedOh, what a valiant roarWhat a bland goodbyeThe coward claimed he was a lionI'm combing through the braids of liesI'll never leave, nevermindOur field of dreams engulfed in fireYour arson's match, your somber eyesAnd I'll still see it until I dieYou're the loss of my life;447.119;Taylor Swift / Aaron Dessner
Shake It Off;https://www.letras.mus.br/taylor-swift/shake-it-off/;I stay out too lateGot nothing in my brainThat's what people say, hm, hmThat's what people say, hm, hmI go on too many datesBut I can't make them stayAt least that's what people say, hm, hmThat's what people say, hm, hmBut I keep cruisingCan't stop, won't stop movingIt's like I got this musicIn my mind, saying it's gonna be alright'Cause the players gonna play (play, play, play, play)And the haters gonna hate (hate, hate, hate, hate)Baby, I'm just gonna shake (shake, shake, shake, shake)I shake it off, I shake it offHeartbreakers gonna break (break, break, break, break)And the fakers gonna fake (fake, fake, fake, fake)Baby, I'm just gonna shake (shake, shake, shake, shake)I shake it off, I shake it offI never miss a beatI'm lightning on my feetAnd that's what they don't see, hm, hmThat's what they don't see, hm, hmI'm dancing on my own (dancing on my own)I make the moves up as I go (moves up as I go)And that's what they don't know, hm, hmThat's what they don't know, hm, hmBut I keep cruisingCan't stop, won't stop groovingIt's like I got this musicIn my mind, saying it's gonna be alright'Cause the players gonna play (play, play, play, play)And the haters gonna hate (hate, hate, hate, hate)Baby, I'm just gonna shake (shake, shake, shake, shake)I shake it off, I shake it offHeartbreakers gonna break (break, break, break, break)And the fakers gonna fake (fake, fake, fake, fake)Baby, I'm just gonna shake (shake, shake, shake, shake)I shake it off, I shake it offShake it off, I shake it offI, I, I shake it off, I shake it offI, I, I shake it off, I shake it offI, I, I shake it off, I shake it offHey, hey, hey!Just think while you've been getting down and out about the liarsAnd the dirty, dirty cheats of the worldYou could've been getting down to this sick beatMy ex-man brought his new girlfriendAnd she's like: Oh my GodBut I'm just gonna shakeAnd to the fella over there with the hella good hairWon't you come on over, baby?We can shake, shake, shakeYeah, oh!'Cause the players gonna play (play, play, play, play)And the haters gonna hate (hate, hate, hate, hate) (haters gonna hate)Baby, I'm just gonna shake (shake, shake, shake, shake)I shake it off, I shake it offHeartbreakers gonna break (break, break, break, break)And the fakers gonna fake (fake, fake, fake, fake)Baby, I'm just gonna shake (shake, shake, shake, shake)I shake it off, I shake it offShake it off, I shake it offI, I, I shake it off, I shake it offI, I, I shake it off, I shake it offI, I, I shake it off, I shake it offShake it off, I shake it offI, I, I shake it off, I shake it offI, I, I shake it off, I shake it offI, I, I shake it off, I shake it offShake it off, I shake it offI, I, I shake it off, I shake it off (you got to)I, I, I shake it off, I shake it offI, I, I shake it off, I shake it off;3.501.052;Taylor Swift / Shellback / Max Martin
So High School;https://www.letras.mus.br/taylor-swift/so-high-school/;I feel so high school every time I look at youI wanna find you in a crowd just to hide from youAnd in a blink of a crinkling eyeI'm sinking, our fingers entwinedCheeks pink in the twinkling lightsTell me 'bout the first time you saw meI'll drink what you think and I'm highFrom smoking your jokes all damn nightThe brink of a wrinkle in timeBittersweet sixteen suddenlyI'm watching American Pie with you on a Saturday nightYour friends are around, so be quietI'm trying to stifle my sighs'Cause I feel so high school every time I look at you, but look at youBa-ba-ba-ba-baAre you gonna marry, kiss, or kill me (kill me)?It's just a game, but really (really)I'm bettin' on all three (all three) for us twoGet my car door, isn't that sweet (that sweet)?Then pull me to the backsеat (backseat)No one's evеr had me (had me), not like youTruth, dare, spin bottlesYou know how to ball, I know AristotleBrand new, full throttleTouch me while your bros play Grand Theft AutoIt's true, swear, scout's honorYou knew what you wanted, and, boy, you got herBrand new, full throttleYou already know, babeI feel like laughing in the middle of practiceDo that impression you did of your dad againI'm hearing voices like a madmanAnd in a blink of a crinkling eyeI'm sinking, our fingers entwinedCheeks pink in the twinkling lightsTell me 'bout the first time you saw meI'll drink what you think and I'm highFrom smoking your jokes all damn nightThe brink of a wrinkle in timeBittersweet sixteen suddenlyI'm watching American Pie with you on a Saturday nightYour friends are around, so be quietI'm trying to stifle my sighs'Cause I feel so high school (feel so high school) every time I look at you, but look at youTruth, dare, spin bottlesYou know how to ball, I know AristotleBrand new, full throttleTouch me while your bros play Grand Theft AutoIt's true, swear, scout's honorYou knew what you wanted, and, boy, you got herBrand new, full throttleYou already know, babe (you already know, babe);299.302;Taylor Swift / Aaron Dessner
You Belong With Me;https://www.letras.mus.br/taylor-swift/1372185/;You're on the phone with your girlfriend, she's upsetShe's going off about something that you said'Cause she doesn't get your humor like I doI'm in my room, it's a typical Tuesday nightI'm listening to the kind of music she doesn't likeAnd she'll never know your story like I do'Cause she wears short skirts, I wear t-shirtsShe's cheer captain and I'm on the bleachersDreaming 'bout the day when you wake up and findThat what you're looking for has been here the whole timeIf you could see that I'm the one who understands youBeen here all along, so why can't you see?You belong with meYou belong with meWalking in the streets with you and your worn-out jeansI can't help thinking this is how it ought to beLaughing on a park bench thinking to myselfHey, isn't this easy?And you've got a smile that could light up this whole townI haven't seen it in a while since she brought you downYou say you're fine, I know you better than thatHey, what ya doing with a girl like that?She wears high heels, I wear sneakersShe's cheer captain and I'm on the bleachersDreaming about the day when you wake up and findThat what you're looking for has been here the whole timeIf you could see that I'm the one who understands youBeen here all along, so why can't you see?You belong with meStanding by and waiting at your backdoorAll this time how could you not know, baby?You belong with meYou belong with meOh, I remember you driving to my houseIn the middle of the nightI'm the one who makes you laughWhen you know you're about to cryI know your favorite songsAnd you tell me about your dreamsThink I know where you belongThink I know it's with meCan't you see that I'm the one who understands you?Been here all along, so why can't you see?You belong with meStanding by and waiting at your backdoorAll this time how could you not know, baby?You belong with meYou belong with meYou belong with meHave you ever thought just maybeYou belong with meYou belong with me;4.054.210;Liz Rose / Taylor Swift
All Too Well (10 Minute Version);https://www.letras.mus.br/taylor-swift/all-too-well-10-minute-version-taylors-version-from-the-vault/;I walked through the door with you, the air was coldBut somethin' 'bout it felt like home somehowAnd I left my scarf there at your sister's houseAnd you've still got it in your drawer, even nowOh, your sweet disposition and my wide-eyed gazeWe're singin' in the car, getting lost upstateAutumn leaves fallin' down like pieces into placeAnd I can picture it after all these daysAnd I know it's long gone andThat magic's not here no moreAnd I might be okay, but I'm not fine at allOh, oh, oh'Causе there we arе again on that little town streetYou almost ran the red 'cause you were lookin' over at meWind in my hair, I was thereI remember it all too wellPhoto album on the counterYour cheeks were turnin' redYou used to be a little kid with glasses in a twin-sized bedAnd your mother's tellin' stories 'bout you on the tee-ball teamYou taught me 'bout your past thinkin' your future was meAnd you were tossing me the car keysFuck The Patriarchy keychain on the groundWe were always skippin' townAnd I was thinkin' on the drive down: Any time nowHe's gonna say it's loveYou never called it what it wasTill we were dead and gone and buriedCheck the pulse and come back swearing, it's the sameAfter three months in the graveAnd then you wondered where it went to as I reached for youBut all I felt was shameAnd you held my lifeless frameAnd I know it's long gone andThere was nothing else I could doAnd I forget about you long enoughTo forget why I needed to'Cause there we are again in the middle of the nightWe're dancin' 'round the kitchen in the refrigerator lightDown the stairs, I was thereI remember it all too wellAnd there we are again when nobody had to knowYou kept me like a secret, but I kept you like an oathSacred prayer and we'd swearTo remember it all too well, yeahWell, maybe we got lost in translationMaybe I asked for too muchBut maybe this thing was a masterpiece till you tore it all upRunnin' scared, I was thereI remember it all too wellAnd you call me up again just to break me like a promiseSo casually cruel in the name of bein' honestI'm a crumpled-up piece of paper lyin' here'Cause I remember it all, all, allThey say all's well that ends wellBut I'm in a new hell every timeYou double-cross my mindYou said if we had been closer in ageMaybe it would've been fineAnd that made me want to dieThe idea you had of me, who was she?A never-needy, ever-lovely jewelWhose shine reflects on youNot weepin' in a party bathroomSome actress askin' me what happened: YouThat's what happened: YouYou who charmed my dad with self-effacing jokesSippin' coffee like you're on a late-night showBut then he watched me watch the front door all nightWillin' you to comeAnd he said: It's supposed to be funTurning twenty-oneTime won't fly, it's like I'm paralyzed by itI'd like to be my old self againBut I'm still tryin' to find itAfter plaid shirt days and nights when you made me your ownNow you mail back my things and I walk home aloneBut you keep my old scarf from that very first week'Cause it reminds you of innocence and it smells like meYou can't get rid of it'Cause you remember it all too well, yeah'Cause there we are again when I loved you soBack before you lost the one real thing you've ever knownIt was rare, I was thereI remember it all too wellWind in my hair, you were thereYou remember it allDown the stairs, you were thereYou remember it allIt was rare, I was thereI remember it all too wellAnd I was never good at tellin' jokes, but the punch line goesI'll get older, but your lovers stay my ageFrom when your Brooklyn broke my skin and bonesI'm a soldier who's returning half her weightAnd did the twin flame bruise paint you blue?Just between us, did the love affair maim you too?'Cause in this city's barren coldI still remember the first fall of snowAnd how it glistened as it fellI remember it all too wellJust between us, did the love affair maim you all too well?Just between us, do you remember it all too well?Just between us (just between us) I remember it all too well (wind in my hair)(I was there, I was there)(Down the stairs, I was there, I was there)(Sacred prayer, I was there, I was there)(It was rare, you remember it all too well)(Wind in my hair, I was there, I was there)(Down the stairs, I was there, I was there)(Sacred prayer, I was there, I was there)(It was rare, you remember it all too well)(Wind in my hair, I was there, I was there)(Down the stairs, I was there, I was there)(Sacred prayer, I was there, I was there)(It was rare, you remember it)(Wind in my hair, I was there, I was there)(Down the stairs, I was there, I was there)(Sacred prayer, I was there, I was there);3.583.887;Liz Rose / Taylor Swift
Blank Space;https://www.letras.mus.br/taylor-swift/blank-spaces/;Nice to meet you, where you been?I could show you incredible thingsMagic, madness, heaven, sinSaw you there and I thoughtOh, my God, look at that face!You look like my next mistakeLove's a game, wanna play?New money, suit and tieI can read you like a magazineAin't it funny? Rumors flyAnd I know you heard about meSo hey, let's be friendsI'm dying to see how this one endsGrab your passport and my handI can make the bad guys good for a weekendSo it's gonna be foreverOr it's gonna go down in flames?You can tell me when it's overIf the high was worth the painGot a long list of ex-loversThey'll tell you I'm insane'Cause you know I love the playersAnd you love the game'Cause we're young and we're recklessWe'll take this way too farIt'll leave you breathlessOr with a nasty scarGot a long list of ex-loversThey'll tell you I'm insaneBut I've got a blank space, babyAnd I'll write your nameCherry lips, crystal skiesI could show you incredible thingsStolen kisses, pretty liesYou're the King, baby, I'm your QueenFind out what you wantBe that girl for a monthWait, the worst is yet to come, oh noScreaming, crying, perfect stormsI can make all the tables turnRose garden filled with thornsKeep you second guessing likeOh, my God, who is she?I get drunk on jealousyBut you'll come back each time you leave'Cause, darling, I'm a nightmare dressed like a daydreamSo it's gonna be foreverOr it's gonna go down in flames?You can tell me when it's overIf the high was worth the painGot a long list of ex-loversThey'll tell you I'm insane'Cause you know I love the playersAnd you love the game'Cause we're young and we're recklessWe'll take this way too farIt'll leave you breathlessOr with a nasty scarGot a long list of ex-loversThey'll tell you I'm insaneBut I've got a blank space, babyAnd I'll write your nameBoys only want love if it's tortureDon't say I didn't say, I didn't warn yaBoys only want love if it's tortureDon't say I didn't say, I didn't warn yaSo it's gonna be foreverOr it's gonna go down in flames?You can tell me when it's overIf the high was worth the painGot a long list of ex-loversThey'll tell you I'm insane'Cause you know I love the playersAnd you love the game'Cause we're young and we're recklessWe'll take this way too farIt'll leave you breathlessOr with a nasty scarGot a long list of ex-loversThey'll tell you I'm insaneBut I've got a blank space, babyAnd I'll write your name;4.653.993;Max Martin / Shellback / Taylor Swift
Cruel Summer;https://www.letras.mus.br/taylor-swift/cruel-summer/;(Yeah, yeah, yeah, yeah)Fever dream high in the quiet of the nightYou know that I caught it (oh, yeah, you're right, I want it)Bad, bad boy, shiny toy with a priceYou know that I bought it (oh, yeah, you're right, I want it)Killing me slow, out the windowI'm always waiting for you to be waiting belowDevils roll the dice, angels roll their eyesWhat doesn't kill me makes me want you moreAnd it's new, the shape of your bodyIt's blue, the feeling I've gotAnd it's ooh, whoa ohIt's a cruel summerIt's cool, that's what I tell 'emNo rules in breakable heavenBut ooh, whoa ohIt's a cruel summerWith youHang your head low in the glow of the vending machineI'm not dying (oh, yeah, you're right, I want it)You say that we'll just screw it up in these trying timesWe're not trying (oh, yeah, you're right, I want it)So cut the headlights, summer's a knifeI'm always waiting for you just to cut to the boneDevils roll the dice, angels roll their eyesAnd if I bleed, you'll be the last to knowOh, it's new, the shape of your bodyIt's blue, the feeling I've gotAnd it's ooh, whoa ohIt's a cruel summerIt's cool, that's what I tell 'emNo rules in breakable heavenBut ooh, whoa ohIt's a cruel summerWith youI'm drunk in the back of the carAnd I cried like a baby coming home from the bar (oh)Said I'm fine, but it wasn't trueI don't wanna keep secrets just to keep youAnd I snuck in through the garden gateEvery night that summer, just to seal my fate (oh)And I scream for whatever it's worthI love you, ain't that the worst thing you ever heard?He looks up, grinning like a devilAnd it's new, the shape of your bodyIt's blue, the feeling I've gotAnd it's ooh, whoa ohIt's a cruel summerIt's cool, that's what I tell 'emNo rules in breakable heavenBut ooh, whoa ohIt's a cruel summerWith youI'm drunk in the back of the carAnd I cried like a baby coming home from the bar (oh)Said I'm fine, but it wasn't trueI don't wanna keep secrets just to keep youAnd I snuck in through the garden gateEvery night that summer, just to seal my fate (oh)And I scream for whatever it's worthI love you, ain't that the worst thing you ever heard?(Yeah, yeah, yeah, yeah);1.385.852;Annie Clark / Jack Antonoff / Taylor Swift
Enchanted;https://www.letras.mus.br/taylor-swift/1763892/;There I was again tonightForcing laughter, faking smilesSame old tired, lonely placeWalls of insincerityShifting eyes and vacancyVanished when I saw your faceAll I can say is it wasEnchanting to meet youYour eyes whispered: Have we met?'Cross the room your silhouetteStarts to make its way to meThe playful conversation startsCounter all your quick remarks likePassing notes in secrecyAnd it wasEnchanting to meet youAll I can say is I wasEnchanted to meet youThis night is sparklingDon't you let it goI'm wonderstruckBlushing all the way homeI'll spend foreverWondering if you knewI was enchanted to meet youThe lingering question kept me up2 AM, who do you love?I wonder till I'm wide awakeAnd now I'm pacing back and forthWishing you were at my door, I'dOpen up and you would sayHey, it was enchanting to meet youAll I know is I wasEnchanted to meet youThis night is sparklingDon't you let it goI'm wonderstruckBlushing all the way homeI'll spend foreverWondering if you knewThis night is flawlessDon't you let it goI'm wonderstruckDancing around all aloneI'll spend foreverWondering if you knewI was enchanted to meet youThis is me praying thatThis was the very first pageNot where the storyline endsMy thoughts will echo your nameUntil I see you againThese are the words I held backAs I was leaving too soonI was enchanted to meet youPlease, don't be in love with someone elsePlease, don't have somebody waiting on youPlease, don't be in love with someone elsePlease, don't have somebody waiting on you (oh)This night is sparklingDon't you let it goI'm wonderstruckBlushing all the way homeI'll spend foreverWondering if you knewThis night is flawlessDon't you let it goI'm wonderstruckDancing around all aloneI'll spend foreverWondering if you knewI was enchanted to meet youPlease, don't be in love with someone elsePlease, don't have somebody waiting on you;1.912.779;Taylor Swift
How Did It End?;https://www.letras.mus.br/taylor-swift/how-did-it-end/;(Uh-uh, uh-uh)We hereby conduct this post-mortemHe was a hothouse flower to my outdoorsmenOur maladies were such we could not cure themAnd so a touch that was my birth right became foreignCome one, come all, it's happening againThe empathetic hunger descendsWill tell no one, except all of our friendsWe must know: How did it end?(Uh-uh, uh-uh)We were blind to unforeseen circumstancesWe learned the right steps to diffеrent dancesAnd fell victim to intеrlopers' glancesLost the game of chance, what are the chances?Soon they'll go home to their husbandsSmug 'cause they know they can trust himThen feverishly calling their cousins (oh, oh)Guess who we ran into at the shops?Walking in circles like she was lostDidn't you hear? They called it all offOne gasp, and then: How did it end?Say it once again with feeling how the death rattle breathingSilenced as the soul was leavingThe deflation of our dreamingLeaving me bereft and reelingMy beloved ghost and meSitting in a treeD-Y-I-N-GIt's happening againHow did it end?I can't pretend like I understandHow did it end?Come one, come all, it's happening againThe empathetic hunger descendsWill tell no one, except all of our friendsBut I still don't know: How did it end?;180.576;Aaron Dessner / Taylor Swift
The Way I Loved You;https://www.letras.mus.br/taylor-swift/1375144/;He is sensible and so incredibleAnd all my single friends are jealousHe says everything I need to hearAnd it's like I couldn't ask for anything betterHe opens up my door and I get into his carAnd he says: You look beautiful tonightAnd I feel perfectly fineBut I miss screaming and fighting and kissing in the rainAnd it's 2AM and I'm cursing your nameSo in love that you act insaneAnd that's the way I loved youBreakin' down and coming undoneIt's a roller coaster kinda rushAnd I never knew I could feel that muchAnd that's the way I loved youHe respects my space and never makes me waitAnd he calls exactly when he says he willHe's close to my mother, talks business with my fatherHe's charming and endearing, and I'm comfortableBut I miss screaming and fighting and kissing in the rainAnd it's 2AM and I'm cursing your nameSo in love that you act insaneAnd that's the way I loved youBreakin' down and coming undoneIt's a roller coaster kinda rushAnd I never knew I could feel that muchAnd that's the way I loved youHe can't see the smile I'm fakingAnd my heart's not breaking'Cause I'm not feeling anything at allAnd you were wild and crazyJust so frustratingIntoxicating, complicatedGot away by some mistake and nowI miss screaming and fighting and kissing in the rainIt's 2AM and I'm cursing your nameSo in love that I acted insaneAnd that's the way I loved youBreakin' down and coming undoneIt's a roller coaster kinda rushAnd I never knew I could feel that muchAnd that's the way I loved youOh, and that's the way I loved youNever knew I could feel that muchAnd that's the way I loved you;856.539;Taylor Swift / John Rich
You're On Your Own, Kid;https://www.letras.mus.br/taylor-swift/youre-on-your-own-kid/;Summer went away, still, the yearning staysI play it cool with the best of themI wait patiently, he's gonna notice meIt's okay, we're the best of friendsAnywayI hear it in your voice, you're smoking with your boysI touch my phone as if it's your faceI didn't choose this town, I dream of getting outThere's just one who could make me stayAll my daysFrom sprinkler splashes to fireplace ashesI waited ages to see you thereI searched the party of better bodiesJust to learn that you never caredYou're on your own, kidYou always have beenI see the great escape, so long, Daisy MaeI picked the petals, he loves me notSomething different bloomed, writing in my roomI play my songs in the parking lotI'll run awayFrom sprinkler splashes to fireplace ashesI called a taxi to take me thereI searched the party of better bodiesJust to learn that my dreams aren't rareYou're on your own, kidYou always have beenFrom sprinkler splashes to fireplace ashesI gave my blood, sweat, and tears for thisI hosted parties and starved my bodyLike I'd be saved by a perfect kissThe jokes weren't funny, I took the moneyMy friends from home don't know what to sayI looked around in a blood-soaked gownAnd I saw something they can't take away'Cause there were pages turned with the bridges burnedEverything you lose is a step you takeSo, make the friendship bracelets, take the moment and taste itYou've got no reason to be afraidYou're on your own, kidYeah, you can face thisYou're on your own, kidYou always have been;738.861;Taylor Swift / Jack Antonoff
22;https://www.letras.mus.br/taylor-swift/22-2/;It feels like a perfect nightTo dress up like hipstersAnd make fun of our exesAh, ah, ah, ahIt feels like a perfect nightFor breakfast at midnightTo fall in love with strangersAh, ah, ah, ahYeahWe're happy, free, confused and lonely at the same timeIt's miserable and magicalOh, yeahTonight's the night when we forget about the deadlinesIt's time, oh, ohI don't know about youBut I'm feeling twenty-twoEverything will be alrightIf you keep me next to youYou don't know about meBut I'll bet you want toEverything will be alrightIf we just keep dancing like we'reTwenty-two, ooh, oohTwenty-two, ooh, ooh, oohIt seems like one of those nightsThis place is too crowdedToo many cool kidsAh, ah, ah, ah (who's Taylor Swift anyway? Ew)It seems like one of those nightsWe ditch the whole sceneAnd end up dreamingInstead of sleepingYeahWe're happy, free, confused and lonely in the best wayIt's miserable and magicalOh, yeahTonight's the night when we forget about the heartbreaksIt's time, oh, ohI don't know about youBut I'm feeling twenty-twoEverything will be alrightIf you keep me next to youYou don't know about meBut I'll bet you want toEverything will be alrightIf we just keep dancing like we'reTwenty-two, ooh, oohTwenty-two, ooh, ooh, ooh(I don't know about you)Twenty-two, ooh, oohTwenty-two, ooh, ooh, ooh(It feels like one of those nights)We ditch the whole scene(It feels like one of those nights)We won't be sleeping(It feels like one of those nights)You look like bad newsI gotta have youI gotta have youOoh, oohEh, eh, eh, yeahI don't know about youBut I'm feeling twenty-twoEverything will be alrightIf you keep me next to youYou don't know about me (you don't know about me)But I'll bet you want toEverything will be alrightIf we just keep dancing like we're (dance like we're twenty-two)Twenty-two, ooh, oohTwenty-two, ooh, ooh, ooh(Dancing like)Twenty-two, ooh, ooh (yeah, yeah, eh, yeah, yeah, eh)Twenty-two, ooh, ooh, ooh(It feels like one of those nights)We ditch the whole scene(It feels like one of those nights)We won't be sleeping(It feels like one of those nights)You look like bad newsI gotta have youI gotta have you;1.762.817;Max Martin / Shellback / Taylor Swift
Style;https://www.letras.mus.br/taylor-swift/style/;MidnightYou come and pick me up, no headlightsA long driveCould end in burning flames or paradiseFade into view, ohIt's been a while since I have even heard from you(Heard from you)And I should just tell you to leave, 'cause IKnow exactly where it leads, but IWatch us go 'round and 'round each timeYou got that James Dean daydream look in your eyeAnd I got that red lip, classic thing that you likeAnd when we go crashing down, we come back every time'Cause we never go out of styleWe never go out of styleYou got that long hair, slicked back, white t-shirtAnd I got that good girl faith and a tight little skirtAnd when we go crashing down, we come back every time'Cause we never go out of styleWe never go out of styleSo it goesHe can't keep his wild eyes on the roadTakes me homeThe lights are off, he's taking off his coatI say: I heard, ohThat you've been out and about with some other girl(Some other girl)He says: What you heard is true, but ICan't stop thinking about you, and II said: I've been there too, a few times'Cause you got that James Dean daydream look in your eyeAnd I got that red lip, classic thing that you likeAnd when we go crashing down, we come back every time'Cause we never go out of styleWe never go out of styleYou got that long hair, slicked back, white t-shirtAnd I got that good girl faith and a tight little skirt (a tight little skirt)And when we go crashing down, we come back every time'Cause we never go out of style (we never go, we never go)We never go out of styleTake me homeJust take me homeYeah, just take me homeOh, oh, oh(Out of style)You got that James Dean daydream look in your eyeAnd I got that red lip, classic thing that you likeAnd when we go crashing down, we come back every time (and when we go)'Cause we never go out of styleWe never go out of style;2.495.692;Ali Payami / Max Martin / Shellback / Taylor Swift
22;https://www.letras.mus.br/taylor-swift/22-2/;It feels like a perfect nightTo dress up like hipstersAnd make fun of our exesAh, ah, ah, ahIt feels like a perfect nightFor breakfast at midnightTo fall in love with strangersAh, ah, ah, ahYeahWe're happy, free, confused and lonely at the same timeIt's miserable and magicalOh, yeahTonight's the night when we forget about the deadlinesIt's time, oh, ohI don't know about youBut I'm feeling twenty-twoEverything will be alrightIf you keep me next to youYou don't know about meBut I'll bet you want toEverything will be alrightIf we just keep dancing like we'reTwenty-two, ooh, oohTwenty-two, ooh, ooh, oohIt seems like one of those nightsThis place is too crowdedToo many cool kidsAh, ah, ah, ah (who's Taylor Swift anyway? Ew)It seems like one of those nightsWe ditch the whole sceneAnd end up dreamingInstead of sleepingYeahWe're happy, free, confused and lonely in the best wayIt's miserable and magicalOh, yeahTonight's the night when we forget about the heartbreaksIt's time, oh, ohI don't know about youBut I'm feeling twenty-twoEverything will be alrightIf you keep me next to youYou don't know about meBut I'll bet you want toEverything will be alrightIf we just keep dancing like we'reTwenty-two, ooh, oohTwenty-two, ooh, ooh, ooh(I don't know about you)Twenty-two, ooh, oohTwenty-two, ooh, ooh, ooh(It feels like one of those nights)We ditch the whole scene(It feels like one of those nights)We won't be sleeping(It feels like one of those nights)You look like bad newsI gotta have youI gotta have youOoh, oohEh, eh, eh, yeahI don't know about youBut I'm feeling twenty-twoEverything will be alrightIf you keep me next to youYou don't know about me (you don't know about me)But I'll bet you want toEverything will be alrightIf we just keep dancing like we're (dance like we're twenty-two)Twenty-two, ooh, oohTwenty-two, ooh, ooh, ooh(Dancing like)Twenty-two, ooh, ooh (yeah, yeah, eh, yeah, yeah, eh)Twenty-two, ooh, ooh, ooh(It feels like one of those nights)We ditch the whole scene(It feels like one of those nights)We won't be sleeping(It feels like one of those nights)You look like bad newsI gotta have youI gotta have you;1.762.817;Max Martin / Shellback / Taylor Swift
A Message From Taylor;https://www.letras.mus.br/taylor-swift/a-message-from-taylor/;Musically and lyrically, RedResembled a heart-broken personIt was all over the placeA fractured mosaic of feelings thatSomehow all fit together in the endHappy, free, confused, lonelyDevastated, euphoric, wildAnd tortured by memories pastThese are the original thirty songsThat were meant for RedI love you guys;4.639;Taylor Swift
A Perfectly Good Heart;https://www.letras.mus.br/taylor-swift/1154656/;Why would you want to breakA perfectly good heart?And why would you want to takeOur love and tear it all apart now?Why would you want to makeThe very first scar?Why would you want to breakA perfectly good heart?Maybe I should've seen the signsShould've read the writing on the wallAnd realized by the distance in your eyesThat I would be the one to fallNo matter what you sayI still can't believeThat you would walk awayIt don't make sense to me, butWhy would you want to breakA perfectly good heart?Why would you want to takeOur love and tear it all apart now?Why would you want to makeThe very first scar?Why would you want to breakA perfectly good heart?It's not unbroken anymoreHow do I get it back the way it was before?Why would you want to breakA perfectly good heart?Why would you want to takeOur love and tear it all apart now?Why would you want to makeThe very first scar?Why would you want to breakWhy would you want to break it?Why would you want to breakA perfectly good heart?Why would you want to takeOur love and tear it all apart now?Why would you want to makeThe very first scar?Why would you want to breakA perfectly good heart?Huuum;225.512;Taylor Swift / Brett James / Troy Verges
A Place In This World;https://www.letras.mus.br/taylor-swift/1155145/;I don't know what I want, so don't ask me'Cause I'm still trying to figure it outDon't know what's down this road, I'm just walkingTrying to see through the rain coming downEven though I'm not the only oneWho feels the way I doI'm alone, on my own, and that's all I knowI'll be strong, I'll be wrong, oh, but life goes onOh, I'm just a girl trying to find a place in this worldGot the radio on, my old blue jeansAnd I'm wearing my heart on my sleeveFeeling lucky today, got the sunshineCould you tell me what more do I need?And tomorrow's just a mystery, oh, yeahBut that's okayI'm alone, on my own, and that's all I knowI'll be strong, I'll be wrong, oh, but life goes onOh, I'm just a girl trying to find a place in this worldMaybe I'm just a girl on a missionBut I'm ready to flyI'm alone, on my own, and that's all I knowOh, I'll be strong, I'll be wrong, oh, but life goes onOh, I'm alone, on my own, and that's all I knowOh, I'm just a girl trying to find a place in this worldOh, I'm just a girlOh, I'm just a girlOh, ohOh, I'm just a girl;227.195;Taylor Swift / Robert Ellis Orrall / Angelo Petraglia
Afterglow;https://www.letras.mus.br/taylor-swift/afterglow/;I blew things out of proportion, now you're bluePut you in jail for something you didn’t doI pinned your hands behind your back, ohThought I had reason to attack, but noFighting with a true love is boxing with no glovesChemistry till it blows up, till there’s no usWhy'd I have to break what I love so much?It's on your faceAnd I'm to blame, I need to sayHey, it's all me, in my headI'm the one who burned us downBut it's not what I meantSorry that I hurt youI don't wanna do, I don’t wanna do this to youI don’t wanna lose, I don't wanna lose this with youI need to say: Hey, it’s all me, just don't goMeet me in the afterglowIt's so excruciating to see you lowJust wanna lift you up and not let you goThis ultraviolet morning light belowTells me this love is worth the fight, ohI lived like an island, punished you in silenceWent off like sirens, just cryingWhy'd I have to break what I love so much?It’s on your faceDon't walk away, I need to sayHey, it's all me, in my headI'm the one who burned us downBut it's not what I meantI'm sorry that I hurt youI don't wanna do, I don't wanna do this to youI don't wanna lose, I don't wanna lose this with youI need to say: Hey, it's all me, just don't goMeet me in the afterglowTell me that you're still mineTell me that we'll be just fineEven when I lose my mindI need to sayTell me that it's not my faultTell me that I'm all you wantEven when I break your heartI need to sayHey, it's all me, in my headI'm the one who burned us downBut it's not what I meantSorry that I hurt youI don't wanna do, I don't wanna do this to youI don't wanna lose, I don't wanna lose this with youI need to say: Hey, it's all me, just don't goMeet me in the afterglow;700.645;Adam King Feeney / Louis Bell / Taylor Swift
Ain't Nothing 'Bout You;https://www.letras.mus.br/taylor-swift/1688275/;The way you look, the way you laughThe way you love with all you haveThere ain't nothing about youThat don't do something for meThe way you kiss, the way you cryThe way you move when you walk byThere ain't nothing about youThat don't do something for meOnce I thought that love was something I could never doNever knew that I could feel this muchBut this yearning in the deep part of my heart for youIs more than a reaction to your touchIt's a perfect passionAnd I can't get enoughThe way you look, the way you laughThe way you love with all you haveThere ain't nothing about youThat don't do something for meThe way you kiss, the way you cryThe way you move when you walk byThere ain't nothing about youThat don't do something for meIn my life I've been hammered by some heavy blowsThat never knocked me off my feetAll you gotta do is smile at me and down I goAnd baby, it's no mysteryWhy I surrenderBoy, you got everythingThe way you look, the way you laughThe way you love with all you haveThere ain't nothing about youThat don't do something for meThe way you kiss, the way you cryThe way you move when you walk byThere ain't nothing about youThat don't do something for meI love your attitudeAll your tatoos, your every thoughtYour smile, you lipsAnd boy, the list goes on and on and onThe way you look, the way you laughThe way you love with all you haveThere ain't nothing about youThat don't do something for meThe way you kiss, the way you cryThe way you move when you walk byThere ain't nothing about youThat don't do something for meThe way you look, the way you laughThe way you love with all you haveYou dance, you driveYou make me feel aliveRight now I think you seeThere ain't nothing bout youThat don't do something for me;93.302;Brooks / Dunn
All Night Diner;https://www.letras.mus.br/taylor-swift/1844721/;I wake up, I stretch outI wonder what you're doing right nowYeah, I slept in my make up againTell myself I must be crazy thinking about himI find myself something decent to wearTake the towel outta my hairAbout that time you called meAnd I'm reminded without you I'd beA stranger in an all night dinerWaiting for a love to find herLonely like a harbor lightThat's never seen a boatLike a line in an old love letterNo one ever wroteI go to work, work all dayI'm a walking tape recorder of everything you sayWalk to the car, dig out my keysStart thinking about if you're with anyone but meI'm a stranger in an all night dinerWaiting for a love to find herLonely like a harbor lightThat's never seen a boatJust a line in an old love letterNo one ever wroteThere you are, on the streetJust standing there, all waiting on meI, I show you my new shoesYou say you love 'emBaby, without you I'd beA stranger in an all night dinerWaiting for a love to find herLonely like a harbor lightThat's never seen a boatJust a line in an old love letterNo one ever wroteI wake up, I stretch outWonder what you're doing right now;29.057;Liz Rose / Taylor Alison Swift
All Of The Girls You Loved Before;https://www.letras.mus.br/taylor-swift/all-of-the-girls-unreleased/;When you think of all the late nightsLame fights over the phoneWake up in the morning with someoneBut feeling aloneA heart is drawn around your nameIn someone's handwriting, not mineWe're sneaking out into townHolding hands, just killing timeYour past and mine are parallel linesStars all aligned and they intertwinedAnd taught you the way you call me babyTreat me like a ladyAll that I can say isAll of the girls you loved before (ooh)Made you the one I've fallen forEvery dead-end street led you straight to meNow you're all I need, I'm so thankful forAll of the girls you loved beforeBut I love you moreWhen I think of all the makeupFake love out on the town (ooh)Crying in the bathroom for some dudeWhose name I cannot remember nowSecret jokes all aloneNo one's home, sixteen and wild (ooh)We're breaking up, making upLeave without saying goodbye (ooh)And just know thatIt's everything that made meNow I call you babyThat's why you're so amazingAll of the girls you loved before (ooh)Made you the one I've fallen forEvery dead-end street led you straight to meNow you're all I need, I'm so thankful forAll of the girls you loved beforeBut I love you moreYour mother brought you up loyal and kindTeenage love taught you there's good in goodbyeEvery woman that you knew brought you hereI wanna teach you how forever feelsAnd the girls you loved before (ooh)Made you the one I've fallen forEvery dead-end street (dead-end street) led you straight to me (straight to me)Now you're all I need (all I need), I'm so thankful forAll of the girls you loved beforeBut I love you more(I love you more)(I love you more);270.394;Adam King Feeney / Taylor Swift / Louis Bell / Ging FKA Frank Dukes / Matthew Tavares
All Too Well;https://www.letras.mus.br/taylor-swift/all-too-well/;I walked through the door with you, the air was coldBut something 'bout it felt like home somehowAnd I, left my scarf there, at your sister's houseAnd you've still got it in your drawer, even nowOh, your sweet disposition and my wide-eyed gazeWe're singing in the car, getting lost upstateAutumn leaves falling down like pieces into placeAnd I can picture it after all these daysAnd I know it's long goneAnd that magic's not here no moreAnd I might be okayBut I'm not fine at all'Cause there we are again on that little town streetYou almost ran the red 'cause you were lookin' over at meWind in my hair, I was thereI remember it all too wellPhoto album on the counter, your cheeks were turning redYou used to be a little kid with glasses in a twin sized bedAnd your mother's telling stories 'bout you on the Tee-ball teamYou taught me 'bout your past, thinking your future was meAnd I know it's long goneAnd there was nothing else I could doAnd I forget about you long enoughTo forget why I needed to'Cause there we are again, in the middle of the nightWe're dancing 'round the kitchen in the refrigerator lightDown the stairs, I was thereI remember it all too wellAnd maybe we got lost in translationMaybe I asked for too muchBut maybe this thing was a masterpiece 'til you tore it all upRunning scared, I was thereI remember it all too wellAnd you call me up again just to break me like a promiseSo casually cruel in the name of being honestI'm a crumpled up piece of paper lying here'Cause I remember it all, all, allToo wellTime won't fly, it's like I'm paralysed by itI'd like to be my old self againBut I'm still trying to find itAfter plaid shirt days and nights when you made me your ownNow you mail back my things and I walk home aloneBut you keep my old scarf from that very first week'Cause it reminds you of innocence and it smells like meYou can't get rid of it'Cause you remember it all too well'Cause there we are again, when I loved you soBack before you lost the one real thing you've ever knownIt was rare, I was thereI remember it all too wellWind in my hair, you were thereYou remember it allDown the stairs, you were thereYou remember it allIt was rare, I was thereI remember it all too well;1.698.757;Liz Rose / Taylor Swift
All Too Well (10 Minute Version);https://www.letras.mus.br/taylor-swift/all-too-well-10-minute-version-taylors-version-from-the-vault/;I walked through the door with you, the air was coldBut somethin' 'bout it felt like home somehowAnd I left my scarf there at your sister's houseAnd you've still got it in your drawer, even nowOh, your sweet disposition and my wide-eyed gazeWe're singin' in the car, getting lost upstateAutumn leaves fallin' down like pieces into placeAnd I can picture it after all these daysAnd I know it's long gone andThat magic's not here no moreAnd I might be okay, but I'm not fine at allOh, oh, oh'Causе there we arе again on that little town streetYou almost ran the red 'cause you were lookin' over at meWind in my hair, I was thereI remember it all too wellPhoto album on the counterYour cheeks were turnin' redYou used to be a little kid with glasses in a twin-sized bedAnd your mother's tellin' stories 'bout you on the tee-ball teamYou taught me 'bout your past thinkin' your future was meAnd you were tossing me the car keysFuck The Patriarchy keychain on the groundWe were always skippin' townAnd I was thinkin' on the drive down: Any time nowHe's gonna say it's loveYou never called it what it wasTill we were dead and gone and buriedCheck the pulse and come back swearing, it's the sameAfter three months in the graveAnd then you wondered where it went to as I reached for youBut all I felt was shameAnd you held my lifeless frameAnd I know it's long gone andThere was nothing else I could doAnd I forget about you long enoughTo forget why I needed to'Cause there we are again in the middle of the nightWe're dancin' 'round the kitchen in the refrigerator lightDown the stairs, I was thereI remember it all too wellAnd there we are again when nobody had to knowYou kept me like a secret, but I kept you like an oathSacred prayer and we'd swearTo remember it all too well, yeahWell, maybe we got lost in translationMaybe I asked for too muchBut maybe this thing was a masterpiece till you tore it all upRunnin' scared, I was thereI remember it all too wellAnd you call me up again just to break me like a promiseSo casually cruel in the name of bein' honestI'm a crumpled-up piece of paper lyin' here'Cause I remember it all, all, allThey say all's well that ends wellBut I'm in a new hell every timeYou double-cross my mindYou said if we had been closer in ageMaybe it would've been fineAnd that made me want to dieThe idea you had of me, who was she?A never-needy, ever-lovely jewelWhose shine reflects on youNot weepin' in a party bathroomSome actress askin' me what happened: YouThat's what happened: YouYou who charmed my dad with self-effacing jokesSippin' coffee like you're on a late-night showBut then he watched me watch the front door all nightWillin' you to comeAnd he said: It's supposed to be funTurning twenty-oneTime won't fly, it's like I'm paralyzed by itI'd like to be my old self againBut I'm still tryin' to find itAfter plaid shirt days and nights when you made me your ownNow you mail back my things and I walk home aloneBut you keep my old scarf from that very first week'Cause it reminds you of innocence and it smells like meYou can't get rid of it'Cause you remember it all too well, yeah'Cause there we are again when I loved you soBack before you lost the one real thing you've ever knownIt was rare, I was thereI remember it all too wellWind in my hair, you were thereYou remember it allDown the stairs, you were thereYou remember it allIt was rare, I was thereI remember it all too wellAnd I was never good at tellin' jokes, but the punch line goesI'll get older, but your lovers stay my ageFrom when your Brooklyn broke my skin and bonesI'm a soldier who's returning half her weightAnd did the twin flame bruise paint you blue?Just between us, did the love affair maim you too?'Cause in this city's barren coldI still remember the first fall of snowAnd how it glistened as it fellI remember it all too wellJust between us, did the love affair maim you all too well?Just between us, do you remember it all too well?Just between us (just between us) I remember it all too well (wind in my hair)(I was there, I was there)(Down the stairs, I was there, I was there)(Sacred prayer, I was there, I was there)(It was rare, you remember it all too well)(Wind in my hair, I was there, I was there)(Down the stairs, I was there, I was there)(Sacred prayer, I was there, I was there)(It was rare, you remember it all too well)(Wind in my hair, I was there, I was there)(Down the stairs, I was there, I was there)(Sacred prayer, I was there, I was there)(It was rare, you remember it)(Wind in my hair, I was there, I was there)(Down the stairs, I was there, I was there)(Sacred prayer, I was there, I was there);3.583.887;Liz Rose / Taylor Swift
All Too Well (Sad Girl Autumn Version);https://www.letras.mus.br/taylor-swift/all-too-well-sad-girl-autumn-version/;I walked through the door with you, the air was coldBut something 'bout it felt like home somehow, and ILeft my scarf there at your sister's houseAnd you've still got it in your drawer, even nowOh, your sweet disposition and my wide eyed gazeWe're singing in the car, getting lost upstateAutumn leaves falling down like pieces into placeAnd I can picture it after all these daysAnd I know it's long gone andThat magic's not here no moreAnd I might be ok, but I'm not fine at all, oh'Cause there we are again on that little town streetYou almost ran the red 'cause you were looking over at meWind in my hair, I was thereI remember it all too wellPhoto album on the counterYour cheeks were turning redYou used to be a little kid with glasses in a twin-sized bedAnd your mother's telling stories 'bout you on the tee ball teamYou taught me 'bout your past thinkin' your future was meAnd you were tossing me the car keysFuck the patriarchy, keychain on the groundWe were always skipping townAnd I was thinking on the drive downAny time now, he's gonna say it's loveYou never called it what it was'Til we were dead and gone and buriedCheck the pulse and come back swearing, it's the sameAfter three months in the graveAnd then you wonder where it went toAs I reached for you, but all I felt was shameAnd you held my lifeless frameAnd I know it's long gone andThere was nothing else I could doAnd I forget about you long enoughTo forget why I needed to'Cause there we are again in the middle of the nightWe're dancin' 'round the kitchen in the refrigerator lightDown the stairs, I was thereI remember it all too wellAnd there we are again when nobody had to knowYou kept me like a secret, but I kept you like an oathSacred prayer, and we'd swearTo remember it all too wellWell, maybe we got lost in translationMaybe I asked for too muchMaybe this thing was a masterpiece'Til you tore it all upRunning scared, I was thereI remember it all too wellAnd you call me up againJust to break me like a promiseSo casually cruel in the name of being honestI'm a crumpled up piece of paper lying here'Cause I remember it all, all, allThey say: All's well that ends wellBut I'm in the new hell every timeYou double-cross my mindYou said if we had been closer in ageMaybe it would have been fineAnd that made me want to dieThe idea you had of me, who was she?A never-needy, ever lovely jewelWhose shine reflects on youNot weeping in a party bathroomSome actress asking me what happenedYou, that's what happened: YouYou, who charmed my dad with self-effacing jokesSipping coffee like you were on a late night showThen he watched me watch the front door all nightWilling you to comeAnd he said: It's supposed to be fun turning 21Time won't fly, it's like I'm paralyzed by itI'd like to be my old self againBut I'm still trying to find itAfter plaid shirt days and nights when you made me your ownNow you mail back my things and I walk home aloneBut you keep my old scarf from that very first week'Cause it reminds you of innocenceAnd it smells like me, you can't get rid of it'Cause you remember it all too well'Cause there we are again when I loved you soBack before you lost the one real thing you've ever knownIt was rare, I was thereI remember it all too well (oh, oh)Wind in my hair, you were there, you remember it allDown the stairs, you were there, you remember it allIt was rare, I was thereI remember it all too wellAnd I was never good at telling jokes, but the punchline goesI'll get older, but your lovers stay my ageFrom when your Brooklyn broke my skin and bonesI'm a soldier who's returning half her weightAnd did the twin flame bruise paint you blue?Just between us, did the love affair maim you too?'Cause in this city's barren coldI still remember the first fall of snowAnd how it glistened as it fellI remember it all too wellJust between us, did the love affair maim you all too well?Just between us, do you remember it all too well?Just between us (just between us), I remember it all too wellJust between us, I remember it(Wind in my hair, I was there, I was there) I was there(Down the stairs, I was there, I was there) I was there(Sacred prayer, I was there, I was there)(It was rare, you remember it all too well)(Wind in my hair, I was there, I was there)(Down the stairs, I was there, I was there) I was there(Sacred prayer, I was there, I was there)(It was rare, you remember it all too well)(Wind in my hair, I was there, I was there)(Down the stairs, I was there, I was there)(Sacred prayer, I was there, I was there)(It was rare, you remember it);12.198;Taylor Swift
All You Had To Do Was Stay;https://www.letras.mus.br/taylor-swift/all-you-had-to-do-was-stay/;(Hey, hey, hey)(Hey, hey, hey)(Hey, hey, hey)(Hey, hey, hey)People like you always want backThe love they gave awayAnd people like me wanna believe youWhen you say you've changedThe more I think about it nowThe less I knowAll I know is that you drove usOff the road(Stay) hey, all you had to do was stayHad me in the palm of your hand, thenWhy'd you have to go and lock me out when I let you in?(Stay) hey, now you say you want it backNow that it's just too lateWell, could've been easyAll you had to do was (stay)All you had to do was (stay)All you had to do was (stay)All you had to do was (stay)All you had to do was stayHere you are now, calling me upBut I don't know what to sayI've been picking up the piecesOf the mess you madePeople like you always want backThe love they pushed asideBut people like me are gone foreverWhen you say: Goodbye(Stay) hey, all you had to do was stayHad me in the palm of your hand, thenWhy'd you have to go and lock me out when I let you in?(Stay) hey, now you say you want it backNow that it's just too lateWell, could've been easyAll you had to do was (stay)All you had to do was (stay)All you had to do was (stay)All you had to do was (stay, stay, stay)Let me remind you: This was what you wanted (oh-oh-oh)You ended itYou were all I wanted (oh-oh-oh)But not like thisNot like thisNot like thisOh, all you had to do was(Stay) hey, all you had to do was stayHad me in the palm of your hand, thenWhy'd you have to go and lock me out when I let you in?(Stay) hey, now you say you want it backNow that it's just too lateWell, could've been easyAll you had to do was(Stay) hey, all you had to do was stayHad me in the palm of your hand, thenWhy'd you have to go and lock me out when I let you in?(Stay) hey, now you say you want it backNow that it's just too lateWell, it could've been easy (all you had to do was stay)All you had to do was (stay)All you had to do was (stay), ohAll you had to do was (stay)All you had to do was (stay), oohAll you had to do was (stay);362.012;Max Martin / Taylor Swift
Am I Ready For Love?;https://www.letras.mus.br/taylor-swift/1317700/;Sometimes I wonderHow it's gonna feelWill my first love be true and real?Will I be ready when my heart starts to fall?What will I do when my love comes to call?And my daddy tells me that I light up his worldEveryday he saysDarlin', you're my best girlHe tried to teach meFrom the very startThe meaning of loveSo nobody breaks my heartWill my love come in a bowl of fire?Will it be filled with hope and desire?Will my love come in the pourin' rain?Am I ready for the joy?Am I ready for the pain?Am I ready for the boy?Am I ready for love?For loveI know I'm not a little girl anymore'Cause I'm feeling things I've never felt beforeSweet sensations and anticipationsCalling commotion to my emotionsAnd I hear the words my daddy says to meHe said be true to yourselfAnd keep your spirit freeAnd love will find you one way or anotherBe good to yourself and be good to each otherWill my love come in a bowl of fire?Will it be filled with hope and desire?Will my love come in the pourin' rain?Am I ready for the joy?Am I ready for the pain?Am I ready for the boy?Am I ready for love?It's a run around the worldAnd it's moving so fastThough I wanna find a love that's gonna lastA love so strong that it can withstandThe weight of this world in the palm of its handWill my love come in a bowl of fire?Will it be filled with hope and desire?Will my love come in the pourin' rain?Am I ready for the joy?Am I ready for the pain?Am I ready for the boy?Am I ready for this game?Am I ready for the kiss?Am I ready for the stars?Am I ready for the bliss?Am I ready for love?;137.194;Sabe de quem é a composição? Envie pra gente.
American Boy;https://www.letras.mus.br/taylor-swift/1642592/;American boy, living life as it goesSittin' on the fence postsLiving in the lieAmerican boy, living in the real worldTrying just to get the girlTrying to surviveThe simple things in life are always newGrowing up on Sand Hill AvenueMama makes her cookies and daddy's justThe greatest living hero that ever wasNothing in the world can ever once destroyThe hope of an American boyLiving off of bar tips, trying for relationshipsLooking for the loveSuddenly rise, an American beautySuddenly he cheats, sent from aboveThe simple things in life are always newGrowing up on Sam Hill AvenueMama makes her cookies and daddy's justThe greatest living hero that ever wasNothing in the world can ever once destroyThe dream of an American boyAmerican boy, raising little babiesHearing daddy maybe, I'll be like youSuddenly life, seems just like a new dawnThat's grown up, American boyThe simple things in life are always newGrowing up on Grandview AvenueMama makes her cookies and daddy's justThe greatest living hero that ever wasNothing in the world will ever once destroyNo, nothing in the world will ever once destroyThe hope of an American boy;59.739;Taylor Swift
American Girl;https://www.letras.mus.br/taylor-swift/1516735/;Well, she was an American girl,Raised on promisesShe couldn't help thinking that there was a little more lifeSomewhere elseAfter all it was a great big worldWith lots of places to run toAnd if she had to dieTryin', sheHad one little promise she was gonna keepOh yeah,oh alright,Take it easy, babyMake it last all nightShe was... an American girl.Well, it was kind of cold that night,She stood alone on the balconyYeah, she could hear the cars roll by,Out on four forty one likeWaves crashing on the beach,And for one des'rate moment thereHe crept back in her memoryGod, it's so painful when something that's so closeIs still so far out of reachOh yeah,oh alright,Take it easy, babyMake it last all nightShe was an American girl.Oholl...oholl...OoOoo....Oh yeah,oh alright,Take it easy, babyMake it last all nightOh yeah,oh alright,Take it easy, babyOh,Take it easy,now,now...Oh yeah,oh alright,there worlds...American Girl;54.360;Sabe de quem é a composição? Envie pra gente.
Angelina;https://www.letras.mus.br/taylor-swift/1867196/;Angelina's got a pretty faceAnd pretty long brown hairLives somewhere in some wide open spaceI've never been thereI guess some people come aroundIn perfect shapeBut I don't, 'causeI've always been a bit recklessAnd I am not your typical princessI'm fine, just a bit of a messAnd I'm not perfect, you could sayI wasn't brought up that wayJust watch David run across the fieldWatch him catch the ballHe's got everything you'd wanna beFunny, dark, and tallWatch him run across to AngelinaBut I won't, 'causeI've always been a bit recklessAnd I am not your typical princessI'm fine, just a bit of a messAnd I'm not perfect, you could sayI wasn't brought up that wayI've been pushed across the lineTripped over my two feetBut ain't it funny how it all comes outIsn't life sweet?I've always been a bit recklessAnd I am not your typical princessI'm fine, just a bit of a messAnd I'm not perfect, you could sayI've always been a bit recklessAnd I am not your typical princessI'm fine, just a bit of a messAnd I'm not perfect, you could sayI wasn't brought up that way;22.159;Taylor Swift
Anti-Hero;https://www.letras.mus.br/taylor-swift/anti-hero/;I have this thing where I get older, but just never wiserMidnights become my afternoonsWhen my depression works the graveyard shiftAll of the people I've ghosted stand there in the roomI should not be left to my own devicesThey come with prices and vicesI end up in crisis(Tale as old as time)I wake up screaming from dreamingOne day I'll watch as you're leaving'Cause you got tired of my scheming(For the last time)It's me, hi, I'm the problem, it's meAt teatime, everybody agreesI'll stare directly at the Sun, but never in the mirrorIt must be exhausting always rooting for the anti-heroSometimes I feel like everybody is a sexy babyAnd I'm a monster on the hillToo big to hang out, slowly lurching toward your favorite cityPierced through the heart, but never killedDid you hear my covert narcissismLightly disguised as altruismLike some kind of congressman?(Tale as old as time)I wake up screaming from dreamingOne day I'll watch as you're leavingAnd life will lose all of its meaning(For the last time)It's me, hi, I'm the problem, it's me (I'm the problem, it's me)At teatime, everybody agreesI'll stare directly at the Sun, but never in the mirrorIt must be exhausting, always rooting for the anti-heroI have this dream my daughter-in-law kills me for the moneyShe thinks I left them in the willThe family gathers around and reads it and someone screams outShe's laughing up at us from hellIt's me, hi, I'm the problem, it's meIt's me, hi, I'm the problem, it's meIt's me, hi, everybody agrees, everybody agreesIt's me, hi, I'm the problem, it's me (I'm the problem, it's me)At teatime, everybody agrees (everybody agrees)I'll stare directly at the Sun, but never in the mirrorIt must be exhausting, always rooting for the anti-hero;1.378.702;Taylor Swift /  Jack Antonoff
Anti-Hero (Acoustic Version);https://www.letras.mus.br/taylor-swift/anti-hero-acoustic-version/;I have this thing where I get older but just never wiserMidnights become my afternoonsWhen my depression works the graveyard shiftAll of the people I've ghosted stand there in the roomI should not be left to my own devicesThey come with prices and vicesI end up in crisis (tale as old as time)I wake up screaming from dreamingOne day I'll watch as you're leaving'Cause you got tired of my scheming(For the last time)It's me, hi, I'm the problem, it's meAt tea time, everybody agreesI'll stare directly at the sun but never in the mirrorIt must be exhausting, always rooting for the anti-heroSometimes I feel like everybody is a sexy babyAnd I'm a monster on the hillToo big to hang out, slowly lurching toward your favorite cityPierced through the heart, but never killedDid you hear my covert narcissism I disguise as altruismLike some kind of congressman? (Tale as old as time)I wake up screaming from dreamingOne day I'll watch as you're leavingAnd life will lose all its meaning(For the last time)It's me, hi, I'm the problem, it's me (I'm the problem, it's me)At tea time, everybody agreesI'll stare directly at the sun but never in the mirrorIt must be exhausting, always rooting for the anti-heroI have this dream my daughter in-law kills me for the moneyShe thinks I left them in the willThe family gathers 'round and reads it and then someone screams outShe's laughing up at us from hellIt's me, hi, I'm the problem, it's meIt's me, hi, I'm the problem, it's meIt's me, hi, everybody agrees, everybody agreesIt's me, hi (hi), I'm the problem, it's me (I'm the problem, it's me)At tea (tea) time (time), everybody agrees (everybody agrees)I'll stare directly at the sun but never in the mirrorIt must be exhausting, always rooting for the anti-hero;10.044;Jack Michael Antonoff / Taylor Alison Swift
Anti-Hero (Kungs Remix);https://www.letras.mus.br/taylor-swift/anti-hero-kungs-remix/;I'm the problem, I-I-I'm the problem, it's—I'm the problem, I'm the problem, it's—I have this thing where I get older, but just never wiserMidnights become my afternoonsWhen my depression works the graveyard shift, all of the peopleI've ghosted stand there in the roomI should not be left to my own devicesThey come with prices and vicesI end up in crisis(Tale as old as time)I wake up screaming from dreamingOne day, I'll watch as you're leaving'Cause you got tired of my scheming(For the last time)It's me (me), hi (hi)I'm the problem, it's meAt teatime (teatime), everybody agreesI'll stare directly at the Sun, but never in the mirrorIt must be exhausting always rooting for the anti-heroSometimes, I feel like everybody is a sexy babyAnd I'm a monster on the hillToo big to hang out, slowly lurching toward your favorite cityPierced through the heart, but never killedDid you hear my covert narcissism I disguise as altruismLike some kind of congressman?(A tale as old as time)I wake up screaming from dreamingOne day, I'll watch as you're leavingAnd life will lose all its meaning(For the last time)It's me (me), hi (hi)I'm the problem, it's me (I'm the problem, it's me)At teatime (teatime), everybody agrees (everybody agrees)I'll stare directly at the Sun, but never in the mirrorIt must be exhausting always rooting for the anti-heroI'll stare, I'll stare, I'll stare dire—, I'll stareI'll stare, I'll stare, I'll stare dire—, I'll stare(Always rooting for the anti-hero)It's me, hiI'm the problem, it's me(I'll stare, I'll stare, I'll stare dire—, I'll stare)It's me, hiI'm the problem, it's me(I'll stare, I'll stare) it's me, hiEverybody agrees, everybody agrees(I'm the problem, I-I-I'm the problem, it's—)I'll stare directly in the Sun, but never in the mirror(I'm the problem, I'm the problem, it's—)(I'm the problem, I-I-I'm the problem, it's—)(I'm the problem, I'm the problem, it's—)It's me, hi (hi)I'm the problem, it's me (I'm the problem, it's me)At teatime (teatime), everybody agrees (everybody agrees)I'll stare directly at the Sun, but never in the mirrorIt must be exhausting always rooting for the anti-heroI'll stare dire—, I'll stare, I'll stare dire—, I'll stare, I'll stare dire—Always rooting for the anti-hero;489;Sabe de quem é a composição? Envie pra gente.
Anti-Hero (remix) (feat. Bleachers);https://www.letras.mus.br/taylor-swift/anti-hero-remix-feat-bleachers/;I'm the problem, it's meI have this thing where I get older, but just never wiserMidnights become my afternoonsWhen my depression works the graveyard shiftAll of the people I've ghosted stand there in the roomI should not be left to my own devicesThey come with prices and vicesI end up in crisis(Tale as old as time)I wake up screaming from dreamingOne day, I'll watch as you're leaving'Cause you got tired of my scheming(For the last time)It's me, hi, I'm the problem, it's meAt teatime, everybody agreesI'll stare directly at the Sun, but never in the mirrorIt must be exhausting always rooting for the anti-heroAlways rooting for the anti-heroSometimes, I feel like everybody is an art bro latelyAnd I just judge them on the hillToo hurt to hang out, talking shit about your famous babyPierced through the heart of 90s guiltMaybe, I'm the problem, it's meDid you hear my covert narcissismLightly disguised as altruismLike some kind of congressman?(Taylor, you'll be fine)I wake up screaming from dreamingOne day I'll watch as you're leavingAnd life will lose all its meaning(For the last time)It's me (me), hi (hi) I'm the problem, it's me (I'm the problem, it's me)At teatime (teatime), everybody agreesI'll stare directly at the Sun, but never in the mirrorIt must be exhausting always rooting for the anti-heroAlways rooting for the anti-heroI have this dream my daughter-in-law kills me for the moneyShe thinks I left them in the willThe family gathers 'round and reads it and then someone screams outShe's laughing up at us from hellI'm the problem, it's me(Taylor)I'm the problem, it's meIt's me, hi (hi) I'm the problem, it's me (I'm the problem, it's me)At teatime (teatime), everybody agrees (everybody agrees)I'll stare directly at the Sun, but never in the mirrorIt must be exhausting always rooting for the anti-heroAlways rooting for the anti-heroAlways rooting for the anti-heroAlways rooting for the anti-heroAlways rooting for the anti-heroAlways rooting for the anti-heroAlways rooting for the anti-heroAlways rooting for the anti-hero;9.649;Jack Antonoff / Taylor Swift
august;https://www.letras.mus.br/taylor-swift/august/;Salt air and the rust on your doorI never needed anything moreWhispers of: Are you sure?Never have I ever beforeBut I can see us lost in the memoryAugust slipped away into a moment in time'Cause it was never mineAnd I can see us twisted in bedsheetsAugust sipped away like a bottle of wine'Cause you were never mineYour back beneath the SunWishing I could write my name on itWill you call when you're back at school?I remember thinking I had youBut I can see us lost in the memoryAugust slipped away into a moment in time'Cause it was never mineAnd I can see us twisted in bedsheetsAugust sipped away like a bottle of wine'Cause you were never mineBack when we were still changing for the betterWanting was enoughFor me, it was enoughTo live for the hope of it allCancel plans just in case you'd callAnd say: Meet me behind the mallSo much for summer love and saying us'Cause you weren't mine to loseYou weren't mine to lose, ohBut I can see us lost in the memoryAugust slipped away into a moment in time'Cause it was never mineAnd I can see us twisted in bedsheetsAugust sipped away like a bottle of wine'Cause you were never mine'Cause you were never mineNever mineBut do you remember?Remember when I pulled up and said: Get in the carAnd then canceled my plans just in case you'd call?Back when I was livin' for the hope of it all, for the hope of it allMeet me behind the mall(Remember when I pulled up and said: Get in the car)(And then canceled my plans just in case you'd call?)(Back when I was livin' for the hope of it all, for the hope of it all)(Meet me behind the mall)Remember when I pulled up and said: Get in the carAnd then canceled my plans just in case you'd call?Back when I was livin' for the hope of it all (for the hope of it all)For the hope of it all, for the hope of it all(For the hope of it all, for the hope of it all);2.306.276;Taylor Swift / Jack Antonoff
Babe;https://www.letras.mus.br/taylor-swift/babe-taylors-version-from-the-vault/;What about your promises, promises?What about your promises, promises, promises? NoWhat a shameDidn't wanna be the one that got away, yeahBig mistake, you broke the sweetest promiseThat you never should have madeI'm here on the kitchen floorYou call, but I won't hear itYou said: No one elseHow could you do this, babe?(What about your promises, promises?)You really blew this, babeWe ain't getting through this one, babeThis is the last time I'll ever call you babe(This is the last time, this is the last time)This is the last time I'll ever call you babe(What about your promises, promises, promises? No)What a wasteTakin' down the pictures and the plans we made, yeahAnd it's strange how your face doesn't look so innocentYour secret has its consequence and that's on you, babeI break down every time you callWe're a wreck, you're the wrecking ballWe said: No one elseHow could you do this, babe?(Oh, what about your promises, promises?)You really blew this, babeWe ain't getting through this one, babeThis is the last time I'll ever call you babe(This is the last time, this is the last time)This is the last time I'll ever call youSince you admitted it (oh-oh), I keep picturin' (oh-oh)Her lips on your neck (oh-oh), I can't unsee itI hate that because of you, I can't love you, babeWhat a shame, didn't want to be the one that got awayHow could you do this, babe? (Babe)You really blew this, babe (babe)We ain't getting through this one, babe (babe)This is the last time I'll ever call you babe (babe)(This is the last time, this is the last time)This is the last time I'll ever call youI'm here on the kitchen floorYou call, but I won't hear itYou said: No one elseWe ain't getting through this one, babeI break down every time you callWe're a wreck, you're the wrecking ballWe said: No one elseThis is the last time I'll ever call you babe (babe)(What about your promises, promises?);63.037;Patrick Monahan / Taylor Swift
Babe (feat. Sugarland);https://www.letras.mus.br/taylor-swift/babe-feat-sugarland/;What a shameDidn't wanna be the one that got away, yeahBig mistake, broke the sweetest promiseThat you never should have madeI'm here on the kitchen floorYou call, but I won't hear itYou said: No one else, how could you do this, babe?You really blew this, babeWe ain't getting through this one, babeThis is the last time I'll ever call you, babeThis is the last time, this is the last timeThis is the last time, I'll ever call you babeWhat a wasteTaking down the pictures and the plans we made, yeahAnd it's strange how your face doesn't look so innocentYour secret has it's consequence and that's on you, babeI break down every time you callWe're a wreck, you're the wrecking ballWe said no one else, how could you do this, babe?You really blew this, babeWe ain't getting through this one, babeThis is the last time I'll ever call you, babeThis is the last time, this is the last timeThis is the last timeSince you admitted it, I keep picturingHer lips on your neck, I can't unsee itI hate that because of you, I can't love youBabeWhat a shame, didn't want to be the one that got awayHow could you do this, babe?You really blew this, babeWe ain't getting through this one, babeHow could you do this, babeThis is the last time, this is the last timeThis is the last time, I'll ever call you babeHow could you do this, babe?I'm here on the kitchen floor, you call but I won't hear itYou said I'm no one else, we ain't getting through this one, babeI break down every time you call, this is the last timeWe're a wreck, you're the wrecking ballThis is the last time, this is the last timeYou said I'm no one else, this is the last timeI'll never call you babe;79.839;Pat Monahan / Taylor Swift
Baby, Don't You Break My Heart Slow (Unreleased);https://www.letras.mus.br/taylor-swift/1444231/;I liked the way you wanted meEvery night for so long, babyI liked the way you needed meEverytime the things got rocky, yeahI was believing in youWas I mistaken? Do you mean, do you mean what you sayWhen you say our love could last forever?Well, I'd rather you be meanThan love and lieI'd rather hear the truthAnd have to say goodbyeI'd rather take a blowAt least then I would knowBut, baby, don't you break my heart slowI liked the way you'd hold meEvery night, for so long baby, yeahI liked the way you'd sing to meEverytime the things got rocky, yeahI was believing in youWas I mistaken? Do you say, do you say what you meanWhen you say our love could last forever?You'd run around and lead me on foreverWhile I stay at home still thinking we're togetherI want our love to last foreverBut, I'd rather you be meanThan love and lieI'd rather hear the truthAnd have to say goodbyeI'd rather take a blowAt least then I would knowBut, baby, don't you break my heart slowNow, baby, don't you break my heart slow;63.907;Vonda Shepard
Baby, In My Head, Love Story (Remix);https://www.letras.mus.br/taylor-swift/1754763/;Ohh wooaah (3x)Everybody's looking for love. Oh. Oh.Ain't that the reason you're at this club. Oh. Oh.You ain't gonna find a dance with him. No. Oh.Got a better solution for you girl. Oh. Oh.That you were RomeoYou were throwing pebblesAnd my daddy saidStay away from JulietAnd I was crying on the staircaseBegging you please don't goAnd I saidBaby, baby, baby ooohLike baby, baby, baby nooLike baby, baby, baby ooohI thought you'd always be mine mineIn my head, I see you all over me.In my head, you fulfill my fantasy.In my head, you'll be screaming no.In my head, its going down.In my head, its going down.In my head.So I sneak out to the garden to see youWe keep quiet cause we're dead if they knewSo close your eyesEscape this town for a little whileCause you were RomeoI was a scarlet letterAnd my daddy saidStay away from JulietBut you were everything to meI was begging you please don't goAnd I SaidBaby, baby, baby ooohLike baby, baby, baby nooLike baby, baby, baby ooohI thought you'd always be mine mineIn my head, I see you all over me.In my head, you fulfill my fantasy.In my head, you'll be screaming no.In my head, its going down.In my head, its going down.In my head.(Ludacris)Luda!When I was thirteenI had my first loveThere was nobody that compared to my babyAnd nobody came to between us or could ever come aboveShe had me going crazyOh I starstruckShe woke me up dailyDon't need no StarbucksShe make my heart poundI skip a beat whenI see her in the street andAt school on the playgroundBut I really wannaSee her on the weekendShe knows she got me dazingCuz she was so amazingAnd now my heart is breakingBut I just keep on sayingBaby, baby, baby ooohLike baby, baby, baby nooLike baby, baby, baby ooohI thought you'd always be mine, oh ohIn my head, I see you all over me.In my head, you fulfill my fantasy.In my head, you'll be screaming no.In my head, its going down.In my head, its going down.In my head.Marry me JulietYou'll never have to be aloneI love youAnd that's all I really knowI talked to your dadGo pick out a white dressIt's a love storyBaby, just say yesOh oh ohOh oh ohCause we were both youngWhen I first saw you;33.995;Sabe de quem é a composição? Envie pra gente.
Back To December;https://www.letras.mus.br/taylor-swift/1750861/;I'm so glad you made time to see meHow's life, tell me, how's your family?I haven't seen them in a whileYou've been good, busier than everWe small talk, work and the weatherYour guard is up and I know whyBecause the last time you saw meIs still burned in the back of your mindYou gave me roses and I left them there to dieSo this is me swallowing my prideStanding in front of you, saying I'm sorry for that nightAnd I go back to December all the timeIt turns out freedom ain't nothing but missing youWishing I'd realized what I had when you were mineI'd go back to December, turn aroundAnd make it all rightI go back to December all the timeThese days I haven't been sleepingStaying up playing back myself leavingWhen your birthday passed and I didn't callThen I think about summer, all the beautiful timesI watched you laughing from the passenger sideAnd realized I loved you in the fallAnd then the cold came with the dark daysWhen the fear crept into my mindYou gave me all your love and all I gave you was goodbyeSo this is me swallowing my prideStanding in front of you, saying I'm sorry for that nightAnd I go back to December all the timeIt turns out freedom ain't nothing but missing youWishing I'd realized what I had when you were mineI'd go back to December, turn aroundAnd change my own mindI go back to December all the timeI miss your tan skin, your sweet smileSo good to me, so rightAnd how you held me in your arms that September nightThe first time you ever saw me cryMaybe this is wishful thinkingProbably mindless dreamingBut if we loved again, I swear I'd love you rightI'd go back in time and change it, but I can'tSo if the chain is on your door, I understandBut this is me swallowing my prideStanding in front of you, saying I'm sorry for that nightAnd I go back to DecemberIt turns out freedom ain't nothing but missing youWishing I'd realized what I had when you were mineI'd go back to December, turn aroundAnd make it all rightI'd go back to December, turn aroundAnd change my own mindI go back to December all the timeAll the time;1.843.560;Taylor Swift
Back To December / Apologize / You're Not Sorry;https://www.letras.mus.br/taylor-swift/back-to-december-apologize-youre-not-sorry/;I'm so glad you made time to see meHow's life? Tell me, how's your family?I haven't seen them in a whileYou've been good, busier than everSmall talk, work and the weatherYour guard is up and I know whyBecause the last time you saw meStill burns in the back of your mindYou gave me roses and I left them there to dieSo this is me swallowing my prideStanding in front of you sayingI'm sorry for that nightAnd I go back to December all the timeIt turns out freedom ain't nothing but missin' youWishing I'd realized what I had when you were mineAnd I go back to December, turn aroundAnd make it all rightI go back to December all the timeThese days I haven't been sleepin?Stayin' up playing back myself leavin?When your birthday passedAnd I didn't call, then I think about summerAll the beautiful timesI watched you laughin' from the passenger sideAnd realized I loved you in the fallAnd then the cold cameWith the dark days when the fear crept into my mindYou gave me all your loveAnd all I gave you was goodbyeSo this is me swallowing my prideStanding in front of you sayingI'm sorry for that nightAnd I go back to December all the timeIt turns out freedom ain't nothing but missin' youWishing I'd realized what I had when you were mineAnd I go back to December, turn aroundAnd change my own mindI go back to December all the timeI miss your tan skin, your sweet smileSo good to me, so rightAnd how you held me in your armsThat September nightThe first time you ever saw me cryMaybe this is wishful thinkingProbably mindless dreamingIf we loved again, I swear I'd love you rightI'd go back in time and change it but I can'tSo if the chain is on your door I understandAnd you said it's too late to apologize (it's too late)You said it's too late to apologize (it's too late)This is me swallowing my prideStanding in front of you sayingI'm sorry for that nightAnd I go back to DecemberIt turns out freedom ain't nothing but missin' youWishing I'd realized what I had when you were mineOh, ohYou say, you're not sorry, no, no, noYou're not sorry, no, no, noHey, you're not sorry, no, no, noHey, you're not sorry, no, no, no;21.823;Taylor Swift
Bad Blood;https://www.letras.mus.br/taylor-swift/bad-blood-solo/;'Cause, baby, now we got bad bloodYou know, it used to be mad loveSo take a look what you've done'Cause, baby, now we got bad blood, heyNow we got problemsAnd I don't think we can solve 'emYou made a really deep cutAnd, baby, now we got bad blood, heyDid you have to do this?I was thinking that you could be trustedDid you have to ruinWhat was shining? Now, it's all rustedDid you have to hit meWhere I'm weak? Baby, I couldn't breatheAnd rub it in so deepSalt in the wound, like you're laughing right at meOh, it's so sad toThink about the good timesYou and I'Cause, baby, now we got bad bloodYou know, it used to be mad loveSo take a look what you've done'Cause, baby, now we got bad blood, heyNow we got problemsAnd I don't think we can solve 'emYou made a really deep cutAnd, baby, now we got bad blood, heyDid you think we'd be fine?Still got scars on my back from your knifeSo don't think it's in the pastThese kinda wounds, they last, and they lastNow, did you think it all through?All these things will catch up to youAnd time can heal, but this won'tSo if you're coming my way, just don'tOh, it's so sad toThink about the good timesYou and I'Cause, baby, now we got bad bloodYou know, it used to be mad loveSo take a look what you've done'Cause, baby, now we got bad blood, heyNow we got problemsAnd I don't think we can solve 'emYou made a really deep cutAnd, baby, now we got bad blood, heyBand-Aids don't fix bullet holesYou say sorry just for showIf you live like that, you live with ghostsBand-Aids don't fix bullet holesYou say sorry just for showIf you live like that, you live with ghostsIf you love like that, blood runs cold'Cause, baby, now we got bad bloodYou know, it used to be mad loveSo take a look what you've done'Cause, baby, now we got bad blood, heyNow we got problemsAnd I don't think we can solve 'em (think we can solve 'em)You made a really deep cutAnd, baby, now we got bad blood, hey'Cause, baby, now we got bad blood ('cause now we got bad blood)You know, it used to be mad loveSo take a look what you've done (look what you've done)'Cause, baby, now we got bad blood, hey (ooh, woah)Now we got problemsAnd I don't think we can solve 'emYou made a really deep cutAnd, baby, now we got bad blood, hey;348.929;Max Martin / Shellback / Taylor Swift
Bad Blood (remix) (feat. Kendrick Lamar);https://www.letras.mus.br/taylor-swift/bad-blood/;'Cause, baby, now we've got bad bloodYou know it used to be mad loveSo take a look what you've done (uh, uh)'Cause, baby, now we've got bad blood, hey (uh, hey)I can't take it back, look where I'm atWe was OG like DOC, remember that? (Remember that?)My TLC was quite OD, ID my facts (ID my)Now POV of you and me similar IraqI don't hate you, but I hate to critique, overrate youThese beats of a dark heart, use basslines to replace youTake time and erase youLove don't hear no more, no, I don't fear no moreBetter yet, respect ain't quite sincere no more, ahOh, it's so sad toThink about the good timesYou and I'Cause, baby, now we've got bad bloodYou know it used to be mad loveSo take a look what you've done'Cause, baby, now we've got bad blood, heyNow we've got problemsAnd I don't think we can solve 'emYou made a really deep cut (uh)And, baby, now we've got bad blood, hey (uh, hey)Remember when you tried to write me off?Remember when you thought I'd take a loss?Don't you remember? You thought that I would need yaFollow procedure, remember?Oh, wait, you got amnesiaIt was my season for battle woundsBattle scars, body bumped, bruised, stabbed in the backBrimstone, fire jumpin' throughStill, all my life I got money and powerAnd you gotta live with the bad blood nowOh, it's so sad toThink about the good timesYou and I'Cause, baby, now we've got bad bloodYou know it used to be mad loveSo take a look what you've done'Cause, baby, now we've got bad blood, heyNow we've got problemsAnd I don't think we can solve 'emYou made a really deep cutAnd, baby, now we've got bad blood, heyBand-Aids don't fix bullet holesYou say sorry just for showIf you live like that, you live with ghosts(You forgive, you forget, but you never let it go)Band-Aids don't fix bullet holesYou say sorry just for showIf you live like that, you live with ghosts, mmIf you love like that, blood runs cold'Cause, baby, now we've got bad bloodYou know it used to be mad loveSo take a look what you've done'Cause, baby, now we've got bad blood, hey (bad blood)Now we've got problemsAnd I don't think we can solve 'em (think we can solve 'em)You made a really deep cutAnd, baby, now we've got bad blood, hey'Cause, baby, now we've got bad blood ('cause now we've got bad blood)You know it used to be mad loveSo take a look what you've done (look what you've done)'Cause, baby, now we've got bad blood, hey (ooh)Now we've got problemsAnd I don't think we can solve 'emYou made a really deep cutAnd, baby, now we've got bad blood, hey;2.029.873;Taylor Swift / Shellback / Max Martin / Kendrick Lamar
Band Hero Comercial;https://www.letras.mus.br/taylor-swift/1642074/;Marry me Juliet, you'll never have to be aloneI love you and that's all I really knowI talked to your dad go pick out a white dressIt's a love story baby just say yes;17.347;Sabe de quem é a composição? Envie pra gente.
Beautiful Eyes;https://www.letras.mus.br/taylor-swift/1292863/;Your beautiful eyesStare right into mine, I, IAnd sometimesI think of you late at nightI don't know whyI wanna be somewhere where you areI wanna be whereYou're here, your eyes are lookin' into mineSo baby, make me flyMy heart has never felt this way beforeI'm looking through yourI'm looking through your eyesI wake up, I'm aliveIn only a little while I cry'Cause you're my lullabySo baby, come hold me tight'Cause I, II wanna be everything you needI wanna be whereYou're here, your eyes are lookin' into mineSo baby, make me flyMy heart has never felt this way beforeI'm looking through yourI'm looking through your eyesJust as long as your mineI'll be your everything tonightLet me love you, kiss youOh, baby, let me miss youLet me see your dream about, dream aboutDream about your eyesEye, eyeBeautiful eyes;195.334;Taylor Swift
Beautiful Ghosts;https://www.letras.mus.br/taylor-swift/beautiful-ghosts/;Follow me home if you dare toI wouldn't know where to lead youShould I take chances when no one took chances on me?So I watch from the dark, wait for my life to startWith no beauty in my memoryAll that I wanted was to be wantedToo young to wander London streets, alone and hauntedBorn into nothingAt least you have something, something to cling toVisions of dazzling rooms I'll never get let intoAnd the memories were lost long agoBut at least you have beautiful ghostsPerilous night, their voices callingA flicker of light before the dawningOut here, the wild ones are taming the fear within meScared to call them my friends and be broken againIs this hope just a mystical dream?All that I wanted was to be wantedToo young to wander London streets, alone and hauntedBorn into nothingAt least you have something, something to cling toVisions of dazzling rooms I'll never get let intoAnd the memories were lost long agoBut at least you have beautiful ghostsAnd so maybe my home isn't what I had knownWhat I thought it would beBut I feel so alive with these phantoms of nightAnd I know that this life isn't safe, but it's wild and it's freeAll that I wanted was to be wantedI'll never wander London streets, alone and hauntedBorn into nothingWith them, I have something, something to cling toI never knew I'd love this world they've let me intoAnd the memories were lost long agoSo I'll dance with these beautiful ghostsAnd the memories were lost long agoSo I'll dance with these beautiful ghosts;21.026;Andrew Lloyd Webber / Taylor Swift
Begin Again;https://www.letras.mus.br/taylor-swift/begin-again/;Took a deep breath in the mirrorHe didn't like it when I wore high heelsBut I doTurn the lock and put my headphones onHe always said he didn't get this songBut I do, I doI walked in expecting you'd be lateBut you got here early and you stand and waveI walk to youYou pull my chair out and help me inAnd you don't know how nice that isBut I doAnd you throw your head back laughingLike a little kidI think it's strange that you think I'm funny'Cause he never didI've been spending the last eight monthsThinking all love ever doesIs break, and burn, and endBut on a Wednesday, in a caféI watched it begin againYou said you never met one girl whoHad as many James Taylor records as youBut I doWe tell stories and you don't know whyI'm coming off a little shyBut I doBut you throw your head back laughingLike a little kidI think it's strange that you think I'm funny'Cause he never didI've been spending the last eight monthsThinking all love ever doesIs break, and burn, and endBut on a Wednesday, in a caféI watched it begin againAnd we walked down the block, to my carAnd I almost brought him upBut you start to talk about the moviesThat your family watches every single ChristmasAnd I want to talk about thatAnd for the first timeWhat's past is past'Cause you throw your head back laughingLike a little kidI think it's strange that you think I'm funny'Cause he never didI've been spending the last eight monthsThinking all love ever doesIs break, and burn, and endBut on a Wednesday, in a caféI watched it begin againOn a Wednesday, in a caféI watched it begin again;854.866;Taylor Swift
Being With My Baby;https://www.letras.mus.br/taylor-swift/1891483/;All is quiet in the world tonightCounting stars and firefliesThis summer sings a lullabyOf just me and my babyOn the hood of his daddy's carPass around his old guitarBet mama's wondering where we areJust me and my babyThe world is spinning 'round'Cause of just what I foundOoh, life's so sweet right hereOoh, keeping it young and crazyOoh, just want to stay right here'Cause nothing's quite like being with my babyDriving home by the riversideWishing I could slow down timeFaking pictures in my mindOf me and my babyThe car pulls up and I'm home too lateWe didn't take that interstateThe back road was a better wayFor me and my babyThe closer that we getOoh, I can't leave yetOoh, life's so sweet right hereOoh, keeping it young and crazyOoh, just want to stay right here'Cause nothing's quite like being with my babyBoth know what we foundSo we turned that car aroundOoh, life's so sweet right hereOoh, keeping it young and crazyOoh, just want to stay right hereOoh, and be with my babyOoh, yeah and be with my baby;22.849;Sabe de quem é a composição? Envie pra gente.
Bejeweled;https://www.letras.mus.br/taylor-swift/bejeweled/;Baby love, I think I've been a little too kindDidn't notice you walking all over my peace of mindIn the shoes I gave you as a presentPuttin' someone first only works when you're in their top fiveAnd by the way, I'm going out tonightBest believe I'm still bejeweled when I walk in the roomI can still make the whole place shimmerAnd when I meet the band, they ask: Do you have a man?I can still say: I don't rememberFamiliarity breeds contempt, don't put me in the basementWhen I want the penthouse of your heartDiamonds in my eyes, I polish up real, I polish up real niceNice!Baby boy, I think I've been too good of a girl (too good of a girl)Did all the extra credit, then got graded on a curveI think it's time to teach some lessonsI made you my world (huh?), have you heard? (Huh?)I can reclaim the landAnd I miss you (I miss you), but I miss sparkling (ah, hey)Best believe I'm still bejeweled when I walk in the roomI can still make the whole place shimmerAnd when I meet the band, they ask: Do you have a man?I can still say: I don't rememberFamiliarity breeds contempt, don't put me in the basementWhen I want the penthouse of your heartDiamonds in my eyes, I polish up real, I polish up real niceNice!Sapphire tears on my face, sadness became my whole sky (sky)But some guy said my aura's moonstone just 'cause he was highI been dancin' all night, and you can try to change my mindBut you might have to wait in lineWhat's a girl gonna do? A diamond's gotta shineBest believe I'm still bejeweled when I walk in the roomI can still make the whole place shimmer (shimmer)And when I meet the band, they ask: Do you have a man?I can still say: I don't rememberFamiliarity breeds contempt, don't put me in the basementWhen I want the penthouse of your heartDiamonds in my eyes, I polish up real (nice), I polish up real niceI been dancin' all night, and you can try to change my mindBut you might have to wait in lineWhat's a girl gonna do? What's a girl gonna do?I polish up niceBest believe I'm still bejeweled when I walk in the roomI can still make the whole place shimmer;495.336;Taylor Swift /  Jack Antonoff
Best Days Of Your Life (Feat. Kellie Pickler);https://www.letras.mus.br/taylor-swift/1633266/;"'Cos I'll be there, in the back of your mindFrom the day we met 'til you were making me cryAnd it's just too bad, you're already had the best daysThe best days of your lifeAin't it a shame?A shame that everytime you hear my nameBrought up in a casual conversationYou can't think straightAnd ain't it sad?You can forget about what we hadTake a look at her and do you like what you see?Or do you wish it was meCHORUS:'Cos I'll be there, in the back of your mindFrom the day we met to the very last nightAnd it's just too bad, you've alreasdy had the best daysThe best days of you lifeAnd does she know?Know about the times you used to hold meWrapped me in your arms and how you told meI'm the only oneI heard aboutYeah, someone told me once, when you were outShe went a little crazy ran her mouth about meAin't jealousy funny?CHORUS...with me was a fairytale loveI was head-over-heals 'til you threw away ""us""And it's just too bad you've, already had the best daysThe best days of your lifeI heard you're gonna gt marriedHave a nice little familyLive out my dreams with someon newBut, I've been told that a cheaterIs always a cheaterI've got my pride, and she's got you...'Cos I'll be there, in the back of your mindFrom the day we met 'til you were making me cryAnd it's just too bad, you've already had the best daysThe best days of your life...Of your lifeOh, oh, yeahYou're gonna think of meYou're gonna think of me in your lifeOh, oh, yeahIt's a shame, it's a shame";44.723;Taylor Swift
Bette Davis Eyes;https://www.letras.mus.br/taylor-swift/bette-davis-eyes/;Her hair is harlow goldHer lips sweet surpriseHer hands are never coldShe's got Bette Davis eyesShe'll turn her music on youYou won't have to think twiceShe's pure as new york snowShe's got Bette Davis eyesAnd she'll tease youShe'll unease youAll the better just to please youShe's precociousAnd she knows just what itTakes to make a pro blushShe's got Greta Garbo stand off sighsShe's got Bette Davis eyesShe'll let you take her homeIt whets her appetiteShe'll lay you on her throneShe's got Bette Davis eyesShe'll expose youAnd just knows youAre that the crumbs she throws you?She's ferociousAnd she knows just what itTakes to make a pro blush, ay, ayAll the boys think she's a spyShe's got Bette Davis eyes;19.087;Donna Weiss / Jackie DeShannon
Better Man;https://www.letras.mus.br/taylor-swift/better-man/;I knowI'm probably better off on my ownThan lovin' a man whoDidn't know what he hadWhen he had itAnd I seeThe permanent damage you did to meNever again, I just wish I could forgetWhen it was magicI wish it wasn't four AMStanding in the mirrorSaying to myself: You know you had to do itI know the bravest thing I ever did was runSometimes, in the middle of the nightI can feel you againBut I just miss youAnd I just wish you were a better manAnd I know why we had to say goodbyeLike the back of my handBut I just miss youAnd I just wish you were a better manA better manI knowI'm probably better off all aloneThan needing a man who could change his mindAt any given minuteAnd it was always on your termsI waited on every careless wordHoping they might turn sweet againLike it was in the beginningBut your jealousyOh, I can hear it nowTalking down to meLike I'd always be aroundPush my love awayLike it was some kind of loaded gunOh, you never thought I'd runSometimes, in the middle of the nightI can feel you againBut I just miss youAnd I just wish you were a better manAnd I know why we had to say goodbyeLike the back of my handBut I just miss youAnd I just wish you were a better manA better manI hold onto this pride because these daysIt's all I haveAnd I gave to you my bestAnd we both know you can't say thatI wish you were a better manI wonder what we would've becomeIf you were a better manWe might still be in loveIf you were a better manYou would've been the oneIf you were a better manYeah, yeahSometimes, in the middle of the nightI can feel you againBut I just miss youAnd I just wish you were a better manAnd I know why we had to say goodbyeLike the back of my handBut I just miss youAnd I just wish you were a better manA better man(Sometimes, in the middle of the night)(I can feel you again) we might still be in love if you were a better man(But I just miss you)(And I just wish you were a better man) yeah, yeahI know why we had to say goodbyeLike the back of my handBut I just miss youAnd I just wish you were a better manA better manWe might still be in loveIf you were a better manYou would've been the oneIf you were a better man;555.998;Taylor Swift
Better Man (live);https://www.letras.mus.br/taylor-swift/better-man-live/;I know I'm probably better off on my ownThan lovin' a man who didn't know what he had when he had itAnd I see the permanent damage you did to meNever again, I just wish I could forget when it was magicI wish it wasn't 4 AM, standing in the mirrorSaying to myself: You know you had to do itI know the bravest thing I ever did was runSometimes, in the middle of the night, I can feel you againBut I just miss you, and I just wish you were a better manAnd I know why we had to say goodbye like the back of my handBut I just miss you, and I just wish you were a better manA better manI know I'm probably better off all aloneThan needing a man who could change his mindAt any given minuteAnd it was always on your termsI waited on every careless wordHoping they might turn sweet againLike it was in the beginningBut your jealousy, oh, I can hear it nowTalking down to me like I'd always be aroundPush my love away like it was some kind of loaded gunOh, you never thought I'd runSometimes, in the middle of the night, I can feel you againBut I just miss you, and I just wish you were a better manAnd I know why we had to say goodbye, like the back of my handBut I just miss you, and I just wish you were a better manA better manI hold onto this pride because these days it's all I haveAnd I gave to you my best and we both know you can't say thatI wish you were a better manI wonder what we would've becomeIf you were a better manWe might still be in loveIf you were a better manYou would've been the oneIf you were a better manYeah, yeahSometimes, in the middle of the night, I can feel you againBut I just miss you, and I just wish you were a better manAnd I know why we had to say goodbye, like the back of my handBut I just miss you, and I just wish you were a better manA better man(Sometimes, in the middle of the night, I can feel you again)We might still be in love, if you were a better man(But I just miss you and I just wish you were a better man)Yeah, yeahI know why we had to say goodbye like the back of my handBut I just miss you and I just wish you were a better manA better manWe might still be in loveIf you were a better manYou would've been the oneIf you were a better man;23.129;Sabe de quem é a composição? Envie pra gente.
Better Off;https://www.letras.mus.br/taylor-swift/1831645/;He lived down the streetIn a broken down houseAnd a car up on blocks in the drivewayThe moment we meetThere was never a doubtThat we won't forget this somedayIt starts with a smileAnd we walk a few milesThen it all leads to thisOur first kissAll my friends are sayingGirl, what are you thinking?You're better offYou're better off without himFind yourself anotherGirl, that boy is troubleYou're better offYou're better offThey can talk foreverThey just don't know betterWe drive around townIn a rusty old truckBut somehow it feels like we're flyingDon't wanna come downBut they make it so tough'Cause everyone we know is tryingTo push us apartPutting doubt in our heartsAnd they get what they want'Cause you're goneAll my friends are sayingGirl, why are you crying?You're better offYou're better off without himFind yourself anotherGirl, that boy is troubleYou're better offYou're better offThey can talk foreverThey just don't know betterYou come to my doorIn the pouring rainWe know what we don't have to sayYou hand me a roseAnd a note that saysWe don't have to do things their wayAll my friends are sayingGirl, what are you thinking?You're better offYou're better off without himFind yourself anotherGirl, that boy is troubleYou're better offYou're better offWell, they can talk foreverThey just don't know better;24.773;Sabe de quem é a composição? Envie pra gente.
Better Than Revenge;https://www.letras.mus.br/taylor-swift/1763872/;Now go stand in the corner and think about what you did(Time for a little revenge!)The story starts when it was hot and it was summer andI had it all, I had him right there where I wanted himShe came along, got him alone and let's hear the applauseShe took him faster than you could say sabotageI never saw it coming, wouldn't have suspected itI underestimated just who I was dealing withShe had to know the pain was beating on me like a drumShe underestimated just who she was stealing fromShe's not a saint and she's not what you thinkShe's an actress, whoaHe was a moth to the flameShe was holding the matches, whoaSoon she's gonna find stealing other people's toysOn the playground won't make you many friendsShe should keep in mind, she should keep in mindThere is nothing I do better than revengeShe lives her life like it's a party and she's on the listShe looks at me like I'm a trend and she's so over itI think her ever-present frown is a little troublingAnd she thinks I'm psycho 'cause I like to rhyme her name with thingsBut sophistication isn't what you wear or who you knowOr pushing people down to get you where you wanna goThey didn't teach you that in prep school, so it's up to meBut no amount of vintage dresses gives you dignityShe's not a saint and she's not what you thinkShe's an actress, whoaHe was a moth to the flameShe was holding the matches, whoaSoon she's gonna find stealing other people's toysOn the playground won't make you many friendsShe should keep in mind, she should keep in mindThere is nothing I do better than revengeI'm just another thing for you to roll your eyes at, honeyYou might have him, but haven't you heard?I'm just another thing for you to roll your eyes at, honeyYou might have him but I always get the last word, whoa(C'mon, can't take that? C'mon)She's not a saint and she's not what you think (no)She's an actress, whoaHe was a moth to the flameShe was holding the matches, whoaSoon she's gonna find stealing other people's toysOn the playground won't make you many friendsShe should keep in mind, she should keep in mindThere is nothing I do better than revengeDo you still feel like you know what you're doing?'Cause I don't think you doOh, do you still feel like you know what you're doing?I don't think you do, I don't think you do (come on)Let's hear the applauseShow me how much better you are (you're so much better, yeah?)So you deserve some applause'Cause you're so much betterShe took him faster than you could say sabotage;504.013;Taylor Swift
betty;https://www.letras.mus.br/taylor-swift/betty/;Betty, I won't make assumptionsAbout why you switched your homeroom butI think it's 'cause of meBetty, one time I was riding on my skateboardWhen I passed your houseIt's like I couldn't breatheYou heard the rumors from InezYou can't believe a word she saysMost times, but this time it was trueThe worst thing that I ever didWas what I did to youBut if I just showed up at your partyWould you have me?Would you want me?Would you tell me to go fuck myself?Or lead me to the garden?In the garden would you trust meIf I told you it was just a summer thing?I'm only seventeen, I don't know anythingBut I know I miss youBetty, I know where it all went wrongYour favorite song was playingFrom the far side of the gymI was nowhere to be foundI hate the crowds, you know thatPlus, I saw you dance with himYou heard the rumors from InezYou can't believe a word she saysMost times, but this time it was trueThe worst thing that I ever didWas what I did to youBut if I just showed up at your partyWould you have me?Would you want me?Would you tell me to go fuck myself?Or lead me to the garden?In the garden would you trust meIf I told you it was just a summer thing?I'm only seventeen, I don't know anythingBut I know I miss youI was walking home on broken cobblestonesJust thinking of youWhen she pulled up likeA figment of my worst intentionsShe said: James, get in, let's driveThose days turned into nightsSlept next to her, butI dreamt of you all summer longBetty, I'm here on your doorstepAnd I planned it out for weeks nowBut it's finally sinkin' inBetty, right now is the last timeI can dream about what happens whenYou see my face againThe only thing I wanna doIs make it up to youSo I showed up at your partyYeah, I showed up at your partyYeah, I showed up at your partyWill you have me?Will you love me?Will you kiss me on the porchIn front of all your stupid friends?If you kiss me, will it be just like I dreamed it?Will it patch your broken wings?I'm only seventeen, I don't know anythingBut I know I miss youStanding in your cardiganKissin' in my car againStopped at a streetlightYou know I miss you;467.507;Taylor Swift / William Bowery
Bigger Than The Whole Sky;https://www.letras.mus.br/taylor-swift/bigger-than-the-whole-sky/;No words appear before me in the aftermathSalt streams out my eyes and into my earsEvery single thing I touch becomes sick with sadness'Cause it's all over now, all out to seaGoodbye, goodbye, goodbyeYou were bigger than the whole skyYou were more than just a short timeAnd I've got a lot to pine aboutI've got a lot to live withoutI'm never gonna meetWhat could've been, would've beenWhat should've been youWhat could've been, would've been youDid some bird flap its wings over in Asia?Did some force take you because I didn't pray?Every single thing to come has turned into ashes'Cause it's all over, it's not meant to beSo I'll say words I don't believeGoodbye, goodbye, goodbyeYou were bigger than the whole skyYou were more than just a short timeAnd I've got a lot to pine aboutI've got a lot to live withoutI'm never gonna meetWhat could've been, would've beenWhat should've been you(What could've been, would've been)(What could've been, would've been)(What could've been, would've been)What could've been, would've beenWhat should've been you(What could've been, would've been)What could've been, would've been you(What could've been, would've been)Goodbye, goodbye, goodbyeYou were bigger than the whole skyYou were more than just a short timeAnd I've got a lot to pine aboutI've got a lot to live withoutI'm never gonna meetWhat could've been, would've beenWhat should've been you;235.643;Taylor Swift / Jack Antonoff
Blank Space;https://www.letras.mus.br/taylor-swift/blank-spaces/;Nice to meet you, where you been?I could show you incredible thingsMagic, madness, heaven, sinSaw you there and I thoughtOh, my God, look at that face!You look like my next mistakeLove's a game, wanna play?New money, suit and tieI can read you like a magazineAin't it funny? Rumors flyAnd I know you heard about meSo hey, let's be friendsI'm dying to see how this one endsGrab your passport and my handI can make the bad guys good for a weekendSo it's gonna be foreverOr it's gonna go down in flames?You can tell me when it's overIf the high was worth the painGot a long list of ex-loversThey'll tell you I'm insane'Cause you know I love the playersAnd you love the game'Cause we're young and we're recklessWe'll take this way too farIt'll leave you breathlessOr with a nasty scarGot a long list of ex-loversThey'll tell you I'm insaneBut I've got a blank space, babyAnd I'll write your nameCherry lips, crystal skiesI could show you incredible thingsStolen kisses, pretty liesYou're the King, baby, I'm your QueenFind out what you wantBe that girl for a monthWait, the worst is yet to come, oh noScreaming, crying, perfect stormsI can make all the tables turnRose garden filled with thornsKeep you second guessing likeOh, my God, who is she?I get drunk on jealousyBut you'll come back each time you leave'Cause, darling, I'm a nightmare dressed like a daydreamSo it's gonna be foreverOr it's gonna go down in flames?You can tell me when it's overIf the high was worth the painGot a long list of ex-loversThey'll tell you I'm insane'Cause you know I love the playersAnd you love the game'Cause we're young and we're recklessWe'll take this way too farIt'll leave you breathlessOr with a nasty scarGot a long list of ex-loversThey'll tell you I'm insaneBut I've got a blank space, babyAnd I'll write your nameBoys only want love if it's tortureDon't say I didn't say, I didn't warn yaBoys only want love if it's tortureDon't say I didn't say, I didn't warn yaSo it's gonna be foreverOr it's gonna go down in flames?You can tell me when it's overIf the high was worth the painGot a long list of ex-loversThey'll tell you I'm insane'Cause you know I love the playersAnd you love the game'Cause we're young and we're recklessWe'll take this way too farIt'll leave you breathlessOr with a nasty scarGot a long list of ex-loversThey'll tell you I'm insaneBut I've got a blank space, babyAnd I'll write your name;4.653.993;Max Martin / Shellback / Taylor Swift
Blank Space (1989 World Tour);https://www.letras.mus.br/taylor-swift/blank-space-1989-world-tour/;Nice to meet you, where you been?I could show you incredible thingsMagic, madness, heaven, sinSaw you there and I thoughtOh, my God, look at that face!You look like my next mistakeLove's a game, wanna play?New money, suit and tieI can read you like a magazineAin't it funny? Rumors flyAnd I know you heard about meSo hey, let's be friendsI'm dying to see how this one endsGrab your passport and my handI can make the bad guys good for a weekendSo it's gonna be foreverOr it's gonna go down in flames?You can tell me when it's overIf the high was worth the painGot a long list of ex-loversThey'll tell you I'm insane'Cause you know I love the playersAnd you love the game'Cause we're young and we're recklessWe'll take this way too farIt'll leave you breathlessOr with a nasty scarGot a long list of ex-loversThey'll tell you I'm insaneBut I've got a blank space, babyAnd I'll write your nameCherry lips, crystal skiesI could show you incredible thingsStolen kisses, pretty liesYou're the King, baby, I'm your QueenFind out what you wantBe that girl for a monthWait, the worst is yet to come, oh noScreaming, crying, perfect stormsI can make all the tables turnRose garden filled with thornsKeep you second guessing likeOh, my God, who is she?I get drunk on jealousyBut you'll come back each time you leave'Cause, darling, I'm a nightmare dressed like a daydreamSo it's gonna be foreverOr it's gonna go down in flames?You can tell me when it's overIf the high was worth the painGot a long list of ex-loversThey'll tell you I'm insane'Cause you know I love the playersAnd you love the game'Cause we're young and we're recklessWe'll take this way too farIt'll leave you breathlessOr with a nasty scarGot a long list of ex-loversThey'll tell you I'm insaneBut I've got a blank space, babyAnd I'll write your nameAIright Sydney! I'd like to try a little experiment, are you up for It?Sydney!Let me hear the back! (Sydney!)(Sydney!)(Sydney!)And now, I'd like to tell you a very important lesson that I've learned along the way, would you like to heart it?! (Sydney!)(Sydney!)Boys only want love if it's torture (Sydney!)Don't say I didn't say, I didn't warn ya (Sydney!)(Boys only want love if it's torture) (Sydney!)(Don't say I didn't say, I didn't warn ya)(Sydney!)Boys only want love if it's torture (Sydney!)Don't say I didn't say, I didn't warn ya (Sydney!)(Boys only want love if it's torture)(Sydney!)Don't say I didn't say, I didn't warn ya)(Sydney!)Boys only want love if it's torture (Sydney!)Don't say I didn't say, I didn't warn ya (Sydney!)(Boys only want love if it's torture)(Sydney!)(Don't say I didn't say, I didn't warn ya)(Oh, Whoa!)So it's gonna be foreverOr it's gonna go down in flames?You can tell me when it's over (Over!)If the high was worth the painGot a long list of ex-loversThey'll tell you I'm insane'Cause you know I love the playersAnd you love the game'Cause we're young and we're reckless (Oh!)We'll take this way too far (Oh!)It'll leave you breathlessOr with a nasty scar (With a nasty scar)Got a long list of ex-loversThey'll tell you I'm insaneBut I've got a blank space, babyAnd I'll write your name;5.141;Max Martin / Shellback / Taylor Swift
Both Of Us (feat. B.o.B);https://www.letras.mus.br/taylor-swift/both-of-us/;I wish I was strong enough to lift not one but both of usSomeday I will be strong enough to lift not one but both of usUh, ever thought about losing itWhen your money's all gone and you lose your whipYou might lose your grip when the landlord tell ya that you're due for rentAnd the grass so green on the other sideMake a nigga wanna run straight through the fenceOpen up the fridge 'bout twenty timesBut still can't find no food in itThat's foolishnessAnd sometimes I wonder, why we care so much about the way we look.And the way we talk and the way we act and the clothes we bought, how much that cost.Does it even really matter?Cause if life is an up hill battleWe all tryna climb with the same ol' ladderIn the same boat, with the same ol' paddleWhy so shallow? I'm just askingWhat's the pattern to the madnessEverybody ain't a number one draft pickMost of us ain't Hollywood actorsBut if it's all for one, and one for allThen maybe one day, we all can ballDo it one time for the underdogsSincerely yours, from one of y'allI wish I was strong enough to lift not one but both of usSomeday I will be strong enough to lift not one but both of usI can feel your pain, I can feel your struggleYou just wanna live, but everything so lowThat you could drown in a puddleThat's why I gotta hold us up, yeah hold us upFor all the times no one's ever spoke for usTo every single time that they play this songYou can say that that's what Bobby Ray wrote for usWhen the tides get too highAnd the sea up underneath get so deepAnd you feel like you're just another personGetting lost in the crowd, way up high in the nosebleedsUh, because we've both been there, yeah, both of usBut we still stand tall with our shoulders upAnd even though we always against the oddsThese are the things that've molded usAnd if life hadn't chosen usSometimes I wonder where I would've wound upCause if it was up to me, I'd make a new blueprintThan build it from the ground up, heyBut if it's all for one, and one for allThen maybe one day, we all can ballDo it one time for the underdogsFrom Bobby Ray, to all of y'allI wish I was strong enough to lift not one but both of usSomeday I will be strong enough to lift not one but both of usOh, oh;51.287;Sabe de quem é a composição? Envie pra gente.
Brand New World;https://www.letras.mus.br/taylor-swift/brand-new-world/;Watch me go into the world todayWatch me try to blow the past awayWatch me laugh and watch me cryWatch me fall and watch me fly‘Cause I’m living in a brand new worldAnd you think I’m just another girlBut I’m living just a day at a timeAnd keeping it mineSomeday I’m gonna flyWatch me catch a star and pin it downWatch me live another time aroundWatch me doubt the things I loveWatch me fight what I’m proud of‘Cause I’m living in a brand new worldAnd you think I’m just another girlBut I’m living just a day at a timeAnd keeping it mineSomeday I’m gonna flyAnd I may break my wingsAnd fall flat on my shattered heartAnd I may hit the groundBut I will never fall apart‘Cause I’m living in a brand new worldAnd you think I’m just another girlBut I’m living just a day at a timeAnd keeping it mineI’m living in a brand new worldAnd you think I’m just another girlBut I’m living just a day at a timeAnd keeping it mineSomeday I’m gonna fly;5.435;Taylor Swift
Breathe (feat. Colbie Caillat);https://www.letras.mus.br/taylor-swift/1361086/;I see your face in my mind as I drive away'Cause none of us thought it was gonna end that wayPeople are people and sometimes we change our mindsBut it's killing me to see you go after all this timeMusic starts playing like the end of a sad movieIt's the kinda ending you don't really wanna see'Cause it's tragedy and it'll only bring you downNow I don't know what to be without you aroundAnd we know it's never simple, never easyNever a clean break, no one here to save meYou're the only thing I know like the back of my handAnd I can't breathe without youBut I have to breathe without youBut I have toNever wanted this, never want to see you hurtEvery little bump in the road, I tried to swerveBut people are people and sometimes it doesn't work outNothing we say is gonna save us from the falloutAnd we know it's never simple, never easyNever a clean break, no one here to save meYou're the only thing I know like the back of my handAnd I can't breathe without youBut I have to breathe without youBut I have toIt's 2AMFeeling like I just lost a friendHope you know it's not easy, easy for meIt's 2AMFeeling like I just lost a friendHope you know this ain't easy, easy for meAnd we know it's never simple, never easyNever a clean break, no one here to save meI can't breathe without youBut I have to breathe without youBut I have to breathe without youBut I have toI'm sorry, I'm sorryI'm sorry, I'm sorryI'm sorry, I'm sorryI'm sorry;403.823;Taylor Swift / Colbie Caillat
Breathless;https://www.letras.mus.br/taylor-swift/1622470/;Here you are now, fresh from your woundsAnd back from the edge of timeAnd all that you were stripped to the boneI thought you'd want to knowWhen you feel the world is crashing all around your feetCome, running headlong into my armsBreathlessI'll never judge you, I can only love youCome now, running headlong into my armsBreathlessLay down your guns, too weak to runNothing can harm you hereYour precious heart, broken and scarredSomehow you made it throughI only ask that you won't go againWhen you feel the world is crashing all around your feetCome running headlong into my armsBreathlessI'll never judge you, I can only love youCome now running headlong into my armsBreathlessBreathlessI'm so glad to see you smilingIt's so good to hear you laughI think that you've found you even missed yourselfI'm only asking this'Cause I think that truth be toldOh, you'll never go again, no, noAgain, againWhen you feel the world is crashing all around your feetCome, running headlong into my armsBreathlessI'll never judge you, I can only love youCome now, running headlong into my armsBreathlessBreathlessSo when you feel the world is crashing downWon't you come and run into my arms?;56.753;Sabe de quem é a composição? Envie pra gente.
Brought Up That Way;https://www.letras.mus.br/taylor-swift/1806696/;"Emily comes home from schoolGrabs onto her daddy's handHe says, ""Baby girl, what's wrong with you?""She says, ""Please, don't make me go back there again""She said, ""I wish there was some way to make 'em stop it""So he drives down to that principles office and says""I didn't bring her upSo they could cut her downI didn't bring her hereSo they could shut her outI live my whole damn lifeTo see that little girl's smileSo why are tears pouring down that sweet face?She wasn't brought up that way""Emily's home late againHe sees that boy drive awayOh, but something's different this timeShe doesn't have too much to sayShe said, ""He tried but there's just some things I won't do""And through the tears she said ""I couldn't do that to you""And he said""I didn't bring you upSo he could wear you downTake that innocent heartAnd turn it inside outI live my whole damn lifeTo see my little girl's smileSo don't let nobody take that awayYou weren't brought up that way""The phone rings on a rainy nightSays, ""It's officer Tate""He said, ""Sir, there's been an accidentYou better come down here right awayA drunken driver missed an over passAnd, Emily, she's fading fast""He says""God, I didn't bring her upTo watch them lay her downNearly killed me the dayThey put her momma in the groundOnly thing kept me aliveWas that little girl's smileSo, please, don't take that awayIt won't be easy taking her todayShe wasn't brought up that way""He stands over the hospital bedEmily opens her eyes";19.187;Sabe de quem é a composição? Envie pra gente.
But Daddy I Love Him;https://www.letras.mus.br/taylor-swift/but-daddy-i-love-him/;I forget how the West was wonI forget if this was ever funI just learned these people only raise you to cage youSarahs and Hannahs in their Sunday bestClutching their pearls, sighing: What a messI just learned these people try and save you 'cause they hate youToo high a horse for a simple girl to rise above itThey slammed the door on my whole worldThe one thing I wantedNow I'm running with my dress unbuttonedScreaming: But, daddy, I love him!I'm having his babyNo, I'm not, but you should see your facesI'm telling him to floor it through the fencesNo, I'm not coming to my sensesI know he's crazy, but he's the one that I wantDutiful daughter, all my plans were laidTendrils tucked into a woven braidGrowing up precocious sometimes means not growing up at allHe was chaos, he was revelryBedroom eyes like a remedySoon enough, the elders had convened down at the City HallStay away from her, the saboteurs protested too muchLord knows the words we never heardJust screeching tires and true loveNow I'm running with my dress unbuttonedScreaming: But, daddy, I love him!I'm having his babyNo, I'm not, but you should see your facesI'm telling him to floor it through the fencesNo, I'm not coming to my sensesI know he's crazy, but he's the one I wantI'll tell you something right nowI'd rather burn my whole life downThan listen to one more second of all this bitching and moaningI'll tell you something about my good nameIt's mine alone to disgraceI don't cater to all these vipers dressed in empath's clothingGod save the most judgmental creeps, who say they want what's best, for meSanctimoniously performing soliloquies I'll never seeThinking it can change the beat of my heart when he touches meAnd counteract the chemistry and undo the destinyYou ain't gotta pray for meMe and my wild boy, and all this wild joyIf all you want is grey for me, then it's just white noise, and it's just my choiceThere's a lotta people in town that I bestow upon my fakest smilesScandal does funny things to pride, but brings lovers closerWe came back when the heat died down, went to my parents and they came aroundAll the wine moms are still holding out, but fuck 'em, it's overNow I'm dancing in my dress in the Sun andEven my daddy just loves himI'm his ladyAnd, oh, my God, you should see your facesTime, doesn't it give some perspective?And no, you can't come to the weddingI know he's crazy, but he's the one I wantI'll tell you something right nowYou ain't gotta pray for meMe and my wild boy, and all of this wild joy(He was chaos, he was revelry)If all you want is gray for meThen it's just white noise, and it's my choiceScreamin': But, daddy, I love him!I'm having his babyNo, I'm notBut you should see your facesBut, oh, my God, you should see your facesHe was chaos, he was revelry;267.844;Taylor Swift / Aaron Dessner
By The Way;https://www.letras.mus.br/taylor-swift/by-the-way/;I had to catch my breathWhen I saw you there across the roomHoldin her handI’d have never guessedThat starting over would look so good on youBut here I amStill believing there might come a dayWe’ll pick up where we left offAnd by the wayYour eyes are dancingI’ll say the chances of thatAre getting slimAnd by the wayMy heart's still breakingIt’s going take it a whileTo love againSo many things that I forgot to sayBy the wayI should’ve let you knowAll the way’s you made me feel aliveI guess it’s too lateSo I’ll just get my coatAnd make my way into this breezy nightGive you one last waveMaybe you’ll drop what you’re doingAnd come over here and sayI’m looking goodAnd by the wayYour eyes are dancingI’ll say the chances of thatAre getting slimAnd by the wayMy heart's still breakingIt’s going take it a whileTo love againSo many things that I forgot to sayBy the wayYou still look amazingAnd I must have been crazyTo let you get awayBy the wayIf you ever wonderedStill got the same old numberJust in caseI still miss youAnd I still love youBy the wayBy the way oh;12.162;Sabe de quem é a composição? Envie pra gente.
Bye Bye Baby;https://www.letras.mus.br/taylor-swift/bye-bye-baby/;It wasn't just like a movieThe rain didn't soak through my clothes, down to my skinI'm driving away and I, I guess you could sayThis is the last time I'll drive this way againLost in the gray and I try to grab at the fray'Cause I, I still love you but I can'tBye bye to everything I thought was on my sideBye bye babyI want you bad but it's come down to nothingAnd all I have is your sympathy'Cause you took me home but you just couldn't keep meBye bye babyBye bye babyThe picture frame is emptyOn the dresser, vacant just like meI see your writing on the dashThen back to your hesitationI was so sure of everythingEverything I thought we'd always haveGuess I never doubted itThen the here and the now floods inFeels like I'm becoming a part of your pastBye bye to everything I thought was on my sideBye bye babyI want you bad but it's come down to nothingAnd all I have is your sympathy'Cause you took me home but you just couldn't keep meBye bye babyBye bye babyThere's so much that I can't touchYou're all I want but it's not enough this timeAnd all the pages are just slipping through my handsAnd I'm so scared of how this endsBye bye to everything I thought was on my sideBye bye babyI want you bad but it's come down to nothingAnd all I have is your sympathy'Cause you took me home but you just couldn't keep meBye bye babyBye bye babyBye bye to everything I thought was on my sideBye bye babyI want you bad but it's come down to nothingAnd all I have is your sympathy'Cause you took me home but you just couldn't keep meOh, you took me home, I thought you were gonna keep meBye bye babyBye bye baby;42.366;Liz Rose / Taylor Swift
Call It What You Want;https://www.letras.mus.br/taylor-swift/call-it-what-you-want/;My castle crumbled overnightI brought a knife to a gunfightThey took the crown, but it's alrightAll the liars are calling me oneNobody's heard from me for monthsI'm doing better than I ever was'Cause my baby's fit like a daydreamWalking with his head downI'm the one he's walking toSo call it what you want, yeahCall it what you want toMy baby's fly like a jet streamHigh above the whole sceneLoves me like I'm brand newSo call it what you want, yeahCall it what you want toAll my flowers grew back as thornsWindows boarded up after the stormHe built a fire just to keep me warmAll the drama queens taking swingsAll the jokers dressing up as kingsThey fade to nothing when I look at himAnd I know I make the same mistakes every timeBridges burn, I never learnAt least I did one thing rightI did one thing rightI'm laughing with my lover, making forts under coversTrust him like a brotherYeah, you know I did one thing rightStarry eyes sparking up my darkest nightMy baby's fit like a daydreamWalking with his head downI'm the one he's walking toSo call it what you want, yeahCall it what you want toMy baby's fly like a jet streamHigh above the whole sceneLoves me like I'm brand newSo call it what you want, yeahCall it what you want toI want to wear his initial on a chain 'round my neckChain 'round my neckNot because he owns meBut 'cause he really knows meWhich is more than they can say, II recall late NovemberHolding my breath, slowly, I saidYou don't need to save meBut would you run away with me?Yes (would you run away?)My baby's fit like a daydreamWalking with his head downI'm the one he's walking toSo call it what you want, yeahCall it what you want toMy baby's fly like a jet streamHigh above the whole sceneLoves me like I'm brand newSo call it what you want, yeahCall it what you want to(Call it what you want, call it)(Call it what you want, call it what you want, call it)(Call it what you want, call it what you want, call it)(Call it what you want, call it what you want, call it)(Call it what you want, call it what you want, call it)(Call it what you want, call it what you want, call it)(Call it what you want, call it what you want, call it)Call it what you want, yeahCall it what you want to;757.662;Taylor Swift / Jack Antonoff
Can I Go With You?;https://www.letras.mus.br/taylor-swift/1301683/;"Any day nowThey're talking warI can see the lightThat's in your eyesThey're not talkinA week or twoOh, daddyCan I go with you?Oh, daddyCan I go with you?You pack a suitcaseAnd take a pictureFrom the wallI always knewThis time would comeWhen I ask how longYou thinkYou're gonna beYou say"" Eh, this crazy world'sCome undone ""Summer's overAnd leaves beginTo fallAnd another winter'sOn the wayI knewI wasn't gonna takeThis very wellBut I'd give everythingTo have you here todayEveryday nowThey're talking warI knowThis time has beenLike it's neverBeen beforeWe're not talkingAbout a week or twoOh, daddyCan I go with you?Oh, daddyCan I go with you?Oh, daddyCan I go with you?";68.368;Sabe de quem é a composição? Envie pra gente.
Can't Stop Loving You;https://www.letras.mus.br/taylor-swift/cant-stop-loving-you/;So you're leaving in the morning on the early trainI could say everything's alrightAnd I could pretend and say goodbyeGot your ticketGot your suitcaseGot your leaving smileI could say that's the way it goesAnd I could pretend and you won't knowThat I was lying'Cause I can't stop loving youNo I can't stop loving youNo I won't stop loving youWhy should I?We took a taxi to the station, not a word was saidAnd I saw you walk across the roadFor maybe the last time I don't knowFeeling humbleI heard a rumbleOn the railway tracksAnd when I hear that whistle blowI'll walk away and you won't knowThat I was crying'Cause I can't stop loving youNo I can't stop loving youNo I won't stop loving youWhy should I?And I'll always be by your side'Cause I never wanted to say goodbyeAnd I'll always be here, be here if you change, change your mindAnd I'll always be by your sideAnd I never wanted to say goodbyeAnd I'll always be here, be here if you change, change your mindSo you're leaving in the morning on the early trainAnd I could say everything's alrightI could pretend and say goodbyeThat would be lying'Cause I can't stop loving youNo I can't stop loving youNo I won't stop loving youWhy should I?And I'll always be by your sideAnd I never wanted to say goodbyeAnd I'll always be here, be here if you change, change your mind'Cause I can't stopI'll always be here by your sideI never wanted to say goodbyeI'll always be here if you change, change your mindWhy should I?Why should I even try?I'll always be here by your sideI didn't wanna say goodbyeSo why should I even try?;14.527;Sabe de quem é a composição? Envie pra gente.
cardigan;https://www.letras.mus.br/taylor-swift/cardigan/;Vintage tee, brand-new phoneHigh heels on cobblestonesWhen you are young, they assume you know nothingSequin smile, black lipstickSensual politicsWhen you are young, they assume you know nothingBut I knew youDancin' in your Levi'sDrunk under a streetlight, II knew youHand under my sweatshirtBaby, kiss it better, IAnd when I felt like I was an old cardiganUnder someone's bedYou put me on and said I was your favoriteA friend to all is a friend to noneChase two girls, lose the oneWhen you are young, they assume you know nothingBut I knew youPlaying hide-and-seek andGiving me your weekends, II knew youYour heartbeat on the High LineOnce in twenty lifetimes, IAnd when I felt like I was an old cardiganUnder someone's bedYou put me on and said I was your favoriteTo kiss in cars and downtown barsWas all we neededYou drew stars around my scarsBut now I'm bleedin''Cause I knew youSteppin' on the last trainMarked me like a bloodstain, II knew youTried to change the endingPeter losing Wendy, II knew youLeavin' like a fatherRunning like water, IAnd when you are young, they assume you know nothingBut I knew you'd linger like a tattoo kissI knew you'd haunt all of my what-ifsThe smell of smoke would hang around this long'Cause I knew everything when I was youngI knew I'd curse you for the longest timeChasin' shadows in the grocery lineI knew you'd miss me once the thrill expiredAnd you'd be standin' in my front porch lightAnd I knew you'd come back to meYou'd come back to meAnd you'd come back to meAnd you'd come backAnd when I felt like I was an old cardiganUnder someone's bedYou put me on and said I was your favorite;2.404.561;Aaron Dessner / Taylor Swift
Carolina;https://www.letras.mus.br/taylor-swift/carolina/;Oh, Carolina creeksRunning through my veinsLost I was born, lonesome I cameLonesome I'll always stayCarolina knowsWhy, for years, I roamFree as these birds, light as whispersCarolina knowsAnd you didn't see me hereNo, they never did see me hereAnd she's in my dreamsInto the mist, into the cloudsDon't leaveI make a fist, I'll make it countAnd there are places I will never, ever goAnd things that only Carolina will ever knowCarolina stainsOn the dress she leftIndelible scars, pivotal marksBlue as the life she fledCarolina pinesWon't you cover me?Hide me like robes down the back roadMuddy these webs we weaveAnd you didn't see me hereOh, they never did see meAnd she's in my dreamsInto the mist, into the cloudsDon't leaveI make a fist, I'll make it countAnd there are places I will never, ever goAnd things that only Carolina will ever knowOh, ohAnd you didn't see me hereThey never did see me hereNo, you didn't see me hereThey never saw meOh, Carolina knowsWhy for years they've saidThat I was guilty as sinAnd sleep in a liar's bedBut the sleep comes fastAnd I'll meet no ghostsIt's between me, the sand and the seaCarolina knows;63.505;Taylor Swift
Cassandra;https://www.letras.mus.br/taylor-swift/cassandra/;I was in my new house placing daydreamsPatching up the crack along the wallI pass it and lose track of what I'm saying'Cause that's where I was when I got the callWhen the first stone's thrown, there's screamingIn the streets, there's a raging riotWhen it's: Burn the bitch!, they're shriekingWhen the truth comes out, it's quietSo they killed Cassandra first 'cause she feared the worstAnd tried to tell the townSo they filled my cell with snakes, I regret to sayDo you believe me now?I was in my tower weaving nightmaresTwisting all my smiles into snarlsThey say what doesn't kill you makes you awareWhat happens if it becomes who you are?So they killed Cassandra first 'cause she feared the worstAnd tried to tell the townSo they set my life in flames, I regret to sayDo you believe me now?They knew, they knew, they knew the whole timeThat I was onto somethingThe family, the pure greed, the Christian chorus lineThey all said nothingBlood's thick, but nothing like a payrollBet they never spared a prayer for my soulYou can mark my words that I said it firstIn a mourning warning, no one heardI patched up the crack along the wallI pass it and lose track of what I'm saying'Cause that's where I was when I lost it allSo they killed Cassandra first 'cause she feared the worstAnd tried to tell the townSo they filled my cell with snakes, I regret to sayDo you believe me now?Ah, ah-ah-ah, ahI was onto somethingAh-ah-ah, ahThey all said nothingBlood's thick, but nothing like a payrollBet they never spared a prayer for my soulYou can mark my words that I said it firstIn a mourning warning, no one heardNo one heard, not a single word was heardWhen the first stone's thrown, there's screamingIn the streets, there's a raging riotWhen it's: Burn the bitch!, they're shriekingWhen the truth comes out, it's quietIt's so quiet;80.200;Aaron Dessner / Taylor Swift
Castles Crumbling (feat. Hayley Williams);https://www.letras.mus.br/taylor-swift/castles-crumbling-feat-hayley-williams/;Once, I had an empire in a golden ageI was held up so high, I used to be greatThey used to cheer when they saw my faceNow, I fear I have fallen from graceAnd I feel like my castle's crumbling downAnd I watch all my bridges burn to the groundAnd you don't want to know me, I will just let you downYou don't wanna know me nowOnce, I was the great hope for a dynastyCrowds would hang on my words and they trusted meThe faith was strong, but I pushed it too farI held that grudge till they tore me apartPower went to my head and I couldn't stopOnes I loved tried to help, so I ran them offAnd here I sit alone behind walls of regretFalling down like promises that I never keptAnd I feel like my castle's crumbling downAnd I watch all my bridges burn to the groundAnd you don't want to know me, I will just let you downYou don't wanna know me nowMy foes and friends watch my reign endI don't know how it could've ended this waySmoke billows from my ships in the harborPeople look at me like I'm a monsterNow they're screaming at the palace's front gatesUsed to chant my nameNow they're screaming that they hate meNever wanted you to hate meMy castle's crumbling downAnd I watch all my bridges burn to the groundAnd you don't want to know me, I will just let you downMy castle's crumbling downYou don't wanna know me now, now(Once, I had an empire)(Once, I had an empire)(Once, I had an empire);52.644;Taylor Swift
champagne problems;https://www.letras.mus.br/taylor-swift/champagne-problems/;You booked the night train for a reasonSo you could sit there in this hurtBustling crowds or silent sleepersYou're not sure which is worseBecause I dropped your hand while dancingLeft you out there standingCrestfallen on the landingChampagne problemsYour mom's ring in your pocketMy picture in your walletYour heart was glass, I dropped itChampagne problemsYou told your family for a reasonYou couldn't keep it inYour sister splashed out on the bottleNow no one's celebratingDom Perignon, you brought itNo crowd of friends applaudedYour hometown skeptics called itChampagne problemsYou had a speech, you're speechlessLove slipped beyond your reachesAnd I couldn't give a reasonChampagne problemsYour Midas touch on the Chevy doorNovember flush and your flannel cureThis dorm was once a madhouseI made a joke: Well, it's made for meHow evergreen, our group of friendsDon't think we'll say that word againAnd soon they'll have the nerve to deck the hallsThat we once walked throughOne for the money, two for the showI never was ready so I watch you goSometimes you just don't know the answerTill someone's on their knees and asks youShe would've made such a lovely brideWhat a shame she's fucked in the head, they saidBut you'll find the real thing insteadShe'll patch up your tapestry that I shredAnd hold your hand while dancingNever leave you standingCrestfallen on the landingWith champagne problemsYour mom's ring in your pocketHer picture in your walletYou won't remember all myChampagne problemsYou won't remember all myChampagne problems;721.790;Taylor Swift / William Bowery
Champion;https://www.letras.mus.br/taylor-swift/champion/;I never saw you as the same personAlways when you're closing the doorI can feel everything you feltWas everything I should knowI held the door thinking in youYou were passing with your busy handsAlways when I wanted to seeIt's what I can see nowWasn't easy see you going awayHe's everything I have nowThen you went and put me downI saw your string lights shining in your eyesIt's okay, just stay freeTimes won't be the same than beforeYou can dreaming every day with meJust have your heart well openAnd everybody is believing in youYou was the champion in liesI couldn't have seen you thenI will be well afraid without youI held the door thinking in youYou were passing with your busy handsAlways when I wanted to seeIt's what I can see nowWasn't easy see you going awayHe's everything I have nowThen you went and put me downI saw your string lights shining in your eyesIt's okay, just stay freeTimes won't be the same than beforeYou can dreaming every day with meJust have your heart well openAnd everybody is believing in youYou was the champion in liesI couldn't have seen you thenI will be well afraid without youI held the door thinking in youYou were passing with your busy handsAlways when I wanted to seeIt's what I can see nowWasn't easy see you going awayHe's everything I have nowThen you went and put me downI saw your string lights shining in your eyesIt's okay, just stay freeTimes won't be the same than beforeYou can dreaming every day with meJust have your heart well openAnd everybody is believing in youYou was the champion in liesI couldn't have seen you thenI will be well afraid without youChampion, oh, champion;3.833;Sabe de quem é a composição? Envie pra gente.
Change;https://www.letras.mus.br/taylor-swift/1834084/;And it's a sad pictureThe final blow hits youSomebody else gets what you wanted again andYou know it's all the sameAnother time and placeRepeating history and you’re getting sick of itBut I believe in whatever you doAnd I'll do anything to see it throughBecause these things will changeCan you feel it now?These walls that they put up to hold us backWill fall downThis revolutionThe time will comeFor us to finally winAnd we'll sing Hallelujah!We'll sing Hallelujah!So we've been outnumberedRaided and now corneredIt's hard to fight when the fight ain't fairWe're getting stronger nowFind things they never foundThey might be bigger, but we're faster and never scaredYou can walk away, say we don't need thisBut there's something in your eyes, says we can beat this'Cause these things will changeCan you feel it now?These walls that they put up to hold us backWill fall downThis revolutionThe time will comeFor us to finally winAnd we'll sing Hallelujah!We'll sing Hallelujah!, ohTonight we'll standGet off our kneesFight for what we've worked for all these yearsAnd the battle was longIt's the fight of our livesBut we'll stand up champions tonightIt was the night things changedCan you see it now?These walls that they put up to hold us backFell downThis revolutionThrow your hands up'Cause we never gave inAnd we'll sing Hallelujah!We sang Hallelujah!, ohHalleluja;86.452;Sabe de quem é a composição? Envie pra gente.
Change;https://www.letras.mus.br/taylor-swift/1301679/;And it's a sad pictureThe final blow hits youSomebody else gets what you wanted again andYou know it's all the sameAnother time and placeRepeating history and you’re getting sick of itBut I believe in whatever you doAnd I'll do anything to see it throughBecause these things will changeCan you feel it now?These walls that they put up to hold us backWill fall downThis revolutionThe time will comeFor us to finally winAnd we'll sing Hallelujah!We'll sing Hallelujah!So we've been outnumberedRaided and now corneredIt's hard to fight when the fight ain't fairWe're getting stronger nowFind things they never foundThey might be bigger, but we're faster and never scaredYou can walk away, say we don't need thisBut there's something in your eyes, says we can beat this'Cause these things will changeCan you feel it now?These walls that they put up to hold us backWill fall downThis revolutionThe time will comeFor us to finally winAnd we'll sing Hallelujah!We'll sing Hallelujah! OhTonight we'll standGet off our kneesFight for what we've worked for all these yearsAnd the battle was longIt's the fight of our livesBut we'll stand up champions tonightIt was the night things changedCan you see it now?These walls that they put up to hold us backFell downThis revolutionThrow your hands up'Cause we never gave inAnd we'll sing Hallelujah!We sang Hallelujah! OhHallelujah;222.041;Taylor Swift
Check Out This View;https://www.letras.mus.br/taylor-swift/check-out-this-view/;I don’t need a loveBut there is one thing love has taught meIt’s to never expect too muchDon’t need a believable touchI just need youI just need youDon’t need mineI found mineWhy should we be wasting time?You don’t know what you missedI look into your eyes like thisAnd you should be in front of me seeing everything I seeLooking at youCheck out this viewThink of a quiet beachThink of how the waves crash downThink about a summer’s eveNo offense to them but I thank I’m not there with youWalk in a roomIn the light or in the darkWell nothing shadows who you are andYou don’t know what you missedI look into your eyes like thisAnd you should be in front of me seeing everything I seeLooking at youCheck out this viewI look outside the windowEvery day see something newBut all I ever wanted was a window looking at youAt you (a window just for you)And you don’t know what you missedI look into your eyes like thisAnd you should be in front of me seeing everything I seeYou don’t know what you missedI look into your eyes like thisAnd you should be in front of me seeing everything I seeLooking at youCheck out this view;4.814;Sabe de quem é a composição? Envie pra gente.
Chloe or Sam or Sophia or Marcus;https://www.letras.mus.br/taylor-swift/chloe-or-sam-or-sophia-or-marcus/;Your hologram stumbled into my apartmentHands in the hair of somebody in darknessNamed Chloe or Sam or Sophia or MarcusAnd I just watched it happenAs the decade would play us for foolsAnd you saw my bones out with somebody newWho seemed like he would've bullied you in schoolAnd you just watched it happenIf you wanna break my cold, cold heartJust say: I loved you the way that you wereIf you wanna tear my world apartJust say you've always wonderedYou said some things that I can't unabsorbYou turned me into an idea of sortsYou needed me, but you needed drugs moreAnd I couldn't watch it happenI changed into goddesses, villains and foolsChanged plans and lovers, and outfits and rulesAll to outrun my desertion of youAnd you just watched itIf you wanna break my cold, cold heartJust say: I loved you the way that you wereIf you wanna tear my world apartJust say you've always wonderedIf the glint in my eye traced the depths of your sighDown that passage in time back to the momentI crashed into you, like so many wrecks doToo impaired by my youth to know what to doSo if I sell my apartmentAnd you have some kids with an internet starletWill that make your memory fade from this scarlet maroonLike it never happened?Could it be enough to just float in your orbit?Can we watch our phantoms like watching wild horses?Cooler in theory, but not if you force it to beIt just didn't happenSo if you wanna break my cold, cold heartSay you loved meAnd if you wanna tear my world apartSay you'll always wonder(Ah-ah-ah-ah-ah-ah)'Cause I wonder(Ah-ah-ah-ah-ah-ah)Will I always(Ah-ah-ah-ah-ah-ah)Will I always wonder?;135.908;Aaron Dessner / Taylor Swift
Christmas Must Be Something More;https://www.letras.mus.br/taylor-swift/1155146/;What if ribbons and bows didn't mean a thing?Would the song still survive without five golden rings?Would you still want to kiss without misletoe?What would happen if God never let it snow?What would happen if Christmas carols told a lie?Tell me what would you find?You'd see that today holds something specialSomething holy, not superficialSo here's to the birthday boy who saved our livesIt's something we all try to ignoreAnd put a wreath up on your doorSo here's something you should know that is for sureChristmas must be something moreWhat if angels did not pay attention toAll the things that we wished they would always do?What if happiness came in a cardboard boxThen I think there is something we all forgot?What would happen if presents all went away?Tell me what would you find?You'd see that today holds something specialSomething holy, not superficialSo here's to the birthday boy who saved our livesIt's something we all try to ignoreAnd put a wreath up on your doorSo here's something you should know that is for sureChristmas must be something moreWe get so caught up in all of itBusiness and relationshipsHundred mile an hour livesAnd it's this time of yearAnd everybody's hereIt seems the last thing on your mindIs that the day holds something specialSomething holy, not superficialSo here's to Jesus Christ who saved our livesIt's something we all try to ignoreAnd put a wreath up on your doorBut here's something you should know that is for sureChristmas must be somethingChristmas must be somethingChristmas must be something moreThere's gotta be moreThere's gotta be more;27.960;Taylor Swift
Christmas Tree Farm;https://www.letras.mus.br/taylor-swift/christmas-tree-farm/;My winter nights are taken up by staticStress and holiday shopping trafficBut I close my eyes and I'm somewhere elseJust like magicIn my heart is a Christmas tree farmWhere the people would comeTo dance under sparkling lightsBundled up in their mittens and coatsAnd the cider would flowAnd I just wanna be there tonightSweet dreams of holly and ribbonMistakes are forgivenAnd everything is icy and blueAnd you would be there tooUnder the mistletoeWatching the fire glowAnd telling me: I love youJust being in your armsTakes me back to that little farmWhere every wish comes trueIn my heart is a Christmas tree farmThere's a light in the barnWe run inside out from the coldIn the town, kids are dreaming of sleighsAnd they're warm and they're safeThey wake to see a blanket of snowSweet dreams of holly and ribbonMistakes are forgivenAnd everythin' is icy and blueAnd you would be there tooUnder the mistletoeWatching the fire glowAnd telling me: I love youJust being in your armsTakes me back to that little farmWhere every wish comes trueBaby, yeahAnd when I'm feeling aloneYou remind me of homeOh, baby, baby, Merry ChristmasAnd when the world isn't fairI pretend that we're thereBaby, baby, Merry ChristmasTo youUnder the mistletoe (to you)Watching the fire glowAnd telling me: I love youOh, baby, baby, Merry ChristmasOh, baby, baby, Merry Christmas (darling)Oh, baby, baby, Merry ChristmasI love youOh, baby, baby, Merry ChristmasOh, baby, baby, Merry Christmas (I just want you to know)Oh, baby, baby, Merry ChristmasWhere every wish comes trueI love you;62.168;Taylor Swift
Christmas Tree Farm (Old Timey Version) (Amazon Original);https://www.letras.mus.br/taylor-swift/christmas-tree-farm-old-timey-version-amazon-original/;My winter nights are taken up by staticStress and holiday shopping trafficBut I close my eyes and I'm somewhere elseJust like magicIn my heart is a Christmas tree farmWhere the people would comeTo dance under sparkling lightsBundled up in their mittens and coatsAnd the cider would flowAnd I just wanna be there tonightSweet dreams of holly and ribbonMistakes are forgivenAnd everythin' is icy and blueAnd you would be there tooUnder the mistlеtoeWatchin' the fire glowAnd tеllin' me: I love youJust bein' in your armsTakes me back to that little farmWhere every wish comes trueIn my heart is a Christmas tree farmThere's a light in the barnWe run inside out from the coldIn the town, kids are dreamin' of sleighsAnd they're warm and they're safeThey wake to see a blanket of snowSweet dreams of holly and ribbonMistakes are forgivenAnd everythin' is icy and blueAnd you would be there tooUnder the mistletoeWatchin' the fire glowAnd tellin' me: I love youJust bein' in your armsTakes me back to that little farmWhere every wish comes trueBaby, yeahAnd when I'm feelin' aloneYou remind me of homeOh, baby, baby, Merry ChristmasAnd when the world isn't fairI pretend that we're thereBaby, baby, Merry Christmas (to you)Under the mistletoe (to you)Watching the fire glowAnd tellin' me: I love youOh, baby, baby, Merry ChristmasOh, baby, baby, Merry Christmas (darling)Oh, baby, baby, Merry ChristmasI love youOh, baby, baby, Merry ChristmasOh, baby, baby, Merry Christmas (I just want you to know)Oh, baby, baby, Merry ChristmasWhere every wish comes trueMerry Christmas;954;Taylor Swift
Christmases When You Were Mine;https://www.letras.mus.br/taylor-swift/1155148/;"Please, take down the misletoe'Cause I don't wanna think about that right now'Cause everything I want is miles awayIn a snow covered little townMy momma's in the kitchen, worrying about meSeason's greetings, hope you're wellWell I'm doing alright, if you were wonderingLately I can never tellI know this shouldn't be a lonely timeBut there were Christmases when you were mineI've been doing fine without you, reallyUp until the nights got coldAnd everybody's here, except you, babySeems like everyone's got someone to holdBut for me, it's just a lonely time'Cause there were Christmases when you were mine""Merry Christmas everybody""That'll have to be something I just say this yearI'll bet you got your mom another sweaterAnd were your cousins late again?When you were putting up the lights this yearDid you notice one less pair of hands?I know this shouldn't be a lonely timeBut there were Christmases when I didn't wonder how you are tonight'Cause there were Christmases when you were mineYou were mine";31.344;Liz Rose / Nathan Chapman / Taylor Swift
Clara Bow;https://www.letras.mus.br/taylor-swift/clara-bow/;You look like Clara BowIn this light, remarkableAll your life, did you knowYou'd be picked like a rose?I'm not trying to exaggerateBut I think I might die if it happenedDie if it happened to meNo one in my small town thought I'd see the lights of ManhattanThis town is fake, but you're the real thingBreath of fresh air through smoke ringsTake the glory, give everythingPromise to be dazzlingYou look like Stevie NicksIn '75, the hair and lipsCrowd goes wild at her fingertipsHalf moonshine, a full еclipseI'm not trying to exaggeratеBut I think I might die if I made itDie if I made itNo one in my small town thought I'd meet these suits in LAThey all wanna sayThis town is fake, but you're the real thingBreath of fresh air through smoke ringsTake the glory, give everythingPromise to be dazzlingThe crown is stained, but you're the real queenFlesh and blood amongst war machinesYou're the new God we're worshippingPromise to be dazzlingBeauty is a beast that roars down on all foursDemanding moreOnly when your girlish glowed flicks as just soldDo they let you know?It's hell on earth to be heavenlyThem's the breaks, they don't come gentlyYou look like Taylor SwiftIn this light, we're lovin' itYou've got edge, she never didThe future's bright, dazzling;115.236;Aaron Dessner / Taylor Swift
Clean;https://www.letras.mus.br/taylor-swift/clean/;The drought was the very worstAh, ahWhen the flowers that we'd grown together died of thirstIt was months and months of back and forthAh, ahYou're still all over me like a wine-stained dress I can't wear anymoreHung my head as I lost the warAnd the sky turned black like a perfect stormThe rain came pouring downWhen I was drowning, that's when I could finally breatheAnd by morningGone was any trace of you, I think I am finally cleanThere was nothing left to doAh, ahWhen the butterflies turned to dust that covered my whole roomSo I punched a hole in the roofAh, ahLet the flood carry away all my pictures of youThe water filled my lungsI screamed so loud, but no one heard a thingThe rain came pouring downWhen I was drowning, that's when I could finally breatheAnd by morningGone was any trace of you, I think I am finally cleanI think I am finally cleanAhSaid I think I am finally cleanAhTen months sober, I must admitJust because you're clean don't mean you don't miss itTen months older, I won't give inNow that I'm clean, I'm never gonna risk itThe drought was the very worstAh, ahWhen the flowers that we'd grown together died of thirstThe rain came pouring downWhen I was drowning, that's when I could finally breatheAnd by morningGone was any trace of you, I think I am finally cleanThe rain came pouring downWhen I was drowning, that's when I could finally breatheAnd by morningGone was any trace of you, I think I am finally cleanFinally cleanThink I'm finally cleanAh, ahThink I'm finally clean;502.742;Imogen Heap / Taylor Swift
Closest To A Cowboy;https://www.letras.mus.br/taylor-swift/closest-to-a-cowboy/;I drive around this townIn a Mustang with the top downAnd six running horses under my hoodWell that’s good enough for meDon’t need the real thingThat’s just another thing for me to try to tameDon’t know if I couldIt might just break meI thought there for a little while, every sunsetI’d be a riding off with himSnap buttons on a denim shirtBlue jeans and a little dirtThat’s the closest you’ll see meFeet hanging out a pickup truckCrazy and a little roughRunning freeThat’s the closest to a cowboy you’ll see meBefore I met himI was so sane and groundedBefore he taught me how to lieAnd crawl out the windowI learned the dirt roadsAnd I got my heart broken'Cause that cowboy taught me how to cryAnd how to let goI thought there for a little while, every sunsetI’d be a riding off with himSnap buttons on a denim shirtBlue jeans and a little dirtThat’s the closest you’ll see meFeet hanging out a pickup truckCrazy and a little roughRunning freeThat’s the closest to a cowboy you’ll see meIt was all a little wonderful and strangeBut I’ll never look at a sunset the same nightSnap buttons on a denim shirtBlue jeans and a little dirtThat’s the closest you’ll see meFeet hanging out a pickup truckCrazy and a little roughRunning freeSitting fishing by the river bankSwimming in the water tankThat’s the closest you’ll see meFeet hanging out a pickup truckCrazy and a little roughRunning freeThat’s the closest to a cowboy you’ll see me;4.133;Sabe de quem é a composição? Envie pra gente.
closure;https://www.letras.mus.br/taylor-swift/closure/;It's been a long timeAnd seeing the shape of your nameStill spells out painIt wasn't rightThe way it all went downLooks like you know that nowYes, I got your letterYes, I'm doing betterIt cut deep to know ya, right to the boneYes, I got your letterYes, I'm doing betterI know that it's overI don't need your closureYour closureDon't treat me likeSome situation that needs to be handledI'm fine with my spiteAnd my tears, and my beers and my candlesI can feel you smoothing me overYes, I got your letterYes, I'm doing bettеrIt cut deep to know ya, right to the boneYes, I got your lеtterYes, I'm doing betterI know that it's overI don't need your closureYour closureYour closureYour closureI know I'm just a wrinkle in your new lifeStaying friends would iron it out so niceGuilty, guilty, reaching out across the seaThat you put between you and meBut it's fake and it's, oh, so unnecessaryYes, I got your letterYes, I'm doing betterIt cut deep to know ya right to the boneYes, I got your letterYes, I'm doing betterI know that it's overI don't need your closure, closureYour closureYour closure;142.030;Aaron Dessner / Taylor Swift
Cold As You;https://www.letras.mus.br/taylor-swift/824926/;You have a way of coming easily to meAnd when you take, you take the very best of meSo I start a fight 'cause I need to feel somethingAnd you do what you want 'cause I'm not what you wantedOh, what a shame, what a rainy ending given to a perfect dayJust walk away, ain't no use defending words that you will never sayAnd now that I'm sitting here thinking it throughI've never been anywhere cold as youYou put up walls and paint them all a shade of grayAnd I stood there loving you and wished them all awayAnd you come away with a great little storyOf a mess of a dreamer with the nerve to adore youOh, what a shame, what a rainy ending given to a perfect daySo just walk away, ain't no use defending words that you will never sayAnd now that I'm sitting here thinking it throughI've never been anywhere cold as youYou never did give a damn thing, honey, but I cried, cried for youAnd I know you wouldn't have told nobody if I died, died for youDied for youOh, what a shame, what a rainy ending given to a perfect dayEvery smile you fake is so condescendingCounting all the scars you madeAnd now that I'm sitting here thinking it throughI've never been anywhere cold as you;178.687;Liz Rose / Taylor Swift
Come Back... Be Here;https://www.letras.mus.br/taylor-swift/come-back-be-here/;You said it in a simple way4 AM, the second dayHow strange that I don't know you at allWe stumbled through the long goodbyeOne last kiss, then catch your flightRight when I was just about to fallI told myself: Don't get attachedBut in my mind, I play it backSpinning faster than the plane that took youAnd this is when the feeling sinks inI don't want to miss you like thisCome back, be hereCome back, be hereI guess you're in New York todayI don't want to need you this wayCome back, be hereCome back, be hereThe delicate beginning rushThe feeling you can know so muchWithout knowing anything at allAnd now that I can put this downIf I had known what I know nowI never would've played so nonchalantTaxi cabs and busy streetsThat never bring you back to meI can't help but wish you took me with youAnd this is when the feeling sinks inI don't want to miss you like thisCome back, be hereCome back, be hereI guess you're in London todayAnd I don't want to need you this wayCome back, be hereCome back, be hereThis is falling in love in the cruelest wayThis is falling for you and you are worlds awayIn New York, be hereBut you're in London and I break down'Cause it's not fair that you're not aroundThis is when the feeling sinks inI don't want to miss you like thisCome back, be hereCome back, be hereI guess you're in New York todayAnd I don't want to need you this wayCome back, be hereCome back, be hereI don't want to miss you like this, oh, ohCome back, be hereCome back, be here;299.830;Dan Wilson / Taylor Swift
Come In With The Rain;https://www.letras.mus.br/taylor-swift/824927/;I could go back to every laughBut I don't wanna go there anymoreAnd I know all the steps up to your doorBut I don't wanna go there anymoreTalk to the windTalk to the skyTalk to the man with the reasons whyAnd let me know what you findI'll leave my window open'Cause I'm too tired at night to call your nameJust know I'm right here hopingThat you'll come in with the rainI could stand up and sing you a songBut I don't wanna have to go that farAnd I, I've got you down, I know you by heartAnd you don't even know where I startTalk to yourselfTalk to the tearsTalk to the man who put you hereAnd don't wait for the sky to clearI'll leave my window open'Cause I'm too tired at night to call your name outJust know I'm right here hopingThat you'll come in with the rainI've watched you so longScreamed your nameI dont' know what else I can sayBut I'll leave my window open'Cause I'm too tired at night for all of these gamesJust know I'm right here hopingThat you'll come in with the rainI could go back to every laughBut I don't wanna go there anymore;111.762;Liz Rose / Taylor Swift
coney island (feat. The National);https://www.letras.mus.br/taylor-swift/coney-island-feat-the-national/;Break my soul in two looking for youBut you're right hereIf I can't relate to you anymoreThen who am I related to?And if this is the long haulHow'd we get here so soon?Did I close my fist around something delicate?Did I shatter you?And I'm sitting on a bench in Coney IslandWondering where did my baby go?The fast times, the bright lights, the merry goSorry for not making you my centerfoldOver and overLost again with no surprisesDisappointments, close your eyesAnd it gets colder and colderWhen the Sun goes downThe question pounds my headWhat's a lifetime of achievement?If I pushed you to the edgeBut you were too polite to leave meAnd do you miss the rogueWho coaxed you into paradise and left you there?Will you forgive my soulWhen you're too wise to trust me and too old to care?'Cause we were like the mall before the internetIt was the one place to beThe mischief, the gift wrapped suburban dreamsSorry for not winning you an arcade ringOver and overLost again with no surprisesDisappointments, close your eyesAnd it gets colder and colderWhen the Sun goes downWere you waiting at our old spotIn the tree lineBy the gold clock?Did I leave you hanging every single day?Were you standing in the hallwayWith a big cake? Happy birthdayDid I paint your bluest skies the darkest grey?A universe awayAnd when I got into the accidentThe sight that flashed before me was your faceBut when I walked up to the podiumI think that I forgot to say your nameI'm on a bench in Coney IslandWondering where did my baby go?The fast times, the bright lights, the merry goSorry for not making you my centerfoldOver and overLost again with no surprisesDisappointments, close your eyesAnd it gets colder and colderWhen the Sun goes downWhen the Sun goes downThe sight that flashed before me was your faceWhen the Sun goes downBut I think that I forgot to say your nameOver and overSorry for not making you my, making you myMaking you my centerfold;193.546;Aaron Dessner / Bryce Dessner / Taylor Swift / William Bowery
Cornelia Street;https://www.letras.mus.br/taylor-swift/cornelia-street/;We were in the backseatDrunk on something stronger than the drinks in the barI rent a place on Cornelia StreetI say casually in the carWe were a fresh page on the deskFilling in the blanks as we goAs if the street lights pointed in an arrow headLeading us homeAnd I hope I never lose you, hope it never endsI'd never walk Cornelia Street againThat's the kinda heartbreak time could never mendI'd never walk Cornelia Street againAnd baby, I get mystified by how this city screams your nameAnd baby, I'm so terrified of if you ever walk awayI'd never walk Cornelia Street againI'd never walk Cornelia Street againWindows flung right open, autumn airJacket 'round my shoulders is yoursWe bless the rains on Cornelia StreetMemorize the creaks in the floorBack when we were card sharks, playing gamesI thought you were leading me onI packed my bags, left Cornelia StreetBefore you even knew I was goneBut then you called, showed your handI turned around before I hit the tunnelSat on the roof, you and II hope I never lose you, hope it never endsI'd never walk Cornelia Street againThat's the kinda heartbreak time could never mendI'd never walk Cornelia Street againAnd baby, I get mystified by how this city screams your nameAnd baby, I'm so terrified of if you ever walk awayI'd never walk Cornelia Street againI'd never walk Cornelia Street againYou hold my hand on the streetWalk me back to that apartmentYears ago, we were just insideBarefoot in the kitchenSacred new beginningsThat became my religion, listenI hope I never lose youI'd never walk Cornelia Street againOh, never againAnd baby, I get mystified by how this city screams your nameAnd baby, I'm so terrified of if you ever walk awayI'd never walk Cornelia Street againI'd never walk Cornelia Street againI don't wanna lose you (hope it never ends)I'd never walk Cornelia Street againI don't wanna lose you (yeah)I rent a place on Cornelia StreetI say casually in the car;388.436;Taylor Swift
cowboy like me;https://www.letras.mus.br/taylor-swift/cowboy-like-me/;And the tennis court was covered upWith some tent-like thingAnd you asked me to danceBut I said: Dancing is a dangerous gameOh, I thoughtThis is gonna be one of those thingsNow I knowI'm never gonna love againI've got some tricks up my sleeveTakes one to know oneYou're a cowboy like meNever wanted love, just a fancy carNow I'm waiting by the phoneLike I'm sitting in an airport barYou had some tricks up your sleeveTakes one to know oneYou're a cowboy like mePerched in the darkTelling all the rich folks anything they wanna hearLike it could be loveI could be the way forwardOnly if they pay for itYou're a bandit like meEyes full of starsHustling for the good lifeNever thought I'd meet you hereIt could be loveWe could be the way forwardAnd I know I'll pay for itYou're a cowboy like mePerched in the darkTelling all the rich folks anything they wanna hearLike it could be loveI could be the way forwardOnly if they pay for itYou're a bandit like meEyes full of starsHustling for the good lifeNever thought I'd meet you hereIt could be loveWe could be the way forwardAnd I know I'll pay for itAnd the skeletons in both our closetsPlotted hard to fuck this upAnd the old men that I've swindledReally did believe I was the oneAnd the ladies lunching have their stories aboutWhen you passed through townBut that was all before I locked it downNow you hang from my lipsLike the Gardens of BabylonWith your boots beneath my bedForever is the sweetest conI've had some tricks up my sleeveTakes one to know oneYou're a cowboy like meAnd I'm never gonna love againI'm never gonna love againI'm never gonna love again;219.216;Aaron Dessner / Taylor Swift
Crazier;https://www.letras.mus.br/taylor-swift/1446165/;I'd never gone with the windJust let it flowLet it take me where it wants to go'Till you open the doorNow there's so much moreI'd never seen it beforeI was trying to fly, but I couldn't find wingsBut you came along and you changed everythingYou lift my feet off the groundYou spin me aroundYou make me crazier, crazierFeels like I'm falling and II'm lost in your eyesYou make me crazier, crazier, crazierI've watched from a distance as youYou made life your ownEvery sky was your own kind of blueAnd I wanted to knowHow that would feelAnd you made it so realYou showed me something that I couldn't seeYou opened my eyes and you made me believeYou lift my feet off the groundYou spin me aroundYou make me crazier, crazierFeels like I'm falling and II'm lost in your eyesYou make me crazier, crazier, crazierOh, baby, you showed me what living is forI don't want to hide anymoreYou lift my feet off the groundYou spin me aroundYou make me crazier, crazierFeels like I'm fallingAnd I, I'm lost in your eyesYou make me crazier, crazier, crazierCrazierCrazier;569.593;Robert Ellis Orrall / Taylor Swift
Cross My Heart;https://www.letras.mus.br/taylor-swift/cross-my-heart/;I’ve been counting days andI’ve been being patient aboutA little thing called loveCrossing all my fingersLetting my heart lingerTrying to get some help from up aboveAnd I don’t wanna jinx my luckI’ve left it all behind meAnd I’ve been hoping everydayThat someday you will find meSo I cross my heart and hope for youKnock on the wood and broke the moonI pray for you and me and hope I’m rightAnd I’m wearing out that ole wishing wellYou never know if time will tellI cross my heart and hope for you tonight, tonightDreaming of you latelyI’ve been thinking maybeThere is something I can doCause I’ve been on the verge ofRunning round in circlesBaby all I want is youAnd I don’t wanna jinx my luckI’ve left it all behind meAnd I’ve been hoping everydayThat someday you will find meSo I cross my heart and hope for youKnock on the wood and broke the moonI pray for you and me and hope I’m rightAnd I’m wearing out that ole wishing wellYou never know if time will tellI cross my heart and hope for you tonightDo you believe in miracles?Please tell me if you’ve seen oneI’d like to knowJust where to goBecause I think I need oneSo I cross my heart and hope for youKnock on the wood and broke the moonI pray for you and me and hope I’m rightAnd I’m wearing out that ole wishing wellYou never know if time will tellI cross my heart and hope for you tonight, tonightI’ll cross my heart and hope for youKnock on the wood and broke the moonI pray for you and me and hope I’m rightAnd I’m wearing out that ole wishing wellYou never know if time is gonna tellI cross my heart and hope for you tonight.;7.882;Taylor Swift
Cruel Summer;https://www.letras.mus.br/taylor-swift/cruel-summer/;(Yeah, yeah, yeah, yeah)Fever dream high in the quiet of the nightYou know that I caught it (oh, yeah, you're right, I want it)Bad, bad boy, shiny toy with a priceYou know that I bought it (oh, yeah, you're right, I want it)Killing me slow, out the windowI'm always waiting for you to be waiting belowDevils roll the dice, angels roll their eyesWhat doesn't kill me makes me want you moreAnd it's new, the shape of your bodyIt's blue, the feeling I've gotAnd it's ooh, whoa ohIt's a cruel summerIt's cool, that's what I tell 'emNo rules in breakable heavenBut ooh, whoa ohIt's a cruel summerWith youHang your head low in the glow of the vending machineI'm not dying (oh, yeah, you're right, I want it)You say that we'll just screw it up in these trying timesWe're not trying (oh, yeah, you're right, I want it)So cut the headlights, summer's a knifeI'm always waiting for you just to cut to the boneDevils roll the dice, angels roll their eyesAnd if I bleed, you'll be the last to knowOh, it's new, the shape of your bodyIt's blue, the feeling I've gotAnd it's ooh, whoa ohIt's a cruel summerIt's cool, that's what I tell 'emNo rules in breakable heavenBut ooh, whoa ohIt's a cruel summerWith youI'm drunk in the back of the carAnd I cried like a baby coming home from the bar (oh)Said I'm fine, but it wasn't trueI don't wanna keep secrets just to keep youAnd I snuck in through the garden gateEvery night that summer, just to seal my fate (oh)And I scream for whatever it's worthI love you, ain't that the worst thing you ever heard?He looks up, grinning like a devilAnd it's new, the shape of your bodyIt's blue, the feeling I've gotAnd it's ooh, whoa ohIt's a cruel summerIt's cool, that's what I tell 'emNo rules in breakable heavenBut ooh, whoa ohIt's a cruel summerWith youI'm drunk in the back of the carAnd I cried like a baby coming home from the bar (oh)Said I'm fine, but it wasn't trueI don't wanna keep secrets just to keep youAnd I snuck in through the garden gateEvery night that summer, just to seal my fate (oh)And I scream for whatever it's worthI love you, ain't that the worst thing you ever heard?(Yeah, yeah, yeah, yeah);1.385.852;Annie Clark / Jack Antonoff / Taylor Swift
Cruel Summer (Live from TS - The Eras Tour);https://www.letras.mus.br/taylor-swift/cruel-summer-live-from-ts-the-eras-tour/;(Yeah, yeah, yeah, yeah)Oh, hi(Yeah, yeah, yeah, yeah)Fever dream high in the quiet of the nightYou know that I caught it (oh, yeah, you're right, I want it)Bad, bad boy, shiny toy with a priceYou know that I bought it (oh, yeah, you're right, I want it)Killin' me slow, out the windowI'm always waitin' for you to be waitin' belowDevils roll the dice, angels roll their eyesWhat doesn't kill me makes me want you moreAnd it's new, the shape of your bodyIt's blue, the feelin' I've gotAnd it's, ooh-woah-ohIt's a cruel summerIt's cool, that's what I tell 'emNo rules in breakable heavenBut, ooh-woah-ohIt's a cruel summer with youHang your head low in the glow of the vendin' machineI'm not dyin' (oh, yeah, you're right, I want it)We say that we'll just screw it up in these tryin' timesWe're not tryin' (oh, yeah, you're right, I want it)So cut the headlights, summer's a knifeI'm always waitin' for you just to cut to the boneDevils roll the dice, angels roll their eyesAnd if I bleed, you'll be the last to know, ohIt's new, the shape of your bodyIt's blue, the feeling I've gotAnd it's, ooh-woah-ohIt's a cruel summerIt's cool, that's what I tell 'emNo rules in breakable heavenBut, ooh-woah-ohIt's a cruel summer with youAlright, Los Angeles, we have arrivedAt the very first bridge of the evening, nowI have a questionDoes anyone here know the lyrics to this bridge?Prove itI'm drunk in the back of the carAnd I cried like a baby comin' home from the bar (oh)Said: I'm fine, but it wasn't trueI don't wanna keep secrets just to keep youAnd I snuck in through the garden gateEvery night that summer just to seal my fate (oh)And I scream for whatever it's worthI love you, ain't that the worst thing you ever heard?He looks up, grinnin' like a devilIt's new, the shape of your bodyIt's blue, the feelin' I've gotAnd it's, ooh-woah-ohIt's a cruel summerIt's cool, that's what I tell 'emNo rules in breakable heavenBut, ooh-woah-ohIt's a cruel summerI'm drunk in the back of the carAnd I cried like a baby comin' home from the bar (oh)Said: I'm fine, but it wasn't trueI don't wanna keep secrets just to keep youAnd I snuck in through the garden gateEvery night that summer just to seal my fate (oh)And I scream for whatever it's worthI love you, ain't that the worst thing you ever heard?(Yeah, yeah, yeah, yeah)Cruel summer with you (with you, with you, with you)With you (with you, with you, with you)With you (with you, with you, with you)It's a cruel summer with you (with you, with you, with you)With you (with you, with you, with you)With you (with you, with you, with you)(With you, with you, with you) it's a cruel summer;10.764;Annie Clark / Jack Antonoff / Taylor Swift
Cruel Summer (LP Giobbi Remix);https://www.letras.mus.br/taylor-swift/cruel-summer-lp-giobbi-remix/;Fever dream high in the quiet of the nightYou know that I caught it (I want it)Bad, bad boy, shiny toy with a priceYou know that I bought itKilling me slow, out the windowI'm always waiting for you to be waiting belowDevils roll the dice, angels roll their eyesWhat doesn't kill me makes me want you moreAnd it's new, the shape of your bodyIt's blue, the feelin' I've gotAnd it's ooh, woah-ohIt's a cruel summerIt's cool, that's what I tell 'emNo rules in breakable heavenBut ooh, woah-ohIt's a cruel summer with youWith youWith youWith youNew, the shape of your bodyIt's blue, the feelin' I've gotAnd it's ooh, woah-ohIt's a cruel summerIt's cool, that's what I tell 'emNo rules in breakable heavenBut ooh, woah-ohIt's a cruel summer with youHang your head low in the glow of the vending machineI'm not dying (oh, yeah, you're right, I want it)We say that we'll just screw it up in these trying timesWe're not tryingSo cut the headlights, summer's a knifeI'm always waiting for you just to cut to the boneDevils roll the dice, angels roll their eyesAnd if I bleed, you'll be the last to know, ohIt's new, the shape of your bodyIt's blue, the feelin' I've gotAnd it's ooh, woah-ohIt's a cruel summerIt's cool, that's what I tell 'emNo rules in breakable heavenBut ooh, woah-ohIt's a cruel summer with youNew, the shape of your bodyIt's blue, the feelin' I've gotAnd it's ooh, woah-ohIt's a cruel summerIt's cool, that's what I tell 'emNo rules in breakable heavenBut ooh, woah-ohIt's a cruel summer with youI'm drunk in the back of the carAnd I cried like a baby comin' home from the bar (oh)Said: I'm fine, but it wasn't true (ooh, woah-oh)I don't wanna keep secrets just to keep you (it's a cruel summer)And I snuck in through the garden gateEvery night that summer just to seal my fate (oh)And I scream, for whatever it's worth (ooh, woah-oh)I love you, ain't that the worst thing you ever heard? (it's a cruel summer)He looks up, grinnin' like a devilIt's new, the shape of your bodyIt's blue, the feelin' I've gotAnd it's ooh, woah-ohIt's a cruel summerIt's cool, that's what I tell 'emNo rules in breakable heavenBut ooh, woah-ohIt's a cruel summerI'm drunk in the back of the carAnd I cried like a baby comin' home from the bar (oh)Said: I'm fine, but it wasn't true (ooh, woah-oh)I don't wanna keep secrets just to keep you (it's a cruel summer)And I snuck in through the garden gateEvery night that summer just to seal my fate (oh)And I scream, for whatever it's worth (ooh, woah-oh)I love you, ain't that the worst thing you ever heard? (it's a cruel summer)With youWith youWith you;732;Annie Clark / Jack Antonoff / Taylor Swift
Cry Me a River;https://www.letras.mus.br/taylor-swift/1986094/;You were my sunYou were my earthBut you didn't know all the ways I loved you, noSo you took a chanceAnd made other plansBut I bet you didn't think that they would come crashing down,noYou don't have to say, what you did,I already know, I found out from himNow there's just no chance, for you and me,there'll never beAnd don't it make you sad about itYou told me you loved meWhy did you leave me, all aloneNow you tell me you need meWhen you call me, on the phoneGirl I refuse, you must have me confusedWith some other guyYour bridges were burned,and now it's your turn to cryCry me a riverCry me a river, girlCry me a riverCry me a river, girl, yea yeaI know that they sayThat somethings are better left unsaidIt wasn't like you only talked to him and you know it(Don't act like you don't know it)All of these things people told meKeep messing with my head(Messing with my head)You should've picked honestyThen you may not have blown it(Yea..)You don't have to say, what you did,(Don't have to say, what you did)I already know, I found out from him(I already know, uh)Now there's just no chance, for you and me,there'll never be(No chance, you and me)And don't it make you sad about it?You told me you loved meWhy did you leave me, all alone(All alone)Now you tell me you need meWhen you call me, on the phone(When you call me on the phone)Girl I refuse, you must have me confusedWith some other guy(I'm not like them baby)Your bridges were burned, and now it's your turn(It's your turn)To cryCry me a river(Go on and just)Cry me a river, girl(Go on and just)Cry me a river(Baby go on and just)Cry me a river, girl, yea yeaOh(Oh)The damage is doneSo I guess I be leavingOh(Oh)The damage is doneSo I guess I be leavingOh(Oh)The damage is doneSo I guess I be leavingOh(Oh)The damage is doneSo I guess I be... leavingYou don't have to say, what you did,(Don't have to say, what you did)I already know, I found out from him(I already know, uh)Now there's just no chance, for you and me, there'll never be(No chance, you and me)And don't it make you sad about itCry me a river(Go on and just)Cry me a river, girl(Baby go on and just)Cry me a river(You can go on and just)Cry me a river, girl, yea yeaCry me a river(Baby go on and just)Cry me a river, girl(Go on and just)Cry me a river(Cause I've already cried)Cry me a river, girl, yea yea(Ain't gonna cry no more, yea-yea)Cry me a riverCry me a river, oh 3xCry me a river, oh(Cry me, cry me)Cry me a river, oh(Cry me, cry me)Cry me a river, oh(Cry me, cry me)Cry me a river, oh(Cry me, cry me)Cry me a river, oh(Cry me, cry me)Cry me a river, oh(Cry me, cry me)Cry me a river(Cry me, cry me);12.201;Justin Timberlake
Daddy;https://www.letras.mus.br/taylor-swift/daddy/;"Daddy,I want you to knowHow my heart aches with your lossFirst your FatherNow your MotherLife's most precious treasure""Parents""Though they are no longerWith you on this earthThey will foreverLive in the heartsOf all who loved themI may not be right next to youTo tell you how much ""I love you""I may not be right next to youTo give you a ""Hug"" of comfort Distance is a factor in our relationshipBut you are in my thoughtsEveryday, from the moment I wake upYou are in my thoughtsYou are in my heartAnd you are in my prayersI can never replaceThe loss of my beloved grandparentsBut as your DaughterI will always be here for youI am but a phone call awayAnd if you close your eyes and think of me""Daddy I'm right beside you""";12.090;Sabe de quem é a composição? Envie pra gente.
Dancing In The Dark;https://www.letras.mus.br/taylor-swift/dancing-in-the-dark/;You can't start a fireYou can't start a fire without a sparkThis gun's for hireEven if we're just dancing in the dark;4.459;Sabe de quem é a composição? Envie pra gente.
Dancing With Our Hands Tied;https://www.letras.mus.br/taylor-swift/dancing-with-our-hands-tied/;I, I loved you in secretFirst sight, yeah, we love without reasonOh, twenty-five years oldOh, how were you to know?And my, my love had been frozenDeep blue, but you painted me goldenOh, and you held me closeOh, how was I to know?I could've spent forever with your hands in my pocketsPicture of your face in an invisible locketYou said there was nothing in the world that could stop itI had a bad feelingAnd, darling, you had turned my bed into a sacred oasisPeople started talking, putting us through our pacesI knew there was no one in the world who could take itI had a bad feelingBut we were dancingDancing with our hands tied, hands tiedYeah, we were dancingLike it was the first time, first timeYeah, we were dancingDancing with our hands tied, hands tiedYeah, we were dancingAnd I had a bad feelingBut we were dancingI, I loved you in spite ofDeep fears that the world would divide usSo, baby, can we danceOh, through an avalanche?And say, say that we got itI'm a mess, but I'm the mess that you wantedOh, 'cause it's gravityOh, keeping you with meI could've spent forever with your hands in my pocketsPicture of your face in an invisible locketYou said there was nothing in the world that could stop itI had a bad feelingBut we were dancingDancing with our hands tied, hands tiedYeah, we were dancingLike it was the first time, first timeYeah, we were dancingDancing with our hands tied, hands tiedYeah, we were dancing(Knew we had our hands tied)And I had a bad feelingBut we were dancingI'd kiss you as the lights went outSwaying as the room burned downI'd hold you as the water rushes inIf I could dance with you againI'd kiss you as the lights went outSwaying as the room burned downI'd hold you as the water rushes inIf I could dance with you againDancing with our hands tied, hands tiedOh, yeah, we were dancingLike it was the first time, first timeYeah, we were dancing (oh)Dancing with our hands tied, hands tied (dancing with our hands tied)Yeah, we were dancingAnd I had a bad feeling (had a feeling)But we were dancingHands tied, hands tied(Dancing);294.268;Max Martin / Oscar Holter / Shellback / Taylor Swift
Dark Blue Tennessee;https://www.letras.mus.br/taylor-swift/1829920/;"He said ""i got me a nice new apartment in the city""Wouldn't you have hated that?I'm getting by with the broken heart you left me withHe hangs up the phone and she whispers back""missing you like this is such sweet sorrowWon't you come back to me?I'll be here today and here tomorrowIn dark blue tennessee""He was lying when he said he'd moved to laHe's just hiding now on the other side of townWith his head in his hand, and she's just seven miles awayShe's staring at the window and puts her picture downSaying""missing you like this is such sweet sorrowWon't you come back to me?I'll be here today and here tomorrowIn dark blue tennessee""She almost called him on the night that he rodeThree simple words on his goodbye noteMissing you like this is such sweet sorrowWon't you come back to me?And i'll be here today and here tomorrowIn dark blue tennesseeIn dark blue tennessee";11.322;Taylor Swift
Daylight;https://www.letras.mus.br/taylor-swift/daylight/;My love was as cruel as the cities I lived inEveryone looked worse in the lightThere are so many lines that I've crossed unforgivenI'll tell you the truth, but never goodbyeI don't wanna look at anything else now that I saw youI don't wanna think of anything else now that I thought of youI've been sleeping so long in a twenty-year dark nightAnd now, I see daylightI only see daylightLuck of the draw only draws the unluckyAnd so I became the butt of the jokeI wounded the good and I trusted the wickedClearing the air, I breathed in the smokeMaybe you ran with the wolves and refused to settle downMaybe I've stormed out of every single room in this townThrew out our cloaks and our daggers because it's morning nowIt's brighter now, nowI don't wanna look at anything else now that I saw you(I can never look away)I don't wanna think of anything else now that I thought of you(Things will never be the same)I've been sleeping so long in a twenty-year dark night(Now, I'm wide awake)And now, I see daylight (daylight), I only see daylight (daylight)I only see daylight, daylight, daylight, daylightI only see daylight, daylight, daylight, daylightAnd I can still see it all (in my mind)All of you, all of me (intertwined)I once believed love would be (black and white)But it's golden (golden)And I can still see it all (in my head)Back and forth from New York (sneaking in your bed)I once believed love would be (burning red)But it's goldenLike daylight, like daylightLike daylight, daylightI don't wanna look at anything else now that I saw you(I can never look away)And I don't wanna think of anything else now that I thought of you(Things will never be the same)I've been sleeping so long in a twenty year dark night(Now, I'm wide awake)And now, I see daylight (I see daylight), I only see daylight (ah)I only see daylight, daylight, daylight, daylightI only see daylight, daylight, daylight, daylight (aah)I only see daylight, daylight, daylight, daylight (and I can still see it all)(Back and forth from New York)I only see daylight, daylight, daylight, daylight(I once believed love would be burning red)Like daylightIt's goldenLike daylightYou gotta step into the daylight and let it goJust let it go, let it goI wanna be defined by the things that I loveNot the things I hateNot the things that I'm afraid of, I'm afraid ofNot the things that haunt me in the middle of the night, II just think thatYou are what you love;1.382.992;Taylor Swift
Dear John;https://www.letras.mus.br/taylor-swift/1763871/;Long were the nightsWhen my days once revolved around youCounting my footstepsPraying the floor won't fall through againAnd my mother accused me of losing my mindBut I swore I was fineYou paint me a blue skyAnd go back and turn it to rainAnd I lived in your chess gameBut you changed the rules every dayWondering which version of youI might get on the phone tonightWell, I stopped picking upAnd this song is to let you know whyDear JohnI see it all now that you're goneDon't you think I was too young to be messed with?The girl in the dress cried the whole way homeI should've knownWell, maybe it's meAnd my blind optimism to blameOr maybe it's you and your sick needTo give love then take it awayAnd you'll add my nameTo your long list of traitors who don't understandAnd I'll look back in regretHow I ignored when they said: Run as fast as you canDear JohnI see it all now that you're goneDon't you think I was too young to be messed with?The girl in the dress cried the whole way homeDear JohnI see it all now, it was wrongDon't you think nineteen's too young to be playedBy your dark twisted games when I loved you so?I should've knownYou are an expert at sorry and keeping lines blurryNever impressed by me acing your testsAll the girls that you've run dry have tired, lifeless eyes'Cause you burned them outBut I took your matches before fire could catch meSo don't look nowI'm shining like fireworks over your sad, empty town, oohDear JohnI see it all now that you're goneDon't you think I was too young to be messed with?The girl in the dress cried the whole way homeI see it all now that you're goneDon't you think I was too young to be messed with?The girl in the dress wrote you a songYou should've knownYou should've knownDon't you think I was too young?You should've known;773.320;Taylor Swift
Dear Reader;https://www.letras.mus.br/taylor-swift/dear-reader/;Dear reader, if it feels like a trapYou're already in oneDear reader, get out your mapPick somewhere and just runDear reader, burn all the filesDesert all your past livesAnd if you don't recognize yourselfThat means you did it rightNever take advice from someone who's falling apartNever take advice from someone who's falling apartDear reader, bend when you canSnap when you have toDear reader, you don't have to answerJust 'cause they asked you(You should find another)Dear reader, the greatest of luxuriesIs your secretsDear reader, when you aim at the devilMake sure you don't missNever take advice from someone who's falling apartNever take advice from someone who's falling apartSo I wander through these nightsI prefer hiding in plain sightMy fourth drink in my handThese desperate prayers of a cursed manSpilling out to you for freeBut, darling, darling, pleaseYou wouldn't take my word for it if you knew who was talkingIf you knew where I was walkingTo a house, not a home, all alone 'cause nobody's thereWhere I pace in my pen and my friends found friends who careNo one sees when you lose when you're playing solitaire(You should find another guiding light, guiding light)(Well, I shine so bright)(You should find another guiding light, guiding light)(But I shine so bright)(You should find another)(You should find another) (guiding light)(Find another)(You should find another)(You should find another);128.258;Jack Antonoff / Taylor Swift
Death By a Thousand Cuts;https://www.letras.mus.br/taylor-swift/death-by-a-thousand-cuts/;My, my, my, myMy, my, my, myMy, my, my, myMy, my, my, myMy, my, my, myMy, my, my, myMy, my, my, myMy, my, my, mySaying goodbyeIs death by a thousand cutsFlashbacks waking me upI get drunk, but it's not enough'Cause the morning comesAnd you're not my babyI look through the windows of this loveEven though we boarded them upChandelier still flickering here'Cause I can’t pretendIt's okay when it's notIt's death by a thousand cutsI dress to kill my timeI take the long way homeI ask the traffic lightsIf it'll be alrightThey say: I don't knowAnd what once was oursIs no one's nowI see you everywhereThe only thing we shareIs this small townYou said it was a great loveOne for the agesBut if the story's overWhy am I still writing pages?'Cause saying goodbyeIs death by a thousand cutsFlashbacks waking me upI get drunk, but it’s not enough'Cause the morning comesAnd you're not my babyI look through the windows of this loveEven though we boarded them upChandelier still flickering here'Cause I can't pretendIt's okay when it's notIt’s death by a thousand cutsMy heart, my hips, my body, my loveTryna find a part of meThat you didn't touchGave up on me like I was a bad drugNow I'm searching for signsIn a haunted clubOur songs, our films, united we standOur country, guess it was a lawless landQuiet my fears with the touch of your handPaper cut stings from our paper-thin plansMy time, my wine, my spirit, my trustTryna find a part of me you didn't take upGave you so much, but it wasn't enoughBut I'll be alrightIt's just a thousand cutsI get drunk, but it's not enough'Cause you're not my babyI look through the windows of this loveEven though we boarded them upChandelier still flickering here'Cause I can't pretendIt's okay when it's notNo, it's notIt's death by a thousand cuts(You didn't touch)Tryna find a part of meThat you didn't touchMy body, my love, my trust(It's death by a thousand cuts)But it wasn't enoughIt wasn't enough, no, noI take the long way homeI ask the traffic lightsIf it'll be alrightThey say: I don't know;307.921;Jack Antonoff / Taylor Swift
Delicate;https://www.letras.mus.br/taylor-swift/delicate/;This ain't for the bestMy reputation's never been worse, soYou must like me for meWe can't makeAny promises now, can we, babe?But you can make me a drinkDive bar on the East Side, where you at?Phone lights up my nightstand in the blackCome here, you can meet me in the backDark jeans and your Nikes, look at youOh, damn, never seen that color blueJust think of the fun things we could do('Cause I like you)This ain't for the bestMy reputation's never been worse, soYou must like me for me(Yeah, I want you)We can't makeAny promises now, can we, babe?But you can make me a drinkIs it cool that I said all that?Is it chill that you're in my head?'Cause I know that it's delicate(Delicate)Is it cool that I said all that?Is it too soon to do this yet?'Cause I know that it's delicateIsn't it, isn't it, isn't it?Isn't it?Isn't it, isn't it, isn't it?Isn't it delicate?Third floor on the West Side, me and youHandsome, you're a mansion with a viewDo the girls back home touch you like I do?Long night with your hands up in my hairEchoes of your footsteps on the stairsStay here, honey, I don't wanna share('Cause I like you)This ain't for the bestMy reputation's never been worse, soYou must like me for me(Yeah, I want you)We can't makeAny promises now, can we, babe?But you can make me a drinkIs it cool that I said all that?Is it chill that you're in my head?'Cause I know that it's delicate(Delicate)Is it cool that I said all that?Is it too soon to do this yet?'Cause I know that it's delicateIsn't it, isn't it, isn't it?Isn't it?Isn't it, isn't it, isn't it?Isn't it delicate?Sometimes, I wonder: When you sleepAre you ever dreaming of me?Sometimes, when I look into your eyesI pretend you're mine, all the damn time('Cause I like you)Is it cool that I said all that?Is it chill that you're in my head?'Cause I know that it's delicate(Delicate)(Yeah, I want you)Is it cool that I said all that?Is it too soon to do this yet?'Cause I know that it's delicate(Delicate)('Cause I like you)Is it cool that I said all that? (Isn't it?)Is it chill that you're in my head? (Isn't it, isn't it?)'Cause I know that it's delicate(Isn't it delicate?)(Yeah, I want you)Is it cool that I said all that? (Isn't it?)Is it too soon to do this yet? (Isn't it, isn't it?)'Cause I know that it's delicateIsn't it delicate?;1.107.410;Shellback / Max Martin / Taylor Swift
Dem Haters (feat. Wiz Khalifa);https://www.letras.mus.br/taylor-swift/dem-haters/;You already know who the fuck it is manTaylor, TaylorUh, smoke kush so I aint got no stressStunnin, it aint no contestDiamonds all in my RolexCuz I go hard like P90xSee you dudes copying our movesnow you followin our stepsLittle kids just in the mirror all insecure, just tryna flexSpeakin of flex, shout out to flexAnd everyone else that said do this nextTell these lame niggas cut the checkTry to rest now try the bestGangsters, trippy niggas, all here with me niggaMy weeds so strong, my brain so gone ohOuter space, solar ohMy chain, polar ohMy bank, so long ohLike I was playing poker, oh, poker ohMy face all on the tele, so fuck what they tell meI always keep it real, cause people love the real meThey ran up on my bus, cause police said they smell meSo me and L.O.L.A blow and smoke in LAFlossin, straight bossinTake strands, we cross emMy chains, ay,They cost emThey haitin, we awesomeThrow back on drinkingLately Ive been thinkingIve been partying too much and living like the weekendAnd then I think bout what my life could beThats when I pour another drink, and light this weedYou really sure you wanna grow up and be just like me?They say, say Im livin itIm all about it, you all about it, they all about it, we all about itDem, dem haters, them, ha-hatersThey sick of thisIm all about it, you all about it, they all about it, we all about itDat, dat paer, dat pa-paper Im gettin itI'm all about it, you all about it, they all about it, we all about itDem, dem haters, them, ha-hatersThey sick of thisIm all about it, you all about it, they all about it, we all about it;2.304;Sabe de quem é a composição? Envie pra gente.
Didn't They;https://www.letras.mus.br/taylor-swift/1997428/;She walks to schoolWith her arms crossedIt's just another dayAt 10 o clock she hears this screamingThen finally she sees themIt's scary how things changeAnd I saw the story on the newsI saw the footage from the roofI sat down and criedDidn't she call youDidn't she need you bad enoughWas there some reasonI'm not aware ofDid you not write it downJust one more thing to doWhere were youAnd didn't she pray tooHe kissed his wife good byeAnd took the earliest flightSo he could be home that nightTo put his kids to sleepDown the aisleThree men walked and saidWe're here to die for our GodHe stood up and said that's funnyCause my God died for meI put the magazine downI read his words out loudI sat down and criedDidn't he call youDidn't he need you bad enoughWas there some reasonI'm not aware ofDid you not write it downJust one more thing to doWhere were youAnd didn't he pray tooThe taxis were full upOn the very day ofThey rode 100 floors upJust to come back downThey never thought they'd see the dayThat the tower's up in flamesThere was nothing left to sayWhen it all came downAnd didn't they call youDidn't they need you bad enoughWas there some reasonI'm not aware ofDid you not write it downJust one more thing to doWhere were youWhere were youAnd didn't they pray too ohI walk to schoolAnd I wear a crossI'm countingEvery day;7.660;Sabe de quem é a composição? Envie pra gente.
Disappointed Of You;https://www.letras.mus.br/taylor-swift/disappointed-of-you/;I've waited all alongThought that you'd stayBut you didn't really careYou just walk awayAnd I saw myself in the mirrorIt's so hard to recognizeEverything you ever wanted was right hereBut you never realizedAnd I'm really disappointedSo disappointed of youI'm really disappointed of youAnd I'm too frustrated of youDisappointed of youBaby, I'm disappointed of youThe roses I left you last nightAnd the calls unansweredSometimes I think we're getting nowhereBut you don't care 'cause you're a bastardI can do nothing but think of you time and againI can't watch you go leaving me aloneThe more I try, the more gets the painBaby, this love is undoneAnd I'm really disappointedSo disappointed of youI'm really disappointed of youAnd I'm too frustrated of youDisappointed of youBaby, I'm disappointed of youSo you tell me where to goTell me something I already don't knowSo hold my hands in yours like never beforeTell me that I won't be lonely anymoreAnd I'm really disappointedSo disappointed of youI'm really disappointed of youAnd I'm too frustrated of youDisappointed of youBaby, I'm disappointed of you;5.467;Sabe de quem é a composição? Envie pra gente.
Don't Blame Me;https://www.letras.mus.br/taylor-swift/dont-blame-me/;Don't blame me, love made me crazyIf it doesn't, you ain't doing it rightLord, save me, my drug is my babyI'll be using for the rest of my lifeI've been breaking hearts a long timeAnd toying with them older guysJust playthings for me to useSomething happened for the first timeIn the darkest little paradiseShaking, pacing, I just need youFor you, I would cross the lineI would waste my timeI would lose my mindThey say: She's gone too far this timeDon't blame me, love made me crazyIf it doesn't, you ain't doing it rightLord, save me, my drug is my babyI'll be using for the rest of my lifeDon't blame me, love made me crazyIf it doesn't, you ain't doing it rightOh, Lord, save me, my drug is my babyI'll be using for the rest of my lifeMy name is whatever you decideAnd I'm just gonna call you mineI'm insane, but I'm your babyEchoes of your name inside my mindHalo, hiding my obsessionI once was poison ivy, but now I'm your daisyAnd, baby, for you, I would fall from graceJust to touch your faceIf you walk awayI'd beg you on my knees to stayDon't blame me, love made me crazyIf it doesn't, you ain't doing it rightLord, save me, my drug is my babyI'll be using for the rest of my lifeDon't blame me, love made me crazyIf it doesn't, you ain't doing it rightOh, Lord, save me, my drug is my babyI'll be using for the rest of my lifeI get so high (oh)Every time you're, every time you're loving meYou're loving meTrip of my life (oh)Every time you're, every time you're touching meYou're touching meEvery time you're, every time you're loving meOh, Lord, save me, my drug is my babyI'll be using for the rest of my life(Using for the rest of my life, oh)Don't blame me, love made me crazyIf it doesn't, you ain't doing it right (doing it right)Lord, save me, my drug is my babyI'll be using for the rest of my life (oh)Don't blame me, love made me crazyIf it doesn't, you ain't doing it right (doing, doing it right)Oh, Lord, save me, my drug is my babyI'll be using for the rest of my lifeI get so high (oh)Every time you're, every time you're loving meYou're loving meOh, Lord, save me, my drug is my babyI'll be using for the rest of my life;973.723;Shellback / Max Martin / Taylor Swift
Don't Hate Me For Loving You;https://www.letras.mus.br/taylor-swift/dont-hate-me-for-loving-you/;My momma stood across the roomFace to face but never eye to eyeRecalling words we saidThe battle that we sworeWe’d never fightBreaking pieces of with every lieA tear came to her eyeAnd she saidDon’t walk away nowAnd don’t rip my heart outDon’t you block me out tonightHoney where are you?And don’t hate me for loving youHe walked around my lifeAnd made blindWith every single moveHe caught me staring at himAnd about himLittle that I knew love is differentWhen you play the foolAnd all I wanna do is sayDon’t walk away nowAnd don’t rip my heart outDon’t you make cry tonightLike you always doAnd don’t hate me for loving youI slammed the doorSat on the floorCried into my bedSaid are you there?Do you even care?To cross above my headBut someone saidDon’t turn away nowAnd don’t rip my heart outThings are meant to happen like thisI know its right for youAnd don’t hate me for loving youI looked up at the skyFace to face and finallyEye to eye;7.968;Taylor Swift
Don't You;https://www.letras.mus.br/taylor-swift/dont-you/;Hey, I knew I'd run into you somewhereIt's been a while, I didn't mean to stareI heard she's nothin' like meI'm sure she'll make you happyBut don't youDon't you smile at me and ask me how I've beenDon't you say you've missed me if you don't want me againYou don't know how much I feel I love you stillSo why don't you, don't you?Ah, ah, ah, ahSometimes I really wish that I could hate youI've tried, but that's just something I can't doMy heart knows what the truth isI swore I wouldn't do thisBut don't youDon't you smile at me and ask me how I've beenDon't you say you've missed me if you don't want me againYou don't know how much I feel I love you stillSo why don't you, don't you?So I'll walk out of here tonightTry to go on with my lifeAnd you can say: We're still friendsI don't wanna pretendSo if I see you againDon't you (don't you)Don't you smile at me and ask me how I've beenDon't you (don't you) say you've missed me if you don't want me againYou don't (you don't) know how much I feel I love you stillSo why don't you, don't you?Ah, ah, ah, ahDon't you, ah, ah, ah;60.477;Taylor Swift / Tommy Lee James
dorothea;https://www.letras.mus.br/taylor-swift/dorothea/;Hey, Dorothea, do you ever stop and think about me?When we were younger, down in the parkHoney, making a lark of the miseryYou got shiny friends since you left townA tiny screen's the only place I see you nowAnd I got nothing but well wishes for yaOh, this place is the same as it ever wasOh, but you won't like it that wayIt's never too late to come back to my sideThe stars in your eyes shined brighter in TupeloAnd if you're ever tired of bеing known for who you knowYou know, that you'll always know me, Dorothea (uh, uh)Dorothea (ah, ah)Oh, you'rе a queen sellin' dreams, sellin' make up in magazinesOh, from you I'd buy anythingHey, Dorothea, do you ever stop and think about me?When it was calmer, skipping the prom just to piss off your momAnd her pageant schemesAnd damn, Dorothea, they all wanna be yaBut are you still the same soul I met under the bleachers?WellOh, I guess I'll never knowOh, and you'll go on with the showBut it's never too late to come back to my sideThe stars in your eyes shined brighter in TupeloAnd if you're ever tired of being known for who you knowYou know, you'll always know me, Dorothea (uh, uh)Dorothea (ah, ah)Ooh, oohOoh-woo-ooh-ooh-ooh, ooh-ooh-ooh-oohOoh, oohOoh-woo-ooh-ooh-ooh, ooh-ooh-oohDorothea (ah, ah, ah)Ah, ah;468.376;Aaron Dessner / Taylor Swift
Down Bad;https://www.letras.mus.br/taylor-swift/down-bad/;Did you really beam me upIn a cloud of sparkling dustJust to do experiments onTell me I was the chosen oneShow me that this world is bigger than usThen sent me back where I came from?For a moment, I knew cosmic loveNow I'm down bad, cryin' at the gymEverything comes out teenage petulanceFuck it if I can't have himI might just die, it would make no differenceDown bad, wakin' up in bloodStarin' at the sky, come back and pick me upFuck it if I can't have usI might just not get up, I might stayDown badFuck it if I can't have himDown badFuck it if I can't have himDid you take all my old clothesJust to leave me here, naked and aloneIn a field in my same old townThat somehow seems so hollow now?They'll say I'm nuts if I talk aboutThe existence of youFor a moment, I was heavenstruckNow I'm down bad, cryin' at the gym (cryin' at the gym)Everything comes out teenage petulanceFuck it if I can't have him (fuck it if I can't have him)I might just die, it would make no differenceDown bad, wakin' up in blood (wakin' up in blood)Starin' at the sky, come back and pick me upFuck it if I can't have usI might just not get up, I might stayDown bad (like I lost my twin)Fuck it if I can't have him (down bad)Down bad (wavin' at the ship)Fuck it if I can't have himI loved your hostile takeoversEncounters closer and closerAll your indecent exposuresHow dare you say that it's—?I'll build you a fort on some planetWhere they can all understand itHow dare you think it's romanticLeaving me safe and stranded?'Cause fuck it, I was in loveSo fuck you if I can't have us(Ah)'Cause fuck it, I was in loveNow I'm down bad, cryin' at the gym (cryin' at the gym)Everything comes out teenage petulanceFuck it if I can't have him (can't have him)I might just die, it would make no differenceDown bad, wakin' up in blood (wakin' up in blood)Starin' at the sky, come back and pick me upFuck it if I can't have usI might just not get up, I might stayDown bad (like I lost my twin)Fuck it if I can't have him (down bad)Down bad (wavin' at the ship)Fuck it if I can't have himLike I lost my twinFuck it if I can't have himDown bad (wavin' at the ship)Fuck it if I can't have him;344.977;Taylor Swift / Jack Antonoff
Down Came The Rain (feat. Derric Ruttan);https://www.letras.mus.br/taylor-swift/down-came-the-rain/;Here in my mind the sky looks the sameOn every day you loved meWhen we started home it started to rainYou put your coat around meWe stood there in the roadYou held me so closeBut did you ever let goDown came the rainLightning and thunderWe tried in vainTo hold on to each otherWinds of change blew you away from meRight here right now, I feel it on my skinThe bitter sting of what we could’ve beenJust when our love was like a burning flameDown came the rainIn through the window I see her with youI’m soaked to the skin, you’re warm and dryI guess the storm is over for youBut look at the tears here in my eyesI just stood there like a ghostAs you held her so closeAnd as I let you goDown came the rainLightning and thunderWe tried in vainTo hold on to each otherWinds of change blew you away from meLove like this changes who you areEvery kiss you gave me is a scarJust when our love was like a burning flameDown came the rainAll I need is to move on fastBut all I want is to have you backAnd it just keeps fallingDown came the rainLightning and thunderWe tried in vainTo hold on to each otherWinds of change blew you away from meRight here right now, I feel it on my skinThe bitter sting of what we could’ve beenJust when our love was like a burning flameDown came the rainDown came the rain;4.372;Derric Ruttan / Taylor Swift
Drama Queen (Unreleased);https://www.letras.mus.br/taylor-swift/drama-queen-unreleased/;Let's break it down, I’ll take the story from the slammin' of the doorThought it was perfect for a second, guess you weren't quite as sureMaybe I'm a little hard to get, maybe you didn't have the patienceLet's assess the situationThat girl was biding her time, yeah, she was waiting on your cueSo, somehow, I'm not surprised to see her standin' there with youMaybe she's a little overdressed and I can see the smile you're fakin'And the deep breath you’re takin’When you see me now, you're not lookin’ at herYeah, it's a long way down from the bridges you burnedMight wanna sit down, I'm calling you outRight nowYou're a heartbreaker and she’s a little drama queenI'm a little over it and she's still not meSo long and back to realityBut this song's for you and your drama queenAs I was saying, I was never quite a fan of little gamesIt doesn't take too long to see that boys like you are all the sameMaybe I'm a little less obsessed, but she's impressedAnd I should mention, she's starving for attentionI can see it now, how it's all gonna beWhen she freaks out, you'll be thinkin' of me'Cause what went down is coming back aroundYou'll see'Cause you're a heartbreaker and she's a little drama queenI'm a little over it and she's still not meSo long and back to realityBut this song's for you and your drama queenSometimes you get just what you seeLike, you chose her when you could've had meEverything's a mess now, watch her little meltdownWish you both success and I hope you're happy'Cause you're a heartbreaker, she's a little drama queenI'm a little over it and she's still not meSo long and back to realityBut this song's for you and your dramaHeartbreaker and she's a little drama queenI'm a little over it and she's still not meSo long and back to realityBut this song's for you and your drama queenHuh-oh, for you and your drama queenOh-oh-oh-oh, you and your drama queenHuh-oh, baby, you're a drama queen;1.633;Taylo Swift
Dress;https://www.letras.mus.br/taylor-swift/dress/;Our secret moments in a crowded roomThey got no idea about me and youThere is an indentation in the shape of youMade your mark on me, a golden tattooAll of this silence and patiencePining and anticipationMy hands are shaking from holding back from you, ah-ah-ahAll of this silence and patiencePining and desperately waitingMy hands are shaking from all this, ah-ah-ah-ahSay my name and everything just stopsI don't want you like a best friendOnly bought this dress so you could take it offTake it o-o-o-offCarve your name into my bedpost'Cause I don't want you like a best friendOnly bought this dress so you could take it offTake it o-o-o-offInescapable, I'm not even gonna tryAnd if I get burned, at least we were electrifiedI'm spilling wine in the bathtubYou kiss my face and we're both drunkEveryone thinks that they know usBut they know nothing aboutAll of this silence and patiencePining and anticipationMy hands are shaking from holding back from you, ah-ah-ahAll of this silence and patiencePining and desperately waitingMy hands are shaking from all this, ah-ah-ah-ahSay my name and everything just stopsI don't want you like a best friendOnly bought this dress so you could take it offTake it o-o-o-offCarve your name into my bedpost'Cause I don't want you like a best friendOnly bought this dress so you could take it offTake it o-o-offAh, ah, ahOnly bought this dress so you could take it offAh, ah, ahOnly bought this dress so you could take it offFlashback when you met meYour buzzcut and my hair bleachedEven in my worst times, you could see the best of meFlashback to my mistakesMy rebounds, my earthquakesEven in my worst lies, you saw the truth in meAnd I woke up just in timeNow I wake up by your sideMy one and only, my lifelineI woke up just in timeNow I wake up by your sideMy hands shake, I can't explain this, ah-ah-ah-ahSay my name and everything just stopsI don't want you like a best friendOnly bought this dress so you could take it offTake it o-o-o-offCarve your name into my bedpost'Cause I don't want you like a best friendOnly bought this dress so you could take it offTake it o-o-o-offThere is an indentation in the shape of youOnly bought this dress so you could take it offYou made your mark on me, golden tattooOnly bought this dress so you could take it off;515.404;Jack Antonoff / Taylor Swift
Drive;https://www.letras.mus.br/taylor-swift/1504105/;It was painted redThe stripe was whiteIt was 18 feet from val to stern lightIt was 2nd hand, from a dealer in AtlantaI rode up with daddy when he went there to get herWe put on a shine, put on a motorBuilt out of love, it made for waterWe ran her for years, til' the transister got rottenA piece of my child hood will never be forgottenIt was just an old plywood boatA 75 Johnson, an electric chokeA young boy two hands on the wheelI can't replace the way it made me feelI would turn her sharp, I would make it wideHe said you can't be the way a old wood boat ridesJust a little lake across the Alabama lineBut I was king of the oceanWhen Daddy let me driveJust an old half ton short bed fordMy Uncle bought new in 64Daddy got it right cause the engine was smokingA couple of burnt valves and he got it goingHe'd let me drive her when we haul off a loadOff a dirt strip where we'd dump trashOff of thickpin roadI'd sit up in the seat and stretch my feet to the pedalsSmiling like a heroWho just received his medalIt was just an old hand me down fordWith 3 speed on the column and a dent in the doorA young boy two hands on the wheelI can't replace the way it made me feelI would press that clutch, and I would keep it rightHe would say just a little slower sonYour doing just fineJust a little dirt road with trash on each sideBut I was Mario AndrettiWhen Daddy let me driveIm grown up now3 daughters of my ownI let them drive my old jeepAcross the pastior at our homeMaybe one day they'll reach back in their fileAnd pull out that old memoryAnd think of me and smileAnd sayIt was just an old worn out jeepRusty old floor boardsHot on my feetA young girl two hands on the wheelI can't replace the way it made me feelTurn it left, and steer it rightStraighten up girl, your doing just fineJust a little valley by the river where we'd rideBut I was high on a mountainWhen Daddy let me driveDaddy let me driveOh he let me driveShe's just old plywood boatWith a 75 johnsonAnd electric choke;27.657;Sabe de quem é a composição? Envie pra gente.
Drops Of Jupiter;https://www.letras.mus.br/taylor-swift/1991699/;Spoken: You know you guys have a lot of amazing bands from this part of the world, did you know that?Well, now he's back in the atmosphereWith drops of Jupiter in his hair, -airHe walks like Summer and talks like rainReminds me that there's time to change, -angeBut since his return from the stay on the MoonHe listens like Spring and he talks like June, aye, ayeBut tell me, did you sail across the sun?Did you make it to the Milky WayTo see the lights all fadedAnd that heaven is overrated?Tell me, did you fall for a shooting star?One without a permanent scar?And did you miss me whileYou were looking for yourself out thereWell, now he's back from that soul vacationChasing his way through the constellation, aye, ayeHe checks out Mozart while he does Tae-BoReminds me that there's a room to go, aye, ayeWell, now he's back in the atmosphereI'm afraid that he might think of me as plainOld Jane told a story about a manWho was too afraid to fly so he never did landTell me did the wind sweep you off your feet?Did you finally get the chance to danceAlone in the light of dayAnd head back toward Milky Way?And tell me, did Venus blow your mind?Was it everything you wanted to find?And did you miss me whileYou were looking for yourself out there?Can you imagine no love, pride, deep-fried chickenYour best friend always sticking up for youEven when I know you're wrong?Can you imagine no first dance, freeze-dried romanceFive-hour phone conversationThe best soy latte that you've ever had and... me?But tell me, did the wind sweep you off your feet?Did you finally get the chance to danceAlone in the light of dayAnd head back toward the Milky Way?Tell me, did you fall for a shooting star?One without a permanent scarAnd did you miss me whileYou were looking for yourself...?Na, na, na, na, na, na, na, na, na, na, na, na, na, ohNa, na, na, na, na, na, na, na, na, na, na, na, na, ohCan you imagine no love, pride, deep-fried chickenYour best friend always sticking up for youWell, even when I know you're wrong?Can you imagine no first dance, freeze-dried romanceFive-hour phone conversationThe best soy latte that you've ever had and... me?;43.676;Charlie Colin / Jimmy Stafford / Pat Monahan / Rob Hotchkiss / Scott Underwood
Electric Barnyard Jingle;https://www.letras.mus.br/taylor-swift/1511301/;Turn your dial to 93.7Broadway acts like he's 11Self-proclaimed, selfWorse mistake ever to land in MichiganI'm just a singer of country songsJust trying to play guitar and not do no wrongBut if you listen to just one thing I sayYou should turn 93 onBroadway's Electric BarnyardI sing a song called Tim McGrawRequest it and they'll play it all day longI sing in stations all day longBut there's nothin like when you're onThe Electric BarnyardFrom a trailer park in St. LouisGrowin' up not wearin' any shoesPrettiest hillbilly girl you see all dayGrowin' up the other trailer park girlsCouldn't hide their jealousyCuz she had the only phone for milesNow she uses it as a DJSo you should turn? 93 onBroadway's Electric BarnyardI sing a song called Tim McGrawRequest it and they'll play it all day longI sing in stations all day longBut there's nothin like when you're onThe Electric Barnyard;12.129;Sabe de quem é a composição? Envie pra gente.
Electric Touch (feat. Fall Out Boy);https://www.letras.mus.br/taylor-swift/electric-touch-feat-fall-out-boy/;Just breathe, just relax, it'll be okJust an hour till your car's in the drivewayJust the first time ever hanging out with you, tonightI've got my money on things going badlyGot a history of stories ending sadlyStill hoping that the fire won't burn meJust one time, just one timeAll I know is this could either break my heart or bring it back to lifeGot a feeling your electric touch could fill this ghost town up with lifeAnd I want you now, want to need you foreverIn the heat of your electric touchMm, mmI've been left in the rain, lost and piningI'm trying hard not to look like I'm trying'Cause every time I tried hard for love, it fell apart, ohI've gotten used to no one calling my phoneI've grown accustomed to sleeping aloneStill, I know that all it takes is to get it rightJust one time, just one timeAll I know is this could either break my heart or bring it back to lifeGot a feeling your electric touch could fill this ghost town up with lifeAnd I want you now, wanna need you foreverIn the heat of your electric touchI was thinking just one time (just one time)Maybe the stars align (just one time)And maybe I call you mineAnd you won't need spaceOr string me along while you decideAnd just one time (just one time)Maybe the moment's right (the moment's right)It's eight-oh-five and I see two headlightsAll I know is this could either break my heart or bring it back to lifeGot a feeling your electric touchAll I know is this could either break my heart or bring it back to lifeGot a feeling your electric touch could fill this ghost town up with lifeAnd I want you nowWant to need you foreverIn the heat of your electric touchMm, mm, mm;51.386;Taylor Swift
Ellen Song (feat. Zac Efron);https://www.letras.mus.br/taylor-swift/pumped-up-kicks/;All the other kids with the pumped up kicksYou better run, better run, outrun my gunAll the other kids with the pumped up kicksYou better run, better run faster than my bulletEllen works the long dayGiving weird interviewsAnd a slick cool sweaterAnd it gets kind of weirdCalling us like a boyfriend and girlfriendBut it's not we're just sitting hereAnd we got cat videosAnd dance on Betty White and stuffAnd it's always gonna get weirdAnd this song is all about EllenAnd every single timeI come on this showIs really weird, really weirdAll because of EllenEvery single timeI come on this showIs really weird, really weirdAlways end up dancingI've been on this showEight times nowAnd I still rememberEllen hiding on a bathroomWith a hidden cameraAnd she scared me so badAnd I fel and I could dieShe always asks me who I'm datingEvery time I'm on this showAnd I don't even know whyBut it gets 5 million hits on YouTubeCauseEvery single timeI come on this showIs really weird, really weirdAll because of EllenEvery single timeI come on this showIs really weird, really weirdAlways end up dancing;34.719;Sabe de quem é a composição? Envie pra gente.
Enchanted;https://www.letras.mus.br/taylor-swift/1763892/;There I was again tonightForcing laughter, faking smilesSame old tired, lonely placeWalls of insincerityShifting eyes and vacancyVanished when I saw your faceAll I can say is it wasEnchanting to meet youYour eyes whispered: Have we met?'Cross the room your silhouetteStarts to make its way to meThe playful conversation startsCounter all your quick remarks likePassing notes in secrecyAnd it wasEnchanting to meet youAll I can say is I wasEnchanted to meet youThis night is sparklingDon't you let it goI'm wonderstruckBlushing all the way homeI'll spend foreverWondering if you knewI was enchanted to meet youThe lingering question kept me up2 AM, who do you love?I wonder till I'm wide awakeAnd now I'm pacing back and forthWishing you were at my door, I'dOpen up and you would sayHey, it was enchanting to meet youAll I know is I wasEnchanted to meet youThis night is sparklingDon't you let it goI'm wonderstruckBlushing all the way homeI'll spend foreverWondering if you knewThis night is flawlessDon't you let it goI'm wonderstruckDancing around all aloneI'll spend foreverWondering if you knewI was enchanted to meet youThis is me praying thatThis was the very first pageNot where the storyline endsMy thoughts will echo your nameUntil I see you againThese are the words I held backAs I was leaving too soonI was enchanted to meet youPlease, don't be in love with someone elsePlease, don't have somebody waiting on youPlease, don't be in love with someone elsePlease, don't have somebody waiting on you (oh)This night is sparklingDon't you let it goI'm wonderstruckBlushing all the way homeI'll spend foreverWondering if you knewThis night is flawlessDon't you let it goI'm wonderstruckDancing around all aloneI'll spend foreverWondering if you knewI was enchanted to meet youPlease, don't be in love with someone elsePlease, don't have somebody waiting on you;1.912.779;Taylor Swift
Enchanted / Wildest Dreams;https://www.letras.mus.br/taylor-swift/enchanted/;"This night is sparkling, don't you let it goI'm wonderstruck, blushing all the way homeI'll spend forever wondering if you knewThat this night is flawless, don't you let it goI'm wonderstruck, dancing 'round all aloneI'll spend forever wondering if you knewI was enchanted to meet youHe said: ""Let's get out of this townDrive out of the cityAway from the crowds""I thought: ""Heaven can't help me now""Nothing lasts foreverBut this is gonna take me downHe's so tall and handsome as hellHe's so bad, but he does it so wellI can see the end as it beginsMy one condition isSay you'll remember meStanding in a nice dressStaring at the sun set, babeRed lips and rosy cheeksSay you'll see me againEven if it's just in yourWildest dreams - ah, ah, ah, ahWildest dreams - ah, ah, ah, ahI said: ""No one has to know what we do""His hands are in my hairHis clothes are in my roomAnd his voice is a familiar soundNothing lasts foreverBut this is getting good nowHe's so tall and handsome as hellHe's so bad, but he does it so wellAnd when we've had our very last kissMy last request is…Say you'll remember meStanding in a nice dressStaring at the sun set, babeRed lips and rosy cheeksSay you'll see me againEven if it's just in yourWildest dreams - ah, ah, ah, ahWildest dreams - ah, ah, ah, ahOoh, this night is sparklingDon't you let it go, don't you let it goThis night is flawlessDon't you let it go, don't you let it goThis night is sparklingDon't you let it go, don't you let it goThis night is flawlessDon't you let it goYou'll see me in hindsightTangled up with you all nightBurning it downSomeday, when you leave meI bet these memoriesFollow you aroundYou'll see me in hindsightTangled up with you all nightBurning it downSomeday, when you leave meI bet these memoriesFollow you aroundYou'll see me in hindsightTangled up with you all nightBurning it downSomeday, when you leave meI bet these memoriesFollow you aroundYou'll see me in hindsightTangled up with you all nightBurning it downSomeday, when you leave meI bet these memoriesFollow you aroundSay you'll remember meStanding in a nice dressStaring at the sun set, babeRed lips and rosy cheeksSay you'll see me againEven if it's just pretendSay you'll remember meStanding in a nice dressStaring at the sun set, babeRed lips and rosy cheeksSay you'll see me againEven if it's just prentend, just pretendWildest dreams - ah, ah, ah, ahWildest dreams - ah, ah, ah, ahEven if it's just in yourWildest dreams - ah, ah, ah, ahEven if it's just pretendWildest dreams - ah, ah, ah, ahOoh, this night is sparklingDon't you let it go, don't you let it goThis night is flawlessDon't you let it go, don't you let it goThis night is sparklingDon't you let it go, don't you let it goThis night is flawlessDon't you let it goIn your wildest dreams - ah, ah, ah, ahWildest dreams - ah, ah, ah, ahEven if it's just in yourWildest dreams - ah, ah, ah, ahIn your wildest dreams - ah, ah, ah, ah";13.949;Sabe de quem é a composição? Envie pra gente.
End Game (feat. Ed Sheeran & Future);https://www.letras.mus.br/taylor-swift/end-game/;I wanna be your end gameI wanna be your first stringI wanna be your A-Team (woah, woah)I wanna be your end game, end gameBig reputation, big reputationOoh, you and me, we got big reputations, ahAnd you heard about me, oohI got some big enemies (yeah)Big reputation, big reputationOoh, you and me would be a big conversation, ah (git, git)And I heard about you, ooh (yeah)You like the bad ones tooYou so dope, don't overdoseI'm so stoked, I need a toastWe do the mostI'm in the Ghost like I'm whippin' a boatI got a reputation, girl, that don't precede me (yeah)I'm one call away whenever you need me (yeah)I'm in a G5 (yeah)Come to the A-Side (yeah)I got a bad boy persona, that's what they like (what they like)You love it, I love it too 'cause you my type (you my type)You hold me down and I protect you with my life (with my life)I don't wanna touch you (I don't wanna be)Just another ex-love (you don't wanna see)I don't wanna miss you (I don't wanna miss you)Like the other girls doI don't wanna hurt you (I just wanna be)Drinkin' on the beach with (you all over me)I know what they all say (I know what they all say)But I ain't tryna playI wanna be your end game (end game)I wanna be your first string (first string)I wanna be your A-Team (A-Team)I wanna be your end game, end gameKnew her when I was youngReconnected when we were little bit olderBoth sprungI got issues and chips on both of my shouldersReputation precedes meIn rumours, I'm knee-deepThe truth is it's easier to ignore it, believe meEven when we'd argue, we'd not do it for longAnd you understand the good and bad end up in the songFor all your beautiful traits and the way you do it with easeFor all my flaws, paranoia and insecuritiesI've made mistakes and made some choices, that's hard to denyAfter the storm, somethin' was born on the 4th of JulyI've passed days without fun, this end game is the oneWith four words on the tip of my tongue, I'll never say itI don't wanna touch you (I don't wanna be)Just another ex-love (you don't wanna see)I don't wanna miss you (I don't wanna miss you)Like the other girls doI don't wanna hurt you (I just wanna be)Drinkin' on the beach with (you all over me)I know what they all say (yeah)But I ain't tryna play (ooh)I wanna be your end game (end game)I wanna be your first string (wanna be your first string)I wanna be your A-Team (A-Team)I wanna be your end game, end gameBig reputation, big reputationOoh, you and me, we got big reputations, ahAnd you heard about me, oohI got some big enemies (hey)Big reputation, big reputation (big reputation, yeah)Ooh, you and me would be a big conversation, ahAnd I heard about you, oohYou like the bad ones tooI hit you like bangWe tried to forget it, but we just couldn'tAnd I bury hatchets, but I keep maps of where I put 'emReputation precedes me, they told you I'm crazyI swear I don't love the drama, it loves meAnd I can't let you go, your handprints on my soulIt's like your eyes are liquor, it's like your body is goldYou've been callin' my bluff on all my usual tricksSo here's the truth from my red lips (ooh-ah)I wanna be your end game (end game)I wanna be your first string (me and you) (first string)I wanna be your A-Team (hey) (be your A-Team now) (A-Team)I wanna be your end game, end gameI wanna be your end game (oh, I do) (end game)I wanna be your first string (first string)I wanna be your A-Team (A-Team)I wanna be your end game, end game;731.177;Ed Sheeran / Future / Max Martin / Shellback / Taylor Swift
epiphany;https://www.letras.mus.br/taylor-swift/epiphany/;Keep your helmet, keep your life, sonJust a flesh wound, here's your rifleCrawling up the beaches nowSir, I think he's bleeding outAnd some things you just can't speak aboutWith you I serve, with you I fall down, downWatch you breathe in, watch you breathing out, outSomething med school did not coverSomeone's daughter, someone's motherHolds your hand through plastic nowDoc, I think she's crashing outAnd some things you just can't speak aboutOnly twenty minutes to sleepBut you dream of some epiphanyJust one single glimpse of reliefTo make some sense of what you've seenWith you I serve, with you I fall down, downWatch you breathe in, watch you breathing out, outWith you I serve, with you I fall down, downWatch you breathe in, watch you breathing out, outOnly twenty minutes to sleepBut you dream of some epiphanyJust one single glimpse of reliefTo make some sense of what you've seen;189.848;Aaron Dessner / Taylor Swift
evermore (feat. Bon Iver);https://www.letras.mus.br/taylor-swift/evermore-feat-bon-iver/;Gray November, I've been down since JulyMotion capture put me in a bad lightI replay my footsteps on each stepping stoneTrying to find the one where I went wrongWriting letters addressed to the fireAnd I was catching my breathStaring out an open window, catching my deathAnd I couldn't be sure, I had a feeling so peculiarThat this pain would be for evermoreHey, December, guess I'm feeling unmooredCan't remember what I used to fight forI rewind the tape, but all it does is pauseOn the very moment all was lostSending signals to be double-crossedAnd I was catching my breathBarefoot in the wildest winter, catching my deathAnd I couldn't be sure, I had a feeling so peculiarThat this pain would be for evermore(Evermore)Can't not think of all the costAnd the things that will be lostOh, can we just get a pauseTo be certain we'll be tall again?Whether weather be the frostOr the violence of the dog daysI'm on waves, out being tossedIs there a line that I could just go cross?And when I was shipwrecked (can't think of all the cost)I thought of you (all the things that will be lost now)In the cracks of light (can we just get a pause)I dreamed of you (to be certain we'll be tall again?)(If you think of all the costs) it was real enough(Whether weather be the frost) to get me through(Or the violence of the dog days) or the violence of the dog days(Out on waves, being tossed) (I'm on waves, out being tossed) I swear(Is there a line that we could just go cross?) You were thereAnd I was catching my breathFloors of a cabin creaking under my stepAnd I couldn't be sure, I had a feeling so peculiarThis pain wouldn't be for evermoreEvermore (evermore)EvermoreThis pain wouldn't be for evermore (ooh)Evermore;439.520;Justin Vernon / Taylor Swift / William Bowery
Everything Has Changed (feat. Ed Sheeran);https://www.letras.mus.br/taylor-swift/everything-has-changed/;(You good to go?)All I knewThis morning when I wokeIs I know something nowKnow something now I didn't beforeAnd all I've seenSince 18 hours agoIs green eyes and freckles and your smileIn the back of my mind, making me feel likeI just wanna know you betterKnow you better, know you better nowI just wanna know you betterKnow you better, know you better nowI just wanna know you betterKnow you better, know you better nowI just wanna know you, know you, know you'Cause all I know is we said: HelloAnd your eyes look like coming homeAll I know is a simplе nameEverything has changedAll I know is you hеld the doorYou'll be mine and I'll be yoursAll I know since yesterdayIs everything has changedAnd all my wallsStood tall, painted blueBut I'll take 'em down, take 'em downAnd open up the door for youAnd all I feelIn my stomach is butterfliesThe beautiful kind, makin' up for lost timeTakin' flight, making me feel likeI just wanna know you betterKnow you better, know you better nowI just wanna know you betterKnow you better, know you better nowI just wanna know you betterKnow you better, know you better nowI just wanna know you, know you, know you'Cause all I know is we said: HelloAnd your eyes look like coming homeAll I know is a simple nameEverything has changedAll I know is you held the doorYou'll be mine and I'll be yoursAll I know since yesterdayIs everything has changedCome back and tell me whyI'm feeling like I've missed you all this timeAnd meet me there tonightAnd let me know that it's not all in my mindI just wanna know you betterKnow you better, know you better nowI just wanna know you, know you, know youAll I know is we said: HelloAnd your eyes look like coming homeAll I know is a simple nameEverything has changedAll I know is you held the doorAnd you'll be mine and I'll be yoursAll I know since yesterdayIs everything has changedAll I know is we said: HelloSo dust off your highest hopesAll I know is pouring rainAnd everything has changedAll I know is a newfound graceAll my days, I'll know your faceAll I know since yesterdayIs everything has changed;998.367;Ed Sheeran / Taylor Swift
exile (feat. Bon Iver);https://www.letras.mus.br/taylor-swift/exile-feat-bon-iver/;I can see you standing, honeyWith his arms around your bodyLaughin', but the joke's not funny at allAnd it took you five whole minutesTo pack us up and leave me with itHoldin' all this love out here in the hallI think I've seen this film beforeAnd I didn't like the endingYou're not my homeland anymoreSo what am I defending now?You were my town, now I'm in exile, seein' you outI think I've seen this film beforeOoh, ooh, oohOoh, ooh, oohOoh, ooh, oohI can see you starin', honeyLike he's just your understudyLike you'd get your knuckles bloody for meSecond, third, and hundredth chancesBalancin' on breaking branchesThose eyes add insult to injuryI think I've seen this film beforeAnd I didn't like the endingI'm not your problem anymoreSo who am I offending now?You were my crown, now I'm in exile, seein' you outI think I've seen this film beforeSo I'm leaving out the side doorSo step right out, there is no amountOf crying I can do for youAll this timeWe always walked a very thin lineYou didn't even hear me out (you didn't even hear me out)You never gave a warning sign (I gave so many signs)All this timeI never learned to read your mind (never learned to read my mind)I couldn't turn things around (you never turned things around)'Cause you never gave a warning sign (I gave so many signs)So many signs, so many signsYou didn't even see the signsI think I've seen this film beforeAnd I didn't like the endingYou're not my homeland anymoreSo what am I defending now?You were my town, now I'm in exile, seein' you outI think I've seen this film beforeSo I'm leavin' out the side doorSo step right out, there is no amountOf crying I can do for youAll this timeWe always walked a very thin lineYou didn't even hear me out (didn't even hear me out)You never gave a warning sign (I gave so many signs)All this timeI never learned to read your mind (never learned to read my mind)I couldn't turn things around (you never turned things around)'Cause you never gave a warning sign (I gave so many signs)(You never gave a warning sign) (all this time)(So many signs) I never learned to read your mind(So many signs) I couldn't turn things around (I couldn't turn things around)'Cause you never gave a warning sign (you never gave a warning sign)You never gave a warning signAh, ahAh, ahAh, ah, ah;857.575;William Bowery / Justin Vernon / Taylor Swift
Eyes Open;https://www.letras.mus.br/taylor-swift/eyes-open/;Everybody's waitingEverybody's watchingEven when you're sleepingKeep your ey-eyes openThe tricky thingIs yesterday we were just childrenPlaying soldiers, just pretendingDreaming dreams with happy endingsIn backyardsWinning battles with our wooden swordsBut now we stepped into a cruel worldWhere everybody stands and keeps scoreKeep your eyes openEverybody's waiting for you to break downEverybody's watching to see the falloutEven when you're sleeping, sleepingKeep your ey-eyes openKeep your ey-eyes openKeep your ey-eyes openSo here you areTwo steps ahead and staying on guardEvery lesson forms a new scarThey never thought you'd make it this farBut turn around (turn around)Oh, they've surrounded you, it's a showdown (showdown)And nobody comes to save you nowBut you've got something they don'tYeah, you've got something they don'tYou just gotta keep your eyes openEverybody's waiting for you to break downEverybody's watching to see the falloutEven when you're sleeping, sleepingKeep your ey-eyes openKeep your ey-eyes openKeep your ey-eyesKeep your feet readyHeartbeat steadyKeep your eyes openKeep your aim lockedThe night goes darkKeep your eyes openEverybody's waiting for you to break downEverybody's watching to see the falloutEven when you're sleeping, sleepingKeep your ey-eyes open (keep your ey-eyes open)Keep your ey-eyes open (keep your ey-eyes open)Keep your ey-eyes open;230.091;Taylor Swift
Fall Back On You;https://www.letras.mus.br/taylor-swift/fall-back-on-you/;Isn't it funny how many times we can sayWe drawn the line, cross it out, turn the pageAnd moved onThat's what we thoughtBut here I am in the same old carHaving myself another same old brown-eyed barUh oh, uh ohI won't tell nobodyI won't tell my friendsWe'll just drive down this road till the one we're on endsAnd we'll tell each other things like I need youYou and meBaby this is what we doI may seeThere are people you just come back toSo fall back on meFall back on youYou always let someone come in betweenYour talking round the truth and never say what we meanLook at all this wasted timeI won't tell nobodyI won't tell my friendWe'll just drive down this road and pray it doesn't endAnd we'll tell each other things, like I love youYou and meBaby this is what we doI may seeThere are people who you come back toSo fall back on meFall back on youMaybe we'll lastMaybe we won'tMaybe we'll stop talking and I'll haunt you like a ghostBut just, baby, get along with meYou and meBaby this is what we doI may seeThere are people that you come back tooFall back on meBaby I'll fall back on youFall back on me babyBaby I'll fall back on youFall back on youFall back on you;3.741;Sabe de quem é a composição? Envie pra gente.
Fall Into Me (feat. Emerson Drive);https://www.letras.mus.br/taylor-swift/1317683/;You say you've turned it offHid your heart up on a shelfScared of what it might costTo take it off for someone else'Cause lovin him you lostToo much of yourselfBaby can't you seethat he's not me and...I need you to knowyou can fall into meThat my arms are wide openAnd will always beRight here waiting,staying strongCome and fall into meI'll follow any roadanywhere to get to youI'll open up my soulIf that's what youneed me to doBut now babyit's your moveAll you've got to doIs believe in love,just believe in us now.I need you to knowyou can fall into meThat my arms are wide openAnd will always beRight here waiting,staying strongCome and fall into meJust believe in loveJust believe in usBaby....I need you to knowyou can fall into meThat my arms are wide openAnd will always beRight here waiting,staying strongCome and fall into meCome and fall into meBaby fall into me;35.686;Sabe de quem é a composição? Envie pra gente.
False God;https://www.letras.mus.br/taylor-swift/false-god/;We were crazy to thinkCrazy to think that this could workRemember how I said I'd die for you? (Ooh)We were stupid to jumpIn the ocean separating usRemember how I'd fly to you? (Ooh)And I can't talk to you when you're like thisStaring out the window like I'm not your favorite townI'm New York City (ooh), I still do it for you, babeThey all warned us about times like thisThey say the road gets hard and you get lostWhen you're led by blind faith (ooh), blind faithBut we might just get away with itReligion's in your lipsEven if it's a false godWe'd still worshipWe might just get away with itThe altar is my hipsEven if it's a false godWe'd still worship this loveWe'd still worship this loveWe'd still worship this love (ooh)(I know) I know Heaven's a thingI go there when you touch me, honeyHell is when I fight with you (ooh)But we can patch it up goodMake confessions and we're begging for forgivenessGot the wine for you (ooh)And you can't talk to me when I'm like thisDaring you to leave me just so I can try and scare youYou're the West Village (ooh), you still do it for me, babeThey all warned us about times like thisThey say the road gets hard and you get lostWhen you're led by blind faith (ooh), blind faithBut we might just get away with itReligion's in your lipsEven if it's a false godWe'd still worshipWe might just get away with itThe altar is my hipsEven if it's a false godWe'd still worship this loveWe'd still worship this loveWe'd still worship this love (ooh), ahStill worship this loveEven if it's a false godEven if it's a false god (ooh)Still worship this love;364.074;Taylor Swift / Jack Antonoff
Fearless;https://www.letras.mus.br/taylor-swift/1265408/;There's something about the wayThe street looks when it's just rainedThere's a glow off the pavementYou walk me to the carAnd you know I want to ask you to dance right thereIn the middle of the parking lot, yeahOh, yeahWe're drivin' down the roadI wonder if you knowI'm trying so hard not to get caught up nowBut you're just so coolRun your hands through your hairAbsentmindedly makin' me want youAnd I don't know how it gets better than thisYou take my hand and drag me headfirstFearlessAnd I don't know why but with you I'd danceIn a storm in my best dressFearlessSo baby, drive slowTill we run out of roadIn this one-horse townI want to stay right hereIn this passenger seatYou put your eyes on meIn this moment now, capture it, remember it'Cause I don't know how it gets better than thisYou take my hand and drag me headfirstFearlessAnd I don't know why but with you I'd danceIn a storm in my best dressFearlessWell, you stood there with me in the doorwayMy hands shake, I'm not usually this way, butYou pull me in and I'm a little more braveIt's a first kiss, it's flawless, really somethingIt's fearless'Cause I don't know how it gets better than thisYou take my hand and drag me headfirstFearlessAnd I don't know why but with you I'd danceIn a storm in my best dressFearless'Cause I don't know how it gets better than thisYou take my hand and drag me headfirstFearlessAnd I don't know why but with you I'd danceIn a storm in my best dressFearless;960.597;Hillary Lindsey / Liz Rose / Taylor Swift
Fearless / Hey Soul Sister / I'm Yours;https://www.letras.mus.br/taylor-swift/1856617/;There's somethin' 'bout the wayThe street looks when it's just rainedThere's a glow off the pavementWalk me to the carAnd you know I wanna ask you to dance right thereIn the middle of the parking lotYeahOh yeahHey, hey, heyWe're drivin' down the roadI wonder if you knowI'm tryin' so hard not to get caught up nowBut you're just so coolRun your hands through your hairAbsentmindedly makin' me want youAnd I don't know how it gets better than thisYou take my hand and drag me headfirstFearlessAnd I don't know why when with you I'd danceIn a storm in my best dressFearlessHey, hey, heySo baby drive slow'Til we run out of road in this one horse townI wanna stay right here in this passenger seatYou put your eyes on meIn this moment now, capture it, remember itCuz I don't know how it gets better than thisYou take my hand and drag me headfirstFearlessAnd I don't know why but with you I'd danceIn a storm in my best dressFearlessBut I won't hesitate no more, no moreIt cannot wait, I'm yoursHey, hey, heyCuz I don't know how it gets better than thisYou take my hand and drag me headfirstFearlessAnd I don't know why but with you I'd danceIn a storm in my best dressFearless;33.607;Hillary Lindsey / Liz Rose / Taylor Swift
Fifteen;https://www.letras.mus.br/taylor-swift/1372014/;You take a deep breath and you walk through the doorsIt's the morning of your very first dayYou say hi to your friends you ain't seen in a whileTry and stay out of everybody's wayIt's your freshman year and you're gonna be hereFor the next four years in this townHoping one of those senior boys will wink at you and sayYou know I haven't seen you around, before'Cause when you're fifteen andSomebody tells you they love youYou're gonna believe themAnd when you're fifteenFeeling like there's nothing to figure outWell, count to ten, take it in, this is lifeBefore you know who you're gonna beAt fifteenYou sit in class next to a redhead named AbigailAnd soon enough you're best friendsLaughing at the other girls who think they're so coolWe'll be out of here as soon as we canAnd then you're on your very first date, and he's got a carAnd you're feeling like flyingAnd your mama's waiting up, and you're thinking he's the oneAnd you're dancing 'round your room when the night endsWhen the night ends'Cause when you're fifteen andSomebody tells you they love youYou're gonna believe themAnd when you're fifteenAnd your first kiss makes you head spin 'roundBut in your life you'll do things greater thanDating the boy on the football teamBut I didn't know it at fifteenWhen all you wantedWas to be wantedWish you could go backAnd tell yourself what you know nowBack then I swore I was gonna marry him somedayBut I realized some bigger dreams of mineAnd Abigail gave everything she hadTo a boy who changed his mindAnd we both cried'Cause when you're fifteen andSomebody tells you they love youYou're gonna believe themAnd when you're fifteenDon't forget to look before you fallI've found time can heal most anythingAnd you just might find who you're supposed to beI didn't know who I was supposed to beAt fifteenAt your very first dayOh, take a deep breath, girlTake a deep breath as you walk through the doors;1.169.179;Taylor Swift
Fifteen (feat. Miley Cyrus);https://www.letras.mus.br/taylor-swift/1666048/;You take a deep breath and you walk through the doorsIt's the morning of your very first dayYou say hi to your friends you ain't seen in a whileTry and stay out of everybody's wayIt's your freshman year and you're gonna be hereFor the next four years in this townHoping one of those senior boys will wink at you and sayYou know I haven't seen you around before'Cause when you're fifteen andSomebody tells you they love youYou're gonna believe themAnd when you're fifteen feeling likeThere's nothing to figure outBut count to ten, take it inThis is life before you know who you're gonna beAt fifteenYou sit in a class next to a redhead named AbgailAnd soon enough you're best friendsLaughing at the other girlsWho think they're so coolWe'll be out of here as soon as we canAnd then you're on your very first dateAnd he's got a car and you're feeling like flyingAnd your mom is waiting up and you're thinking he's the oneAnd you're dancing 'round your room when the night endsWhen the night ends!Back then I swore I was gonna marry him somedayBut I realized some bigger dreams of mineAnd Abigail gave everything she had to a boy who changed his mindWe both cried'Cause when you're fifteen and somebody tells you they love youYou're gonna believe them (gonna believe them!)Fifteen, don't forget to look before you fallI've found time can heal most anythingAnd you just might find who you're supposed to beI didn't know who I was supposed to beAt fifteenTake a deep breath, girlTake a deep breath as you walk through the doors;61.986;Taylor Swift
Firefly;https://www.letras.mus.br/taylor-swift/firefly/;Someone struck a match against the nightAll I could see was you and II was captivatedA perfect little dream inside my headAnd then reality crept in and erased itFor a while I thought that I could hold youBut you were just a temporary highFirefly you drew me to youYour beauty shines and lights up the skyAnd you don’t know it, do you?I wish I could keep you fireflyFireflySomething so beautiful and freeWas as never meant to be caged inI thought I had you in my handI tried to catch you but I can’t chase the windAnd every time I reach out to touch youI remind myself you were meant to flyFirefly you drew me to youYour beauty shines and lights up the skyAnd you don’t know it, do you?I wish I could keep you fireflyFireflyI’d like to think I’d be all that you wantedBut not even that is enoughFirefly you drew me to youYour beauty shines and lights up the skyAnd you don’t know it, do you?I wish I could keep youI wish I could keep youFireflyFirefly;6.749;Sabe de quem é a composição? Envie pra gente.
Florida!!! (feat. Florence + The Machine);https://www.letras.mus.br/taylor-swift/florida-feat-florence-the-machine/;You can beat the heat if you beat the charges tooThey said I was a cheat, I guess it must be trueAnd my friends all smell like weed or little babiesAnd this city reeks of driving myself crazyLittle did you know your home's really only a town you're just a guest inSo you work your life away just to pay for a timeshare down in DestinFlorida is one hell of a drugFlorida, can I use you up?The hurricane with my name, when it cameI got drunk and I dare it to wash me awayBarricaded in the bathroom with a bottle of wineWell, me and my ghosts, we had a hell of a timeYes, I'm haunted, but I'm feeling just fineAll my girls got their lace and their crimesAnd your cheating husband disappearedWell, no one asks any questions hereSo I did my best to lay to restAll of the bodies that have ever been on my bodyAnd in my mind, they sink into the swampIs that a bad thing to say in a song?Little did you know your home's really only the town you'll get arrestedSo you pack your life away just to wait out the shitstorm back in TexasFlorida is one hell of a drugFlorida, can I use you up?I need to forget, so take me to FloridaI got some regrets, I'll bury them in FloridaTell me I'm despicable, say it's unforgivableAt least the dolls are beautifulFuck me up, FloridaI need to forget, so take me to FloridaI got some regrets, I'll bury them in FloridaTell me I'm despicable, say it's unforgivableWhat a crash, what a rush, fuck me up, FloridaIt's one hell of a drugIt's one hell of a drugLove left me like thisAnd I don't want to existSo take me to FloridaLittle did you know your home's really only a town you're just a guest in (Florida)So you work your life away just to pay for a timeshare down in Destin (Florida)Little did you know your home's really only the town you'll get arrested (Florida)So you pack your life away just to wait out the shitstorm back in TexasFlorida is one hell of a drug (take me to Florida)Florida, can I use you up?Florida is one hell of a drugFlorida, go on, fuck me up;139.064;Taylor Swift / Florence Welch
Foolish One;https://www.letras.mus.br/taylor-swift/foolish-one/;My cards are on the table, yours are in your handChances are, tonight, you've already got plansAnd chances are I will talk myself to sleep againYou give me just enough attention to keep my hopes too highWishful thoughts forget to mention when something's really not rightAnd I will block out these voices of reason in my headAnd the voices say: You are not the exceptionYou will never learn your lessonFoolish oneStop checking your mailbox for confessions of love that ain't never gonna comeYou will take the long wayYou will take the long way downYou know how to keep me waiting, I know how to act like I'm fineDon't know what to call this situation, but I know I can't call you mineAnd it's delicate, but I will do my best to seem bulletproof'Cause when my head is on your shoulder, it starts thinking you'll come aroundAnd maybe, someday, when we're older, this is something we'll laugh aboutOver coffee every morning while you're watching the newsBut then the voices say: You are not the exceptionYou will never learn your lessonFoolish oneStop checking your mailbox for confessions of love that ain't never gonna comeYou will take the long wayYou will take the long way downFoolish oneStop checking your mailbox for confessions of love that ain't never gonna comeYou will learn the hard wayInstead of just walking outNow I'm sliding down the wall with my head in my hands, sayingHow could I not see the signs?Oh, you haven't written me or calledBut goodbye screaming in the silenceAnd the voices in my head are telling me why'Cause you got her on your arm and me in the wingsI'll get your longing glances, but she'll get your ringAnd you will say you had the best of intentionsAnd maybe I will finally learn my lessonFoolish oneStop checking your mailbox for confessions of love that ain't never gonna comeYou will take the long wayYou will take the long way downFoolish oneStop checking your mailbox for confessions of love that ain't never gonna comeYou will learn the hard wayInstead of just walking outOh-oh-oh, la-la-la-la-la, la-la-la-laOh, la-la-la-la-la, they never gonna comeOoh, you will learn the hard way nowFoolish oneSitting 'round waiting for confessions of love, they ain't never gonna comeAnd thinking he's the oneYou should've been walking outFoolish oneThe day is gonna come for your confessions of loveWhen all is said and doneHe just wasn't the oneNo, he just wasn't the one;121.724;Taylor Swift
For You;https://www.letras.mus.br/taylor-swift/for-you/;It would’ve been nice to see you comingBut that would’ve ruined the surpriseIt would’ve been nice to have a picture-perfect worldBut then the truth would hurt my eyesIt’s hard to see a picture drop before it hits the groundIt’s nice to know you’re here and you’re helping me downYou were always there when I neededYou could always see me clearly andYou were never looking for a thingYou...I’m singing one for youIt would’ve been cool to never fall downBut then I never would’ve seenThat power isn’t with the picture-perfect personYou taught me better things comefrom in betweenIt’s hard to see a picture drop before it hits the groundIt’s nice to know you’re here and you’re helping me downYou were always there when I neededYou could always see me clearly andYou were never looking for a thingYou...I’m singing one for youIt would’ve been nice to see you comingBut that would’ve ruined the surpriseIt would’ve been nice to have a picture-perfect worldBut then the truth would hurt my eyesYou were always there when I neededYou could always see me clearly andYou were never looking for a thingYou...I’m singing one for you;11.967;Sabe de quem é a composição? Envie pra gente.
Forever & Always;https://www.letras.mus.br/taylor-swift/1371246/;Once upon a timeI believe it was a Tuesday when I caught your eyeWe caught onto somethingI hold onto the nightYou looked me in the eye and told me you loved meWere you just kidding? 'Cause it seems to meThis thing is breaking down, we almost never speakI don't feel welcome anymoreBaby, what happened? Please, tell me'Cause one second it was perfectNow you're halfway out the doorAnd I stare at the phone, he still hasn't calledAnd then you feel so low, you can't feel nothing at allAnd you flashback to when he said: Forever and alwaysOh, oh, oh, ohAnd it rains in your bedroom, everything is wrongIt rains when you're here and it rains when you're gone'Cause I was there when you said: Forever and alwaysWas I out of line?Did I say something way too honest, made you run and hideLike a scared little boy?I looked into your eyesThought I knew you for a minuteNow I'm not so sureSo here's to everything coming down to nothingHere's to silence that cuts me to the coreWhere is this going?Thought I knew for a minuteBut I don't anymoreAnd I stare at the phone, he still hasn't calledAnd then you feel so low, you can't feel nothing at allAnd you flashback to when he said: Forever and alwaysOh, oh, oh, ohAnd it rains in your bedroom, everything is wrongIt rains when you're here and it rains when you're gone'Cause I was there when you said: Forever and alwaysYou didn't mean it, babyI don't think soOh, ohBack up, baby, back upDid you forget everything?Back up, baby, back upDid you forget everything?'Cause it rains in your bedroom, everything is wrongIt rains when you're here and it rains when you're gone'Cause I was there when you said: Forever and alwaysOh, I stare at the phone, he still hasn't calledAnd then you feel so low, you can't feel nothing at allAnd you flashback to when we said: Forever and alwaysAnd it rains in your bedroom, everything is wrongIt rains when you're here and it rains when you're gone'Cause I was there when you said: Forever and alwaysYou didn't mean it, babyYou said forever and always, yeah;576.190;Taylor Swift
Forever & Always (Piano Version);https://www.letras.mus.br/taylor-swift/forever-e-always-piano-version/;Once upon a timeI believe it was a Tuesday when I caught your eyeWe caught onto somethingI hold onto the nightYou looked me in the eye and told me you loved meWere you just kidding? 'Cause it seems to meThis thing is breaking down, we almost never speakI don't feel welcome anymoreBaby, what happened? Please, tell me'Cause one second it was perfectNow you're halfway out the doorAnd I stare at the phone, he still hasn't calledAnd then you feel so low, you can't feel nothing at allAnd you flashback to when he said: Forever and alwaysOh, oh, oh, ohAnd it rains in your bedroom, everything is wrongIt rains when you're here and it rains when you're gone'Cause I was there when you said: Forever and alwaysWas I out of line?Did I say something way too honest, made you run and hideLike a scared little boy?I looked into your eyesThought I knew you for a minuteNow I'm not so sureSo here's to everything coming down to nothingHere's to silence that cuts me to the coreWhere is this going?Thought I knew for a minuteBut I don't anymoreAnd I stare at the phone, he still hasn't calledAnd then you feel so low, you can't feel nothing at allAnd you flashback to when he said: Forever and alwaysOh, oh, oh, ohAnd it rains in your bedroom, everything is wrongIt rains when you're here and it rains when you're gone'Cause I was there when you said: Forever and alwaysYou didn't mean it, babyI don't think soOh, ohBack up, baby, back upDid you forget everything?Back up, baby, back upDid you forget everything?'Cause it rains in your bedroom, everything is wrongIt rains when you're here and it rains when you're gone'Cause I was there when you said: Forever and alwaysOh, I stare at the phone, he still hasn't calledAnd then you feel so low, you can't feel nothing at allAnd you flashback to when we said: Forever and alwaysAnd it rains in your bedroom, everything is wrongIt rains when you're here and it rains when you're gone'Cause I was there when you said: Forever and alwaysYou didn't mean it, babyYou said forever and always, yeah;3.723;Sabe de quem é a composição? Envie pra gente.
Forever Winter;https://www.letras.mus.br/taylor-swift/forever-winter-taylors-version-from-the-vault/;He says he doesn’t believeAnything much he hears these daysHe says: Why fall in loveJust so you can watch it go away?He spends most of his nightsWishing it was how it used to beHe spends most of his flightsGetting pulled down by gravityI call just checking up on himHe’s up, 3am pacingHe says: It’s not just a phase I'm inMy voice comes out beggingAll this time I didn’t knowYou were breaking downI’d fall to pieces on the floorIf you weren’t aroundToo young to know it gets betterI’ll be summer Sun for you foreverForever winter if you goHe seems fine most of the timeForcing smiles and never mindsHis laugh is a symphonyWhen the lights go outIt’s hard to breatheI pull at every threadTrying to solve the puzzles in his headLive my life scared to deathHe’ll decide to leave insteadI call just checking up on himHe’s up, 5am wastedLong gone, not even listeningMy voice comes out screamingAll this time I didn’t knowYou were breaking downI’d fall to pieces on the floorIf you weren’t aroundToo young to know it gets betterI’ll be summer Sun for you foreverForever winter if you goIf I was standing thereIn your apartmentI’d take that bombIn your head and disarm itI’d say I love youEven at your darkestAnd, please, don’t goI didn’t knowYou were breaking downI’d fall to pieces on the floorIf you weren’t aroundToo young to know it gets betterI’ll be summer Sun for you foreverForever winter if you goI’ll be your summer Sun foreverAt 3am, pacingAll this time I didn’t knowAt 5am, wastedI’d be in pieces on the floorForever winter if you goHe says he doesn’t believeAnything much he hears these daysI say: Believe in one thingI won’t go away;102.995;Mark Foster / Taylor Swift
Fortnight (feat. Post Malone);https://www.letras.mus.br/taylor-swift/fortnight-feat-post-malone/;I was supposed to be sent awayBut they forgot to come and get meI was a functioning alcoholic till nobodyNoticed my new aestheticAll of this to say: I hope you're okayBut you're the reasonAnd no one here's to blameBut what about your quiet treason?And for a fortnight, there we were, foreverRun into you sometimes, ask about the weatherNow, you're in my backyard, turned into good neighborsYour wife waters flowers, I wanna kill herAll my mornings are MondaysStuck in an endless FebruaryI took the miracle move-on drugThe effects were temporaryAnd I love you, it's ruining my life (I love you, it's ruining my life)I touched you for only a fortnight (I touched you), but I touched youAnd for a fortnight, there we were, foreverRun into you sometimes, ask about the weatherNow, you're in my backyard, turned into good neighborsYour wife waters flowers, I wanna kill herAnd for a fortnight, there we were togetherRun into you sometimes, comment on my sweaterNow, you're at the mailbox, turned into good neighborsMy husband is cheating, I wanna kill himI love you, it's ruining my life (I love you, it's ruining my life)I touched you for only a fortnight (I touched you), I touched youI love you, it's ruining my life (I love you, it's ruining my life)I touched you for only a fortnight (I touched you), I touched youThought of calling ya, but you won't pick up‘Nother fortnight lost in AmericaMove to Florida, buy the car you wantBut it won't start up till you touch, touch, touch meThought of calling ya, but you won't pick up‘Nother fortnight lost in AmericaMove to Florida, buy the car you wantBut it won't start up till I touch, touch, touch you;532.772;Austin Post /  Jack Antonoff / Taylor Swift
Fresh Out The Slammer;https://www.letras.mus.br/taylor-swift/fresh-out-the-slammer/;Now, pretty babyI'm running back home to youFresh out the slammer, I know who my first call will be to(Fresh out the slammer, oh)Another summer taking cover, rolling thunderHe don't understand meSplintered back in winter, silent dinners, bitterHe was with her in dreamsGray and blue, and fights and tunnelsHandcuffed to the spell I was underFor just one hour of sunshineYears of labor, locks and ceilingsIn the shade of how he was feelingBut it's gonna be alright, I did my timeNow, pretty babyI'm running back home to youFresh out the slammer, I know who my first call will be to(Fresh out the slammer, oh)Camera flashes, welcome bashesGet the matches, toss the ashes off the ledgeAs I said in my letters, now that I know betterI will never lose my baby againMy friends tried, but I wouldn't hear itWatched me daily disappearingFor just one glimpse of his smileAll those nights you kept me goin'Swirled you into all of my poemsNow we're at the starting line, I did my timeNow, pretty babyI'm runnin'To the house where you still wait up and that porch light gleams (gleams)To the one who says I'm the girl of his American dreamsAnd no matter what I've done, it wouldn't matter anywayAin't no way I'm gonna screw up, now that I know what's at stake hereAt the park where we used to sit on children's swingsWearing imaginary ringsBut it's gonna be alright, I did my time;171.782;Taylor Swift / Jack Antonoff
Gasoline (feat. Haim);https://www.letras.mus.br/taylor-swift/gasoline-feat-haim/;You took me backBut you shouldn't haveNow it's your fault if I mess aroundI took a dragBut I shouldn't haveNow I'm coughing up like INever smoked a packGasoline, pretty pleaseI want to get offBut you're such a teaseThrow the keys back to meGo on and kick off your bootsIn the passenger seatI get sad, you know I get sadAnd I can't look past what I'm sad aboutYou did me bad (did me bad, did me bad)And I did it back (did it back, did it back)You needed ass, well, what'sWrong with that?Gasoline (gasoline), pretty please (pretty please)I want to get off (gasoline)But you're such a teaseThrow the keys (throw the keys) back to me (back to me)Go on and kick off your boots (gasoline)In the passenger seatStrike a match, strike a match, watch it blowWe're watching the sunrise from the kitchen counterWant you bad, want you bad, don't you know?When you're lying between my legs it doesn't matterStrike a match, strike a match, watch it blowYou say you wanna go slower but I wanna go fasterWant you bad, want you bad, don't you know?Faster and fasterGasoline, pretty pleaseI want to get offBut you're such a tease;8.153;Alana Haim / Ariel Rechtshaid / Danielle Haim / Este Haim / Rostam
Getaway Car;https://www.letras.mus.br/taylor-swift/getaway-car/;(No, nothing good starts in a getaway car)It was the best of times, the worst of crimesI struck a match and blew your mindBut I didn't mean itAnd you didn’t see itThe ties were black, the lies were whiteIn shades of gray in candlelightI wanted to leave himI needed a reasonX marks the spot where we fell apartHe poisoned the well, I was lying to myselfI knew it from the first Old Fashioned, we were cursedWe never had a shotgun shot in the dark (oh!)You were driving the getaway carWe were flying, but we'd never get farDon't pretend it's such a mysteryThink about the place where you first met meRiding in a getaway carThere were sirens in the beat of your heartShould've known I'd be the first to leaveThink about the place where you first met meIn a getaway car (oh, whoa)No, they never get far (oh, whoa)No, nothing good starts in a getaway carIt was the great escape, the prison breakThe light of freedom on my faceBut you weren't thinkingAnd I was just drinkingWell, he was running after us, I was screaming: Go, go, go!But with three of us, honey, it's a sideshowAnd a circus ain’t a love storyAnd now we're both sorry(We're both sorry)X marks the spot where we fell apartHe poisoned the well, every man for himselfI knew it from the first Old Fashioned, we were cursedIt hit you like a shotgun shot to the heart (oh!)You were driving the getaway carWe were flying, but we'd never get farDon't pretend it's such a mysteryThink about the place where you first met meRiding in a getaway carThere were sirens in the beat of your heartShould've known I'd be the first to leaveThink about the place where you first met meIn a getaway car (oh, whoa)No, they never get far (oh, whoa)No, nothing good starts in a getaway carWe were jet-set Bonnie and ClydeUntil I switched to the other side, to the other sideIt's no surprise, I turned you in'Cause us, traitors, never winI'm in a getaway carI left you in a motel barPut the money in a bag and I stole the keysThat was the last time you ever saw me (oh!)Driving the getaway carWe were flying, but we'd never get far (don't pretend)Don't pretend it's such a mysteryThink about the place where you first met meRiding in a getaway carThere were sirens in the beat of your heart (should've known)Should've known I'd be the first to leaveThink about the place where you first met meIn a getaway car (oh, whoa)No, they never get far (oh, whoa)No, nothing good starts in a getaway carI was riding in a getaway carI was crying in a getaway carI was dying in a getaway carSaid goodbye in a getaway carRiding in a getaway carI was crying in a getaway carI was dying in a getaway carSaid goodbye in a getaway car;632.192;Jack Antonoff / Taylor Swift
Girl At Home;https://www.letras.mus.br/taylor-swift/girl-at-home/;Don't look at me, you got a girl at homeAnd everybody knows that, everybody knows thatUh-uh, don't look at me, you got a girl at homeAnd everybody knows thatI don't even know herBut I feel a responsibilityTo do what's upstanding and rightIt's kinda like a code, yeahAnd you've been getting closer and closerAnd crossing so many linesAnd it would be a fine propositionIf I was a stupid girlBut, honey, I am no one's exceptionThis I have previously learnedSo, don't look at me, you got a girl at homeAnd everybody knows that, everybody knows thatUh-uh, don't look at me, you got a girl at homeAnd everybody knows that, everybody knows thatI see you turn off your phoneAnd now you've got me aloneAnd I say, don't look at me, you got a girl at homeAnd everybody knows that, everybody knows thatI just want to make sureYou understand perfectlyYou're the kind of man who makes me sadWhile she waits upYou chase down the newest thingAnd take for granted what you haveAnd it would be a fine propositionIf I was a stupid girlAnd, yeah, I might go with itIf I hadn't once been just like herDon't look at me, you got a girl at homeAnd everybody knows that, everybody knows thatUh-uh, don't look at me, you got a girl at homeAnd everybody knows that, everybody knows thatI see you turn off your phoneAnd now you've got me aloneAnd I say, don't look at me, you got a girl at homeAnd everybody knows that, everybody knows thatCall a cab, lose my numberYou're about to lose your girlCall a cab, lose my numberLet's consider this lesson learnedDon't look at me, you got a girl at homeAnd everybody knows that, everybody knows thatUh-uh, don't look at me, you got a girl at homeAnd everybody knows that, everybody knowsI want to see you pick up your phoneAnd tell her you're coming homeDon't look at me, you got a girl at homeAnd everybody knows that, everybody knows thatDon't look at me, you got a girl at homeAnd everybody knows that, everybody knows thatIt would be a fine propositionIf I hadn't once been just like her;88.781;Taylor Swift
Glitch;https://www.letras.mus.br/taylor-swift/glitch/;We were supposed to be just friendsYou don't live in my part of townBut maybe I'll see you out some weekendDepending on what kind of mood and situationship I'm inAnd what's in my systemI think there's been a glitchOh, yeahFive seconds laterI'm fastening myself to you with a stitchOh, yeahAnd I'm not even sorry, nights are so starryBlood moonlitIt must be counterfeitI think there's been a glitchI was supposed to sweat you outIn search of glorious happenings of happenstanceOn someone else's playgroundBut it's been two-thousand one-hundred ninety daysOf our love blackout (our love is blacking out)The system's breaking down (the system's breaking down)I think there's been a glitchOh, yeahFive seconds laterI'm fastening myself to you with a stitchOh, yeahAnd I'm not even sorry, nights are so starryBlood moonlitIt must be counterfeitI think there's been a glitchA brief interruption, a slight malfunctionI'd go back to wanting dudes who give nothingI thought we had no chanceAnd that's romanceLet's danceGlitchOh, yeahFive seconds laterI'm fastening myself to you with a stitchOh, yeahAnd I'm not even sorry, nights are so starryBlood moonlit (blood moonlit)It must be counterfeit (it must be counterfeit)I think there's been a glitch;92.876;Jack Antonoff / Sam Dew / Sounwave / Taylor Swift
Going Louder Folks;https://www.letras.mus.br/taylor-swift/going-louder-folks/;Oh Yeah Come Come On NowLickin Up My Head Spinnin Down Yo' LifeB*** Coming Out LoudFeeling Their Loosing Contro o o olWhy Do F*** B*** Love To StrollWhy Me And Lucas Starring At All OoohWhy Do crazy Leaders break Their own livesOoooh Oh Ooooh OhGoing Louder Folks...;1.905;Sabe de quem é a composição? Envie pra gente.
gold rush;https://www.letras.mus.br/taylor-swift/gold-rush/;Gleaming, twinklingEyes like sinkingShips on watersSo invitingI almost jump inI don't like a gold rush, gold rushI don't like anticipating my face in a red flushI don't like that anyone would die to feel your touchEverybody wants youEverybody wonders what it would be like to love youWalk past, quick brushI don't like slow motion double vision in rose blushI don't like that falling feels like flying 'til the bone crushEverybody wants youBut I don't like a gold rushWhat must it be likeTo grow up that beautiful?With your hair falling into place like dominosI see me padding across your wooden floorsWith my Eagles t-shirt hanging from the doorAt dinner partiesI call you out on your contrarian shitAnd the coastal townWe wandered 'round had neverSeen a love as pure as itAnd then it fades into the gray of my day old tea'Cause it could never be'Cause I don't like a gold rush, gold rushI don't like anticipating my face in a red flushI don't like that anyone would die to feel your touchEverybody wants youEverybody wonders what it would be like to love youWalk past, quick brushI don't like slow motion double vision in rose blushI don't like that falling feels like flying 'til the bone crushEverybody wants youAnd I don't like a gold rushWhat must it be likeTo grow up that beautiful?With your hair falling into place like dominosMy mind turns your life into folkloreI can't dare to dream about you anymoreAt dinner partiesWon't call you out on your contrarian shitAnd the coastal townWe never found will neverSee a love as pure as it'Cause it fades into the gray of my day old tea'Cause it will never beGleaming, twinklingEyes like sinkingShips on watersSo invitingI almost jump in;345.144;Jack Antonoff / Taylor Swift
Gorgeous;https://www.letras.mus.br/taylor-swift/gorgeous/;(Gorgeous)You should take it as a complimentThat I got drunk and made fun of the way you talkYou should think about the consequenceOf your magnetic field being a little too strongAnd I got a boyfriend, he's older than usHe's in the club doing I don't know whatYou're so cool it makes me hate you so much(I hate you so much)Whiskey on ice, Sunset and VineYou've ruined my life by not being mineYou're so gorgeousI can't say anything to your face'Cause look at your faceAnd I'm so furiousAt you for making me feel this wayBut what can I say?You're gorgeousYou should take it as a complimentThat I'm talking to everyone here but you(But you, but you)And you should think about the consequenceOf you touching my hand in the darkened room(Dark room, dark room)If you got a girlfriend, I'm jealous of herBut if you're single that's honestly worse'Cause you're so gorgeous it actually hurts(Honey, it hurts)Ocean blue eyes lookin' in mineI feel like I might sink and drown and dieYou're so gorgeousI can't say anything to your face (to your face)'Cause look at your face (look at your face)And I'm so furiousAt you for making me feel this way (feel this way)But what can I say?You're gorgeousYou make me so happy it turns back to sad (yeah)There's nothing I hate more than what I can't haveAnd you are so gorgeous it makes me so madYou make me so happy it turns back to sad (yeah)There's nothing I hate more than what I can't haveGuess I'll just stumble on home to my cats (ugh)AloneUnless you wanna come along?You're so gorgeousI can't say anything to your face (to your face)'Cause look at your face (look at your face)And I'm so furious (I'm so furious)At you for making me feel this way (feel this way)But what can I say? (I say)You're gorgeousYou make me so happy it turns back to sad (yeah)There's nothing I hate more than what I can't haveAnd you are so gorgeous it makes me so madYou're gorgeousYou make me so happy it turns back to sad (turns back to sad)There's nothing I hate more than what I can't have (what I can't have)You are so gorgeous it makes me so madYou're gorgeous;643.839;Max Martin / Shellback / Taylor Swift
Gracie;https://www.letras.mus.br/taylor-swift/gracie/;My name's GracieI'll be five in MayKinda scared 'causeI never been on a planeMy mama says that it'll be alright'Cause I'm gunna see my daddy tonightAnd she says thatThere's a whole a lot of good people in HeavenAn' I don't wanna get there too soonAnd I know there's a God because I met himAnd I see it when I'm looking at youThere ain't no accidents in what we doMy name's HeatherGuess we're on the same flightDon't mind GracieShe could talk to you all nightShe's finally well enough to travel(The) doctor says she's in the clearShe's been in and out of hospitalSince the beginning of the yearAnd there's a whole a lot of good people in HeavenBut none of us want to get there too soonAnd I know there's a God because I met himAnd I see it when I'm looking at youThere ain't no accidents in what we doJames T. JohnsonThat's her daddy's nameHe's been overseasIt'll be a year todayHe never talked about being scared over the phoneHe just said me and Gracie will come and take him onThere's a whole a lot of good people in HeavenAnd I don't wanna get there too soonAnd I know there's a God because I met himAnd I see it when I'm looking at youThere ain't no accidents in what we doAnd the people that we meetAs we go through the rainThere are no accidents in what we do;5.590;Sabe de quem é a composição? Envie pra gente.
Guilty as Sin?;https://www.letras.mus.br/taylor-swift/guilt-as-sin/;Drowning in the Blue NileHe sent me Downtown LightsI hadn't heard it in a whileMy boredom's bone deepThis cage was once just fineAm I allowed to cry?I dream of cracking locksThrowing my life to the wolves, or the ocean rocksCrashing into him tonight, he's a paradoxI'm seeing visions, am I bad? Or mad? Or wise?What if he's written mine on my upper thigh only in my mind?One slip and falling back into the hedge maze, oh, what a way to dieI keep recalling things we never didMessy top lip kiss, how I long for our trystsWithout ever touching his skinHow can I be guilty as sin?I keep these longings locked in lowercase inside a vaultSomeone told me: There's no such thing as bad thoughts, only your actions talkThese fatal fantasies giving way to labored breathTaking all of me, we've already done it in my headIf it's make believe, why does it feel like a vowWe'll both uphold somehow?What if he's written mine on my upper thigh only in my mind?One slip and falling back into the hedge maze, oh, what a way to dieMy bedsheets are ablaze, I screamed his nameBuilding up like waves crashing over my graveWithout ever touching his skinHow can I be guilty as sin?What if I roll the stone away?They're gonna crucify me anywayWhat if the way you hold me is actually what's holy?If long suffering propriety is what they want from meThey don't know how you've haunted me so stunninglyI choose you and me, religiouslyWhat if he's written mine on my upper thigh only in my mind?One slip and falling back into the hedge maze, oh, what a way to dieI keep recalling things we never didMessy top lip kiss, how I long for our trystsWithout ever touching his skinHow can I be guilty as sin?He sent me Downtown LightsI hadn't heard it in a whileAm I allowed to cry?;414.091;Taylor Swift / Jack Antonoff
Half Of My Heart (feat. John Mayer);https://www.letras.mus.br/taylor-swift/1499947/;I was born in the arms of imaginary friendsFree to roam, made a home out of everywhere I've beenThen you come crashing in, like the realest thingTrying my best to understand all that your love can bringOoh half of my heart's got a grip on the situationHalf of my heart takes timeHalf of my heart's got a right mind to tell youThat I can't keep loving youOh, with half of my heartI was made to believe I'd never love somebody elseI made a plan, stay the man who can only love himselfLonely was the song I sang, 'til the day you cameShowing me another way and all that my love can bringOoh half of my heart's got a grip on the situationHalf of my heart takes timeHalf of my heart's got a right mind to tell youThat I can't keep loving youOoh, with half of my heartWith half of my heartYour faith is strongBut I can only fall short for so longTime will hold, later onYou will hate that I never gave more to you than half of my heartBut I can't stop loving youI can't stop loving youI can't stop loving you with half of my...Half of my heartOoh half of my heartHalf of my heart's got a real good imaginationHalf of my heart's got youHalf of my heart's got a right mind to tell youThat half of my heart won't doHalf of my heart is a shock on a wedding to a bride with a paper ringAnd half of my heart is the part of a man who's never trully really loved anythingHalf of my heartHalf of my heartHalf of my heartHalf of my heartHalf of my heartHalf of my heart;128.964;John Mayer
happiness;https://www.letras.mus.br/taylor-swift/happiness/;Honey, when I'm above the treesI see this for what it isBut now I'm right down in it, all the years I've givenIs just shit we're dividin' upShowed you all of my hiding spotsI was dancing when the music stoppedAnd in the disbelief, I can't face reinventionI haven't met the new me yetThere'll be happiness after youBut there was happiness because of youBoth of these things can be trueThere is happinessPast the blood and bruisePast the curses and criesBeyond the terror in the nightfallHaunted by the look in my eyesThat would've loved you for a lifetimeLeave it all behindAnd there is happinessTell me, when did your winning smileBegin to look like a smirk?When did all our lessons start to look like weaponsPointed at my deepest hurt?I hope she'll be a beautiful foolWho takes my spot next to youNo, I didn't mean thatSorry, I can't see facts through all of my furyYou haven't met the new me yetThere'll be happiness after meBut there was happiness because of meBoth of these things I believeThere is happiness in our historyAcross a great divideThere is a glorious sunriseDappled with the flickers of lightFrom the dress I wore at midnightLeave it all behindAnd there is happinessI can't make it go away by making you a villainI guess it's the price I pay for seven years in HeavenAnd I pulled your body into mine every goddamn nightNow I get fake nicetiesNo one teaches you what to doWhen a good man hurts youAnd you know you hurt him tooHoney, when I'm above the treesI see it for what it isBut now my eyes leak acid rain on the pillowWhere you used to lay your headAfter giving you the best I hadTell me what to give after thatAll you want from me now is the green light of forgivenessYou haven't met the new me yetBut I think she'll give you thatThere'll be happiness after youBut there was happiness because of you tooBoth of these things can be trueThere is happiness in our historyAcross a great divideThere is a glorious sunriseDappled with the flickers of lightFrom the dress I wore at midnightLeave it all behindOh, leave it all behindLeave it all behindAnd there is happiness;457.417;Aaron Dessner / Taylor Swift
Haunted;https://www.letras.mus.br/taylor-swift/1763839/;You and I walk a fragile lineI have known it all this timeBut I never thought I'd live to see it breakIt's getting dark and it's all so quietAnd I can't trust anything nowAnd it's coming over you like it's all a big mistakeOh, holding my breathWon't lose you againSomething's made your eyes go coldCome on, come on, don't leave me like thisI thought I had you figured outSomething's gone terribly wrongYou're all I wantedCome on, come on, don't leave me like thisI thought I had you figured outCan't breathe whenever you're goneCan't turn back now, I'm hauntedStood there and watched you walk awayFrom everything we hadBut I still mean every word I said to youHe will try to take away my painAnd he just might make me smileBut the whole time I'm wishing he was you insteadOh, holding my breathWon't see you againSomething keeps me holding onto nothingCome on, come on, don't leave me like thisI thought I had you figured outSomething's gone terribly wrongYou're all I wantedCome on, come on, don't leave me like thisI thought I had you figured outCan't breathe whenever you're goneCan't turn back now, I'm hauntedI know, I knowI just knowYou're not goneYou can't be gone, noCome on, come on, don't leave me like thisI thought I had you figured outSomething's gone terribly wrongWon't finish what you startedCome on, come on, don't leave me like thisI thought I had you figured outCan't breathe whenever you're goneI can't go back, I'm hauntedYou and I walk a fragile lineI have known it all this timeNever ever thought I'd see it breakNever thought I'd see it;295.887;Taylor Swift
Hells Bells (feat. Brian Johnson);https://www.letras.mus.br/taylor-swift/hells-bells-feat-brian-johnson/;I'm a rolling thunder, a pouring rainI'm comin' on like a hurricaneMy lightning's flashing across the skyYou're only young but you're gonna dieI won't take no prisoners, won't spare no livesNobody's putting up a fightI got my bell, I'm gonna take you to hellI'm gonna get you, Satan get youHell's bellsYeah, hell's bellsYou got me ringing hell's bellsMy temperature's high, hell's bellsI'll give you black sensations up and down your spineIf you're into evil you're a friend of mineSee the white light flashing as I split the night'Cause if good's on the leftThen I'm stickin' to the rightI won't take no prisoners, won't spare no livesNobody's puttin' up a fightI got my bell, I'm gonna take you to hellI'm gonna get you, Satan get youHell's bellsYeah, hell's bellsYou got me ringing hell's bellsMy temperature's high, hell's bellsYeowHell's bells, Satan's comin' to youHell's bells, he's ringing them nowHell's bells, the temperature's highHell's bells, across the skyHell's bells, they're takin' you downHell's bells, they're draggin' you aroundHell's bells, gonna split the nightHell's bells, there's no way to fight, yeahOw, ow, ow, owHell's bells;2.125;Angus Young / Brian Johnson / Malcolm Young
Here You Come Again;https://www.letras.mus.br/taylor-swift/1317698/;Here you come againJust when I've begunTo get myself togetherYou waltz right in the doorJust like you've done beforeAnd wrap my heart'Round your little fingerHere you come againJust when I'm aboutTo make it work without youYou look into my eyesAnd light those dreamy eyesAnd pretty soon I'm wonderin'How I came to doubt youAll you gotta doIs smile that smileAnd there go all my defensesJust leave it up to youAnd in a little whileYou're messin' up my mindAnd fillin' up my sensesHere you come againLookin' better than a bodyHas a right toAnd shakin' me up soThat all I really knowIs here you come againAll you gotta doIs smile that smileAnd there go all my defensesJust leave it up to youAnd in a little whileYou're messin' up my mindAnd fillin' up my sensesHere you come againLookin' better than a bodyHas a right toAnd shakin' me up soThat all I really knowIs here you come againHere I goAnd here you come againHere I go;36.865;Sabe de quem é a composição? Envie pra gente.
Hey Stephen;https://www.letras.mus.br/taylor-swift/1337894/;YeahHey, Stephen, I know looks can be deceivingBut I know I saw a light in youAnd as we walked, we were talking and I didn't sayHalf the things I wanted toOf all the girls tossing rocks at your windowI'll be the one waiting there, even when it's coldHey, Stephen, boy, you might have me believingI don't always have to be alone'Cause I can't help it if you look like an angelCan't help it if I want to kiss you in the rainSo come feel this magic I've been feeling since I met youCan't help it if there's no one elseI can't help myselfHey, Stephen, I've been holding back this feelingSo I've got some things to say to you, huhI seen it all so I thought, but I never seenNobody shine the way you doThe way you walk, way you talk, way you say my nameIt's beautiful, wonderful, don't you ever changeHey, Stephen, why are people always leaving?I think you and I should stay the same'Cause I can't help it if you look like an angelCan't help it if I want to kiss you in the rainSo come feel this magic I've been feeling since I met youCan't help it if there's no one elseI can't help myselfThey're dimming the streets lightsYou're perfect for meWhy aren't you here tonight?I'm waiting alone nowSo come on and come outAnd pull me nearAnd shine, shine, shineHey, Stephen, I could give to you fifty reasonsWhy I should be the one you chooseWell, all those other girls, well, they're beautifulBut would they write a song for you?I can't help it if you look like an angelCan't help it if I want to kiss you in the rainSo come feel this magic I've been feeling since I met youCan't help it if there's no one elseI can't help myself if you look like an angelCan't help it if I want to kiss you in the rainSo come feel this magic I've been feeling since I met youCan't help it if there's no one elseI can't help myselfMyselfCan't help myselfI can't help myselfOh, oh, oh;261.470;Taylor Swift
High Infidelity;https://www.letras.mus.br/taylor-swift/high-infidelity/;Lock broken, slur spokenWound open, game tokenI didn't know you were keeping countRain soaking, blind hopingYou said I was freeloadingI didn't know you were keeping countHigh infidelityPut on your records and regret meI bent the truth too far tonightI was dancing around, dancing around itHigh infidelityPut on your headphones and burn my cityYour picket fence is sharp as knivesI was dancing around, dancing around itDo you really wanna know where I was April 29th?Do I really have to chart the constellations in his eyes?Storm coming, good husband, bad omenDragged my feet right down the aisleAt the house lonely, good moneyI'd pay if you'd just know meSeemed like the right thing at the timeYou know there's many different ways that you can kill the one you loveThe slowest way is never loving them enoughDo you really wanna know where I was April 29th?Do I really have to tell you how he brought me back to life?High infidelityPut on your records and regret meI bent the truth too far tonightI was dancing around, dancing around itHigh infidelityPut on your headphones and burn my cityYour picket fence is sharp as knivesI was dancing around, dancing around itDo you really want to know where I was April 29th?Do I really have to chart the constellations in his eyes?You know there's many different ways that you can kill the one you loveThe slowest way is never loving them enoughHigh infidelityPut on your records and regret meeting meI bent the truth too far tonightI was dancing around, dancing around itHigh infidelityPut on your headphones and burn my cityYour picket fence is sharp as knivesI was dancing around, dancing around itOh, there's many different ways that you can kill the one you loveAnd it's never enoughIt's never enoughLock broken, slur spokenWound open, game tokenI didn't know you were keeping countRain soaking, blind hopingYou said I was freeloadingI didn't know you were keeping countBut, oh, you were keeping count;222.301;Aaron Dessner / Taylor Swift
Highway Don't Care (feat. Tim Mcgraw);https://www.letras.mus.br/taylor-swift/highway-dont-care/;Bet your window's roll down and your hair's pulled backAnd i bet you got no idea you're going way too fastAnd you're trying not to think about what went wrongTrying not to stop 'til you're get where you're goin'Trying to stat awake so i bet you turn on the radioThe song goesI can't live without, i can't live without you, babyI can't live without, i can't live without you, baby, babyThe highway won't hold you tonightThe highway don't know you're aliveThe highway don't care if you're all aloneBut i do, i doThe highway won't dry your tearsThe highway don't need you hereThe highway don't care if you're coming homeBut i do, i doI bet you got a dead cell phone in the shot gun seatYeah, i bet you're bleeding God's earTalking about meYou're trying not to let the first tear fall outYou're trying not to think about turning aroundTrying not to be lost in the soundBut that song is always onSo you sing alongI can't live without, i can't live without you, babyI can't live without, i can't live without you, baby, babyThe highway won't hold you tonightThe highway don't know you're aliveThe highway don't care if you're all aloneBut i do, i doThe highway won't dry your tearsThe highway don't need you hereThe highway don't care if you're coming homeBut i do, i doI can't live without, i can't live without you, babyI can't live without, i can't live without you, baby, babyThe highway don't care, the highway don't care, the highway don't careBut i do, i doI can't live without, i can't live without you, baby(Highway don't care, highway don't care)I can't live without, i can't live without you, baby, baby(Highway don't care, but i do, i do)I can't live without, i can't live without you, baby(Highway don't care, highway don't care)I can't live without, i can't live without you, baby, baby(Highway don't care, but i do, i do)I can't live without, i can't live without you, baby;26.525;Sabe de quem é a composição? Envie pra gente.
Hits Different;https://www.letras.mus.br/taylor-swift/hits-different/;I washed my hands of us at the clubYou made a mess of meI pictured you with other girls in loveThen threw up on the streetLike waiting for a bus that never showsYou just start walking onThey say that if it's right, you knowEach bar plays our songNothing has ever felt so wrongOh my, love is a lieShit my friends say to get me byIt hits differentIt hits different this timeCatastrophic bluesMoving on was always easy for me to doIt hits differentIt hits different 'cause it's you('Cause it's you)I used to switch out these Kens, I'd just ghostRip the Band-Aid off and skip town like an asshole outlawFreedom felt like summer then on the coastNow the Sun burns my heart and the sand hurts my feelingsAnd I never don't cry (no, I never don't cry) at the barYeah, my sadness is contagious (my sadness is contagious)I slur your name till someone puts me in a carI stopped receiving invitationsOh my, love is a lieShit my friends say to get me byIt hits differentIt hits different this timeCatastrophic bluesMoving on was always easy for me to doIt hits differentIt hits different 'cause it's you('Cause it's you)I find the artifacts, cried over a hatCursed the space that I neededI trace the evidence, make it make some senseWhy the wound is still bleeding?You were the one that I lovedDon't need another metaphor, it's simple enoughA wrinkle in time like the crease by your eyesThis is why they shouldn't kill off the main guyDreams of your hair and your stare and sense of beliefIn the good in the world, you once believed in meAnd I felt you and I held you for a whileBet I could still melt your worldArgumentative, antithetical, dream girlI heard your key turn in the door down the hallwayIs that your key in the door?Is it okay? Is it you?Or have they come to take me away?(To take me away)Oh my, love is a lieShit my friends say to get me byIt hits different (it hits different)It hits different this timeCatastrophic bluesMoving on was always easy for me to doIt hits different (it hits different)It hits different 'cause it's you(Oh my, love is a lie)(Shit my friends say to get me by)('Cause it's you)(Catastrophic blues)(Moving on was always easy for me to do)It hits different (yeah)It hits different 'cause it's you;324.142;Aaron Dessner / Jack Antonoff / Taylor Swift
hoax;https://www.letras.mus.br/taylor-swift/hoax/;My only oneMy smoking gunMy eclipsed SunThis has broken me downMy twisted knifeMy sleepless nightMy winless fightThis has frozen my groundStood on the cliffside screaming: Give me a reasonYour faithless love's the only hoax I believe inDon't want no other shade of blue but youNo other sadness in the world would doMy best laid planYour sleight of handMy barren landI am ash from your fireStood on the cliffside screaming: Give me a reasonYour faithless love's the only hoax I believe inDon't want no other shade of blue but youNo other sadness in the world would doYou know I left a part of me back in New YorkYou knew the hero died so what's the movie for?You knew it still hurts underneath my scarsFrom when they pulled me apartYou knew the password so I let you in the doorYou knew you won so what's the point of keeping score?You knew it still hurts underneath my scarsFrom when they pulled me apartBut what you did was just as dark(Ah, ah, ah)Darling, this was just as hardAs when they pulled me apartMy only oneMy kingdom come undoneMy broken drumYou have beaten my heartDon't want no other shade of blue but youNo other sadness in the world would do;268.149;Aaron Dessner / Taylor Swift
Holy Ground;https://www.letras.mus.br/taylor-swift/holy-ground/;I was reminiscing just the other dayWhile having coffee all aloneAnd, Lord, it took me awayBack to a first-glance feelingOn New York timeBack when you fit in my poemsLike a perfect rhymeTook off faster than a green light, goYeah, you skip the conversationWhen you already knowI left a note on the doorWith a joke we'd madeAnd that was the first dayAnd, darling, it was goodNever looking downAnd right there where we stoodWas holy groundSpinning like a girlIn a brand new dressWe had this big wide cityAll to ourselvesWe block the noiseWith the sound of: I need youAnd for the first timeI had something to loseAnd I guess we fell apart in the usual wayAnd the story’s got dust on every pageBut sometimes I wonderHow you think about it nowAnd I see your face in every crowd'Cause, darling, it was goodNever looking downAnd right there where we stoodWas holy groundTonight, I'm gonna danceFor all that we've been throughBut I don't want to danceIf I'm not dancing with youTonight, I'm gonna danceLike you were in this roomBut I don't want to danceIf I'm not dancing with youIt was goodNever looking downAnd right there where we stoodWas holy groundTonight I'm gonna danceFor all that we've been throughBut I don't want to danceIf I'm not dancing with youTonight I'm gonna danceLike you were in this roomBut I don't want to danceIf I'm not dancing with you;251.835;Taylor Swift
Honey Baby;https://www.letras.mus.br/taylor-swift/honey-baby/;"I think of you every single eveningAs I lay awake at night.I try to think; try to walk away with you... me inAnd I say:Honey baby don't do anything crazy around us,Say that everything will be fine!Oh, honey baby, oh,How can you blame me,When I say I wanna make you mine?Cause everybody else in the world is driving me crazy,Except you, honey baby!Oh!Flying high, I can see his smiling,As we walk down by the drives.Take my hand, take my breath away,Cause you make me feel like flying!Honey baby don't do anything crazy around us,Say that everything will be fine! Oh, honey baby, oh,How can you blame me,When I say I wanna make you mine?Cause everybody else in the world is driving me crazy,Except you, honey baby!Oh!Oh, you are everything I'll ever needOh, you are everything I wanna be!Drive me crazy, have me baby,All I really wanna say is:Honey baby don't do anything crazy around us,Say that everything will be fine!Oh, honey baby, oh,How can you blame me,When I say I wanna make you mine?Cause everybody else in the world is driving me crazy,Oh, except you, honey baby!";10.130;Sabe de quem é a composição? Envie pra gente.
Hopelessly Devoted To You;https://www.letras.mus.br/taylor-swift/1317686/;"Guess mine is notThe first heart brokenMy eyes are notThe first to cryI'm notThe first to knowThere's justNo gettin' over youHelloI'm just a foolWho's willingTo sit aroundAnd wait for youBut baby can't you seeThere's nothin' elseFor me to doI'm hopelesslyDevoted to youBut nowThere's nowhere to hideSince youPushed my love asideI'm not in my headHopelessly devoted to youHopelessly devoted to youHopelessly devoted to youMy head is saying""Fool, forget him""My heart is saying""Don't let go""Hold on to the endThat's whatI intend to doI'm hopelesslyDevoted to youBut nowThere's nowhere to hideSince youPushed my love asideI'm not in my headHopelessly devoted to youHopelessly devoted to youHopelessly devoted to you";24.222;Sabe de quem é a composição? Envie pra gente.
Hot n Cold;https://www.letras.mus.br/taylor-swift/1670961/;You change your mindLike a girl changes clothesYeah you, PMSLike a bitchI would knowAnd you over thinkAlways speakCryptcallyI should knowThat you're no good for meCause you're hot then you're coldYou're yes then you're noYou're in and you're outYou're up and you're downYou're wrong when it's rightIt's black and it's whiteWe fight, we break upWe kiss, we make up(you) You don't really want to stay, no (wooo)(you) But you don't really want to go-o (ooo)You're hot then you're coldYou're yes then you're noYou're in and you're outYou're up and you're downWe used to beJust like twinsSo in syncThe same energyNow's a dead batteryUsed to laugh 'bout nothingNow you're plain boringI should knowThat you're not gonna changeCause you're hot then you're coldYou're yes then you're noYou're in and you're outYou're up and you're downYou're wrong when it's rightIt's black and it's whiteWe fight, we break upWe kiss, we make up(you) You don't really want to stay, no (wooo)(you) But you don't really want to go-o (ooo)You're hot then you're coldYou're yes then you're noYou're in and you're outYou're up and you're downSomeone call the doctorGot a case of a love bi-polarStuck on a roller coasterCan't get off this rideYou change your mindLike a girl changes clothesCause you're hot then you're coldYou're yes then you're noYou're in and you're outYou're up and you're downYou're wrong when it's rightIt's black and it's whiteWe fight, we break upWe kiss, we make up(you) You don't really want to stay, no (wooo)(you) But you don't really want to go-o (ooo)You're hot then you're coldYou're yes then you're noYou're in and you're outYou're up and you're down;42.579;Katy Perry
How Did It End?;https://www.letras.mus.br/taylor-swift/how-did-it-end/;(Uh-uh, uh-uh)We hereby conduct this post-mortemHe was a hothouse flower to my outdoorsmenOur maladies were such we could not cure themAnd so a touch that was my birth right became foreignCome one, come all, it's happening againThe empathetic hunger descendsWill tell no one, except all of our friendsWe must know: How did it end?(Uh-uh, uh-uh)We were blind to unforeseen circumstancesWe learned the right steps to diffеrent dancesAnd fell victim to intеrlopers' glancesLost the game of chance, what are the chances?Soon they'll go home to their husbandsSmug 'cause they know they can trust himThen feverishly calling their cousins (oh, oh)Guess who we ran into at the shops?Walking in circles like she was lostDidn't you hear? They called it all offOne gasp, and then: How did it end?Say it once again with feeling how the death rattle breathingSilenced as the soul was leavingThe deflation of our dreamingLeaving me bereft and reelingMy beloved ghost and meSitting in a treeD-Y-I-N-GIt's happening againHow did it end?I can't pretend like I understandHow did it end?Come one, come all, it's happening againThe empathetic hunger descendsWill tell no one, except all of our friendsBut I still don't know: How did it end?;180.576;Aaron Dessner / Taylor Swift
How You Get The Girl;https://www.letras.mus.br/taylor-swift/how-you-get-the-girl/;Oh, oh, ohOh, oh, oh, oh, ohOh, ohStand there like a ghostShaking from the rain, rainShe'll open up the doorAnd say: Are you insane?Say it's been a long six monthsAnd you were too afraidTo tell her what you want, wantAnd that's how it worksThat's how you get the girlAnd then you sayI want you for worse or for betterI would wait forever and everBroke your heart, I'll put it back togetherI would wait forever and everAnd that's how it works, that's how you get the girl, girl (oh)And that's how it works, that's how you get the girl, girlRemind her how it used to be, beYeah, yeahOf pictures in framesOf kisses on cheeks, cheeksTell her how you must have lost your mind, oohWhen you left her all aloneAnd never told her why, whyAnd that's how it worksThat's how you lost the girlAnd now you sayI want you for worse or for betterI would wait forever and ever (ever and ever)Broke your heart, I'll put it back togetherI would wait forever and ever (forever and ever)And that's how it works, that's how you get the girl, girl (oh)And that's how it works, that's how you get the girl, girlYeah, yeahAnd you know, oh-oh-oh-oh, oh-oh-oh-ohThat I don't want you to go, oh-ohRemind me how it used to bePictures in frames of kisses on cheeksAnd say you want meYeah, yeah (and then you say)I want you for worse or for better (worse or for better)I would wait forever and ever (ever and ever)Broke your heart, I'll put it back togetherI want you forever and ever (I would wait forever and ever)And that's how it works, that's how you get the girl, girl(That's how it works) and that's how it works, that's how you get the girl, girl (get the girl)(That's how it works) and that's how it works, that's how you get the girl, girlAnd that's how it works, that's how you get the girl, girlAnd that's how it worksThat's how you got the girl;253.723;Max Martin / Shellback / Taylor Swift
Hysteria (feat. Def Leppard);https://www.letras.mus.br/taylor-swift/1534353/;Out of touchOut of reach, yeahYou could try to get closer to meI'm in loveI'm in deep, yeahHypnotizedI'm shakin' to my kneesI gotta know tonightIf you're alone tonightCan't stop this feelingCan't stop this fireI get hystericalHysteriaOh, can you feel it (Oh can you feel it)Do you believe it (Do you believe it)It's such a magical mysteriaWhen you get that feelin' (When you get that feelin')Better start believin (Better start believin')Cause it's a miracleSay you will, ooh babeHysteria when you're nearOut of meInto you, yeahYou could hideit's just a one way streetOh, I believe I'm in you, yeahOpen wide, that's rightDream me off my feetOh, believe in meI gotta know tonightIf you're alone tonightCan't stop this feelin'Can't stop this fireOhI get hystericalHysteriaOh, can you feel it (Oh can you feel it)Do you believe it (Do you believe it)It's such a magical mysteriaWhen you get that feelin' (When you get that feelin')Better start believin (Better start believin')Cause it's a miracleSay you willOoh babeHysteria when you're nearCome onI gotta know tonightIf you're alone tonightCan't stop this feelin'Can't stop this fireI get hystericalHysteriaOh can you feel it (Oh can you feel it)Do you believe it (Do you believe it)It's such a magical mysteriaWhen you get that feelin'(When you get that feelin')Better start believin (Better start believin')Cause it's a miracle, oh say you willOh babe (Oh can you feel it)Oh babe (Do you believe it)Oh, I get hysterical)Hysterical (Hysteria)Hysteria (When you get that feelin')You better believe it (Better start believin')Cause it's a miracleSay you willOh babyHysteriaWhen you're nearGet closer to meGet closer, babyWhoa, babyCloser (closer)Closer (get closer)Closer to meWhoa, my loveWhoa, my love;19.318;Joe Elliott / Phil Collen / Rick Savage / Robert John Mutt Lange / Steve Clark
I Almost Do;https://www.letras.mus.br/taylor-swift/i-almost-do/;I bet this time of nightYou’re still upI bet you’re tiredFrom a long hard weekI bet you’re sittin’In your chair by the windowLooking out at the cityAnd I bet sometimes you wonderAbout meAnd I just want to tell youIt takes everything in me not to call youAnd I wish I could run to youAnd I hope you knowThat everytime I don’tI almost do, I almost doI bet you thinkI either moved on or hate you‘Cause each time you reach outThere’s no replyI bet it never, ever occurred to youThat I can’t say hello to youAnd risk another goodbyeAnd I just want to tell youIt takes everything in me not to call youAnd I wish I could run to youAnd I hope you knowThat everytime I don’tI almost do, I almost doWe made quite a mess, babeIt’s probably better off this wayAnd I confess, babeIn my dreams, you’re touching my faceAnd asking me if I'd wantTo try again with youAnd I almost doAnd I just want to tell youIt takes everything in me not to call youAnd I wish I could run to youAnd I hope you knowThat everytime I don’tI almost do, I almost doI bet this time of nightYou’re still upI bet you’re tiredFrom a long hard weekI bet you’re sittin’In your chair by the windowLooking out at the cityAnd I hope sometimes you wonderAbout me;323.012;Taylor Swift
I Bet You Think About Me (feat. Chris Stapleton);https://www.letras.mus.br/taylor-swift/i-bet-you-think-about-me-feat-chris-stapleton-taylors-version-from-the-vault/;3 AM, and I'm still awake, I'll bet you're just fineFast asleep in your city that's better than mineAnd the girl in your bed has a fine pedigreeAnd I'll bet your friends tell you she's better than meWell, I tried to fit in with your upper-crust circlesYeah, they let me sit in back when we were in loveOh, they sit around talkin' about the meaning of lifeAnd the book that just saved 'em that I hadn't heard ofBut now that we're done and it's overI bet you couldn't believeWhen you realized I'm harder to forget than I was to leaveAnd I bet you think about meYou grew up in a silver-spoon gated communityGlamorous, shiny, bright Beverly HillsI was raised on a farm, no, it wasn't a mansionJust livin' room dancin' and kitchen table billsBut you know what they say, you can't help who you fall forAnd you and I fell like an early spring snowBut reality crept in, you said we're too differentYou laughed at my dreams, rolled your eyes at my jokesMr. Superior Thinkin'Do you have all the space that you need?I don't have to be your shrink to know that you'll never be happyAnd I bet you think about meI bet you think about me, yesI bet you think about meOh, block it all outThe voices so loud, sayin': Why did you let her go?Does it make you feel sadThat the love that you're lookin' forIs the love that you had?Now you're out in the world, searchin' for your soulScared not to be hip, scared to get oldChasing make-believe status, last time you felt freeWas when none of that shit mattered, 'cause you were with meBut now that we're done and it's overI bet it's hard to believeBut it turned out I'm harder to forget than I was to leaveAnd, yeah, I bet you think about meI bet you think about me, yesI bet you think about meI bet you think about me when you're outAt your cool indie music concerts every weekI bet you think about me in your houseWith your organic shoes and your million-dollar couchI bet you think about me when you say:Oh my god, she's insane, she wrote a song about meI bet you think about me;269.228;Lori McKenna / Taylor Swift
I Can Do It With a Broken Heart;https://www.letras.mus.br/taylor-swift/i-can-do-it-with-a-broken-heart/;I can read your mindShe's having the time of her lifeThere in her glittering primeThe lights refract sequin stars off her silhouette every nightI can show you lies(One, two, three, four)'Cause I'm a real tough kid, I can handle my shitThey said: Babe, you gotta fake it till you make it, and I didLights, camera, bitch, smile, even when you wanna dieHe said he'd love me all his life, but that life was too shortBreaking down, I hit the floorAll the piеces of me shatterеd as the crowd was chanting: More!I was grinnin' like I'm winnin', I was hitting my marks'Cause I can do it with a broken heart (one, two, three)I'm so depressed, I act like it's my birthday every dayI'm so obsessed with him, but he avoids me like the plagueI cry a lot, but I am so productive, it's an artYou know you're good when you can even do it with a broken heartI can hold my breathAnd I've been doing it since he leftI keep finding his things in drawersCrucial evidence I didn't imagine the whole thingI'm sure I can pass this test(One, two, three, four)'Cause I'm a real tough kid, I can handle my shitThey said: Babe, you gotta fake it till you make it, and I didLights, camera, bitch, smile, in stilettos for milesHe said he'd love me for all time, but that time was quite shortBreaking down, I hit the floorAll the pieces of me shattered as the crowd was chanting: More!I was grinnin' like I'm winnin', I was hitting my marks'Cause I can do it with a broken heart (one, two, three, four)I'm so depressed, I act like it's my birthday every dayI'm so obsessed with him, but he avoids me (he avoids me) like the plagueI cry a lot, but I am so productive, it's an artYou know you're good when you can even do it with a broken heartYou know you're good when you can even do it with a broken heartYou know you're good, and I'm good'Cause I'm miserable (haha)And nobody even knowsTry and come for my job;385.079;Taylor Swift / Jack Antonoff
I Can Do It With A Broken Heart (Dombresky Remix);https://www.letras.mus.br/taylor-swift/i-can-do-it-with-a-broken-heart-dombresky-remix/;I can read your mindShe's having the time of her lifeThere in her glittering primeThe lights refract sequin stars off her silhouette every nightI can show you lies(One, two, three)'Cause I'm a real tough kid, I can handle my shitThey said: Babe, you gotta fake it till you make it, and I didLights, camera, bitch, smile, even when you wanna dieHe said he'd love me all his life, but that life was too shortBreakin' down, I hit the floorAll the pieces of me shattered as the crowd was chantin': MoreI was grinnin' like I'm winnin', I was hittin' my marks'Cause I can do it with a broken heartI'm so depressed, I act like it's my birthday every dayI'm so obsessed with him, but he avoids me like the plagueI cry a lot, but I am so productive, it's an artYou know you're good when you can even do it with a broken heartI can hold my breathI've been doin' it since he leftI keep finding his things in drawersCrucial evidence I didn't imagine the whole thingI'm sure I can pass this test(One, two, three)'Cause I'm a real tough kid, I can handle my shitThey said: Babe, you gotta fake it till you make it, and I didLights, camera, bitch, smile, in stilettos for milesHe said he'd love me for all time, but that time was quite shortBreaking down, I hit the floorAll the pieces of me shattered as the crowd was chanting: MoreI was grinnin' like I'm winnin', I was hittin' my marks'Cause I can do it with a broken heart(One, two, three, four)I'm so depressed, I act like it's my birthday every dayI'm so obsessed with himBut he avoids me (avoids me) like the plagueI cry a lot, but I am so productive, it's an artYou know you're good when you can even do it with a broken heart;156;Sabe de quem é a composição? Envie pra gente.
I Can Fix Him (No Really I Can);https://www.letras.mus.br/taylor-swift/i-can-fix-him-no-really-i-can/;The smoke cloud billows out his mouth like a freight train through a small townThe jokes that he told across the bar were revolting and far too loudThey shake their heads saying: God, help her, when I tell 'em he's my manBut your good Lord doesn't need to lift a fingerI can fix him, no, really, I canAnd only I canThe dopamine races through his brain on a six-lane Texas highwayHis hands, so calloused from his pistol, softly traces hearts on my faceAnd I could see it from a mile awayA perfect case for my certain skill setHe had a halo of the highest gradеHe just hadn't met me yеtThey shake their heads saying: God, help her, when I tell 'em he's my manBut your good Lord doesn't need to lift a fingerI can fix him, no, really, I canAnd only I canGood boy, that's right, come closeI'll show you heaven if you'll be an angel, all nightTrust me, I can handle me a dangerous manNo, really, I canThey shook their heads saying: God, help her, when I told 'em he's my man (I told 'em he's my man)But your good Lord didn't need to lift a fingerI can fix him, no, really, I can (no, really, I can)Woah, maybe I can't;102.310;Taylor Swift / Jack Antonoff
I Can See You;https://www.letras.mus.br/taylor-swift/i-can-see-you/;Uh-uh, uh, uhYou brush past me in the hallwayAnd you don't think I, I, I can see ya, do ya?I’ve been watching you for agesAnd I spend my time trying not to feel itBut what would you do if I went to touch ya now?What would you do if they never found us out?What would you do if we never made aSo-o-ound?'Cause I can see you waiting down the hall from meAnd I could see you up against the wall with meAnd what would you do, baby, if you only knewThat I can see you?Uh-uh, uh, uhAnd we kept everything professionalBut something’s changed, it's something I, I likeThey keep watchful eyes on usSo it's best if we move fast and keep quietYou won't believe half the things I see inside my headWait till ya see half the things that haven't happened yetBut what would you do if I went to touch ya now?What would you do if they never found us out?What would you do if we never made aSo-o-ound?'Cause I can see you waiting down the hall from meAnd I could see you up against the wall with meWhat would you do, baby, if you only knewThat I can see you? Throw your jacket on the floorI could see you, make me want you even moreAnd what would you do, baby, if you only knewThat I can see you?Uh-uh, uh, uhI can see you in your suit and your necktiePass me a note saying: Meet me tonightThen we kiss, and you know I won't ever tell, yeahAnd I could see you being my addictionYou can see me as a secret missionHide away and I will start behaving myselfUh-uh, uh, uhOh-oh, oh, ohI can see you waiting down the hall from meAnd I could see you up against the wall with meAnd what would you do, baby, if you only knewThat I could see you? Throw your jacket on the floorI could see you, make me want you even moreAnd what would you do, baby, if you only knewThat I can see you? Oh, I can see youOh, I see you, I see you, babyI see youI see you, I see you, babyOh, baby;232.441;Taylor Swift
I Did Something Bad;https://www.letras.mus.br/taylor-swift/i-did-something-bad/;I never trust a narcissist, but they love meSo I play 'em like a violinAnd I make it look, oh, so easy'Cause for every lie I tell them, they tell me threeThis is how the world worksNow all he thinks about is meI can feel the flames on my skinCrimson red paint on my lipsIf a man talks shit, then I owe him nothingI don't regret it one bit 'cause he had it comingThey say I did something badThen why's it feel so good?They say I did something badBut why's it feel so good?Most fun I ever hadAnd I'd do it over and over and over again if I couldIt just felt so good, goodI never trust a playboy, but they love meSo I fly 'em all around the worldAnd I let them think they saved meThey never see it coming what I do nextThis is how the world worksYou gotta leave before you get leftI can feel the flames on my skinHe says: Don't throw away a good thingBut if he drops my name, then I owe him nothingAnd if he spends my change, then he had it comingThey say I did something badThen why's it feel so good?They say I did something badBut why's it feel so good?Most fun I ever hadAnd I'd do it over and over and over again if I couldIt just felt so good, goodIt just felt so goodThey're burning all the witches even if you aren't oneThey got their pitchforks and proofTheir receipts and reasonsThey're burning all the witches, even if you aren't oneSo light me up (light me up), light me up (light me up)Light me up, go ahead and light me up (light me up)Light me up (light me up), light me up (light me up)Light me up (light me up), light me upThey say I did something bad (oh)Then why's it feel so good? (So good)They say I did something badBut why's it feel so good? (Good)Most fun I ever had (most fun I ever had)And I'd do it over and over and over again if I couldIt just felt so good (good), goodOh, you say I did something bad(You say I did something bad)But why's it feel so good, good?So bad, why's it feel so good?Why's it feel, why's it feel so good? (Bad)It just felt so good, good;572.206;Shellback / Max Martin / Taylor Swift
I Don't Want To Miss A Thing (feat. Steven Tyler);https://www.letras.mus.br/taylor-swift/i-dont-want-to-miss-a-thing-feat-steven-tyler/;I could stay awake just to hear you breathingWatch you smile while you are sleepingWhile you're far away and dreamingI could spend my life in this sweet surrenderI could stay lost in this moment foreverWell, every moment spent with youIs a moment I treasureDon't wanna close my eyesI don't wanna fall asleep'Cause I'd miss you, babeAnd I don't wanna miss a thing'Cause even when I dream of youThe sweetest dream will never doI'd still miss you, babeAnd I don't wanna miss a thingLying close to youFeeling your heart beatingAnd I'm wondering what you're dreamingWondering if it's me you're seeingThen I kiss your eyes and thank God we're togetherAnd I just wanna stay with youIn this moment forever, forever and everI don't wanna close my eyesI don't wanna fall asleep'Cause I'd miss you, babeAnd I don't wanna miss a thing'Cause even when I dream of youThe sweetest dream will never doI'd still miss you, babeAnd I don't wanna miss a thingI don't wanna miss one smileI don't wanna miss one kissWell, I just wanna be with youRight here with you, just like thisI just wanna hold you closeFeel your heart so close to mineAnd just stay here in this momentFor all the rest of timeDon't wanna close my eyesI don't wanna fall asleep'Cause I'd miss you, babeAnd I don't wanna miss a thing'Cause even when I dream of youThe sweetest dream will never doI'd still miss you, babeAnd I don't wanna miss a thingI don't wanna close my eyesI don't wanna fall asleep'Cause I'd miss you, babeAnd I don't wanna miss a thing'Cause even when I dream of youThe sweetest dream will never doI'd still miss you, babeAnd I don't wanna miss a thingDon't wanna close my eyesDon't wanna fall asleep, yeahI don't wanna miss a thing;3.323;Diane Warren
I Don’t Wanna Live Forever (feat. ZAYN);https://www.letras.mus.br/taylor-swift/i-dont-wanna-live-forever/;Been sitting, eyes wide openBehind these four walls, hoping you'd callIt's just a cruel existenceLike there's no point hoping at allBaby, baby, I feel crazyUp all night, all night and every dayGive me somethingOh, but you say nothingWhat is happening to me?I don't wanna live forever'Cause I know I'll be living in vainAnd I don't wanna fit whereverI just wanna keep calling your nameUntil you come back homeI just wanna keep calling your nameUntil you come back homeI just wanna keep calling your nameUntil you come back homeI'm sitting, eyes wide openAnd I got one thing stuck in my mindWondering if I dodged a bulletOr just lost the love of my life, oohBaby, baby, I feel crazyUp all night, all night and every dayI gave you somethingBut you gave me nothingWhat is happening to me?I don't wanna live forever'Cause I know I'll be living in vainAnd I don't wanna fit (fit, babe) wherever (wherever)I just wanna keep calling your nameUntil you come back homeI just wanna keep calling your nameUntil you come back homeI just wanna keep calling your nameUntil you come back homeI've been looking sad in all the nicest places(Baby, baby, I feel crazy)I see you around in all these empty faces(Up all night, all night and every day)I've been looking sad in all the nicest places(Give me something, oh, but you say nothing)Now I'm in a cab, I tell 'em where your place is(What is happening to me?)I don't wanna live forever'Cause I know I'll be living in vainAnd I don't wanna fit whereverI just wanna keep calling your nameUntil you come back homeI just wanna keep calling your nameUntil you come back homeI just wanna keep calling your nameUntil you come back homeI just wanna keep calling your nameUntil you come back homeI just wanna keep calling your nameUntil you come back homeI just wanna keep calling your nameUntil you come back homeUntil you come back home;1.230.025;Jack Antonoff / Sam Dew / Taylor Swift
I Forgot That You Existed;https://www.letras.mus.br/taylor-swift/i-forgot-that-you-existed/;How many days did I spend thinking'Bout how you did me wrong, wrong, wrong?Lived in the shade you were throwingTill all of my sunshine was gone, gone, goneAnd I couldn't get away from yaIn my feelings more than Drake, so yeahYour name on my lips, tongue-tiedFree rent, living in my mindBut then something happened, one magical nightI forgot that you existedAnd I thought that it would kill me, but it didn'tAnd it was so niceSo peaceful and quietI forgot that you existedIt isn't love, it isn't hate, it's just indifferenceI forgot that youGot out some popcornAs soon as my rep started going down, down, downLaughed on the school yardAs soon as I tripped up and hit the ground, ground, groundAnd I would've stuck around for yaWould've fought the whole town, so yeahWould've been right there, front rowEven if nobody came to your showBut you showed who you are, then, one magical nightI forgot that you existedAnd I thought that it would kill me, but it didn'tAnd it was so niceSo peaceful and quietI forgot that you existedIt isn't love, it isn't hate, it's just indifferenceI forgot that youSent me a clear messageTaught me some hard lessonsI just forget what they wereIt's all just a blurI forgot that you existedAnd I thought that it would kill me, but it didn'tAnd it was so niceSo peaceful and quietI forgot that you existedI did, I did, I didIt isn't hate, it's just indifferenceIt isn't love, it isn't hate, it's just indifferenceOh, yeah;287.701;Taylo Swift / Louis Bell / Adam King Feeney
I Hate It Here;https://www.letras.mus.br/taylor-swift/i-hate-it-here/;(One, two)(One, two, three)Quick, quickTell me something awfulLike you are a poetTrapped inside the body of a finance guyTell me all your secretsAll you'll ever be isMy eternal consolation prizeYou see, I was a debutant in another life, butNow I seem to be scared to go outsideIf comfort is a constructI don't believe in good luckNow that I know what's whatI hate it here, so I will go toSecret gardens in my mindPeople need a key to get toThe only one is mineI read about it in a book when I was a precocious childNo mid-sized city hopes and small-town fearsI'm there most of the year, 'cause I hate it hereI hate it hereMy friends used to play a game whereWe would pick a decadeWe wished we could live in instead of thisI'd say the 1830s, but without all the racistsAnd getting married off for the highest bidEveryone would look down, 'cause it wasn't fun nowSeems like it was never even fun back thenNostalgia is a mind's trickIf I'd been there, I'd hate itIt was freezing in the palaceI hate it here, so I will go toLunar valleys in my mindWhen they found a better planetOnly the gentle survivedI dreamed about it in the darkThe night I felt like I might dieNo mid-sized city hopes and small-town fearsI'm there most of the year, 'cause I hate it hereI hate it hereI'm lonely, but I'm goodI'm bitter, but I swear I'm fineI'll save all my romanticism for my inner lifeAnd I'll get lost on purposeThis place made me feel worthlessLucid dreams like electricityThe current flies through meAnd in my fantasies, I rise above itAnd way up there, I actually love itI hate it here, so I will go toSecret gardens in my mindPeople need a key to get toThe only one is mineI read about it in a book when I was a precocious childNo mid-sized city hopes and small-town fearsI'm there most of the year, 'cause I hate it hereI hate it hereQuick, quickTell me something awfulLike you are a poetTrapped inside the body of a finance guy;182.011;Taylor Swift / Aaron Dessner
I Heart?;https://www.letras.mus.br/taylor-swift/1265409/;Wish I had concentratedThey said love was complicatedBut it’s something I just fell intoAnd it was overatedBut just look what I’ve createdI came out alive but I’m black and blueBefore you ask me if I’m alrightThink about what I had to do, yeahWake up then smell the break-upFix my heart, put on my makeupAnother mess I didn’t planAnd I’ll bet you thought you’d beat meWish you could only seeI got an I, heart, question markWritten on the back of my handI’d be fine if you just walked byBut you had to talk about whyYou were wrong and I was rightBut I can’t believe you made meSit at home and cry like a babyWait right by the phone every nightAnd now you ask about you and IThere’s no you and IRemember what you put me through, I had toWake up then smell the break-upFix my heart, put on my makeupAnother mess I didn’t planAnd I’ll bet you thought you’d beat meWish you could only seeI got an I, heart, question markWritten on the back of my handAnd when you’re home all alone at nightYou’ll still wonder whyYou took everything I had, oh, babyI haven’t thought about you and IThere’s no you and IAnd I know, someday you willWake up then smell the break-upRealize that we won’t make upIt didn’t go the way you plannedAnd you’ll know you didn’t beat meWhen you look down and seeI got an I, heart, question markWritten on the back of my handWritten on the back of my handAn I, heart, question mark, yeahWritten on the back of my hand;86.242;Taylor Swift
I Just Want You To Go;https://www.letras.mus.br/taylor-swift/i-just-want-you-to-go/;"""Many feelings were saved for meAnd all the time I've been asking you to stayIt was just bad luckThat separated us from livingWhile you were gayI was sadOur souls become matesWhile we were away from each otherI wasted my time looking for youI was here the whole timeI lost my life chasing youNo you want meNow time is running outAnd I'm stuck in a cageAnd you do not come to my rescueNow, I hope you're cryingFor not coming up to me ""When I was hereYou told me you were leavingStayed here crying aloneAnd you did not answer your phoneWhen I said I did not want to see youYou came running after meAnd I did not want to see youI threw myself against the wallThe sun is settingAnd nothing from you in my wayPromises have been madeAnd now, I gather that you never loved meAll this time I was just pretendingThe cold hours I spentUntil this moment with youNow, I just want you to goBurned my skyAnd now she was aloneWhen I was hereYou told me you were leavingStayed here crying aloneAnd you did not answer your phoneWhen I said I did not want to see youYou came running after meAnd I did not want to see youI threw myself against the wallThe sun is settingAnd nothing from you in my wayPromises have been madeAnd now, I gather that you never loved meAll this time I was just pretendingThe cold hours I spentUntil this moment with youNow, I just want you to goBurned my skyAnd now she was aloneNow, I just want you to goNow, I just want you to goNow, I just want you to goNow, I just want you to goAll the moments you made me believeNothing more than a simple lieAnd made me lose my mindAnd I was deadNow, I just want you to goNow, I just want you to goNow, I just want you to goNow, I just want you to goI try to keep all my smileSeeing her leavingI was the authorityAnd we were in a warWhen he saw me looking at my futureI learned a lot about lifeNot everything we want, we can haveI played pretty hardAnd now, I fell on the right pathJust do not let me cryAll those who heard voices inThere were only several linesIn our theater, ateamos fireNow, I just want you to goNow, I just want you to goNow, I just want you to goNow, I just want you to go";4.946;Lubernazaco
I Knew You Were Trouble;https://www.letras.mus.br/taylor-swift/i-knew-you-were-trouble/;Once upon timeA few mistakes agoI was in your sightsYou got me aloneYou found meYou found meYou found meI guess you didn't careAnd I guess I liked thatAnd when I fell hardYou took a step backWithout meWithout meWithout meAnd he's long gone when he's next to meAnd I realize the blame is on me'Cause I knew you were trouble when you walked inSo shame on me nowFlew me to places I'd never been'Till you put me down, ohI knew you were trouble when you walked inSo shame on me nowFlew me to places I'd never beenNow I'm lying on the cold hard groundOh, ohTrouble, trouble, troubleOh, ohTrouble, trouble, troubleNo apologiesHe'll never see you cryPretend he doesn't knowThat he's the reason whyYou're drowningYou're drowningYou're drowningAnd I heard you moved onFrom whispers on the streetA new notch in your beltIs all I'll ever beAnd now I seeNow I seeNow I seeHe was long gone when he met meAnd I realize the joke is on me, hey!I knew you were trouble when you walked inSo shame on me nowFlew me to places I'd never been'Till you put me down, ohI knew you were trouble when you walked inSo shame on me nowFlew me to places I'd never been (yeah)Now I'm lying on the cold hard groundOh, oh (yeah)Trouble, trouble, troubleOh, ohTrouble, trouble, troubleAnd the saddest fearComes creeping inThat you never loved meOr her, or anyone, or anythingYeah!I knew you were trouble when you walked inSo shame on me nowFlew me to places I'd never been (I'd never been)'Till you put me down, ohI knew you were trouble when you walked inSo shame on me nowFlew me to places I'd never beenNow I'm lying on the cold hard groundOh, ohTrouble, trouble, troubleOh, ohTrouble, trouble, troubleI knew you were trouble when you walked inTrouble, trouble, troubleI knew you were trouble when you walked inTrouble, trouble, trouble;2.964.923;Max Martin / Shellback / Taylor Swift
I Knew You Were Trouble (Remix) (feat. Sammy Adams);https://www.letras.mus.br/taylor-swift/i-knew-you-were-trouble-remix-feat-sammy-adams/;[Taylor Swift:]Once upon a time a few mistakes agoI was in your sights, you got me aloneYou found me, you found me, you found meI guess you didn't care, and I guess I liked thatAnd when I fell hard you took a step backWithout me, without me, without meAnd he's long gone when he's next to meAnd I realize the blame is on me'Cause I knew you were trouble when you walked inSo shame on me nowFlew me to places I'd never been'Til you put me down, ohI knew you were trouble when you walked inSo shame on me nowFlew me to places I'd never beenNow I'm lying on the cold hard groundOh, oh, ([Sammy Adams:] you know I'm) trouble, trouble, trouble ([Sammy Adams:] you know I'm)Oh, oh, ([Sammy Adams:] you know I'm) trouble, trouble, troubleOh, oh, ([Sammy Adams:] I told you I was, I was) trouble, trouble, troubleOh, oh, trouble, trouble, trouble[Sammy Adams:]Double platinum wherever she goSouth of France to RenoMet her out in VegasWent in on casinoRed lips so hard to missWhat's wrong with being promiscuousAnd I can teach you bad, bad thingsIf you into itDon't need to get intimate...just yetSlow down, I know thatYou thinking you and me...just metBut girl, I got the remedy most important in chemistryGood girl gone bad too much for a KennedySome say, some say, they sell they souls for a couple hitsI'd rather live a life of gold with a perfect chickCause that one moment when your breathless and your hopingAnd ya feel the same way, same waySparks blowing off that cute face and that shy smile...oh manI haven't crushed this hard in quite a while...oh damnAnd I can care less that your famousWe can make the perfect coupleCause my first name big, last name troubleYeah[Taylor Swift:]I knew you were trouble when you walked inSo shame on me nowFlew me to places I'd never been'Til you put me down, ohI knew you were trouble when you walked inSo shame on me nowFlew me to places I'd never beenNow I'm lying on the cold hard groundOh, oh, ([Sammy Adams:] you know I'm) trouble, trouble, trouble ([Sammy Adams:] you know I'm)Oh, oh, ([Sammy Adams:] you know I'm) trouble, trouble, troubleAnd the saddest fear comes creeping inThat you never loved me, or her, or anyone, or anything, yeahI knew you were trouble when you walked inSo shame on me nowFlew me to places I'd never been'Til you put me down, ohI knew you were trouble when you walked in (you were right there, you were right there)So shame on me nowFlew me to places I'd never beenNow I'm lying on the cold hard groundOh, oh, trouble, trouble, troubleOh, oh, trouble, trouble, troubleI knew you were trouble when you walked inTrouble, trouble, troubleI knew you were trouble when you walked inTrouble, trouble, trouble;11.239;Sabe de quem é a composição? Envie pra gente.
I Know Places;https://www.letras.mus.br/taylor-swift/i-know-places/;I, I, I, II, I, I, II, I, I, II, I, I, II, I, I, II, I, I, I (I, I)You stand with your hand on my waistlineIt's a scene and we're out here in plain sightI can hear them whisper as we pass byIt's a bad sign, bad signSomething happens when everybody finds outSee the vultures circling, dark cloudsLove's a fragile little flameIt could burn out, it could burn out'Cause they got the cages, they got the boxesAnd gunsThey are the hunters, we are the foxesAnd we runBabyI know places we won't be found and they'll beChasing their tails trying to track us down, 'cause II know places we can hideI know placesI know placesLights flash and we'll run for the fencesLet them say what they want, we won't hear itLoose lips sink ships all the damn timeNot this time (I, I, I, I)Just grab my hand and don't ever drop itMy loveThey are the hunters, we are the foxesAnd we runBaby (baby)I know places we won't be found and they'll (they'll) be (be)Chasing their tails trying to track us down 'cause II know places we can hideI know placesThey are the hunters, we are the foxesAnd we runJust grab my hand and don't ever drop itMy loveBaby (baby)I know places we won't be found and they'll (they'll) be (be)Chasing their tails trying to track us down 'cause II know places we can hideI know places(I) they take their shots, but we're bulletproof(I know places)(Hide) and you know, for me, it's always you(I know places)(I) in the dead of night, your eyes so green(I know places)(Hide) and I know, for you, it's always me (I know places)I, I, I, II, I, I, II, I, I, II, I, I, I (I, I);290.395;Ryan Tedder / Taylor Swift
I Know What I Want;https://www.letras.mus.br/taylor-swift/1962529/;I like my music loud, I like my windows downSo I can screamI like my trucks a little bigger than the restSo I can seeDon't try meDon't fight meYou'll be you and I'll be meThey say I've always known what I wantedMy friends and enemies will tell you it's trueYou will find out I always get itI know what I wantAnd it ain't youYour mom and daddy's wallsAre covered up in pictures of youYou never met a mirrorThat you didn't look again intoDon't sorryDon't worryI'm sure there are so many girlsWho'll love you like you doAnd they say I've always known what I wantedMy friends and enemies will tell you it's trueYou will find out I always get itI know what I wantAnd it ain't youAnd it ain't you ohOh, babyDon't persuade meI know that you ain't used to noSo let me say it real slowThey say I've always known what I wantedIt's trueMy friends and enemies will tell you it's trueAnd you'll find out I always get itI get what I want andThey say I've always known what I wantedMy friends and enemies will tell you it's trueAnd you'll will find out I always get itI know what I wantAnd it ain't you;20.073;Taylor Swift
I Look In People’s Windows;https://www.letras.mus.br/taylor-swift/i-look-in-peoples-windows/;I had died the tiniest deathI spied the catch in your breathOut, outOut, out, out, outNorth bound, I got carried awayAs you boarded your trainSouth, southSouth, south, south, southA feather taken by the wind blowingI'm afflicted by the not knowing, soI look in people's windowsTransfixed by rose golden glowsThey have their friends over to drink nice wineI look in people's windowsIn case you're at their tableWhat if your eyes looked up and met mine one more time?You had stopped and tiltеd your headI still ponder what it meantNow, nowNow, now, now, nowI triеd searching faces on streetsWhat are the chances you'd be downtown, downtown, downtown?Does it feel alright to not know me?I'm addicted to the if onlySo I look in people's windowsLike I'm some deranged weirdoI attend Christmas parties from outsideI look in people's windowsIn case you're at their tableWhat if your eyes looked up and met mine one more time?;76.255;Patrik Berger / Jack Antonoff / Taylor Swift
I Think He Knows;https://www.letras.mus.br/taylor-swift/i-think-he-knows/;I think he knowsHis footprints on the sidewalkLead to where I can't stopGo there every nightI think he knowsHis hands around a cold glassMake me wanna know thatBody like it's mineHe got that boyish look that I like in a manI am an architect, I'm drawing up the plansIt's like I'm 17, nobody understandsNo one understandsHe got my heartbeatSkipping down 16th AvenueGot that, oh, I meanWanna see what's under that attitude likeI want you, bless my soulAnd I ain't gotta tell him, I think he knowsI think he knowsI think he knowsWhen we get all aloneI'll make myself at homeAnd he'll want me to stayI think he knowsHe better lock it downOr I won't stick around'Cause good ones never wait (ha!)He got that boyish look that I like in a manI am an architect, I'm drawing up the plansHe's so obsessed with me and, boy, I understandBoy, I understandHe got my heartbeat (heartbeat)Skipping down 16th AvenueGot that, oh, I mean (I mean)Wanna see what's under that attitude likeI want you, bless my soulAnd I ain't gotta tell him, I think he knowsI think he knowsI want you, bless myI want you, bless my soulI want you, bless myI want you, bless my soulLyrical smile, indigo eyes, hand on my thighWe can follow the sparks, I'll driveLyrical smile, indigo eyes, hand on my thighWe can follow the sparks, I'll driveSo where we gonna go?I whisper in the darkWhere we gonna go?I think he knowsHe got my heartbeat (heartbeat)Skipping down 16th Avenue (baby)Got that, oh, I mean (I mean)Wanna see what's under that attitude like (yeah)I want you, bless my soulAnd I ain't gotta tell him, I think he knowsI think he knowsI want you, bless myI want you, bless my soulI want you, bless my (oh, baby)I want you, bless my soul (he got my heartbeat)I want you, bless my (skipping down 16th Avenue, baby)I want you, bless my soulI want you, bless my soulAnd I ain't gotta tell him, I think he knows;230.476;Jack Antonoff / Taylor Swift
I Used To Fly;https://www.letras.mus.br/taylor-swift/i-used-to-fly/;I, I used to flyDidn't matter where I'd been'Cause I'd seen the skyI wanna tell you whyBut somehow I know IWould break down and cryI know you can't see me hereBut I am not aloneI'm lying here in invisible armsAnd I won't be alone tonightYou, you know I would dieBefore I let them see meSee me cryPlease don't leave tonightOh let me down slowlyShow me a lightI know you can't see me hereBut I am not aloneI'm lying here in invisible armsAnd I won't be alone tonightOh let me think I'm strongPlease don't bring me downI need you tonightI know you can't see me hereBut I am not aloneI'm lying here in invisible armsAnd I won't be alone tonightI, I used to flyDidn't matter where I'd been'Cause I'd seen the sky;4.834;Taylor Alison Swift
I Want You Back;https://www.letras.mus.br/taylor-swift/i-want-you-back/;Oh baby give me one more chance(Show you that I love you)Won't you please let me(Back to your heart)Oh darlin' I was blind to let you go(Let you go baby)But now since I see you in her arms(I want you back)(I want you back)(I want you back)(I want you back)(I want you back)Ooh ooh baby(I want you back)(I want you back)Ooh ooh ooh oohOh baby give me one more chance(Show you that I love you)Won't you please let me(Back to your heart)Oh darlin' I was blind to let you go(Let you go baby)But now since I see you in her arms(I want you back)(I want you back)Ooh ooh baby;20.277;Alphonso Mizell / Berry Gordy, Jr
I Wish You Would;https://www.letras.mus.br/taylor-swift/i-wish-you-would/;It's 2 AMIn your carWindows down, you pass my streetThe memories startYou say it's in the pastYou drive straight aheadYou're thinking that I hate you now'Cause you still don't know what I never saidI wish you would come backWish I never hung up the phone like I did, IWish you knew thatI'd never forget you as long as I live, and IWish you were right here, right now, it's all goodI wish you wouldIt's 2 AMIn my roomHeadlights pass the window paneI think of youWe're a crooked loveIn a straight line downMakes you want to run and hideBut it makes you turn right back aroundI wish you would come backWish I never hung up the phone like I did, IWish you knew thatI'd never forget you as long as I live, and IWish you were right here, right now, it's all goodI wish you wouldI wish we could go backAnd remember what we were fighting for, and IWish you knew thatI miss you too much to be mad anymore, and IWish you were right here, right now, it's all goodI wish you wouldI, I, I, I, I, I wish I, wish II, I, I, I, I, I wish I, wish II, I, I, I, I, I wish I, wish IYou always knew how to push my buttonsYou give me everything and nothingThis mad, mad love makes you come runningTo stand back where you stoodI wish you would, I wish you would(I wish you would, I wish you would)I wish you would, I wish you would(I wish you would, I wish you would)(I, I, I, I, I, I wish I, wish I)2 AMHere we areSee your faceHear my voice in the darkWe're a crooked loveIn a straight line downMakes you wanna run and hideBut it made us turn right back aroundI wish you would come backWish I never hung up the phone like I did, IWish you knew thatI'd never forget you as long as I live, and IWish you were right here, right now, it's all goodI wish you wouldI wish you would come backWish I never hung up the phone like I did, IWish you knew thatI'd never forget you as long as I live, and IWish you were right here, right now, it's all goodI wish you wouldI wish we could go backAnd remember what we were fighting for, and IWish you knew thatI miss you too much to be mad anymore, and IWish you were right here, right now, it's all goodI wish you wouldYou always knew how to push my buttonsYou give me everything and nothingThis mad, mad love makes you come runningTo stand back where you stoodI wish you would, I wish you would(I wish you would, I wish you would)I wish you would, I wish you would(I wish you would, I wish you would, I wish you would)I, I, I, I, I, I wish I, wish II, I, I, I, I, I wish I, wish II wish you would;250.241;Jack Antonoff / Taylor Swift
I Wished On a Plane;https://www.letras.mus.br/taylor-swift/i-wished-on-a-plane/;Throwing pennies at the fountainWhen you're standing on a mountainIt's kinda hard to aimLike the tree we carved our names inThere must be an explanationGuess it didn't get enough rainI need reasonsWhy you're leavingWell, I guess I wished on a planeI thought was a starGuess that what you wrote on a paperWasn't written on your heartCould've sworn you said you loved meI guess I heard you wrongAnd I guess I wished on a planeAnd I thought was a starDriving off into the deep endHonestly believe you'd be thereWhen I jumped inGuess it ain't your territoryWe had the perfect love storyExcept the endingNothing comes trueWhen it comes to youWell, I guess I wished on a planeI thought was a starGuess that what you wrote on a paperWasn't written on your heartCould've sworn you said you loved meI guess I heard you wrongAnd I guess I wished on a planeAnd I thought was a starThe night was so cloudyIt's not my fault, I just couldn't seeAnd I guess I wished on a planeI thought was a starGuess what you wrote on a paperWasn't written on your heartCould've sworn you said you loved meI guess I heard you wrongAnd I guess I wished on a planeAnd I thought was a starThrowing pennies at the fountainWhen you're standing on a mountainIt's kinda hard to aim;3.638;Sabe de quem é a composição? Envie pra gente.
I'd Lie;https://www.letras.mus.br/taylor-swift/824928/;I don't think that passenger seatHas ever looked this good to meHe tells me about his nightAnd I count the colors in his eyesHe'll never fall in love, he swearsAs he runs his fingers through his hairI'm laughing 'cause I hope he's wrongAnd I don't think it ever crossed his mindHe tells a joke, I fake a smileBut I know all his favorite songsAnd I could tell youHis favorite color's greenHe loves to argueBorn on the seventeenthHis sister's beautifulHe has his father's eyesAnd if you ask me if I love himI'd lieHe looks around the roomInnocently overlooks the truthShouldn't a light go on?Doesn't he know that I've had it memorized for so long?He sees everything in black and whiteNever let nobody see him cryI don't let nobody see meWishing he was mineI could tell youHis favorite color's greenHe loves to argueBorn on the seventeenthHis sister's beautifulHe has his father's eyesAnd if you ask me if I love himI'd lieHe stands there, then walks awayMy God, if I could only sayI'm holding every breath for youHe'd never tell youBut he can play guitarI think he can see throughEverything but my heartFirst thought when I wake upIs: My God, he's beautifulSo I put on my make upAnd pray for a miracleYes, I could tell youHis favorite color's greenHe loves to argueOh, and it kills meHis sister's beautifulHe has his father's eyesAnd if you ask me if I love himIf you ask me if I love himI'd lie;151.221;Taylor Swift
I'm Alright;https://www.letras.mus.br/taylor-swift/im-alright/;Those green eyes andThat contagious smileAnd those lipsAnd the way they verbalizeNew york city what a beauty to our eyesThen you held my hand the first timeYou looked at me and smileEverything was perfectEverything was greatI was in a fairytaleIt's a dream while i'm awakeBut days passed and we weren't thereAnd it felt like we didn't care anymore,AnymoreBut why'd we say goodbyeWe said we didn't have enough time for both of usWe said we'll try to work things outBut all a sudden we're all tired and said goodbyeIt's sad not to hear youCalling me up at 3amNo one's ever gonna sing to meStevie wonder songs againI'll miss your kiss and your curly hairBut now that we said goodbyeI'll pretend that i'm alrightYeah, i'm alrightI'm alrightYou said you didn't wanna see me cryI'll pretend that i'm alrightI'm alrightI'll miss you holding hotel keysI'll miss you holding hotel keysAnd watch you sing to girls with happy tearsWhen you're on stageYou point at meYou sing to meAs i chant your nameAnd as the spotlights disappearIt's a different person that i'm withSo much simplerSo much betterAnd just so beautifulThe way we laugh with four more guysYou walk around naked and cover my eyesYou're just so funnyI can't believe we're letting this goBut why'd we say goodbyeWe said we didn't have enough time for both of usWe said we'll try to work things outBut all a sudden we're all tired and said goodbyeIt's sad not to hear youCalling me up at 3amNo one's ever gonna sing to meStevie wonder songs againI'll mis your kiss and your curly hairBut now that we said goodbyeI'll pretend that i'm alrightYeah, i'm alrightI'm alrightYou said you didn't wanna see me cryI'll pretend that i'm alrightMaybe it's time to let goMaybe it's better off aloneMaybe today's the wrong timeSomeday we'll learn to be strongMaybe you're right about thisWe're busy people with busy livesWe can't keep up on thisSo goodbyeCall me up at 3amSing me stevie wonder songs againYour kiss and your curly hairNever gonna say goodbye'cause we're alright;98.998;Taylor Swift
I'm Only Me When I'm With You;https://www.letras.mus.br/taylor-swift/1142209/;Friday night beneath the starsIn a field behind your yardYou and I are painting pictures in the skyAnd sometimes we don't say a thingJust listen to the crickets singEverything I need is right here by my sideAnd I know everything about youI don't wanna live without youI'm only up when you're not downDon't wanna fly if you're still on the groundIt's like no matter what I doWell, you drive me crazy half the timeThe other half I'm only tryingTo let you know that what I feel is trueAnd I'm only me when I'm with youJust a small-town boy and girlLiving in a crazy worldTrying to figure out what is and isn't trueAnd I don't try to hide my tearsThe secrets or my deepest fearsThrough it all nobody gets me like you doAnd you know everything about meYou say you can't live without meI'm only up when you're not downDon't wanna fly if you're still on the groundIt's like no matter what I doWell, you drive me crazy half the timeThe other half I'm only tryingTo let you know that what I feel is trueAnd I'm only me when I'm with youWhen I'm with anybody elseIt's so hard to be myselfAnd only you can tellThat I'm only up when you're not downDon't wanna fly if you're still on the groundIt's like no matter what I doWell, you drive me crazy half the timeThe other half I'm only tryingTo let you know that what I feel is trueAnd I'm only meWho I wanna beWell, I'm only me when I'm with youWith you, oh, yeah;218.673;Angelo / Robert Ellis Orrall / Taylor Swift
I'm Yours (feat. Jason Mraz);https://www.letras.mus.br/taylor-swift/1956812/;Well you done done me and you bet I felt itI tried to be chill but you were so hot that I meltedI fell right through the cracks and I'm trying to getbackBefore the cool done run out I'll be giving it mybestestNothin's gonna stop me but divine interventionI reckon it`s again my turn to win some or learn someI won't hesitate no more, no moreIt cannot wait, I'm yoursWell open up your mind and see like meOpen up your plans and damn you're freeLook into your heart and you'll find love, love, loveListen to the music of the moment maybe sing with meI like peaceful melodyIt's your godforsaken right to be loved loved lovedlovedlovedSo I won't hesitate no more, no moreIt cannot wait I'm sureThere's no need to complicateOur time is shortThis is our fate, I'm yoursI've been spending way too long checking my tongue inthe mirrorAnd bendin' over backwards just to try to see itclearerMy breath fogged up the glassSo I drew a new face and laughedI guess what I'm sayin is there ain't no betterreasonTo rid yourself of vanity and just go with theseasonsIt`s what we aim to doOur name is our virtueI won't hesitate no more, no moreit cannot wait i'm sureThere's no need to complicateOur time is shortIt cannot wait, I'm yoursI won't hesitate no more, no moreIt cannot wait I'm sureThere's no need to complicateOur time is shortIt cannot wait, I'm yoursWell open up your mind and see like meOpen up your plans and damn you're freeLook into your heart and you'll find love love loveListen to the music of the moment come 'n dance withmeI love one big familyIt's your godforsaken right to be loved loved lovedWell open up your mind and see like meOpen up your plans and damn you're freeLook into your heart and you'll find love love loveListen to the music of the moment come 'n dance withmeI like happy melodyIt's our godforsaken right to be loved love loved love;20.467;Sabe de quem é a composição? Envie pra gente.
I’m Every Woman;https://www.letras.mus.br/taylor-swift/im-every-woman/;I’m every womanIt’s all in meAnything you want done babyI do it naturallyI’m every womanIt’s all in meI can read your thoughts right nowEvery one, from A to ZI can cast a spellSee, but you can’t tellMix a special groovePut fire inside of youAnytime you feel danger or fearThen instantlyI will appearI’m every womanIt’s all in meAnything you want done babyI do it naturallyI’m every womanIt’s all in meI can read your thoughts right nowEvery one, from A to ZI can set your kneesLike playing unto the seasI can make a rhyme of confusion in your mindAnd when it comes down to some good old fashioned loveI got it, I got itI got it, got it, yeah yeahI’m every womanIt’s all in meAnything you want done babyI do it naturallyI’m every womanIt’s all in meI can read your thoughts right nowEvery one, from A to ZI’m every woman (every woman)It’s all in meAnything you want done babyI do it naturallyAnything you wantI’m every womanIt’s all in me (yeah, oh yeah)I can read your thoughts right nowEvery one, from A to ZYeah, ohI’m every womanIt’s all in me;3.945;Sabe de quem é a composição? Envie pra gente.
If This Was a Movie;https://www.letras.mus.br/taylor-swift/1763886/;Last night I heard my own heart beatingSounded like footsteps on my stairsSix months gone and I'm still reachingEven though I know you're not thereI was playing back a thousand memories, babyThinking 'bout everything we've been throughMaybe I've been going back too much latelyWhen time stood still and I had youCome back, come back, come back to meLike you would, you would if this was a movieStand in the rain outside till I came outCome back, come back, come back to meLike you could, you could if you just said you're sorryI know that we could work it out somehowBut if this was a movie, you'd be here by nowI know people change and these things happenBut I remember how it was back thenLocked up in your arms and our friends were laughing'Cause nothing like this ever happened to themNow I'm pacing down the hall, chasing down your streetFlashback to the night when you said to meNothing's gonna change, not for me and youBack before I knew how much I had to loseCome back, come back, come back to meLike you would, you would if this was a movieStand in the rain outside till I came outCome back, come back, come back to meLike you could, you could if you just said you're sorryI know that we could work it out somehowBut if this was a movie, you'd be here by nowIf you're out there, if you're somewhere, if you're moving onI've been waiting for you ever since you've been goneI just want it back the way it was beforeAnd I just want to see you back at my front doorAnd I say: Come back, come back, come back to meLike you would before you said it's not that easyBefore the fight, before I locked you outBut I take it all back nowCome back, come back, come back to meLike you would, you would if this was a movieStand in the rain outside till I came outCome back, come back, come back to meLike you could, you could if you just said you're sorryI know that we could work it out somehowBut if this was a movie, you'd be here by nowYou'd be here by nowIt's not the kind of ending you wanna see nowBaby, what about the ending?I thought that you'd be here by now, ooh, oohThought you'd be here by now;207.374;Taylor Swift / Martin Johnson
If You're Anything Like Me;https://www.letras.mus.br/taylor-swift/if-youre-anything-like-me/;If you're anything like meYou bite your nailsAnd laugh when you're nervousYou promise people the worldBecause that's what they want from youYou like giving them what they wantBut darling, you need to stopIf you're anything like meYou knock on wood every time you make plansYou cross your fingers, hold your breathWish on lucky numbers and eyelashesYour superstitions were the lone survivors of the shipwreckRest In Peace, to your naive bravadoIf life gets too good nowDarling, it scares youIf you're anything like meYou never wanted to lock your doorYour secret garden gate or your diary drawerDidn't want to face the you you don't know anymoreFor fear she was much better beforeBut Darling, now you have toIf you're anything like meThere's a justice system in your headFor names you'll never speak againAnd you make your ruthless rulingsEach new enemy turns to steelThey become the bars that confine youIn your own little golden prison cellBut Darling, there is where you meet yourselfIf you're anything like meYou've grown to hate your prideTo love your thighsAnd no amount of friends at 25Will fill the empty seatsAt the lunch tables of your pastThe teams that picked you lastBut Darling, you keep tryingIf you're anything like meYou couldn't recognize the face of your loveUntil they stripped you of your shiny paintThrew your victory flag awayAnd you saw the ones who wanted you anywayDarling, later on you will thank your starsFor that frightful dayIf you're anything like meI'm sorryBut Darling, it's going to be okay;10.496;Sabe de quem é a composição? Envie pra gente.
​illicit affairs;https://www.letras.mus.br/taylor-swift/illicit-affairs/;Make sure nobody sees you leaveHood over your head, keep your eyes downTell your friends you're out for a runYou’ll be flushed when you returnTake the road less traveled byTell yourself you can always stopWhat started in beautiful roomsEnds with meetings in parking lotsAnd that's the thing about illicit affairsAnd clandestine meetings and longing staresIt's born from just one single glanceBut it dies and it dies and it diesA million little timesLeave the perfume on the shelfThat you picked out just for himSo you leave no trace behindLike you don’t even existTake the words for what they areA dwindling, mercurial highA drug that only workedThe first few hundred timesAnd that's the thing about illicit affairsAnd clandestine meetings and stolen staresThey show their truth one single timeBut they lie and they lie and they lieA million little timesAnd you wanna screamDon't call me kid, don't call me babyLook at this godforsaken mess that you made meYou showed me colors you know I can't see with anyone elseDon't call me kid, don't call me babyLook at this idiotic fool that you made meYou taught me a secret language I can't speak with anyone elseAnd you know damn wellFor you, I would ruin myselfA million little times;450.752;Taylor Swift /  Jack Antonoff
imgonnagetyouback;https://www.letras.mus.br/taylor-swift/imgonnagetyouback/;Lilac short skirt, the one that fits me like skinDid your research, you knew the price going inAnd I'll tell you one thing, honeyI can tell when somebody still wants me, come cleanStanding at the bar like something's funny, bubblyOnce you fix your face, I'm going inWhether I'm gonna be your wife, orGonna smash up your bike, I haven't decided yetBut I'm gonna get you backWhether I'm gonna curse you out, orTake you back to my house, I haven't decidеd yetBut I'm gonna get you backI, I hear thе whispers in your e-e-eyesI'll make you wanna think twiceYou'll find that you were never not mine(You're mine)Small talk, big love, act like I don't care what you didI'm an Aston Martin that you steered straight into the ditchThen ran and hidAnd I'll tell you one thing, honeyI could take the upper hand and touch your bodyFlip the script and leave you like a dumb house partyOr I might just love you till the endWhether I'm gonna be your wife, orGonna smash up your bike, I haven't decided yetBut I'm gonna get you backWhether I'm gonna flip you off, orPull you into the closet, I haven't decided yetBut I'm gonna get you backI, I hear thе whispers in your e-e-eyesI'll make you wanna think twiceYou'll find that you were never not mine(You're mine)I can feel it coming, humming in the way you movePush the reset button, we're becoming something newSay you got somebody, I'll say: I got someone tooEven if it's handcuffed, I'm leaving here with youBygones will be bygone, eras fading into grey (fading into grey)We broke all the pieces, but still wanna play the game (oh)Told my friends I hate you, but I love you just the samePick your poison, babe, I'm poison either wayWhether I'm gonna be your wife, orGonna smash up your bike, I haven't decided yetBut I'm gonna get you backWhether I'm gonna curse you out, orTake you back to my house, I haven't decided yetBut I'm gonna get you backI, I hear thе whispers in your e-e-eyesI'll make you wanna think twiceYou'll find that you were never not mineI'm gonna get you back;147.987;Taylor Swift / Jack Antonoff
In The Pouring Rain;https://www.letras.mus.br/taylor-swift/in-the-pouring-rain/;I loved you for a little, a little whileI think you know thatIt woulda worked for a littleExcept for that thing you didIt's not like you to be hereWhen you said you won'tBut in the pouring rainYou changed everythingYou changed the tuneIn the middle of the gameYou changed everythingYou changed the rulesIt's not like me to forgive someone quicklyExcept in the pouring rainIt kills me to say this, it really doesIt kills my heartBut I might still love youOr is it me just falling apart?But it's not like me to end somethingThen change my mindBut in the pouring rainYou changed everythingYou changed the rulesIn the middle of the gameYou changed everythingYou changed the rulesAnd it's not like me to forgive someone quicklyExcept in the pouring rainOh, am I winning by losing?All I told myself, I would be losingBut in the pouring rainCan you feel my pain?My teardrops falling down from the skyIn the pouring rainI can feel myselfBy wondering who you love tonightIn the pouring rainIn the pouring rainOh, in the pouring rainIn the pouring rainYou changed everythingYou changed my mind;4.276;Sabe de quem é a composição? Envie pra gente.
Innocent;https://www.letras.mus.br/taylor-swift/1745513/;I guess you really did it this timeLeft yourself in your war pathLost your balance on a tightropeLost your mind trying to get it backWasn't it easier in your lunchbox days?Always a bigger bed to crawl intoWasn't it beautiful when you believed in everythingAnd everybody believed in you?It's alright, just wait and seeYour string of lights are still bright to meOh, who you are is not where you've beenYou're still an innocentYou're still an innocentDid some things you can't speak ofBut at night, you live it all againYou wouldn't be shattered on the floor nowIf only you had seen what you know now thenWasn't it easier in your firefly-catching days?When everything out of reach, someone bigger brought down to you?Wasn't it beautiful, runnin' wild till you fell asleepBefore the monsters caught up to you?It's alright, just wait and seeYour string of lights are still bright to meOh, who you are is not where you've beenYou're still an innocentIt's okay, life is a tough crowd32 and still growing up nowWho you are is not what you didYou're still an innocentTime turns flames to embersYou'll have new SeptembersEvery one of us has messed up too, oohMinds change like the weatherI hope you rememberToday is never too late to be brand new, oohIt's alright, just wait and seeYour string of lights are still bright to meOh, who you are is not where you've beenYou're still an innocentIt's okay, life is a tough crowd32 and still growing up nowWho you are is not what you didYou're still an innocentYou're still an innocentLost your balance on a tightrope, ohIt's never too late to get it back;286.811;Taylor Swift
Invisible;https://www.letras.mus.br/taylor-swift/1155149/;She can't see the way your eyesLight up when you smileShe'll never notice how you stop and stareWhenever she walks byAnd you can't see me wanting you the way you want herBut you are everything to meAnd I just want to show youShe don't even know youShe's never gonna love you like I want toAnd you just see right through meBut if you only knew meWe could be a beautiful miracle, unbelievableInstead of just invisibleThere's a fire inside of youThat can't help but shine throughShe's never gonna see the lightNo matter what you doAnd all I think about is how to make you think of meAnd everything that we could beAnd I just want to show youShe don't even know youShe's never gonna love you like I want toAnd you just see right through meBut if you only knew meWe could be a beautiful miracle, unbelievableInstead of just invisibleLike shadows in a faded lightOh, we're invisibleI just wanna open your eyesAnd make you realizeI just wanna show youShe don't even know youBaby, let me love you, let me want youYou just see right through meBut if you only knew meWe could be a beautiful miracle, unbelievableInstead of just invisibleShe can't see the way your eyesLight up when you smile;200.067;Robert Ellis Orrall / Taylor Swift
invisible string;https://www.letras.mus.br/taylor-swift/invisible-string/;Green was the color of the grassWhere I used to read at Centennial ParkI used to think I would meet somebody thereTeal was the color of your shirtWhen you were sixteen at the yogurt shopYou used to work at to make a little moneyTime, curious timeGave me no compasses, gave me no signsWere there clues I didn't see?And isn't it just so pretty to thinkAll along there was someInvisible stringTying you to me?Ooh-ooh-ooh-oohBad was the blood of the song in the cabOn your first trip to LAYou ate at my favorite spot for dinnerBold was the waitress on our three-year tripGetting lunch down by the LakesShe said I looked like an American singerTime, mystical timeCutting me open, then healing me fineWere there clues I didn't see?And isn't it just so pretty to thinkAll along there was someInvisible stringTying you to me?Ooh-ooh-ooh-oohA string that pulled meOut of all the wrong arms, right into that dive barSomething wrapped all of my past mistakes in barbed wireChains around my demonsWool to brave the seasonsOne single thread of goldTied me to youCold was the steel of my axe to grindFor the boys who broke my heartNow I send their babies presentsGold was the color of the leavesWhen I showed you around Centennial ParkHell was the journey but it brought me heavenTime, wondrous timeGave me the blues and then purple-pink skiesAnd it's coolBaby, with meAnd isn't it just so pretty to thinkAll along there was someInvisible stringTying you to me?Ooh-ooh-ooh-oohMeOoh-ooh-ooh-ooh(Ah-ah-ah)(Ah-ah-ah);500.575;Aaron Dessner / Taylor Swift
Iris;https://www.letras.mus.br/taylor-swift/1991782/;And I'd give up forever to touch you'Cause I know that you feel me somehowYou're the closest to heaven that I'll ever beAnd I don't want to go home right nowAnd all I can taste is this momentAnd all I can breathe is your lifeAnd sooner or later it's overI just don't want to miss you tonightAnd I don't want the world to see me'Cause I don't think that they'd understandWhen everything's made to be brokenI just want you to know who I amAnd you can't fight the tears that ain't comingOr the moment of truth in your liesWhen everything feels like the moviesYeah you bleed just to know you're aliveAnd I don't want the world to see me'Cause I don't think that they'd understandWhen everything's made to be brokenI just want you to know who I amAnd I don't want the world to see me'Cause I don't think that they'd understandWhen everything's made to be brokenI just want you to know who I amI just want you to know who I amI just want you to know who I amI just want you to know who I am;10.291;Sabe de quem é a composição? Envie pra gente.
Irreplaceable;https://www.letras.mus.br/taylor-swift/1317690/;To the leftTo the leftEverything you ownIn the box to the leftIn the closetThat's my stuffYes, if I bought itPlease don't touchKeep talkingAnd yes that's fineCould you walk and talkAt the same time andIt's my nameThat's on the tagSo remove your bagsLet me call you a cabStandin'In the front yardTellin' me howI'm such a foolHow I'm neverGonna find a manLike youGot me twistedYou must not know 'bout meYou must notKnow 'bout meI can have another youIn a minuteMatter factHe'll be hereIn a minuteBabyYou must notKnow 'bout meYou must notKnow 'bout meI can have another youBy tomorrowSo don't youEver for a secondGet to thinkingYou're irreplaceableSoGo ahead and get goneCall up that chickAnd see if she's homeOops I bet you thoughtThat I didn't knowWhat did you thinkI was putting you out for'Cause you was untrueHaulin' her aroundIn the carThat I bought youBaby drop them keysHurry upBefore your taxi leavesStandin'In the front yardTellin meHow I'm such a foolTalkin boutHow I'll never findA man like youGot me twistedYou must notKnow 'bout meYou must notKnow 'bout meI can have another youIn a minuteMatter factHe'll be hereIn a minuteBabyYou must notKnow 'bout meYou must notKnow 'bout meI can have another youBy tomorrowSo don't you everFor a secondGet to thinkingYou're irreplaceableYeah;59.203;Sabe de quem é a composição? Envie pra gente.
Is It Over Now?;https://www.letras.mus.br/taylor-swift/is-it-over-now/;(Is it? Is it? Is it? Is it?)Once the flight had flown (uh-huh)With the wilt of the rose (uh-huh)I slept all alone (uh-huh)You still wouldn't goLet's fast forward to three hundred takeout coffees laterI see your profile and your smile on unsuspecting waitersYou dream of my mouth before it called you a lying traitorYou search in every maiden's bed for somethin' greater, babyWas it over when she laid down on your couch?Was it over when he unbuttoned my blouse?Come here, I whispered in your earIn your dream as you passеd outBaby, was it over then?And is it over now?(Is it? Is it? Is it?)Whеn you lost control (uh-huh)Red blood, white snow (uh-huh)Blue dress on a boat (uh-huh)Your new girl is my cloneAnd did you think I didn't see you? There were flashin' lightsAt least I had the decency to keep my nights out of sightOnly rumors 'bout my hips and thighs and my whispered sighsOh, lord, I think about jumpin'Off of very tall somethingsJust to see you come runningAnd say the one thing I've been wanting, but noLet's fast forward to three hundred awkward blind dates later (oh)If she's got blue eyes, I will surmise that you'll probably date her (oh no)You dream of my mouth before it called you a lying traitor (oh)You search in every model's bed for somethin' greater, babyWas it over when she laid down on your couch?Was it over when he unbuttoned my blouse?Come here, I whispered in your earIn your dream as you passed outBaby, was it over then?And is it over now?Uh-huh(Is it? Is it?)Uh-huhAnd did you think I didn't see you? There were flashin' lightsAt least I had the decency to keep my nights out of sightOnly rumors 'bout my hips and thighs and my whispered sighsOh, lord, I think about jumpin'Off of very tall somethingsJust to see you come running (running)And say the one thing I've been wanting, but noFlashin' lights, oh, lord (oh)Let's fast forward to three hundred takeout coffees later (oh)(Flashin' lights) I was hoping you'd be thereAnd say the one thing (oh, lord)I've been wanting (oh, lord)But no;268.899;Jack Antonoff / Taylor Swift
Is It Over Now? / Out Of The Woods;https://www.letras.mus.br/taylor-swift/is-it-over-now-out-of-the-woods/;Once the flight had flown (uh-huh)With the wilt of the rose (uh-huh)I slept all alone (uh-huh)You still wouldn't goLet's fast forward to three hundred takeout coffees laterI see your profile and your smile on unsuspecting waitersYou dream of my mouth before it called you a lying traitorYou search in every maiden's bed for somethin' greater, babyWas it over when she laid down on your couch?Was it over when he unbuttoned my blouse?Come here, I whispered in your earIn your dream as you passеd outBaby, was it over then?And is it over now?Looking at it nowLast December (last December)We were built to fall apartThen fall back together (back together)Ooh, your necklace hanging from my neckThe night we couldn't quite forgetWhen we decided (we decided)To move the furniture so we could danceBaby, like we stood a chanceTwo paper airplanes flying, flying, flyingAnd I remember thinkingBut noLet's fast forward to three hundred awkward blind dates later (oh)If she's got blue eyes, I will surmise that you'll probably date her (oh no)You dream of my mouth before it called you a lying traitor (oh)You search in every model's bed for somethin' greater, babyWas it over when she laid down on your couch?Was it over when he unbuttoned my blouse?Come here, I whispered in your earIn your dream as you passed outBaby, was it over then?Are we out of the woods?And is it over now?Remember when you hit the brakes too soon?Twenty stitches in the hospital roomWhen you started crying, baby, I did tooBut when the Sun came up, I was looking at youUh-huhRemember when we couldn't take the heat?I walked out, I said: I'm setting you freeUh-huhBut the monsters turned out to be just treesWhen the Sun came up, you were looking at meAnd did you think I didn't see you? There were flashin' lightsAt least I had the decency to keep my nights out of sight(You were looking at me, oh)Only rumors 'bout my hips and thighs and my whispered sighsOh, lord, I think about jumpin'Off of very tall somethingsJust to see you come running (running)And say the one thing I've been wanting, but noFlashin' lights, oh, lord (oh)Let's fast forward to three hundred takeout coffees later (oh)(Flashin' lights) I was hoping you'd be thereAnd say the one thing (oh, lord)I've been wanting (oh, lord)But no;1.169;Sabe de quem é a composição? Envie pra gente.
It's Nice To Have a Friend;https://www.letras.mus.br/taylor-swift/its-nice-to-have-a-friend/;School bell rings, walk me homeSidewalk chalk covered in snowLost my gloves, you give me oneWanna hang out? Yeah, sounds like funVideo games, you pass me a noteSleeping in tentsIt's nice to have a friendIt's nice to have a friendLight pink sky up on the roofSun sinks down, no curfewTwenty questions, we tell the truthYou've been stressed out lately, yeah, me tooSomething gave you the nerveTo touch my handIt's nice to have a friendIt's nice to have a friendChurch bells ring, carry me homeRice on the ground looks like snowCall my bluff, call you babeHave my back, yeah, every dayFeels like home, stay in bedThe whole weekendIt's nice to have a friendIt's nice to have a friendIt's nice to have a friendIt's nice to have a friend;257.695;Taylor Swift / Louis Bell / Adam King Feeney
it's time to go;https://www.letras.mus.br/taylor-swift/its-time-to-go/;When the dinner is cold and the chatter gets oldYou ask for the tabOr that moment again, he's insisting that friendsLook at each other like thatWhen the words of a sister come back in whispersThat prove she was notIn fact what she seemed, not a twin from your dreamsShe's a crook who was caughtThat old familiar body acheThe snaps from the same little breaks in your soulYou knowWhen it's time to goTwenty years at your job, then the son of the bossGets the spot that was yoursOr trying to stay for the kids, when keeping it how it isWill only break their hearts worseThat old familiar body acheThe snaps from the same little breaks in your soulYou knowWhen it's time to goSometimes, giving up is the strong thingSometimes, to run is the brave thingSometimes, walking out is the one thingThat will find you the right thingSometimes, giving up is the strong thingSometimes, to run is the brave thingSometimes, walking out is the one thingThat will find you the right thingFifteen years, fifteen million tearsBegging till my knees bledI gave it my all, he gave me nothing at allThen wondered why I leftNow he sits on his throne in his palace of bonesPraying to his greedHe's got my past frozen behind glassBut I've got meThat old familiar body acheThe snaps from the same little breaks in my soulI knowWhen it's time to goSometimes, giving up is the strong thingSometimes, to run is the brave thingSometimes, walking out is the one thingThat will find you the right thingSometimes, giving up is the strong thingSometimes, to run is the brave thingSometimes, walking out is the one thingThat will find you the right thingThat will find you the right thingAnd you knowIn your soulAnd you knowIn your soulWhen it's time to goAnd, well, you know, you know, you know, you knowWhen it's time to goSo then you goAnd then you goYou just go;165.305;Aaron Dessner / Taylor Swift
ivy;https://www.letras.mus.br/taylor-swift/ivy/;How's one to know?I'd meet you where the spirit meets the bonesIn a faith forgotten landIn from the snowYour touch brought forth an incandescent glowTarnished but so grandAnd the old widow goes to the stone every dayBut I don't, I just sit here and waitGrieving for the livingOh, goddamnMy pain fits in the palm of your freezing handTaking mine, but it's been promised to anotherOh, I can'tStop you putting roots in my dreamlandMy house of stone, your ivy growsAnd now I'm covered in youI wish to knowThe fatal flaw that makes you long to beMagnificently cursedHe's in the roomYour opal eyes are all I wish to seeHe wants what's only yoursOh, goddamnMy pain fits in the palm of your freezing handTaking mine, but it's been promised to anotherOh, I can'tStop you putting roots in my dreamlandMy house of stone, your ivy growsAnd now I'm coveredClover blooms in the fieldsSpring breaks loose, the time is nearWhat would he do if he found us out?Crescent Moon, coast is clearSpring breaks loose, but so does fearHe's gonna burn this house to the groundHow's one to know?I'd live and die for moments that we stoleOn begged and borrowed timeSo tell me to runOr dare to sit and watch what we'll becomeAnd drink my husband's wineOh, goddamnMy pain fits in the palm of your freezing handTaking mine, but it's been promised to anotherOh, I can'tStop you putting roots in my dreamlandMy house of stone, your ivy growsAnd now I'm covered in youAnd I'm covered in youSo yeah, it's a fireIt's a goddamn blaze in the darkAnd you started itYou started itSo yeah, it's a warIt's the goddamn fight of my lifeAnd you started itYou started itOh, I can'tStop you putting roots in my dreamlandMy house of stone, your ivy growsAnd now I'm covered in you, in youNow I'm covered in youIn you;307.625;Aaron Dessner / Jack Antonoff / Taylor Swift
Jenny From The Block (feat. Jennifer Lopez);https://www.letras.mus.br/taylor-swift/jenny-from-the-block-feat-jennifer-lopez/;Children grow and women producingMen go workingSome go stealingEveryone's got to make a livingL O XJ. LoWe off the block this yearWent from a little to a lot this yearEverybody mad at the rocks that I wearI know where I'm goin' and I know where I'm fromYou hear LOX in your earYea, we're at the airport out decline from the blockWhere everybody air-forced-outWith a new white Tee, you freshNothin' phony with us, make the money, get the mansion, bring thehomies with usDon't be fooled by the rocks that I gotI'm still, I'm still Jenny from the blockUsed to have a little, now I have a lotNo matter where I go, I know where I came from (from the Bronx!)Don't be fooled by the rocks that I gotI'm still, I'm still Jenny from the blockUsed to have a little, now I have a lotNo matter where I go, I know where I came from (from the Bronx!)From In Living Color and movie scriptsTo On the 6 to J. Lo to this headline clipsI stayed grounded as the amounts roll inI'm real, I thought I told youI really been on OprahThat's just meNothing phone, don't hate on meWhat you get is what you seeDon't be fooled by the rocks that I gotI'm still, I'm still Jenny from the blockUsed to have a little, now I have a lotNo matter where I go, I know where I came from (from the Bronx!)Don't be fooled by the rocks that I gotI'm still, I'm still Jenny from the blockUsed to have a little, now I have a lotNo matter where I go, I know where I came from (from the Bronx!)I'm down to earth like thisRockin this businessI've grown up so muchI'm in control and loving itRumors got me laughing, kidLove my life and my publicPut God firstThen can't forget to stay realTo me it's like breathingDon't be fooled by the rocks that I gotI'm still, I'm still Jenny from the blockUsed to have a little, now I have a lotNo matter where I go, I know where I came from (from the Bronx!)Don't be fooled by the rocks that I gotI'm still, I'm still Jenny from the blockUsed to have a little, now I have a lotNo matter where I go, I know where I came from (from the Bronx!)It take hard work to cash checksSo don't be fooled by the rocks that I got, now assetsYou get back what you put outEven if you take the good routeCan't count the hood outAfter a while, you know who to blink withJust keep it real with the ones came in withBest thing to do is stay low, LOX and J.LoAct like they don't, but they knowDon't be fooled by the rocks that I gotI'm still, I'm still Jenny from the blockUsed to have a little, now I have a lotNo matter where I go, I know where I came from (from the Bronx!)Don't be fooled by the rocks that I gotI'm still, I'm still Jenny from the blockUsed to have a little, now I have a lotNo matter where I go, I know where I came from (from the Bronx!)Don't be fooled by the rocksthat I gotI'm still, I'm still Jenny from the blockUsed to have a little, now I have a lotNo matter where I go, I know where I came from (from the Bronx!)Don't be fooled by the rocks that I gotI'm still, I'm still Jenny from the blockUsed to have a little, now I have a lotNo matter where I go, I know where I came from (from the Bronx!);5.071;Sabe de quem é a composição? Envie pra gente.
Jump Then Fall;https://www.letras.mus.br/taylor-swift/1573955/;I like the way you sound in the morningWe're on the phone and without a warningI realize your laugh is the best sound I have ever heardI like the way I can't keep my focusI watched you talk, you didn't noticeI hear the words, but all I can think is: We should be togetherEverytime you smile, I smileAnd everytime you shine, I'll shine for youWhoa, I'm feeling you, babyDon't be afraid to jump then fallJump then fall into meBaby, I'm never gonna leave youSay that you wanna be with me too'Cause I'mma stay through it allSo jump then fallWell, I like the way your hair falls in your faceYou got the keys to me, I love each freckle on your faceOh, I've never been so wrapped up, honeyI like the way you're everything I ever wantedI have time to think it all overAnd all I can say is: Come closerTake a deep breath and jump then fall into me'Cause everytime you smile, I smileAnd everytime you shine, I'll shine for youWhoa, I'm feeling you, babyDon't be afraid to jump then fallJump then fall into meBaby, I'm never gonna leave youSay that you wanna be with me too'Cause I'mma stay through it allSo jump then fallThe bottom's gonna drop out from under our feetI'll catch you, I'll catch youWhen people say things that bring you to your kneesI'll catch youThe time is gonna come when you're so mad you could cryBut I'll hold you through the night until you smileWhoa, I need you, babyDon't be afraidPlease, jump then fallJump then fall into meBaby, I'm never gonna leave youSay that you wanna be with me too'Cause I'mma stay through it allSo jump then fallJump then fall, babyJump then fall into me, into meEverytime you smile, I smileAnd everytime you shine, I'll shineAnd everytime you're here, babyI'll show you, I'll show youYou can jump then fallJump then fallJump then fall into me, into me, yeah;168.802;Taylor Swift
Just South Of Knowing Why (Drive All Night);https://www.letras.mus.br/taylor-swift/drive-all-night/;She didn't have a reason to go, oh noShe didn't have a reason to stay either wayShe didn't tell anyone by the first reasonShe looked at her keys and found a reason to runAnd time stands still when you're nowhere boundBut i understand it somehowIf i could drive all nightWould i find my peace of mindWould it be a million miles of cold white lightsAnd unfamiliar exit signsI'd just drive on byJust south of knowing whyI didn't really know her that well but i could tellThat her smile was only something to hide behindShe felt so out of touch 'cause she just felt too muchAnd you don't know what you want nothing's ever enoughAnd time stands still when you're nowhere boundThat's where i'm headed right nowIf i could drive all nightWould i find my peace of mindWould it be a million miles of cold white lightsAnd unfamiliar exit signsI'd just drive on byJust south of knowing whyI don't have a planI don't have a mapI don't even know ifI'm ever coming backI don't have a when and i don't have a whereI don't even know if i'll know when i'm thereBut if i could drive all nightWould i find my peace of mindWould it be a million miles of cold white lightsAnd unfamiliar exit signsI'd just drive on by... i'd just drive on byDrive on... drive on... drive all nightIf i'd just drive on... drive on... drive all nightJust south of knowing why;5.423;Taylor Swift
Karma;https://www.letras.mus.br/taylor-swift/karma/;You're talkin’ shit for the hell of itAddicted to betrayal, but you’re relevantYou’re terrified to look down‘Cause if you dare, you’ll see the glareOf everyone you burned just to get thereIt’s coming back aroundAnd I keep my side of the street cleanYou wouldn’t know what I mean‘Cause karma is my boyfriend, karma is a godKarma is the breeze in my hair on the weekendKarma's a relaxing thoughtAren't you envious that for you it's not?Sweet like honey, karma is a catPurring in my lap 'cause it loves meFlexing like a goddamn acrobatMe and karma vibe like thatSpidеr-boy, king of thievesWeavе your little webs of opacityMy pennies made your crownTrick me once, trick me twiceDon’t you know that cash ain’t the only price?It’s coming back aroundAnd I keep my side of the street cleanYou wouldn’t know what I mean‘Cause karma is my boyfriend, karma is a godKarma is the breeze in my hair on the weekendKarma's a relaxing thoughtAren't you envious that for you it's not?Sweet like honey, karma is a catPurring in my lap 'cause it loves meFlexing like a goddamn acrobatMe and karma vibe like thatAsk me what I learned from all those yearsAsk me what I earned from all those tearsAsk me why so many fade, but I'm still here (I'm still here)‘Cause karma is the thunder, rattling your groundKarma’s on your scent like a bounty hunterKarma’s gonna track you downStep by step, from town to townSweet like justice, karma is a queenKarma takes all my friends to the summitKarma is the guy on the screenComin’ straight home to me‘Cause karma is my boyfriend, karma is a godKarma is the breeze in my hair on the weekendKarma's a relaxing thoughtAren't you envious that for you it's not?Sweet like honey, karma is a catPurring in my lap 'cause it loves meFlexing like a goddamn acrobatMe and karma vibe like thatKarma is my boyfriend, karma is a godKarma’s a relaxing thought;845.288;Taylor Swift /  Jack Antonoff / Mark Anthony Spears / Keanu Torres / Jahaan Akil Sweet
Karma (Remix) (feat. Ice Spice);https://www.letras.mus.br/taylor-swift/karma-remix-feat-ice-spice/;Karma is that girl, like (grrah)You're talkin' shit for the hell of itAddicted to betrayal, but you're relevantYou're terrified to look down'Cause if you dare, you'll see the glareOf everyone you burned just to get thereIt's coming back aroundAnd I keep my side of the street cleanYou wouldn't know what I mean'Cause karma is my boyfriend, karma is a godKarma is the breeze in my hair on the weekendKarma's a relaxing thoughtAren't you envious that for you it's not?Sweet like honey, karma is a catPurring in my lap 'cause it loves meFlexing like a Goddamn acrobatMe and karma vibe like thatKarma is your chеcks by the bounce (damn)Karma is the fire in ya house (grrah)And she 'bout to pop up unannounced (like)And she never leavin' you alone (damn)Watch it put your opps on the throne (yeah)Got you wavin' pretty white flags, feenin' for that cashThinkin' it'll save ya, now you switchin' up your behaviourIt's okay, baby, you ain't gotta worry, karma never gets lazySo, I keep my head up, my bread up, I won't let up (never)Promise that you'll never endeavor with nothin' lesser (ever, ever)I be draggin' that wagon, karma is a beautyWinning that pageant, yeah'Cause karma is my boyfriend, karma is a godKarma is the breeze in my hair on the weekendKarma's a relaxing thoughtAren't you envious that for you it's not?Sweet like honey, karma is a catPurring in my lap 'cause it loves meFlexing like a Goddamn acrobatMe and karma vibe like that (grrah)Ask me what I learned from all those yearsAsk me what I earned from all those tearsAsk me why so many fade, but I'm still here(I'm still, I'm still here)'Cause karma is the thunder, rattling your groundKarma's on your scent like a bounty hunterAnd karma's gonna track you downStep by step, from town to townSweet like justice, karma is a queenKarma takes all my friends to the summit (facts)Karma is the guy on the screenComin' straight home to me'Cause karma is my boyfriend (karma is my boyfriend), karma is a godKarma is the breeze in my hair on the weekend (weekend)Karma's a relaxing thoughtAren't you envious that for you it's not?Sweet like honey, karma is a catPurring in my lap 'cause it loves meFlexing like a Goddamn acrobatMe and karma vibe like thatKarma is my boyfriendKarma is a godKarma is my bestie (mm)Karma's a relaxing thoughtKarma's gonna hold you down;37.570;Ephrem Lopez / Ice Spice / Jack Antonoff / Jahaan Akil Sweet / Keanu Torres / Mark Anthony Spears / Taylor Swift
King Of My Heart;https://www.letras.mus.br/taylor-swift/king-of-my-heart/;I'm perfectly fine, I live on my ownI made up my mind, I'm better off being aloneWe met a few weeks agoNow you try on calling me baby like trying on clothesSalute to me, I'm your American QueenAnd you move to me like I'm a Motown beatAnd we rule the kingdom inside my room'Cause all the boys and their expensive carsWith their Range Rovers and their JaguarsNever took me quite where you doAnd all at once, you are the one I have been waiting forKing of my heart, body and soul, woahAnd all at once, you're all I want, I'll never let you goKing of my heart, body and soul, woahAnd all at onceI've been waiting, waitingWoah, woahAnd all at once, you are the oneI have been waiting, waitingBody and soul, woahAnd all at onceLate in the night, the city's asleepYour love is a secret I'm hoping, dreaming, dying to keepChange my prioritiesThe taste of your lips is my idea of luxurySalute to me, I'm your American QueenAnd you move to me like I'm a Motown beatAnd we rule the kingdom inside my room (inside my room, oh)'Cause all the boys and their expensive carsWith their Range Rovers and their JaguarsNever took me quite where you do (where you do)And all at once, you are the one I have been waiting forKing of my heart, body and soul, woahAnd all at once, you're all I want, I'll never let you goKing of my heart, body and soul, woah (my heart)And all at once (hey)I've been waiting, waiting (waiting)Woah, woahAnd all at once, you are the oneI have been waiting, waiting (waiting, waiting)Body and soul, woahAnd all at onceIs this the end of all the endings?My broken bones are mendingWith all these nights we're spendingUp on the roof with a school girl crushDrinking beer out of plastic cupsSay you fancy me, not fancy stuffBaby, all at once, this is enoughAnd all at once, you are the one I have been waiting forKing of my heart, body and soul, woahAnd all at once, you are the one I have been waiting forKing of my heart, body and soul, woahAnd all at once, you're all I want, I'll never let you goKing of my heart, body and soul, woah (my heart, my soul)And all at onceI've been waiting, waitingWoah, woahAnd all at once, you are the oneI have been waiting, waitingBody and soul, woahAnd all at once;339.324;Shellback / Taylor Swift / Max Martin
Labyrinth;https://www.letras.mus.br/taylor-swift/labyrinth/;It only hurts this much right nowWas what I was thinking the whole timeBreathe in, breathe through, breathe deep, breathe outI'll be getting over you my whole lifeYou know how scared I am of elevators, never trusted itIf it rises fast, it can't lastOh, oh, I'm falling in loveOh, no, I'm falling in love againOh, I'm falling in loveI thought the plane was going downHow'd you turn it right around?It only feels this raw right nowLost in the labyrinth of my mindBreak up, break free, break through, break downYou would break your back to make me break a smileYou know how much I hate that everybody just expects me to bounce backJust like thatOh, oh, I'm falling in loveOh, no, I'm falling in love againOh, I'm falling in loveI thought the plane was going downHow'd you turn it right around?Oh, oh, I'm falling in loveOh, no, I'm falling in love againOh, I'm falling in loveI thought the plane was going downHow'd you turn it right around?Oh, oh, I'm falling in loveOh, no, I'm falling in love againOh, I'm falling in loveI thought the plane was going downHow'd you turn it right around?Oh, oh, I'm falling in love (falling in love)Oh, no, I'm falling in love again (falling in love again)Oh, I'm falling in love (falling in love)I thought the plane was going downHow'd you turn it right around?You know how much I hate itYou know how much I hate itYou know how much I hate it;269.389;Taylor Swift /  Jack Antonoff
Last Christmas;https://www.letras.mus.br/taylor-swift/1136110/;Last Christmas I gave you my heartBut the very next day, you gave it awayThis year, to save me from tearsI'll give it to someone specialOnce bitten and twice shyedI keep my distance but you still catch my eyeTell me babyDo you recognize meWell, it's been a year, it doesn't surprise meMerry Christmas,I wrapped it up and sent itWith a note saying 'I love you', I meant itNow I know what a fool I've beenBut if you kiss me now, I know you'd fool me againLast Christmas I gave you my heartBut the very next day, you gave it awayThis year, to save me from tearsI'll give it to someone specialLast Christmas I gave you my heartBut the very next day, you gave it awayThis year, to save me from tearsI'll give it to someone specialA crowded room and friends with tired eyesI'm hiding from you and your soul of iceMy God, I thought you were someone to rely onMe, I guess I was a shoulder to cry onA face on a lover with a fire in his heartA girl on a cover but you tore her apartMaybe this yearMaybe this year I'll give it to someone specialCause last Christmas I gave you my heartBut the very next day, you gave it awayThis year, to save me from tearsI'll give it to someone specialLast Christmas I gave you my heartBut the very next day, you gave it awayThis year, to save me from tearsI'll give it to someone specialAnd last ChristmasAnd this yearIt won't be anything like, anything likeLast Christmas I gave you my heartBut the very next day, you gave it awayThis year, to save me from tearsI'll give it to someone special;73.777;George Michael
Last Kiss;https://www.letras.mus.br/taylor-swift/1763916/;I still remember the look on your faceLit through the darkness at 1:58The words that you whispered for just us to knowYou told me you loved me, so why did you go away?AwayI do recall now, the smell of the rainFresh on the pavement, I ran off the planeThat July 9th, the beat of your heartIt jumps through your shirt, I can still feel your armsBut now I'll goSit on the floor wearing your clothesAll that I know is I don't knowHow to be something you missI never thought we'd have a last kissI never imagined we'd end like thisYour name, forever the name on my lipsI do remember the swing in your stepThe life of the party, you're showing off againAnd I'd roll my eyes and then you'd pull me inI'm not much for dancing, but for you I didBecause I love your handshake, meeting my fatherI love how you walk with your hands in your pocketsHow you'd kiss me when I was in the middle of saying somethingThere's not a day I don't miss those rude interruptionsAnd I'll goSit on the floor wearing your clothesAll that I know is I don't knowHow to be something you missI never thought we'd have a last kissI never imagined we'd end like thisYour name, forever the name on my lipsSo I'll watch your life in pictures like I used to watch you sleepAnd I feel you forget me like I used to feel you breatheAnd I keep up with our old friends just to ask them how you areHope it's nice where you areAnd I hope the Sun shines and it's a beautiful dayAnd something reminds you you wish you had stayedYou can plan for a change in the weather and timeBut I never planned on you changing your mindSo I'll goSit on the floor wearing your clothesAll that I know is I don't knowHow to be something you missI never thought we'd have a last kissI never imagined we'd end like thisYour name, forever the name on my lipsJust like our last kissForever the name on my lipsForever the name on my lipsJust like our last;668.805;Taylor Swift
Lavender Haze;https://www.letras.mus.br/taylor-swift/lavender-haze/;(Meet me at midnight)(Oh, oh, oh)(Oh, oh, oh)(Oh, oh, oh)(Woah, woah, woah, woah, woah)Staring at the ceiling with youOh, you don't ever say too muchAnd you don't really read intoMy melancholiaI been under scrutiny (yeah, oh, yeah)You handle it beautifully (yeah, oh, yeah)All this shit is new to me (yeah, oh, yeah)I feel the lavender haze creeping up on meSurrealI'm damned if I do give a damn what people sayNo dealThe 1950s shit they want from meI just wanna stay in that lavender haze(Oh, oh, oh)(Oh, oh, oh)(Woah, woah, woah, woah, woah)All they keep asking me (all they keep asking me)Is if I'm gonna be your brideThe only kind of girl they see (the only kind of girl they see)Is a one-night or a wifeI find it dizzying (yeah, oh, yeah)They're bringing up my history (yeah, oh, yeah)But you weren't even listening (yeah, oh, yeah)I feel the lavender haze creeping up on meSurrealI'm damned if I do give a damn what people sayNo dealThe 1950s shit they want from meI just wanna stay in that lavender haze(Oh, oh, oh)The lavender haze (oh, oh, oh)(Woah, woah, woah, woah, woah)Talk your talk and go viral (oh, oh, oh)I just need this love spiral (oh, oh, oh)Get it off your chest (woah, woah, woah, woah)Get it off my desk (get it off my desk)Talk your talk and go viral (oh, oh, oh)I just need this love spiral (oh, oh, oh)Get it off your chestGet it off my deskI feel the lavender haze creeping up on me (I feel)SurrealI'm damned if I do give a damn what people sayNo deal (no deal)The 1950s shit they want from meI just wanna stay in that lavender haze (oh, oh)(Oh, oh, oh)(Oh, oh, oh)Get it off your chest (woah, woah, woah, woah)Get it off my deskThe lavender haze (oh, oh, oh)I just wanna stay (oh, oh, oh)I just wanna stay in that lavender haze;475.287;Taylor Swift /  Jack Antonoff / Zoë Kravitz / Sounwave / Jahaan Sweet /  Sam Dew
Lavender Haze (Felix Jaehn Remix);https://www.letras.mus.br/taylor-swift/lavender-haze-felix-jaehn-remix/;Staring at the ceiling with you (the ceiling with you)Oh, you don't ever say too muchAnd you don't really read into (don't really read into)My melancholiaI been under scrutiny (yeah, oh, yeah)You handle it beautifully (yeah, oh, yeah)All this shit is new to me (yeah, oh, yeah)I feelThe lavender haze creeping up on meSurrealI'm damned if I do give a damn what people sayNo dealThe 1950s shit they want from meI just wanna stay in that lavender hazeI feelThe lavender haze creeping up on meSurrealI'm damned if I do give a damn what people sayNo dealThe 1950s shit they want from meI just wanna stay in that lavender hazeThe lavender haze creeping up on meSurreal(I'm damned if I do give a damn what people say)The lavender haze creeping up on meSurrealAll they keep asking me (all they keep asking me)Is if I'm gonna be your brideThe only kinda girl they see (only kinda girl they see)Is a one-night or a wifeMeet me at midnightI find it dizzying (yeah, oh, yeah)They're bringing up my history (yeah, oh, yeah)But you weren't even listening (yeah, oh, yeah)(Woah)I feelThe lavender haze creepin' up on meSurrealI'm damned if I do give a damn what people sayNo dealThe 1950s shit they want from meI just wanna stay in that lavender hazeThat lavender hazeTalk your talk and go viralI just need this love spiralGet it off your chestGet it off my deskTalk your talk and go viralI just need this love spiralGet it off your chestGet it off my desk(Woah)I feel (I feel)The lavender haze creeping up on meSurrealI'm damned if I do give a damn what people sayNo deal (no deal)The 1950s shit they want from meI just wanna stay in that lavender hazeOh, oh, ohMeet me at midnightThat lavender hazeI just wanna stayI just wanna stay in that lavender haze;1.182;Jack Antonoff / Jahaan Sweet / Sam Dew / Sounwave / Taylor Swift / Zoë Kravitz
Leavin';https://www.letras.mus.br/taylor-swift/1603743/;Hey baby boy, I've been watching you all day (All day [3x])Man that thing you got behind you is amazing (Amazing [3x])You make me want to take you out and let it rain (Let it rain [3x])I know you got a girl but this is what you should sayWhy don't you tell her that I'm leavin' never to come back againYou found somebody who does it better than she canNo more making you cry, no more gray skiesBoy we're drivin on the G5 G5And we're leavin' never to come back againSo call your shawty and tell her that you're my manThe one that's so so flyThe one to keep you highHave you singing all night, night, nightOh oh oh (repeat)Oh oh oh oh (repeat)Now if I talk it boy, you know that I'm'ma walk it out (Walk it out [3x])Man I'll put my money (Money) where my mouth is (Mouth is [3x])Cause you the baddest little thing that I've ever seen (Ever seen [3x])So I'm ask you one time if you got a girlWhy don't you tell her that I'm leavin' never to come back againYou found somebody who does it better than she canNo more making you cry, no more gray skiesGirl we're flyin on the G5 G5And we're leavin' never to come back againSo call your shawty and tell her that you're my manThe one that's so so flyThe one to keep you highHave you singing all night, night, nightOh oh oh (repeat)Oh oh oh oh (repeat)Don't stress, don't stress, don't stressJust tell her to the left left leftDon't stress, don't stress, don't stressCause we gone & we gone & we goneNo stress, no stress, no stressBoy you deserve nothing but the bestNo stress, no stress, no stressBoy you need to tell her…That I'm leavin' never to come back againYou found somebody who does it better than she canno more making you cry, no more them gray skiesBoy we're driving on the G5 G5And we're leavin' never to come back againSo call your shawty and tell her that you're my manThe one that's so so flyThe one to keep you highHave you singing all night, night, nightOh oh oh (repeat)Oh oh oh oh (repeat)Have you singing all night like likeoh oh oh oh oh oh oh oh oh;21.105;Sabe de quem é a composição? Envie pra gente.
Let's Go (Battle);https://www.letras.mus.br/taylor-swift/lets-go-battle/;The first shots fired, everybody's gathered aroundYou're looking at me like I tried to take you downNo, no, it's not what happened at allThere's no sound, I'm waiting on your next moveA showdown and I know where to hit youBut no, no, it's not how I wanted this to go downNow we're standing in the ringAnd you make the first swingAnd now we're fighting dirtyWon't somebody come say: Break it up?And I used to be on your sideNow it's looking like we're going to battleAnd why you're taking shots at me likeSomebody's gonna give you a medal?And I never wanna hurt youBut I'm tired of taking all these blowsAnd so I'd rather be on your sideBut if you wanna fightBaby, let's go, oh, ohLet's go, oh, ohSo gloves off, if this is how you want itWe had it all, but you couldn't keep a promiseNo, no, I'm not the one who tore us apartLet me remind you for a minute why we're not fineIs she here? Is she's standing on the sidelines?Oh, oh, can't you tell this is breaking my heart?Now we're standing in the ringAnd you make the first swingAnd now I'm fighting dirtyBut I ain't going down till they break it upAnd I used to be on your sideNow it's looking like we're going to battleAnd why you're taking shots at me likeSomebody's gonna give you a medal?And I never wanna hurt youBut I'm tired of taking all these blowsAnd so I'd rather be on your sideBut if you wanna fightLet's go, oh, ohLet's go, oh, ohNow we're standing in the ringBreaking everything that we've been building up so longAnd I don't wanna do this, break it upBut you're not who I thought you wereAnd this is looking more like a warLooks like we're going to warAnd I used to be on your sideNow it's looking like we're going to battleAnd I'm trying not to break down cryingNo one's gonna give you a medalAnd I never wanna hurt youBut I'm tired of taking all these blowsAnd so I'd rather be on your sideI'd rather be on your sideBut if you wanna fightBaby, let's go, oh, ohLooks like we're going to war, oh, ohThe first shots fired, everybody's gathered aroundYou're looking at me like I try to take you downNo, no, but if you wanna fight, baby, let's go;17.918;Sabe de quem é a composição? Envie pra gente.
Live For The Little Things;https://www.letras.mus.br/taylor-swift/live-for-the-little-things/;One day break, one heart ache, every once upon a timeThat black dress, happiness, bubble baths and quarter linesThey mean so much to everyone,But you count them up one by oneClear midnights, and his father, was thinking that your dad was ten feel tallA blue body afraid of it, quiet winters and leaves that always fallYour black boots, my red flower ringThey're for the little thingsOil paintings and make it, every details turned out badOne night stands, new romance, living for that love and personIt means so much to everyoneBut you count them up one by oneClear midnights, and his father, was thinking that your dad was ten feel tallA blue body afraid of it, quiet winters and leaves that always fallYour black boots, my red flower ringThey're for the little things, oho, yeah,No fighting, black riding, wish upon a star and give the moon a smilePretending, defending, take a risk and go a thought for the rightStrawberries and fairies with wingsThey're for the little things,Na na na, na na na, na na na na, uh yeahNa na na, na na na, na na na na, oh yeah.;4.953;Sabe de quem é a composição? Envie pra gente.
Livin On A Prayer (feat. Bon Jovi and Prince William);https://www.letras.mus.br/taylor-swift/livin-on-a-prayer-feat-bon-jovi-and-prince-william/;Once upon a timeNot so long agoTommy used to work on the docksUnion's been on strikeHe's down on his luckIt's tough, so toughGina works the diner all dayWorking for her man, she brings home her payFor love, for loveShe says, we've got to hold on to what we've gotIt doesn't make a difference if we make it or notWe've got each other and that's a lot for loveWe'll give it a shotWe're half way thereLivin' on a prayerTake my hand, we'll make it, I swearLivin' on a prayerTommy got his six string in hockNow he's holding inWhen he used to make it talk, so toughIt's toughGina dreams of running awayWhen she cries in the night Tommy whispersBaby it's okay, somedayWe've got to hold on to what we've gotIt doesn't make a difference if we make it or notWe've got each other and that's a lot for loveWe'll give it a shotWe're half way thereLivin' on a prayerTake my hand, we'll make it, I swearLivin' on a prayerLivin' on a prayerWe've got to hold on ready or notYou live for the fight when that's all that you've gotWe're half way thereLivin' on a prayerTake my hand, we'll make it, I swearLivin' on a prayerWe're half way thereLivin' on a prayerTake my hand, we'll make it, I swearLivin' on a prayer;1.154;Bon Jovi
loml;https://www.letras.mus.br/taylor-swift/loml/;Who's gonna stop us from waltzing back into rekindled flamesIf we know the steps anyway?We embroidered the memories of the time I was awayStitching: We were just kids, babeI said: I don't mind, it takes timeI thought I was better safe than starry-eyedI felt aglow like this, never before and never sinceIf you know it in one glimpse, it's legendaryYou and I go from one kiss to getting marriedStill alivе, killing time at the cemеteryNever quite buriedIn your suit and tie, in the nick of timeYou low-down boy, you stand-up guyHoly ghost, you told me I'm the love of your lifeYou said I'm the love of your lifeAbout a million timesWho's gonna tell me the truth when you blew in with the winds of fateAnd told me I reformed youWhen your impressionist paintings of heaven turned out to be fakes?Well, you took me to hell tooAnd all at once, the ink bleedsA con man sells a fool a get-love-quick schemeBut I felt a hole like this, never before and ever sinceIf you know it in one glimpse, it's legendaryWhat we thought was for all time was momentaryStill alive, killing time at the cemeteryNever quite buriedYou cinephile in black and whiteAll those plot twists and dynamiteMister Steal-Your-Girl, then make her crySaid I'm the love of your lifeYou shit-talked me under the tableTalking rings and talking cradlesI wish I could unrecall how we almost had it allDancing phantoms on the terraceAre they second-hand embarrassedThat I can't get out of bed?'Cause something counterfeit's deadIt was legendaryIt was momentaryIt was unnecessaryShould've let it stay buriedOh, what a valiant roarWhat a bland goodbyeThe coward claimed he was a lionI'm combing through the braids of liesI'll never leave, nevermindOur field of dreams engulfed in fireYour arson's match, your somber eyesAnd I'll still see it until I dieYou're the loss of my life;447.119;Taylor Swift / Aaron Dessner
loml / White Horse;https://www.letras.mus.br/taylor-swift/loml-white-horse/;Who's gonna stop us from waltzing back into rekindled flamesIf we know the steps anyway?We embroidered the memories of the time I was awayStitching: We were just kids, babeI said: I don't mind, it takes timeI thought I was better safe than starry-eyedI felt aglow like thisNever before and never sinceIf you know it in one glimpse, it's legendaryYou and I go from one kiss to getting marriedStill alive, killing time at the cemeteryNever quite buriedIn your suit and tie, in the nick of timeYou low-down boy, you stand up guyYou Holy Ghost, you told me I'm the love of your lifeYou said I'm the love of your lifeAbout a million timesSay you're sorry, that face of an angelComes out just when you need it toAs I paced back and forth all this time'Cause I honestly believed in youHoldin' on, the days drag onStupid girl, I shoulda known, I shoulda knownThat I'm not a princess, this ain't a fairytaleI'm not the one you'll sweep off her feet, lead her up the stairwellThis ain't Hollywood, this is a small townI was a dreamer before you went and let me downNow, it's too late for you and your white horseTo come aroundAnd there you are on your kneesBeggin' for forgiveness, beggin' for meJust like I always wantedBut I'm so sorry, I'm so sorry'Cause you, shit-talked me under the tableTalkin' rings and talkin' cradlesI wish I could un-recallHow we almost had it allDancing phantoms on the terraceAre they second-hand embarrassedThat I can't get out of bed'Cause something counterfeit's dead?It was legendaryIt was momentaryIt was unnecessaryShould've let it stay buriedOh, what a valiant roarWhat a bland goodbyeThe coward claimed he was a lionI'm combing through the braids of liesI'll never leave, never mindOur field of dreams engulfed in fireYour arson's match, your somber eyesAnd I'll still see it until I dieYou're the loss of my life'Cause I'm not your princess, this ain't our fairytaleI'm gonna find someone someday who might actually treat me wellThis is a big world, that was a small townThere in my rear view mirror disappearing nowAnd it's too late for you and your white horseAnd, it's too late for you and your white horseTo catch me nowOh, whoa, whoa, whoaTry and catch me now, ohIt's too late to catch me now;416;Sabe de quem é a composição? Envie pra gente.
London Boy;https://www.letras.mus.br/taylor-swift/london-boy/;We can go drivin' in, on my scooterUh, you know, just 'round London (oh, I'd)I love my hometown as much as Motown, I love SoCalAnd you know I love Springsteen, faded blue jeans, Tennessee whiskeyBut something happened, I heard him laughin'I saw the dimples first and then I heard the accentThey say: Home is where the heart isBut that's not where mine livesYou know I love a London boyI enjoy walkin' Camden Market in the afternoonHe likes my American smile, like a child when our eyes meetDarlin', I fancy youTook me back to Highgate, met all of his best matesSo I guess all the rumors are trueYou know I love a London boyBoy, I fancy you (ooh)And now I love high tea, stories from Uni' and the West EndYou can find me in the pub, we are watchin' rugby with his school friendsShow me a gray sky, a rainy cab rideBabes, don't threaten me with a good timeThey say: Home is where the heart isBut, God, I love the EnglishYou know I love a London boyI enjoy nights in Brixton, Shoreditch in the afternoonHe likes my American smile, like a child when our eyes meetDarlin', I fancy youTook me back to Highgate, met all of his best matesSo I guess all the rumors are trueYou know I love a London boyBoy, I fancy youSo, please, show me HackneyDoesn't have to be Louis V up on Bond StreetJust wanna be with youWanna be with youStick with me, I'm your queenLike a Tennessee Stella McCartney on the HeathJust wanna be with you (wanna be with you)Wanna be with you, oh, woahBut you know I love a London boyI enjoy walkin' Soho, drinkin' in the afternoon (yeah)He likes my American smile, like a child when our eyes meetDarlin', I fancy you (you)Took me back to Highgate, met all of his best matesSo I guess all the rumors are true (yeah)You know I love a London boy (oh)Boy (oh), I fancy you (I fancy you) (ooh)So, please, show me HackneyDoesn't have to be Louis V up on Bond StreetJust wanna be with you (ooh)I, oh, I, I fancy you, oh, woah (ooh)Stick with me, I'm your queenLike a Tennessee Stella McCartney on the HeathJust wanna be with you (ooh), wanna be with youI fancy you (yeah), I fancy you, ah (ooh);266.700;Mark Spears / Cautious Clay / Jack Antonoff / Taylor Swift
Long Live;https://www.letras.mus.br/taylor-swift/2004874/;I said: Remember this momentIn the back of my mindThe time we stood with our shaking handsThe crowds in stands went wildWe were the kings and the queensAnd they read off our namesThe night you danced like you knew our livesWould never be the sameYou held your head like a heroOn a history book pageIt was the end of a decadeBut the start of an ageLong live the walls we crashed throughHow the kingdom lights shined just for me and youI was screaming: Long live all the magic we madeAnd bring on all the pretendersOne day, we will be rememberedI said: Remember this feelingI passed the pictures aroundOf all the years that we stood there on the sidelinesWishing for right nowWe are the kings and the queensYou traded your baseball cap for a crownWhen they gave us our trophiesAnd we held them up for our townAnd the cynics were outragedScreaming: This is absurd'Cause, for a moment, a band of thievesIn ripped up jeans got to rule the worldLong live the walls we crashed throughHow the kingdom lights shined just for me and youI was screaming: Long live all the magic we madeAnd bring on all the pretendersI'm not afraidLong live all the mountains we movedI had the time of my life fighting dragons with youI was screaming: Long live that look on your faceAnd bring on all the pretendersOne day, we will be rememberedHold on to spinning aroundConfetti falls to the groundMay these memories break our fallWill you take a moment?Promise me thisThat you'll stand by me foreverBut if, God forbid, fate should step inAnd force us into a goodbyeIf you have children somedayWhen they point to the picturesPlease, tell 'em my nameTell 'em how the crowds went wildTell 'em how I hope they shineLong live the walls we crashed throughI had the time of my life with youLong, long live the walls we crashed throughHow the kingdom lights shined just for me and youAnd I was screaming: Long live all the magic we madeAnd bring on all the pretendersI'm not afraidSinging: Long live all the mountains we movedI had the time of my life fighting dragons with youAnd long, long live that look on your faceAnd bring on all the pretendersOne day, we will be remembered;1.443.145;Taylor Swift
Long Live (feat. Paula Fernandes);https://www.letras.mus.br/taylor-swift/1765465/;Lembrei desse sentimentoGritando dentro de nósÉramos todos meninos e em cada um vivia uma paixãoComo na cena de um filmeVencemos pesadelos enfrentando os dragõesCriados por nossos medosFruto da imaginaçãoDe frente a uma nova eraNa onda de uma cançãoNós construímos a história, mente, alma e coraçãoLong live the walls we crashed throughHow the kingdom lights shined just for me and youI was screaming: Long live all the magic we madeAnd bring on all the pretendersOne day, we will be rememberedI said: Remember this feelingI passed the pictures aroundOf all the years that we stood there on the sidelinesWishing for right nowWe are the kings and the queensYou traded your baseball cap for a crownWhen they gave us our trophiesAnd we held them up for our townDe frente a uma nova eraNa onda de uma cançãoNós construímos a história, mente, alma e coraçãoLong live the walls we crashed throughHow the kingdom lights shined just for me and youI was screaming: Long live all the magic we madeAnd bring on all the pretendersI'm not afraidLong live all the mountains we movedI had the time of my life fighting dragons with youI was screaming: Long live the look on your faceAnd bring on all the pretendersOne day, we will be rememberedHold on to spinning aroundConfetti falls to the groundMay these memories break our fallLembrei do momentoQue fiz promessa pra nós doisPintando o nosso destinoPuro e simples, pleno, sem fimQue fosse assim, sem um goodbyeFosse pra sempre um: ChegueiO sonho que construímosMe vi feliz, eu te acheiSerá muito mais que acharSerá muito além que pensarLong live the walls we crashed throughI had the time of my lifeWith youLong, long live the walls we crashed throughHow the kingdom lights shined just for me and youI was screaming: Long live all the magic we madeAnd bring on all the pretendersI'm not afraidSinging: Long live all the mountains we movedI had the time of my life fighting dragons with youAnd long, long live the look on your faceAnd bring on all the pretendersOne day, we will be remembered;1.819.701;Taylor Swift
Long Live / New Years Day;https://www.letras.mus.br/taylor-swift/long-live-new-years-day/;I said remember this moment, in the back of my mindThe time we stood with our shaking handsThe crowds in the stands went wildWe were the Kings and the QueensAnd they read off our namesThe night you danced like you knew our livesWould never be the sameYou held your head like a heroOn a history book pageIt was the end of a decadeBut the start of an ageLong live the walls we crashed throughAll the kingdom lights shined just for me and youI was screaming long live all the magic we madeAnd bring on all the pretendersOne day, we will be rememberedLong live all the mountains we movedI had the time of my life fighting dragons with youI was screaming long live that look on your faceAnd bring on all the pretendersOne day, we will be rememberedHold on to spinning aroundConfetti falls to the groundMay these memories break our fallAnd hold onTo spinning aroundConfettiFalls to the groundThere's glitter on the floor after the partyGirls carrying their shoes down in the lobbyCandle wax and Polaroids on the hardwood floorYou and me from the night before, butDon't read the last pageBut I stay when you're lost, and I'm scaredAnd you're turning awayI want your midnightsBut I'll be cleaning up bottles with you on New Year's DayYou squeeze my hand three times in the back of the taxiI can tell that it's gonna be a long roadI'll be there if you're the toast of the town, babeOr if you strike out and you're crawling homeDon't read the last pageBut I stay when it's hard, or it's wrongOr we're making mistakesI want your midnightsBut I'll be cleaning up bottles with you on New Year's DayHold on to the memories, they will hold on to youHold on to the memories, they will hold on to youHold on to the memories, they will hold on to youAnd I will hold on to youPlease don't ever become a strangerWhose laugh I could recognize anywherePlease don't ever become a strangerWhose laugh I could recognize anywhereThere's glitter on the floor after the partyGirls carrying their shoes down in the lobbyCandle wax and Polaroids on the hardwood floorYou and me forevermoreDon't read the last pageBut I stay when you're lost, and I'm scaredAnd you're turning awayI want your midnightsBut I'll be cleaning up bottles with you on New Year's DayHold on to the memories, they will hold on to youHold on to the memories, they will hold on to youHold on to the memories, they will hold on to youAnd long live(Please don't ever become a stranger)The walls we crashed through(Whose laugh I could recognize anywhere)I had the time of my life(Please don't ever become a stranger)With you(Whose laugh I could recognize anywhere)And long liveThe walls we crashed throughI had the time of my lifeWith you;5.004;Sabe de quem é a composição? Envie pra gente.
long story short;https://www.letras.mus.br/taylor-swift/long-story-short/;FatefullyI tried to pick my battles till the battle picked meMiseryLike the war of words I shouted in my sleepAnd you passed right byI was in the alley, surrounded on all sidesThe knife cuts both waysIf the shoe fits, walk in it till your high heels breakAnd I fell from the pedestalRight down the rabbit holeLong story short, it was a bad timePushed from the precipiceClung to the nearest lipsLong story short, it was the wrong guyNow I'm all about youI'm all about you, ahYeah, yeahI'm all about you, ahYeah, yeahActuallyI always felt I must look better in the rear viewMissing meAt the golden gates they once held the keys toWhen I dropped my swordI threw it in the bushes and knocked on your doorAnd we live in peaceBut if someone comes at usThis time, I'm ready'Cause I fell from the pedestalRight down the rabbit holeLong story short, it was a bad timePushed from the precipiceClung to the nearest lipsLong story short, it was the wrong guyNow I'm all about youI'm all about you, ahYeah, yeahI'm all about youNo more keepin' scoreNow I just keep you warm (keep you warm)No more tug of warNow I just know there's more (know there's more)No more keepin' scoreNow I just keep you warm (keep you warm)And my waves meet your shoreEver and evermorePast meI wanna tell you not to get lost in these petty thingsYour nemesesWill defeat themselves before you get the chance to swingAnd he's passing byRare as the glimmer of a comet in the skyAnd he feels like homeIf the shoe fits, walk in itEverywhere you goAnd I fell from the pedestalRight down the rabbit holeLong story short, it was a bad timePushed from the precipiceClimbed right back up the cliffLong story short, I survivedNow I'm all about you (now)I'm all about you, ah (now)I'm all about you, ah (now)Yeah, yeahI'm all about you (now)Yeah, yeahI'm all about youLong story short, it was a bad timeLong story short, I survived;272.704;Aaron Dessner / Taylor Swift
Long Time Coming;https://www.letras.mus.br/taylor-swift/long-time-coming/;I've got a lying smile I never put out for you'Cause I guess I never felt like I really needed toAnd they say little girls have big dreamsAnd nothing in the world was gonna come betweenMe and youAnd it was a long time comingI waited half my life just to find someone like youI spent a long time finding outLove hangs around after you walk outNot knowing it'd be a long time goingThey say: It's better to have lost than never to have loved at allAnd I say: Whoever said that, didn't have too far to fallAnd they say little girls are so naiveThat wasn't how it was supposed to be withMe and youAnd it was a long time comingI waited half my life just to find someone like youI spent a long time finding outLove hangs around after you walk outNot knowing it'd be a long time goingI've burned my bridges, had sleepless nightsWashed my sins on the neon lightsAnd I'm still not over youAnd it was a long time comingI waited half my life just to find someone like youI spent a long time finding outLove hangs around after you walk outNot knowing it would be a long time goingA long time goingAnd it would be a long time, long time goingIt would be a long time, long time goingGoing;16.133;Taylor Swift
Look At You Like That;https://www.letras.mus.br/taylor-swift/look-at-you-like-that/;There you areStanding there lookin like you don’t know what to say,But i know that face.And here i am,Bracing myself for what i know is coming my wayWhat a waste.All of that timeI thought you were mineWas i just kidding myself?Letting it goAnd loving you soDon’t you dare tell me not to look at you like thatI’m gonna look at you like thatI’m gonna hang my head and turn my backTo your sneak attackIf it's the last thing that i doI’m gonna make this hard on you while iLook at you like thatDon’t you sayThat we can still be friends,It doesn’t work that way,The end is the end.And don’t you dare thinkThat i'll pack up all my tears and take them home,And cry them out when i’m aloneI'll do it right hereI'm crying right nowBaby you can watch me crumble downThat’s for breaking my heartSo baby don’t startThinking you can ask me not to look at you like thatI’m gonna look at you like thatI’m gonna hang my head and turn my backTo your sneak attackIf it's the last thing that i doI’m gonna make this hard on you while iLook at you like thatDon’t you tell me to be strongOr make it harder than it has to beAfter you are goneYou'll remember what you've done to me,Cause i’m gonna look at you like thatI’m gonna hang my head and turn my backTo your sneak attackIf it's the last thing that i doAfter what you put me throughI’m gonna have to let you knowHow much it hurts to let you goOh yeahGonna look at you like thatLook at youLook at youLook at youLike that;12.559;Sabe de quem é a composição? Envie pra gente.
Look What You Made Me Do;https://www.letras.mus.br/taylor-swift/look-what-you-made-me-do/;I don't like your little gamesDon't like your tilted stageThe role you made me playOf the fool, no, I don't like youI don't like your perfect crimeHow you laugh when you lieYou said the gun was mineIsn't cool, no, I don't like you (oh!)But I got smarter, I got harder in the nick of timeHoney, I rose up from the dead, I do it all the timeI've got a list of names and yours is in red, underlinedI check it once, then I check it twice, oh!Ooh, look what you made me doLook what you made me doLook what you just made me doLook what you just made meOoh, look what you made me doLook what you made me doLook what you just made me doLook what you just made me doI don't like your kingdom keysThey once belonged to meYou asked me for a place to sleepLocked me out and threw a feast (what?)The world moves on, another day, another drama, dramaBut not for me, not for me, all I think about is karmaAnd then the world moves on, but one thing's for sureMaybe I got mine, but you'll all get yoursBut I got smarter, I got harder in the nick of time (nick of time)Honey, I rose up from the dead, I do it all the time (I do it all the time)I've got a list of names and yours is in red, underlinedI check it once, then I check it twice, oh!Ooh, look what you made me doLook what you made me doLook what you just made me doLook what you just made meOoh, look what you made me doLook what you made me doLook what you just made me doLook what you just made me doI don't trust nobody and nobody trusts meI'll be the actress starring in your bad dreamsI don't trust nobody and nobody trusts meI'll be the actress starring in your bad dreamsI don't trust nobody and nobody trusts meI'll be the actress starring in your bad dreamsI don't trust nobody and nobody trusts meI'll be the actress starring in your bad dreams(Look what you made me do)(Look what you made me do)I'm sorry, the old Taylor can't come to the phone right nowWhy?Oh, 'cause she's dead! (Oh!)Ooh, look what you made me doLook what you made me doLook what you just made me doLook what you just made meOoh, look what you made me doLook what you made me doLook what you just made me doLook what you just made me doOoh, look what you made me doLook what you made me doLook what you just made me doLook what you just made meOoh, look what you made me doLook what you made me doLook what you just made me doLook what you just made me do;1.903.630;Fred Fairbrass / Jack Antonoff / Richard Fairbrass / Rob Manzoli / Taylor Swift
Lose Yourself / Smile / You Belong With Me;https://www.letras.mus.br/taylor-swift/1939278/;If you had one shot, one opportunityTo seize everything you ever wanted? One momentWould you capture it or just let it slip?His palms are sweaty, knees weak, arms are heavyThere's vomit on his sweater already, mom's spaghettiHe's nervous, but on the surface he looks calm and readyTo drop bombs, but he keeps on forgettinWhat he wrote down, the whole crowd goes so loudHe opens his mouth, but the words won't come outHe's chokin, how everybody's jokin nowThe clock's run out, time's up overYou better lose yourself in the music, the momentYou own it, you better never let it goYou only get one shot, do not miss your chance to blowThis opportunity comes once in a lifetimeYou better lose yourself in the music, the momentYou own it, you better never let it goYou only get one shot, do not miss your chance to blowThis opportunity comes once in a lifetime yoYou make me smile like the SunFall out of bed, sing like birdDizzy in my head, spin like a recordCrazy on a Sunday nightYou make me dance like a foolForget how to breatheShine like gold, buzz like a beeJust the thought of you can drive me wildOhh, you make me smileIf you could seeThat I'm the oneWho understands youBeen here all alongSo why can't you see?You belong with meYou belong with me;27.129;Taylor Swift
Love Story;https://www.letras.mus.br/taylor-swift/1332481/;We were both young when I first saw youI close my eyes and the flashback startsI'm standing thereOn a balcony in summer airSee the lights, see the party, the ball gownsSee you make your way through the crowdAnd say: HelloLittle did I knowThat you were Romeo, you were throwing pebblesAnd my daddy said: Stay away from JulietAnd I was crying on the staircaseBegging you: Please, don't goAnd I said: Romeo, take me somewhere we can be aloneI'll be waiting, all there's left to do is runYou'll be the prince and I'll be the princessIt's a love story, baby, just say yesSo I sneak out to the garden to see youWe keep quiet 'cause we're dead if they knewSo close your eyesEscape this town for a little while, uh, oh'Cause you were Romeo, I was a scarlet letterAnd my daddy said: Stay away from JulietBut you were everything to meI was begging you: Please, don't goAnd I said: Romeo, take me somewhere we can be aloneI'll be waiting, all there's left to do is runYou'll be the prince and I'll be the princessIt's a love story, baby, just say yesRomeo, save me, they're trying to tell me how to feelThis love is difficult, but it's realDon't be afraid, we'll make it out of this messIt's a love story, baby, just say yesOh, ohI got tired of waitingWondering if you were ever coming aroundMy faith in you was fadingWhen I met you on the outskirts of townAnd I said: Romeo, save me, I've been feeling so aloneI keep waiting for you, but you never comeIs this in my head? I don't know what to thinkHe knelt to the ground and pulled out a ringAnd said: Marry me, Juliet, you'll never have to be aloneI love you and that's all I really knowI talked to your dad, go pick out a white dressIt's a love story, baby, just say yesOh, oh, ohOh, oh, oh, oh'Cause we were both young when I first saw you;4.263.685;Taylor Swift
Love Story (Elvira Remix);https://www.letras.mus.br/taylor-swift/love-story-elvira-remix-taylors-version/;We were both young when I first saw youI close my eyes and the flashback startsI'm standing thereOn a balcony in summer airSee the lights, see the party, the ball gownsSee you make your way through the crowdAnd said helloLittle did I knowThat you were Romeo, you were throwing pebblesAnd my daddy said: Stay away from JulietAnd I was crying on the staircaseBegging you: Please, don't goAnd I saidRomeo, take me somewhere we can be aloneI'll be waiting, all therе's left to do is runYou'll be the princе and I'll be the princessIt's a love story, baby, just say yesSo I sneak out to the garden to see youWe keep quiet 'cause we're dead if they knewSo close your eyesEscape this town for a little while, oh, oh'Cause you were Romeo, I was a scarlet letterAnd my daddy said: Stay away from JulietBut you were everything to meI was begging you: Please, don't goAnd I saidRomeo, take me somewhere we can be aloneI'll be waiting, all there's left to do is runYou'll be the prince and I'll be the princessIt's a love story, baby, just say yesRomeo, save me, they're trying to tell me how to feelThis love is difficult, but it's realDon't be afraid, we'll make it out of this messIt's a love story, baby, just say yesOh, ohBut I got tired of waitingWondering if you were ever coming aroundMy faith in you was fadingWhen I met you on the outskirts of townAnd I said: Romeo, save me, I've been feeling so aloneI keep waiting for you, but you never comeIs this in my head? I don't know what to thinkHe knelt to the ground and pulled out a ring, and saidMarry me, Juliet, you'll never have to be aloneI love you and that's all I really knowI talked to your dad, go pick out a white dressIt's a love story, baby, just say yesOh, oh, ohOh, oh, oh'Cause we were both young when I first saw you;5.367;Taylor Swift
Love They Haven't Thought Of Yet;https://www.letras.mus.br/taylor-swift/love-they-havent-thought-of-yet/;I want it allTo appear before my eyes when he smilesMaybe I'm wrongBut I don''t think Romeo would be my kind of guyI want a love that's sweeter than rosesAnd for me this is how it's gonna be likeThere's a fairytale skyAnd it whispers sweet lullabiesAnd the music plays from nowhere as we danceIn the pale moonlightWith candles and fireflies all nightEverybody thinks about loveI want love they haven't thought of yetHere on the couchWith a box of chocolates that I bought myselfI'll wait it outBut sometimes my patience just needs a little helpIt's what you get when your heart strings are so tiedI don't regret it 'cause it needs to be perfect likeThere's a fairytale skyAnd it whispers sweet lullabiesAnd the music plays from nowhere as we danceIn the pale moonlightWith candles and fireflies all nightEverybody thinks about loveI want love they haven't thought of yetI want my own little storybook endingWe'll make it up as we goThere's a fairytale skyAnd it whispers sweet lullabiesAnd the music plays from nowhere as we danceIn the pale moonlightWith candles and fireflies all nightEverybody thinks about loveI want love they haven't thought of yetI want love they haven't thought of yet;11.295;Sabe de quem é a composição? Envie pra gente.
Love To Lose;https://www.letras.mus.br/taylor-swift/love-to-lose/;Come on, gather 'roundI'm gonna tell you how the fire went outSorry for the inconvenienceI didn't mean to let you downWe were supposed to be foreverBut it's too bad you didn't seeThat to meYou were the perfect view of miseryI never talk about the tears I criedAll the sleepless nightsOr the endless fightI never told you about the days he calledThere was something wrongIt was all my faultI had it all, what a shameWhat a fall nowBut in case you haven't heard the newsThere wasn't much love to loseLet's talk about that golden boyThat I met on a winter nightHow was I supposed to knowThat he was just as cold insideHe smiled and I smiledFor the cameras in your mindAnd I liedI swore that everything was fineI never talk about the tears I criedAll the sleepless nightsOr the endless fightI never told you about the days he calledThere was something wrongIt was all my faultI had it all, what a shameWhat a fall nowBut in case you haven't heard the newsThere wasn't much love to loseI know you wanna talk about meHow I gave up on love so foolishlyBut keep in mindI never talk about the tears I criedAll the sleepless nightsOr the endless fightI never told you about the days he calledThere was something wrongIt was all my faultI had it all, what a shameWhat a fall nowBut in case you haven't heard the newsThere wasn't much love to loseCome on, gather 'roundI'm gonna tell you how the fire went out;14.408;Sabe de quem é a composição? Envie pra gente.
Lover;https://www.letras.mus.br/taylor-swift/lover/;We could leave the Christmas lights up till JanuaryThis is our place, we make the rulesAnd there's a dazzling haze, a mysterious way about you, dearHave I known you 20 seconds or 20 years?Can I go where you go?Can we always be this close, forever and ever?And ah, take me out, and take me homeYou're my, my, my, myLoverWe could let our friends crash in the living roomThis is our place, we make the callAnd I'm highly suspicious that everyone who sees you wants youI've loved you three summers now, honey, but I want 'em allCan I go where you go?Can we always be this close, forever and ever?And ah, take me out, and take me home (forever and ever)You're my, my, my, myLoverLadies and gentlemen, will you, please, stand?With every guitar string scar on my handI take this magnetic force of a man to be my loverMy heart's been borrowed and yours has been blueAll's well that ends well to end up with youSwear to be overdramatic and true to my loverAnd you'll save all your dirtiest jokes for meAnd at every table, I'll save you a seat, loverCan I go where you go?Can we always be this close, forever and ever?And ah, take me out, and take me home (forever and ever)You're my, my, my, myOh, you're my, my, my, myDarling, you're my, my, my, myLover;2.851.721;Taylor Swift
Lover (First Dance Remix);https://www.letras.mus.br/taylor-swift/lover-first-dance-remix/;We could leave the Christmas lights up 'til JanuaryAnd this is our place, we make the rulesAnd there's a dazzling haze, a mysterious way about you, dearHave I known you 20 seconds or 20 years?Can I go where you go?Can we always be this close?Forever and ever, ahAh, take me out, and take me homeYou're my, my, my, my loverWe could let our friends crash in the living roomThis is our place, we make the callAnd I'm highly suspicious that everyone who sees you wants youI've loved you three summers now, honey, but I want 'em allCan I go where you go?Can we always be this close?Forever and ever, ahTake me out, and take me home (forever and ever)You're my, my, my, my loverLadies and gentlemen, will you please stand?With every guitar string scar on my handI take this magnetic force of a man to be my loverMy heart's been borrowed and yours has been blueAll's well that ends well to end up with youSwear to be overdramatic and true to my loverAnd you'll save all your dirtiest jokes for meAnd at every table, I'll save you a sit, loverCan I go where you go?Can we always be this close?Forever and ever, ahTake me out, and take me home (forever and ever)You're my, my, my, myOh, you're my, my, my, myDarling, you're my, my, my, my lover;5.285;Taylor Swift
Lover (remix) (feat. Shawn Mendes);https://www.letras.mus.br/taylor-swift/lover-remix-feat-shawn-mendes/;We could leave the Christmas lights up 'til JanuaryAnd this is our place, we make the rulesAnd there's a dazzling haze, a mysterious way about you, dearHave I known you 20 seconds or 20 years?Can I go where you go?Can we always be this closeForever and ever? And, ahTake me out and take me homeYou're my, my, my, myLoverWe could light a bunch of candles and dance around the kitchen, babyPictures of when we were young would hang on the wallWe would sit on the stoop, I'll sing love songs to you when we're 80See, I finally got you now, honey, I won't let you fallCan I go where you go?Can we always be this closeForever and ever? And, ahTake me out and take me home (forever and ever)You're my, my, my, myLoverLadies and gentlemen, will you, please, stand?With every guitar string scar on my handI take this magnetic force of a man to be myLoverLook in my eyes, they will tell you the truthThe girl in my story has always been youI'd go down with the Titanic, it's true, for youLoverAnd you'll save all your dirtiest jokes for meAnd at every table, I'll save you a seat(Save you a seat) loverCan I go where you go? (Can I go where you go, baby?)Can we always be this closeForever and ever? And, ahTake me out and take me home (forever and ever)You're my, my, my, myOh, you're my, my, my, myDarling, you're my, my, my, myLover;174.642;Scott Harris / Shawn Mendes / Taylor Swift
Lucky You;https://www.letras.mus.br/taylor-swift/1317682/;There's a little girlin this little townwith a little too much heartto go aroundLive forever,never say neverYou can do better,that's what she saysMama named her Luckyon a starlight nightA rabbit foot in her pocket,she dances in spite ofThe fact that she's differentand yet she's the sameAnd she says do do do do do dodo do do do do do do dodo do do do do do do doLucky you, lucky youDo do do do do do do doShe sings her little songsShe walks a long a littleHalfway headed for the skiesLeft to travel,lives they unravelMind over matter,that's what she saysMama named her Luckyon a starlit nightA rabbit foot in her pocket,she dances in spite ofThe fact that she's differentand yet she's the sameAnd she says do do do dodo do do do do do do dodo do do do do do do do do do doLucky you, lucky you, lucky youdo do do do do do do do dodo do do do do do do do do do doMaybe she'll sing you do do doMaybe she'll bring youinto the skiesHoney, she'll love youFunny how some viewangels above you,aint so far away.Mama named her Luckyon a starlit nightA rabbit foot in her pocket,she dances in spite ofThe fact that she's differentand yet she's the sameAnd she says do do do dodo do do do do do do dodo do do do do do do do do doLucky you, lucky you;99.160;Taylor Swift
Macavity;https://www.letras.mus.br/taylor-swift/macavity/;Macavity's a Mystery catHe's called the HiddenpawFor he's the master criminal who can defy the lawHe's the bafflement of Scotland Yard, the Flying Squad's despairFor when they reach the scene of crime Macavity's not thereMacavity, Macavity, there's no one like MacavityHe's broken every human law, he breaks the law of gravityHis powers of levitation would make a fakir stareBut when they reach the scene of crime Macavity's not thereMacavity's a ginger cat, he's very tall and thinYou would know him if you saw him for his eyes are sunken inHis brow is deeply lined with thought, his head is highly domedHis coat is dusty from neglect, his whiskers are uncombedHe sways his head from side to side, with movements like a snakeAnd when you think he's half asleep, he's always wide awakeMacavity, Macavity, there's no one like MacavityFor he's a fiend in feline shape, a monster of depravityYou may meet him in a by-street, you may see him in the squareBut when a crime's discovered then Macavity's not thereHe's outwardly respectable, I know, he cheats at cardsAnd his footprints are not found in any files of Scotland Yard'sAnd when the larder's looted and the jewel case is rifledOr when the milk is missing or another peke's been stifledOr the greenhouse glass is broken and the trellis past repairThere's the wonder of the thing Macavity's not thereMacavity, Macavity, there's no one like MacavityThere never was a cat of such deceitfulness and suavityHe always has an alibi, and one or two to spareWhat ever time the deed took place Macavity wasn't thereAnd they say that all the cats whose wicked deeds are widely knownI might mention Mungojerrie, Rumpleteazer, GriddleboneAre nothing more than agents for the cat who all the timeJust controls the operations, the Napoleon of CrimeMacavity, Macavity, there's no one like MacavityHe's a fiend in feline shape, a monster of depravityYou may meet him in a by-street, you may see him in the squareBut when a crime's discovered then Macavity, MacavityMacavity, MacavityWhen a crime's discovered thenMacavity's not there;5.327;Andrew Lloyd Webber
mad woman;https://www.letras.mus.br/taylor-swift/mad-woman/;"What did you think I'd say to that?Does a scorpion sting when fighting back?They strike to kill, and you know I willYou know I willWhat do you sing on your drive home?Do you see my face in the neighbor's lawn?Does she smile?Or does she mouth: Fuck you forever?Every time you call me crazy, I get more crazyWhat about that?And when you say I seem angry, I get more angryAnd there's nothing like a mad womanWhat a shame she went madNo one likes a mad womanYou made her like thatAnd you'll poke that bear 'til her claws come outAnd you find something to wrap your noose aroundAnd there's nothing like a mad womanNow I breathe flames each time I talkMy cannons all firin' at your yachtThey say: Move on; but you know I won'tAnd women like hunting witches tooDoing your dirtiest work for youIt's obvious that wanting me deadHas really brought you two togetherEvery time you call me crazy, I get more crazyWhat about that?And when you say I seem angry, I get more angryAnd there's nothing like a mad womanWhat a shame she went madNo one likes a mad womanYou made her like thatAnd you'll poke that bear 'til her claws come outAnd you find something to wrap your noose aroundAnd there's nothing like a mad womanI'm taking my time, taking my time'Cause you took everything from meWatching you climb, watching you climbOver people like meThe master of spin has a couple side flingsGood wives always knowShe should be mad, should be scathing like me, butNo one likes a mad womanWhat a shame she went madYou made her like that";215.005;Aaron Dessner / Taylor Swift
Made Up You;https://www.letras.mus.br/taylor-swift/made-up-you/;Your feet under the tableI love it when they're touching mineYour hands make the best kind of cradleTo tell me everything is fineAll I see is you looking at meDo you know when you goYou make the sweetest sight at the windowIf you had never come out of the blueI would have stayed up and Made Up YouYou smile just like a pictureIt doesn't even need a frameSometimes I wait to answerJust to hear you say my nameAnd all I want is just what i've gotDo you know when you goYou make the sweetest sight at the windowIf you had never come out of the blueI would have stayed up and Made Up YouI'd never let you goEven If I couldCause I never could've dreamed you up this goodOh ohDo you know when you goYou make the sweetest sight at the windowIf you had never come out of the blueI would have stayed up and Made Up YouMade Up YouOh ohMade Up You;7.254;Sabe de quem é a composição? Envie pra gente.
Making Up For Lost Love;https://www.letras.mus.br/taylor-swift/making-up-for-lost-love/;I need you more than I know how to mentionAnd I'd give forever to get your attentionBe your summer midnight with starry blue eyesThat only see you and are yours every nightOoh, ooh, ooh, oohOoh, ooh, ooh, oohLove's like thisIt's something I missedOoh, ooh, ooh, oohOoh, ooh, ooh, oohLove's like thisAnd that small town daydream lasted all nightCussing out all those bright city lightsJust look at you, look at meHeaven look down to see we're falling nowAnd there's nothing we ain't too sure ofJust two kids making up for lost loveAll of the days that I couldn't get it rightIt all disappeared, lying here by your sideWith your dirty blue jeans and my crooked smileYou make it look easy changing my lifeOoh, ooh, ooh, oohOoh, ooh, ooh, oohLove's like thisIt's something I missedOoh, ooh, ooh, oohOoh, ooh, ooh, oohLove's like thisSmall town daydream lasted all nightCussing out all those bright city lightsJust look at you, look at meHeaven look down to see we're falling nowAnd there's nothing we ain't too sure ofJust two kids making up for lost loveHaven't had quite the timeTo figure this life outBut, baby, I've got mineTo give you everything you dream aboutOoh, ooh, ooh, oohOoh, ooh, ooh, oohLove's like thisAnd it's something I don't miss anymoreOoh, ooh, ooh, oohOoh, ooh, ooh, oohLove's like thisAnd that small town daydream lasted all nightCussing out all those bright city lightsJust look at you, look at meHeaven look down to seeWe're falling now, yeahThat small town daydream lasted all nightCussing out all those bright city lightsJust look at you look at meHeaven look down to see we're falling nowAnd there's nothing we ain't too sure ofJust two kids making up for lost loveJust two kids making up for lost love;5.319;Taylor Swift
Mandolin;https://www.letras.mus.br/taylor-swift/mandolin/;He's got a nice little lifeHe's gonna live it, but onFriday nights he plays that mandolinPainted red, and he saidIt's not the best I knowBut it's mine, I'm gonna make it minePeople there can't help but careAbout the friendly music of a guyWho's getting by from their applauseHe's got a song that moves alongHe's got his local crowd tonightAt Angelina's family bar and grillHe's got his heart on his sleeveThe songs he plays just living freeBut who knows what goes through his mindWhen he plays a song it brings alongEverybody sayingWho's that guy who plays the mandolin... mandolinOh yeah, mandolinGot a car, got a scarLike everyone he's got a few butEverybody loves that mandolinGot his problems, bills to paySomehow that boy finds a wayThrough paychecks in tip jars, yeahHe's got his heart on his sleeveThe songs he plays just living freeBut who knows what goes through his mindWhen he plays a song it brings alongEverybody sayingWho's that guy who plays the mandolin... mandolinOh yeah, mandolinOh he's the kind of guyWho never really wanted fameHis feet are planted firmly on the groundHe never wanted people to remember his nameHe never wanted word to get aroundThat he found heaven on earthHe's got his heart on his sleeveThe songs he plays just living freeBut who knows what goes through his mindWhen he plays a song it brings alongEverybody sayingWho's that guy who plays the mandolinOh, I'm the guy who plays the mandolinMandolinOh, mandolin;3.458;Sabe de quem é a composição? Envie pra gente.
marjorie;https://www.letras.mus.br/taylor-swift/marjorie/;Never be so kindYou forget to be cleverNever be so cleverYou forget to be kindAnd if I didn't know betterI'd think you were talking to me nowIf I didn't know betterI'd think you were still aroundWhat died didn't stay deadWhat died didn't stay deadYou're alive, you're alive in my headWhat died didn't stay deadWhat died didn't stay deadYou're alive, so aliveNever be so politеYou forget your powerNevеr wield such powerYou forget to be politeAnd if I didn't know betterI'd think you were listening to me nowIf I didn't know betterI'd think you were still aroundWhat died didn't stay deadWhat died didn't stay deadYou're alive, you're alive in my headWhat died didn't stay deadWhat died didn't stay deadYou're alive, so aliveThe autumn chill that wakes me upYou loved the amber skies so muchLong limbs and frozen swimsYou'd always go past where our feet could touchAnd I complained the whole way thereThe car ride back and up the stairsI should've asked you questionsI should've asked you how to beAsked you to write it down for meShould've kept every grocery store receipt'Cause every scrap of you would be taken from meWatched as you signed your name MarjorieAll your closets of backlogged dreamsAnd how you left them all to meWhat died didn't stay deadWhat died didn't stay deadYou're alive, you're alive in my headWhat died didn't stay deadWhat died didn't stay deadYou're alive, so aliveAnd if I didn't know betterI'd think you were singing to me nowIf I didn't know betterI'd think you were still aroundI know betterBut I still feel you all aroundI know betterBut you're still around;322.965;Aaron Dessner / Taylor Swift
Maroon;https://www.letras.mus.br/taylor-swift/maroon/;When the morning cameWe were cleaning incense off your vinyl shelf'Cause we lost track of time againLaughing with my feet in your lapLike you were my closest friendHow'd we end up on the floor, anyway?You say: Your roommate's cheap-ass screw-top rosé, that's howI see you every day nowAnd I chose youThe one I was dancing withIn New York, no shoesLooked up at the sky and it wasThe burgundy on my t-shirtWhen you splashed your wine into meAnd how the blood rushed into my cheeksSo scarlet, it wasThe mark they saw on my collarboneThe rust that grew between telephonesThe lips I used to call homeSo scarlet, it was maroonWhen the silence cameWe were shaking, blind and hazyHow the hell did we lose sight of us again?Sobbing with your head in your handsAin't that the way shit always ends?You were standing hollow-eyed in the hallwayCarnations you had thought were roses, that's usI feel you, no matter whatThe rubies that I gave upAnd I lost youThe one I was dancing withIn New York, no shoesLooked up at the sky and it was maroonThe burgundy on my t-shirtWhen you splashed your wine into meAnd how the blood rushed into my cheeksSo scarlet, it was (maroon)The mark they saw on my collarboneThe rust that grew between telephonesThe lips I used to call homeSo scarlet, it was (maroon)And I wake with your memory over meThat's a real fucking legacy, legacy (it was maroon)And I wake with your memory over meThat's a real fucking legacy to leaveThe burgundy on my t-shirtWhen you splashed your wine into meAnd how the blood rushed into my cheeksSo scarlet, it was maroonThe mark they saw on my collarboneThe rust that grew between telephonesThe lips I used to call homeSo scarlet, it was maroonIt was maroonIt was maroon;415.193;Taylor Swift / Jack Antonoff
Mary's Song (Oh My, My, My);https://www.letras.mus.br/taylor-swift/848631/;She saidI was seven and you were nineI looked at you like the stars that shinedIn the sky, the pretty lightsAnd our daddies used to joke about the two of usGrowin' up and fallin' in loveAnd our mamas smiled and rolled their eyesAnd said: Oh, my, my, myTake me back to the house in the backyard treeSaid you'd beat me up, you were bigger than meYou never did, you never didTake me back when our world was one block wideI dared you to kiss me and ran when you triedJust two kids, you and IOh, my, my, my, myWell, I was sixteen when suddenlyI wasn't that little girl you used to seeBut your eyes still shinedLike pretty lightsAnd our daddies used to joke about the two of usThey never believed we'd really fall in loveAnd our mamas smiled and rolled their eyesAnd said: Oh, my, my, myTake me back to the creek beds we turned upTwo AM ridin' in your truckAnd all I need is you next to meTake me back to the time we had our very first fightThe slammin' of doors 'stead of kissin' goodnightYou stayed outside till the morning lightOh, my, my, my, myA few years had gone and come aroundWe were sittin' at our favorite spot in townAnd you looked at meGot down on one kneeTake me back to the time when we walked down the aisleOur whole town came and our mamas criedYou said: I do, and I did tooTake me home, where we met so many years beforeWe'll rock our babies on that very front porchAfter all this time, you and IAnd I'll be eighty-seven, you'll be eighty-nineI'll still look at you like the stars that shineIn the skyOh, my, my, my;138.591;Brian Maher / Liz Rose / Taylor Swift
Mastermind;https://www.letras.mus.br/taylor-swift/mastermind/;Once upon a time, the planets and the fatesAnd all the stars alignedYou and I ended up in the same roomAt the same timeAnd the touch of a hand lit the fuseOf a chain reaction of countermovesTo assess the equation of youCheckmate, I couldn't loseWhat if I told you none of it was accidental?And the first night that you saw me, nothing was gonna stop me?I laid the groundwork and then, just like clockworkThe dominoes cascaded in a lineWhat if I told you I'm a mastermind?And now you're mineIt was all by design'Cause I'm a mastermindYou see, all the wisest women had to do it this way'Cause we were born to be the pawn in every lover's gameIf you fail to plan, you plan to failStrategy sets the scene for the taleI'm the wind in our free-flowing sailsAnd the liquor in our cocktailsWhat if I told you none of it was accidentalAnd the first night that you saw me, I knew I wanted your body?I laid the groundwork and then, just like clockworkThe dominoes cascaded in a lineWhat if I told you I'm a mastermind?And now you're mineIt was all my design'Cause I'm a mastermindNo one wanted to play with me as a little kidSo I've been scheming like a criminal ever sinceTo make them love me and make it seem effortlessThis is the first time I felt the need to confessAnd I swear, I'm only cryptic and Machiavellian'Cause I careSo I told you none of it was accidentalAnd the first night that you saw me, nothing was gonna stop meI laid the groundwork and then, saw a wide smirkOn your face, you knew the entire timeYou knew that I'm a mastermindAnd now you're mineYeah, all you did was smile'Cause I'm a mastermind;469.792;Taylor Swif /  Jack Antonoff
Matches;https://www.letras.mus.br/taylor-swift/matches/;"I shined your shoes, I poured the wineI gave you all of my timeI patched your fake smile against your friendsWhich apparently is a crimeI gave you space, you took my placeAnd gave it to herBut life's too long to waste it allLoving a liarAnd when love hands me matches nowI'm gonna burn it downI keyed her car, got my guitarAnd wrote this damn songLook what you've found, she's been aroundI hear the lines longAnd don't you tell me to be niceI'm not a nice girlShe died from complicationsOf the things you told herSo when love hands me matches nowI'm gonna burn it downAin't it funny? You said, ""Honey""You meant, ""Sitting duck"" ""Well I say, ""Cheater, liar, truck on fire, loser, leaver, deceiver""Just a few I've thought ofAnd when love hands me matches nowGonna burn it downI'm gonna burn it downOh, yeah, gonna burn it, burn it, burn it downMatches, now";5.110;Taylor Swift
Me And Britney;https://www.letras.mus.br/taylor-swift/me-and-britney/;Me and britney used to sip on the front porchDrinking lemonadeTalk about things no one else was ever supposed to hearIn a summer shadeShe said she was gonna be a moviestarAnd I said she was crazyCatching dreams and fireflies in a jarJust me and britneyOh oh oh oh, oh oh oh ohWe were babies, we were beautiful and freeOh oh oh oh oh oh oh ohThere was nothing that was out of reachMe and britneyShe never made it to hollywoodBut she made it to MemphisThis little old town just hasn’t been the same sinceThat boy she went out with, well I thought he was crazyMaybe I was just jealous it would come between me and britneyOh oh oh oh oh oh oh ohShe was in love, she was beautiful and freeOh oh oh oh, oh oh oh ohShe was always so much braver than meWhen the phone rang in the middle of the nightBefore she said a word I knew it was herShe said I’m sorry for waking you up but I didn’t know who else to callOr where else to goMe and britney sat down on the front porchTalking ‘bout love and how it changes thingsChanges people and changes names everything but me and britneyOh oh oh oh, oh oh oh ohWe’re not as young, but we’re still beautiful and freeOh oh oh oh, oh oh oh ohEven when we’re old, we’re still gonna be me and britneySittin’ on the front porchDrinking lemonadeTalking ‘bout things no one else was ever gonna hearIn a summer shade;5.234;Taylor Swift
ME! (feat. Brendon Urie);https://www.letras.mus.br/taylor-swift/me-feat-brendon-urie-of-panic-at-the-disco/;I promise that you'll never find another like meI know that I'm a handful, baby, uhI know I never think before I jumpAnd you're the kind of guy the ladies want(And there's a lot of cool chicks out there)I know that I went psycho on the phoneI never leave well enough aloneAnd trouble's gonna follow where I go(And there's a lot of cool chicks out there)But one of these things is not like the othersLike a rainbow with all of the colorsBaby doll, when it comes to a loverI promise that you'll never find another likeMe-e-e, ooh-ooh-ooh-oohI'm the only one of meBaby, that's the fun of meEeh-eeh-eeh, ooh-ooh-ooh-oohYou're the only one of youBaby, that's the fun of youAnd I promise that nobody's gonna love you like me-e-eI know I tend to make it about meI know you never get just what you seeBut I will never bore you, baby(And there's a lot of lame guys out there)And then we had that fight out in the rainYou went after me and called my nameI never wanna see you walk away(And there's a lot of lame guys out there)'Cause one of these things is not like the othersLivin' in winter, I am your summerBaby doll, when it comes to a loverI promise that you'll never find another likeMe-e-e, ooh-ooh-ooh-oohI'm the only one of meLet me keep you companyEeh-eeh-eeh, ooh-ooh-ooh-oohYou're the only one of youBaby, that's the fun of youAnd I promise that nobody's gonna love you like me-e-eGirl, there ain't no I in teamBut you know there is a meStrike the band up, one, two, threeI promise that you'll never find another like meGirl, there ain't no I in teamBut you know there is a meAnd you can't spell awesome without meI promise that you'll never find another likeMe-e-e (yeah), ooh-ooh-ooh-ooh (and I want ya, baby)I'm the only one of me (I'm the only one of me)Baby, that's the fun of meEeh-eeh-eeh, ooh-ooh-ooh-oohYou're the only one of you (oh)Baby, that's the fun of youAnd I promise that nobody's gonna love you like me-e-eGirl, there ain't no I in team (ooh-ooh-ooh-ooh)But you know there is a meI'm the only one of me (oh-oh)Baby, that's the fun of me (eeh-eeh-eeh)Strike the band up, one, two, three (ooh-ooh-ooh-ooh)You can't spell awesome without meYou're the only one of youBaby, that's the fun of youAnd I promise that nobody's gonna love you like me-e-e;612.661;Taylor Swift / Joel Little / Brendon Urie
Mean;https://www.letras.mus.br/taylor-swift/1761772/;You, with your words like knivesAnd swords and weapons that you use against meYou, have knocked me off my feet againGot me feeling like I'm nothingYou, with your voice like nailsOn a chalkboard, calling me out when I'm woundedYou, picking on the weaker manWell, you can take me downWith just one single blowBut you don't know what you don't knowSomeday I'll be living in a big old cityAnd all you're ever gonna be is meanSomeday I'll be big enough so you can't hit meAnd all you're ever gonna be is meanWhy you gotta be so mean?You, with your switching sidesAnd your wildfire lies and your humiliationYou, have pointed out my flaws againAs if I don't already see themI walk with my head downTrying to block you out 'cause I'll never impress youI just want to feel okay againI bet you got pushed aroundSomebody made you coldBut the cycle ends right now'Cause you can't lead me down that roadYou don't know what you don't knowSomeday I'll be living in a big old cityAnd all you're ever gonna be is meanSomeday I'll be big enough so you can't hit meAnd all you're ever gonna be is meanWhy you gotta be so mean?And I can see you years from now in a barTalking over a football gameWith that same big loud opinion butNobody's listeningWashed up and ranting about the same old bitter thingsDrunk and grumbling on about how I can't singBut all you are is meanAll you are is meanAnd a liar, and pathetic, and alone in lifeAnd mean, and mean, and mean, and meanBut someday I'll be living in a big old cityAnd all you're ever gonna be is mean, yeahSomeday I'll be big enough so you can't hit meAnd all you're ever gonna be is mean(Why you gotta be so mean?)Someday I'll be living in a big old city(Why you gotta be so mean?)And all you're ever gonna be is mean(Why you gotta be so mean?)Someday I'll be big enough so you can't hit me(Why you gotta be so mean?)And all you're ever gonna be is meanWhy you gotta be so mean?;798.446;Taylor Swift
Message In a Bottle;https://www.letras.mus.br/taylor-swift/message-in-a-bottle-taylors-version-from-the-vault/;I know that you like meAnd it's kinda frighteningStanding here waiting, waitingAnd I became hypnotizedBy freckles and bright eyesTongue tiedBut nowYou're so far away and I'm downFeeling like a face in the crowdI'm reaching for youTerrified'Cause you could be the one that I love (love)I could be the one that you dream ofA message in a bottle is all I can doStanding here hoping it gets to youYou could be the one that I keep, and ICan be the reason you can't sleep at nightA mеssage in a bottle is all I can doStanding herе hoping it gets to youThese days I'm restlessWorkdays are endlessLook how you made me, made meBut time moves fasterReplaying you laughterDisaster'Cause nowYou're so far away and I'm downFeeling like a face in the crowdI'm reaching for youTerrified'Cause you could be the one that I love (love)I could be the one that you dream ofA message in a bottle is all I can doStanding here hoping it gets to you (it gets to you)You could be the one that I keep, and I (I)Can be the reason you can't sleep at nightA message in a bottle is all I can doStanding here hoping it gets to youHow is it in London?Where are you while I'm wonderin'If I'll ever see you again?You could be the one that I loveAnd now I'm standing here hoping it gets to you'Cause you could be the one that I love (love)I could be the one that you dream ofA message in a bottle is all I can doStanding here hoping it gets to you (it gets to you)You could be the one that I keep, and ICan be the reason you can't sleep at night (can't sleep at night)A message in a bottle is all I can doStanding here hoping it gets to you (yeah, yeah)You could be the one that I loveYou could be the one that I loveI loveAnd now I'm standing here hoping this gets to you;79.245;Max Martin / Shellback / Taylor Swift
Midnight Rain;https://www.letras.mus.br/taylor-swift/midnight-rain/;(Rain)(He wanted it comfortable, I wanted that pain)(He wanted a bride, I was making my own name)(Chasing that fame, he stayed the same)(All of me changed like midnight)My town was a wastelandFull of cages, full of fencesPageant queens and big pretendersBut for some, it was paradiseMy boy was a montageA slow-motion, love potionJumping off things in the oceanI broke his heart 'cause he was niceHe was sunshine, I was midnight(Rain)(He wanted it comfortable, I wanted that pain)(He wanted a bride, I was making my own name)(Chasing that fame, he stayed the same)(All of me changed like midnight)It came like a postcardPicture perfect shiny familyHoliday peppermint candyBut for him, it's every daySo I peered through a windowA deep portal, time travelAll the love we unravelAnd the life I gave away'Cause he was sunshine, I was midnightRainHe wanted it comfortable, I wanted that painHe wanted a bride, I was making my own nameChasing that fame, he stayed the sameAll of me changed like midnight(Rain)(He wanted it comfortable, I wanted that pain)(He wanted a bride, I was making my own name)(Chasing that fame, he stayed the same)(All of me changed like midnight)I guess sometimes we all getJust what we wanted, just what we wantedAnd he never thinks of meExcept for when I'm on TVI guess sometimes we all getSome kind of haunted, some kind of hauntedAnd I never think of himExcept on midnights like this(Midnights like this, midnights like this);487.539;Taylor Swift / Jack Antonoff
Mine;https://www.letras.mus.br/taylor-swift/1720741/;Ah, ah, ah, ahAh, ah, ah, ahYou were in college, working part-time, waiting tablesLeft a small town, never looked backI was a flight risk with a fear of fallingWondering why we bother with love if it never lastsI say: Can you believe it?As we're lying on the couchThe moment I could see itYes, yes, I can see it nowDo you remember, we were sitting there by the water?You put your arm around me for the first timeYou made a rebel of a careless man's careful daughterYou are the best thing that's ever been mineFlash forward and we're taking on the world togetherAnd there's a drawer of my things at your placeYou learn my secrets and you figure out why I'm guardedYou say we'll never make my parents' mistakesBut we got bills to payWe got nothing figured outWhen it was hard to takeYes, yes, this is what I thought aboutDo you remember, we were sitting there by the water?You put your arm around me for the first timeYou made a rebel of a careless man's careful daughterYou are the best thing that's ever been mineDo you remember, all the city lights on the water?You saw me start to believe for the first timeYou made a rebel of a careless man's careful daughterYou are the best thing that's ever been mineOh, oh, oh, ohAnd I remember that fight, 2:30AMAs everything was slipping right out of our handsAnd I ran out cryingAnd you followed me out into the streetBraced myself for the goodbye'Cause that's all I've ever knownThen you took me by surpriseYou said: I'll never leave you aloneYou said: I remember how we felt sitting by the waterAnd every time I look at you is like the first timeI fell in love with a careless man's careful daughterShe is the best thing that's ever been mine(Hold on, make it last)(Hold on, never turn back)You made a rebel of a careless man's careful daughter (hold on)You are the best thing that's ever been mine (hold on, hold on)Do you believe it? (Hold on)We're gonna make it now (hold on, yeah)And I can see it (hold on)(Yeah, yeah, I can see it now, see it now);1.781.032;Taylor Swift
​mirrorball;https://www.letras.mus.br/taylor-swift/mirrorball/;I want you to knowI'm a mirrorballI'll show you every version of yourself tonightI'll get you out on the floorShimmering beautifulAnd when I break, it's in a million piecesHush, when no one is around, my dearYou'll find me on my tallest tip-toesSpinning in my highest heels, loveShining just for youHush, I know they said the end is nearBut I'm still on my tallest tip-toesSpinning in my highest heels, loveShining just for youI want you to knowI'm a mirrorballI can change everything about me to fit inYou are not like the regularsThe masquerade revelersDrunk as they watch my shattered edges glistenHush, when no one is around, my dearYou'll find me on my tallest tip-toesSpinning in my highest heels, loveShining just for youHush, I know they said the end is nearBut I'm still on my tallest tip-toesSpinning in my highest heels, loveShining just for youAnd they called off the circus, burned the disco downWhen they sent home the horses and the rodeo clownsI'm still on that tightropeI'm still trying everything to get you laughing at meI'm still a believer, but I don't know whyI've never been a natural, all I do is try, try, tryI'm still on that trapezeI'm still trying everything to keep you looking at meBecause I'm a mirrorballI'm a mirrorballAnd I'll show you every version of yourself tonight;587.028;Taylor Swift /  Jack Antonoff
Miss Americana & The Heartbreak Prince;https://www.letras.mus.br/taylor-swift/miss-americana-e-the-heartbreak-prince/;You know I adore you, I'm crazier for youThan I was at 16, lost in a film sceneWaving homecoming queens, marching band playingI'm lost in the lightsAmerican glory faded before meNow I'm feeling hopeless, ripped up my prom dressRunning through rose thorns, I saw the scoreboardAnd ran for my life (ah)No cameras catch my pageant smileI counted days, I counted milesTo see you there, to see you thereIt's been a long time coming, butIt's you and me, that's my whole worldThey whisper in the hallway: She's a bad, bad girl (okay)The whole school is rolling fake diceYou play stupid games, you win stupid prizesIt's you and me, there's nothing like thisMiss Americana and The Heartbreak Prince (okay)We're so sad, we paint the town blueVoted most likely to run away with youMy team is losing, battered and bruisingI see the high fives between the bad guysLeave with my head hung, you are the only oneWho seems to careAmerican stories burning before meI'm feeling helpless, the damsels are depressedBoys will be boys then, where are the wise men?Darling, I'm scared (ah)No cameras catch my muffled criesI counted days, I counted milesTo see you there, to see you thereAnd now the storm is coming, butIt's you and me, that's my whole worldThey whisper in the hallway: She's a bad, bad girl (okay)The whole school is rolling fake diceYou play stupid games, you win stupid prizesIt's you and me, there's nothing like thisMiss Americana and The Heartbreak Prince (okay)We're so sad, we paint the town blueVoted most likely to run away with youAnd I don't want you to (go), I don't really wanna (fight)'Cause nobody's gonna (win), I think you should come homeAnd I don't want you to (go), I don't really wanna (fight)'Cause nobody's gonna (win), I think you should come homeAnd I don't want you to (go), I don't really wanna (fight)'Cause nobody's gonna (win), I just think you should knowAnd I'll never let you (go) 'cause I know this is a (fight)That someday we're gonna (win)It's you and me, that's my whole worldThey whisper in the hallway: She's a bad, bad girlOh, I just thought you should know (you should know)It's you and me, there's nothing like this (like this)Miss Americana and The Heartbreak Prince (okay)We're so sad, we paint the town blue (paint it blue)Voted most likely to run away with youAnd I don't want you to (go), I don't really wanna (fight)'Cause nobody's gonna (win), I think you should come homeAnd I'll never let you (go) 'cause I know this is a (fight)That one day we're gonna (win), I just think you should knowIt's you and me, that's my whole worldThey whisper in the hallway: She's a bad, bad girlShe's a bad, bad girl;395.694;Taylor Swift / Joel Little
Miss Invisible;https://www.letras.mus.br/taylor-swift/1846446/;There's a girlWho sits under the bleachersJust another day eating aloneAnd though she smilesThere is something just hidingAnd she cant find a way to relateShe just goes unnoticedAs the crowd passes byAnd she'll pretend to be busyWhen inside she just wants to cryShe'll say...Take a little look at the life of Miss Always InvisibleLook a little closer, I really really want you to put yourself in her shoesTake another look at the face of Miss Always InvisibleLook a little closer and maybe then you will see why she waits for the dayWhen you'll ask her her nameThe begining, in the first weeks of classShe did everything to try and fit inBut the others they couldn't seem to get past all the things that mismatched on the surfaceAnd she would close her eyes when they left and she fell down the stairsAnd the more that they jokedAnd the more that they screamedShe retreated to where she is nowAnd she'll sing...Take a little look at the life of Miss Always InvisibleLook a little harder I really really want you to put yourself in her shoesTake a little look at the face of Miss Always InvisibleLook a little closer and maybe then you will see why she waits for the dayWhen you will ask her her nameAnd then one day just the same as the lastJust the days been in counting the timeCame a boy that sat under the bleachers just a little bit further behind...;31.126;Marié Digby
Missing You (Feat. Tyler Hilton);https://www.letras.mus.br/taylor-swift/1317701/;EverytimeI think of youI always catchMy breathI'm stillStanding hereAnd your miles awayAnd I wonder whyYou left meAnd there's a stormThat's raging throughMy frozen heart tonightTyler:I hear your nameIn certain circlesAnd it alwaysMakes me smileI spent my timeJust thinkin'About youAnd it's almostDriving me wildBut it's my heartThat's beggin downThis long distanceLine tonightTaylor/Tyler:And IAin't missin' youAt allSince you'veBeen gone awayI ain't missin' youNo matterWhat I might sayTyler:There's a messageIn the wiresAnd I am sendin' youA signal tonightYou don't knowHow desperateI've becomeAnd It looksLike I'm loosein'This fightBut it's my heartThat's breakin' downThis long dustyRoad of mineBut I ain'tMissin' youAt allSince you'veBeen gone awayI aint missin' you atNo matterWhat my friends sayTaylor:And there's a messageThat I'm sendin' outLike a telographTo you or somethingI can't bridgeThis distanceHoneyStop this heartAche all aloneTaylor/Tyler:I ain't missin' youAt allSince you'veBeen gone awayI ain't missin' youNo matterWhat my friends sayI ain't missin' youSince you'veBeen gone awayI ain't missin' youYeah, no matterWhat your friends sayHey, yeahYeah, yeah, yeahI ain't missin' youAt allSince you'veBeen gone awayI ain't missin' youNooo;77.506;Sabe de quem é a composição? Envie pra gente.
Monologue Song (La La La);https://www.letras.mus.br/taylor-swift/1582856/;I like glitter and sparkly dressesBut I'm not gonna talk about thatIn my monologueI like baking and things that smell like winterBut I'm not gonna talk about thatIn my monologueLa la laLa la laI like writing songs about douchebags who cheat on meBut I'm not gonna say thatIn my monologueI like writing their names into songs so they're ashamed to go in publicBut I'm not gonna say thatIn my monologueLa la la la la la laThis is my musical monologueYou might think I'd bring up JoeThat guy who broke up with me on the phoneBut I'm not gonna mention himIn my monologueHey Joe, I'm doin' real wellTonight I'm hosting SNLBut I'm not gonna brag about thatIn my monologueLa la laHa ha haHa ha haHa ha haLa la laAnd if you're wondering I might be dating the werewolf from TwilightHi, Taylor!I'm not gonna comment on that in my monologueLa la la la la la laThis is my musical monologue!You might expect me to say, something bad about KanyeAnd how he ran up on the stage and ruined my VMA monologueBut there's nothing more to say'cause everything's okayI've got security lignting the stage!It's my SNL monologueLa la la la la la laThis is, my SNL monologueLa la la la la la laThat was my SNL monologue!;55.342;Taylor Swift
Mr. Perfectly Fine;https://www.letras.mus.br/taylor-swift/mr-perfectly-fine/;Mr. Perfect faceMr. Here to stayMr. Looked me in the eye and told me you would never go awayEverything was rightMr. I've been waiting for you all my lifeMr. Every single day until the end, I will be by your sideBut that was when I got to know Mr. Change of heartMr. Leaves me all alone, I fall apartIt takes everything in me just to get up each dayBut it's wonderful to see that you're okayHello, Mr. Perfectly fineHow's your heart after breaking mine?Mr. Always at the right place at the right time, babyHello, Mr. Casually cruelMr. Everything revolves around youI've been Miss Misery since your goodbyeAnd you're Mr. Perfectly fineMr. Never told me whyMr. Never had to see me cryMr. Insincere apology so he doesn't look like the bad guyHe goes about his dayForgets he ever even heard my nameWell, I thought you might be different than the restI guess you're all the same'Cause I hear he's got his arm around a brand new girlI've been pickin' up my heart, he's been pickin' up herAnd I never got past what you put me throughBut it's wonderful to see that it never phased youHello, Mr. Perfectly fineHow's your heart after breaking mine?Mr. Always at the right place at the right time, babyHello, Mr. Casually cruelMr. Everything revolves around youI've been Miss Misery since your goodbyeAnd you're Mr. Perfectly fineSo dignified in your well-pressed suitSo strategized, all the eyes on youSashay away to your seatIt's the best seat in the best roomOh, he's so smug, Mr. Always winsSo far above me in every senseSo far above feeling anythingAnd it's really such a shameIt's such a shame'Cause I was Miss Here to stayNow I'm Miss Gonna be alright somedayAnd someday maybe you'll miss meBut by then you'll be Mr. Too LateGoodbye, Mr. Perfectly fineHow's your heart after breaking mine?Mr. Always at the right place at the right time, babyGoodbye, Mr. Casually cruelMr. Everything revolves around youI've been Miss Misery for the last timeAnd you're Mr. Perfectly fineYou're perfectly fineMr. Looked me in the eye and told me you would never go awayYou said you'd never go away;467.218;Taylor Swift
My Boy Only Breaks His Favorite Toys;https://www.letras.mus.br/taylor-swift/my-boy-only-breaks-his-favorite-toys/;Oh, here we go againThe voices in his headCalled the rain to end our days of wildThe sickest army dollPurchased at the mallRivulets descend my plastic smileBut you should've seen him when he first got meMy boy only breaks his favorite toys, toys, oh-oh-oh-oh-ohI'm queen of sand castles he destroys, oh, oh-oh-oh-oh-oh'Cause it fit too right, puzzle pieces in the dead of nightI should've known it was a matter of time, oh, oh-oh-oh-oh-ohMy boy only breaks his favorite toys, oh, oh-oh-ohThere was a litany of reasons whyWe could've playеd for keeps this timeI know I'm just repeating mysеlfPut me back on my shelfBut first, pull the stringAnd I'll tell you that he runsBecause he loves me (he loves me)'Cause you should've seen him when he first saw meMy boy only breaks his favorite toys, toys, oh-oh-oh-oh-ohI'm queen (I'm queen) of sand castles he destroys, oh, oh-oh-oh-oh-oh'Cause I knew too much, there was danger in the heat of my touchHe saw forever, so he smashed it up, oh, oh-oh-oh-oh-ohMy boy (my boy), only breaks his favorite toys, oh, oh-oh-oh(Oh-oh-oh, oh-oh-oh)Once I fix me (oh-oh-oh, oh-oh-oh)He's gonna miss me (oh-oh-oh, oh-oh-oh)Once I fix me (oh-oh-oh, oh-oh-oh)He's gonna miss meJust say when, I'd play againHe was my best friendDown at the sandlotI felt more when we played pretendThan with all the Kens'Cause he took me out of my box (oh-oh, oh-oh)Stole my tortured heart (oh-oh, oh-oh)Left all these broken parts (oh-oh)Told me I'm better off (oh-oh)But I'm notI'm notI'm not;260.620;Taylor Swift
My Boy Only Breaks His Favorite Toys (First Draft Phone Memo);https://www.letras.mus.br/taylor-swift/my-boy-only-breaks-his-favorite-toys-first-draft-phone-memo/;Hey, so, um, this is kind of an abnormal structureBut I think it could be really cool this wayAnd just, it sounds sad 'cause it's on piano, um, and, I'm sad in generalBut um, it's gotta have, like, a driving synth beat, or whateverOh, here we go againThe voices in his headRing out louder than our midnight sighsThe sickest army dollPurchased at the mallRivulets descend my plastic smileBut you should've seen him when he first got meMy boy only breaks his favorite toys, toys, ohI'm queen of sand castles he destroys, oh, oh'Cause it fit too right, puzzle pieces in the dead of nightShould've known it was a matter of time, oh, ohMy boy only breaks his favorite toys, ohThere was a litany of reasons whyIt could've been different this timeI know I'm just repeating myselfPut me back on my shelfBut first, pull the stringI'll tell you that he runsBecause he loves me'Cause you should've seen him when he first saw meMy boy only breaks his favorite toys, toys, ohI'm queen of the kingdoms he destroys, oh, oh'Cause I knew too much, there was danger in the heat of my touchSaid forever, then he blew it up, oh, ohMy boy only breaks his favorite toys, toysJust say when, I'd play againHe was my best friend and that was the worst partI felt more then, in brief momentsThan with all the kens'Cause he took me out of my boxLeft all these broken partsAnd kept my tortured heartAnd told me I'm better offBut I'm notAnd I think you can just end it like that;5.617;Taylor Swift
My Cure;https://www.letras.mus.br/taylor-swift/1846562/;I know we've got a lot to sayBetween now and foreverBut I'd be a game if you would playAnd I dare this to get betterSomewhere throughout the dayYou smile and walk awayAll I can think to doIs follow youAnd if you ever leave, I'll be crawling back for moreAnd if you ever need love, I'm standing at your doorI'll be sick inside if, baby, you would be my cureWherever you think I am tonightJust know that we're miles from a heartbreakBecause in the blink of a pretty brown eyeI'll be rightwhere you are, babySometime along the wayYou take my breath awayDistracted by the viewI fall right into youAnd if you ever leave, I'll be crawling back for moreAnd if you ever need love, I'm standing at your doorI'll be sick inside if, baby, you would be my cureThey say I need to seeAll the people out there waitin'But you take one look at meAnd I know the mistake I'll be makin''Cause if you ever leave, I'll be crawling back for moreAnd if you ever need my love, I'm standing at your doorI'll be sick inside if, baby, you would be my cureI know we've got a lot to sayBetween now and forever;26.508;Taylor Swift
​my tears ricochet;https://www.letras.mus.br/taylor-swift/my-tears-ricochet/;We gather here, we line up, weepin' in a sunlit roomAnd if I'm on fire, you'll be made of ashes, tooEven on my worst day, did I deserve, babeAll the hell you gave me?'Cause I loved you, I swear I loved youTill my dying dayI didn't have it in myself to go with graceAnd you're the hero flying around, saving faceAnd if I'm dead to you, why are you at the wake?Cursing my name, wishing I stayedLook at how my tears ricochetWe gather stones, never knowing what they'll meanSome to throw, some to make a diamond ringYou know I didn't want to have to haunt youBut what a ghostly sceneYou wear the same jewels that I gave youAs you bury meI didn't have it in myself to go with grace'Cause when I'd fight, you used to tell me I was braveAnd if I'm dead to you, why are you at the wake?Cursing my name, wishing I stayedLook at how my tears ricochetAnd I can go anywhere I wantAnywhere I want, just not homeAnd you can aim for my heart, go for bloodBut you would still miss me in your bonesAnd I still talk to you (when I'm screaming at the sky)And when you can't sleep at night (you hear my stolen lullabies)I didn't have it in myself to go with graceAnd so the battleships will sink beneath the wavesYou had to kill me, but it killed you just the sameCursing my name, wishing I stayedYou turned into your worst fearsAnd you're tossing out blame, drunk on this painCrossing out the good yearsAnd you're cursing my name, wishing I stayedLook at how my tears ricochet;835.525;Taylor Swift
My Turn To Be Me;https://www.letras.mus.br/taylor-swift/my-turn-to-be-me/;Something about me didn't fit into your perfect worldI bet the bluegrass stained your smileYou should use a darker color when you write on the wallI haven't read it a thousand timesMaybe if you saw me for a secondyou would realizeHoney I was trying so hardTo talk, walk, think, stopAnytime you want me toBend all my rulesI used to let you chooseWho you wanted me to beThis time I'm flying freeIt's my turn to be meYou liked the face but you had to replace meInside I saw the walls of me go downYou can take the girl away fromCowboy hats and steel guitarsShe'll still sing the same old songsMaybe if you saw me for a secondyou would realizeHoney I was trying so hardTo talk, walk, think, stopAnytime you want me toBend all my rulesI used to let you chooseWho you wanted me to beThis time I'm flying freeIt's my turn to be meTurned on that radioHey that's when I realizedIt wasn't our song, it was yoursAnd in conversation baby I was decorationNow I deserve a little bit more thanTo talk, walk, think, stopAnytime you want me toBend all my rulesI used to let you chooseWho you wanted me to beThis time I'm flying freeIt's my turn to be meIt's my turn to be me;4.167;Sabe de quem é a composição? Envie pra gente.
Nashville;https://www.letras.mus.br/taylor-swift/nashville/;On a crowded highwayThrough a night aloneI was barely breathingI was crawling homeWell, it's not quite LondonOr the south of FranceOr an Asian islandOr a second chanceGoing back to NashvilleThinking 'bout the whole thingGuess you've got to run sometimesMaybe I'm a fast trainRolling through a valleyWatching all my life go byYou're a distant memoryYou're an exit signI was talking crazyOn the driver's sideAnd I know I hurt youBut i can't confessWas that blood or a wine stainOn your wedding dress?Going back to NashvilleThinking 'bout the whole thingGuess you've got to run sometimesMaybe I'm a fast trainBlowing through a mountainWatching all my life go byGoing back to NashvilleLaughing at a bad breakWhat's the use in wondering why?Maybe i'm a storm frontGoing through a valleyTearing up a good JulyAnd its safe and warmWhere nothing ever happensCould it be so hard?To realign a star for youChange a southern night for youGoing back to NashvilleThinking bout the whole thingGuess you've got to run sometimesMaybe I'm a fast trainRolling though a valleyTearing up a good JulyI'm going back to NashvilleLaughing at a bad breakWhat's the use in wondering why?Maybe I'm a storm frontRolling through the valleyTearing up a good JulyGoing back to NashvilleI'm going back to NashvilleGoing back to Naaaaahh....Going back to NashvilleWhat's the use in wondering why?;7.612;Sabe de quem é a composição? Envie pra gente.
Need (Unreleased);https://www.letras.mus.br/taylor-swift/need-unreleased/;Want is the cigarette smoke on a jacketYou wore to the wrong part of townDesire is the sound of the whiskeyTelling me you miss me, can you come around?Passion is a passing thingIt’s accidental chemistryLust is a liar, a short-lived fireIt ain’t what you and I are at allOh, it’s a need, it’s a needI would go anywhere that you leadI am hopeless, breathless, burning slowTouch me, hold me, tell me: I won’t let you goI won’t leave, it’s a needDanger is a thousand prickles on my neckThat tell me to run or to freezeFear is the nightmare I had, you were with someone elseYou forgot about mePassion is a passing thingIt’s accidental chemistryCaught up in a feeling, it can be deceivingThis is like breathing for meOh, it’s a need, it’s a needI would go anywhere that you leadI am hopeless, breathless, burning slowTouch me, hold me, tell me: I won’t let you goI won’t leave, it’s a needBaby, it’s alwaysA new kiss every time we do thisThe truth isIt’s essential to meThat you love me more thanWishing, longingOh, it’s a need (it’s a need), it’s a need (ah-ah, ah-ah)I would go (I would go) anywhere (anywhere) that you lead (oh, oh)I am hopeless, breathless, burning slow (burning slow)Touch me, hold me, tell me: I won’t let you goI won’t leave (I won’t leave), it’s a need (oh);79.954;Taylor Swift
Need You Now;https://www.letras.mus.br/taylor-swift/need-you-now/;I need you nowRead letters that I wrote on the wallAnd the message that I left when I calledI need you nowWords I said drowned out by the rainWaiting there for you, but you never cameMy world’s a little colder nowBut I’m keeping warm somehowSo here you are at my windowGuess nobody told youI don’t need you, don’t need youAnd I waited, so frustratedWho’s gonna hold you?I don’t need you, don’t need you nowI need you nowWords I heard you whisper to meWhen we were walking down a one-way streetYou need me nowThat’s what you've been telling my friendsBut I've come too far to go back there againMy heart, my mind, the numbers have changedYou might as well forget my nameSo here you are at my windowGuess nobody told youI don’t need you, don’t need youAnd I waited, so frustratedWho’s gonna hold you?I don’t need you, don’t need you nowI need you nowRead letters that I wrote on the wallAnd the message that I left when I calledSo here you are at my windowGuess nobody told youI don’t need you, don’t need youAnd I waited, so frustratedSo who’s gonna hold you?I don’t need you nowI’ll go nowhere for your carI don’t wonder where you areI don’t dream about you 'causeI don’t need you nowI don’t think about the wayThat I never heard you sayI need you, I need youI don’t need you nowDon't need youI don't need you now;21.812;Taylor Swift
Never Fade;https://www.letras.mus.br/taylor-swift/never-fade/;I think you fell off of your cloud todayYou didn't see it coming or did youYou tried to please everybodyBut the sweet breeze swept you awayThe sun goes down on a good dayTomorrow is still an unknownYou think you're all alone in this placeI think you're crazy 'cause I still love you babyOh don't fade away babyBlowing in the wind is getting harder to doDon't count the days as they leave youCount them as you find a day newDon't fade awayNever fadeHard to breathe, nobody knows it's youSomebody blows your candle outYou wore a mask, now that's broken tooEverybody else was everything to youThe sun goes down on a good dayTomorrow is still an unknownYou think everybody wants a fightI think you're crazy 'cause I still love you babyOh don't fade away babyBlowing in the wind is getting harder to doDon't count the days as they leave youCount them as you find a day newDon't fade awayNever fadeI think you fell out of the sky todayI think you know it's trueYou've seen the world, now all you see is meTell me now baby what are you gonna doOh don't fade away babyBlowing in the wind is getting harder to doDon't count the days as they leave youCount them as you find a day newDon't fade awayDon't fade awayDon't fade awayNever fade;3.319;Sabe de quem é a composição? Envie pra gente.
Never Grow Up;https://www.letras.mus.br/taylor-swift/1763834/;Your little hand's wrapped around my fingerAnd it's so quiet in the world tonightYour little eyelids flutter 'cause you're dreamingSo I tuck you inTurn on your favorite night lightTo you everything's funnyYou got nothing to regretI'd give all I have, honeyIf you could stay like thatOh, darling, don't you ever grow upDon't you ever grow upJust stay this littleOh, darling, don't you ever grow upDon't you ever grow upIt could stay this simpleI won't let nobody hurt youWon't let no one break your heartAnd no one will desert youJust try to never grow upNever grow upYou're in the car on the way to the moviesAnd you're mortified your mom's dropping you offAt fourteen, there's just so much you can't doAnd you can't wait to move outSomeday and call your own shotsBut don't make her drop you off around the blockRemember that she's getting older tooAnd don't lose the way that you dance around in your pj'sGetting ready for schoolOh, darling, don't you ever grow upDon't you ever grow upJust stay this littleOh, darling, don't you ever grow upDon't you ever grow upIt could stay this simpleNo one's ever burned youNothing's ever left you scarredAnd even though you want toJust try to never grow upTake pictures in your mind of your childhood roomMemorize what it sounded like when your dad gets homeRemember the footsteps, remember the words saidAnd all your little brother's favorite songsI just realized everything I have is someday gonna be goneSo here I am in my new apartmentIn a big city, they just dropped me offIt's so much colder than I thought it would beSo I tuck myself in and turn my night light onWish I'd never grown upI wish I'd never grown upOh, I don't wanna grow upWish I'd never grown upI could still be littleOh, I don't wanna grow upWish I'd never grown upIt could still be simpleOh, darling, don't you ever grow upDon't you ever grow upJust stay this littleOh, darling, don't you ever grow upDon't you ever grow upIt could stay this simpleWon't let nobody hurt youWon't let no one break your heartAnd even though you want toPlease, try to never grow upOh, don't you ever grow upOh (never grow up)Just never grow up;328.343;Taylor Swift
Never Mind;https://www.letras.mus.br/taylor-swift/1829652/;Look at you, look at meLook at who we could beI wanna know who you areWhat you want from the starsAnd every time I look at youI can hardly say a thingMy head starts to spinAnd it hits me then I love youAnd every time you look at meI could go crazy, but I don’tSay it, but I won’t‘Cause I’d rather be alone than lose youAnd all I really wanna do is be next to youBut I’m too tired to fightAnd I could tell you nowBut, baby, never mindAll the time, every dayThere’s nothing I can do, baby, to make it go awaySo look at you and look at meNow think of who we could beAnd every time I look at youI can hardly say a thingMy head starts to spinAnd it hits me then I love youAnd every time you look at meI could go crazy, but I don’tSay it, but I won’t‘Cause I’d rather be alone than lose youAnd all I really wanna do is be next to youBut I’m to tired to fightAnd I could tell you nowBut, baby, never mindAll I really wanna say is, “I need you, babe”But how could you understandWhat happens if you turned awayAnd everything turns blue and gray?And I just wish I told you “never mind”And I could tell you nowBut, baby, never mindYeah, I could tell you nowBut never mindAnd I could tell you nowBut never mind;37.173;Sabe de quem é a composição? Envie pra gente.
New Romantics;https://www.letras.mus.br/taylor-swift/new-romance/;We're all boredWe're all so tired of everythingWe wait forTrains that just aren't comingWe show offOur different scarlet lettersTrust me, mine is betterWe're so youngWe're on the road to ruinWe play dumbBut we know exactly what we're doin'We cry tearsOf mascara in the bathroomHoney, life is just a classroom (ah, ah, ah)'Cause, baby, I could build a castleOut of all the bricks they threw at meAnd every day is like a battleBut every night with us is like a dreamBaby, we're the new romanticsCome on, come along with meHeartbreak is the national anthemWe sing it proudlyWe are too busy dancingTo get knocked off our feetBaby, we're the new romanticsThe best people in life are freeWe're all hereThe lights and noise are blindingWe hang backIt's all in the timingIt's pokerHe can't see it in my faceBut I'm about to play my aceWe need loveBut all we want is dangerWe team upThen switch sides like a record changerThe rumoursAre terrible and cruelBut, honey, most of them are true (ah, ah, ah)'Cause, baby, I could build a castleOut of all the bricks they threw at meAnd every day is like a battleBut every night with us is like a dreamBaby, we're the new romanticsCome on, come along with meHeartbreak is the national anthemWe sing it proudlyWe are too busy dancingTo get knocked off our feetBaby, we're the new romanticsThe best people in life are free (ah, ah, ah)So come on, come along with me (ah, ah, ah)The best people in life are freePlease, take my hand, andPlease, take me dancingAnd, please, leave me strandedIt's so romantic (it's so romantic)'Cause, baby, I could build a castleOut of all the bricks they threw at meAnd every day is like a battleBut every night with us is like a dream'Cause, baby, I could built a castle (castle)Out of all the bricks they threw at meAnd every day is like a battleBut every night with us is like a dreamBaby, we're the new romanticsCome on, come along with meHeartbreak is the national anthemWe sing it proudlyWe are too busy dancingTo get knocked off our feetBaby, we're the new romanticsThe best people in life are free;741.189;Taylor Swift / Shelback / Max Martin / Erik Ron
New Year’s Day;https://www.letras.mus.br/taylor-swift/new-years-day/;There's glitter on the floor after the partyGirls carrying their shoes down in the lobbyCandle wax and Polaroids on the hardwood floorYou and me from the night before, butDon’t read the last pageBut I stay when you're lost, and I'm scaredAnd you’re turning awayI want your midnightsBut I'll be cleaning up bottles with youOn New Year's DayYou squeeze my hand three times in the back of the taxiI can tell that it's gonna be a long roadI'll be there if you're the toast of the town, babeOr if you strike out and you're crawling homeDon't read the last pageBut I stay when it’s hard or it’s wrongOr we're making mistakesI want your midnightsBut I’ll be cleaning up bottles with youOn New Year's DayHold on to the memories, they will hold on to youHold on to the memories, they will hold on to youHold on to the memories, they will hold on to youAnd I will hold on to youPlease, don't ever become a strangerWhose laugh I could recognize anywherePlease, don't ever become a strangerWhose laugh I could recognize anywhereThere’s glitter on the floor after the partyGirls carrying their shoes down in the lobbyCandle wax and Polaroids on the hardwood floorYou and me for evermoreDon't read the last pageBut I stay when it's hard or it's wrongOr we're making mistakesI want your midnightsBut I'll be cleaning up bottles with youOn New Year's DayHold on to the memories, they will hold on to youHold on to the memories, they will hold on to youHold on to the memories, they will hold on to youAnd I will hold on to you(Hold on)Please, don't ever become a stranger(To the memories, they will hold on to you)Whose laugh I could recognize anywhere(Hold on to the memories, they will hold on to you)Please, don't ever become a stranger(Hold on to the memories, they will hold on to you)Whose laugh I could recognize anywhere(And I will hold on to you);399.238;Jack Antonoff / Taylor Swift
no body, no crime (feat. HAIM);https://www.letras.mus.br/taylor-swift/no-body-no-crime-feat-haim/;He did itHe did itEste's a friend of mineWe meet up every Tuesday night for dinner and a glass of wineEste's been losin' sleepHer husband's actin' different and it smells like infidelityShe says: That ain't my Merlot on his mouthThat ain't my jewelry on our joint accountNo, there ain't no doubtI think I'm gonna call him outShe says: I think he did it, but I just can't prove itI think he did it, but I just can't prove itI think he did it, but I just can't prove itNo, no body, no crimeBut I ain't lettin' up until the day I dieNo, noI think he did itNo, noHe did itEste wasn't thereTuesday night at Olive Garden, at her job or anywhereHe reports his missing wifeAnd I noticed when I passed his house his truck has got some brand new tiresAnd his mistress moved inSleeps in Este's bed and everythingNo, there ain't no doubtSomebody's gotta catch him out 'causeI think he did it, but I just can't prove it (he did it)I think he did it, but I just can't prove it (he did it)I think he did it, but I just can't prove itNo, no body, no crimeBut I ain't lettin' up until the day I dieNo, noI think he did itNo, noHe did itGood thing my daddy made me get a boating license when I was fifteenAnd I've cleaned enough houses to know how to cover up a sceneGood thing Este's sister's gonna swear she was with me (she was with me, dude)Good thing his mistress took out a big life insurance policyThey think she did it, but they just can't prove itThey think she did it, but they just can't prove itShe thinks I did it, but she just can't prove itNo, no body, no crimeI wasn't lettin' up until the day heNo, no body, no crimeI wasn't lettin' up until the day heNo, no body, no crimeI wasn't lettin' up until the day he died;249.236;Taylor Swift
Nothing New (feat. Phoebe Bridgers);https://www.letras.mus.br/taylor-swift/nothing-new-feat-phoebe-bridgers-taylors-version-from-the-vault/;They tell you while you're youngGirls, go out and have your funThen they hunt and slay the onesWho actually do itCriticize the way you flyWhen you're soaring through the skyShoot you down and then they sigh and sayShe looks like she's been through itLord, what will become of meOnce I've lost my novelty?I've had too much to drink tonightAnd I know it's sad, but this is what I think aboutAnd I wake up in the middle of the nightIt's like I can feel time movingHow can a person know everything at 18But nothing at 22?And will you still want meWhen I'm nothing new?How long will it be cuteAll this crying in my room?When you can't blame it on my youthAnd roll your eyes with affectionAnd my cheeks are growing tiredFrom turning red and faking smilesAre we only biding time'Til I lose your attention?And someone else lights up the roomPeople love an ingénueI've had (I've had)Too much to drink tonightHow did I go from growing up to breaking down?And I wake up (wake up)In the middle of the nightIt's like I can feel time movingHow can a person know everything at 18But nothing at 22?And will you still want meWhen I'm nothing new?I know someday I'm gonna meet herIt's a fever dreamThe kind of radiance you only have at 17She'll know the way and then she'll say she got the map from meI'll say I'm happy for herThen I'll cry myself to sleepOh, ohI've had (I've had)Too much to drink tonightBut I wonder if they'll miss me once they drive me outI wake up (wake up)In the middle of the nightAnd I can feel time movingHow can a person know everything at 18But nothing at 22?And will you still want meWill you still want meWill you still want meWhen I'm nothing new?;216.726;Taylor Swift
Now That We Don’t Talk;https://www.letras.mus.br/taylor-swift/now-that-we-dont-talk/;You went to a partyI heard from everybodyYou part the crowd like the red seaDon't even get me startedDid you get anxious, thoughOn the way home?I guess I'll never ever knowNow that we don't talkYou grew your hair longYou got new iconsAnd from the outsideIt looks like you're trying lives onI miss the old waysYou didn't have to changeBut I guess I don't have a sayNow that we don't talkI call my mom, she said that it was for the bestRemind myself the morе I gave, you'd want me lessI cannot bе your friend, so I pay the price of what I lostAnd what it cost, now that we don't talkWhat do you tell your friends weShared dinners, long weekends with?Truth is, I can't pretend it'sPlatonic, it's just ended, soI call my mom, she said to get it off my chest (off my chest)Remind myself the way you faded till I left (until I left)I cannot be your friend, so I pay the price of what I lost (of what I lost)And what it cost, now that we don't talkI don't have to pretend I like acid rockOr that I'd like to be on a mega yachtWith important men who think important thoughtsGuess maybe I am better off now that we don't talkAnd the only way back to my dignityWas to turn into a shrouded mysteryJust like I had been when you were chasing meGuess this is how it has to be now that we don't talk;226.796;Jack Antonoff / Taylor Swift
One Way Ticket;https://www.letras.mus.br/taylor-swift/1317699/;Standing on the borderLooking out into the great unknownI can feel my heart beating fasteras I step out on my ownThere's a new horizonand the promise of favorable windI'm heading out tonight,traveling lightI'm gonna start all over againAnd buy a one-way ticketon a west bound trainSee how far I can goCause I'm gonna go outdancing in the pouring rainAnd talk to someone I don't knowI will face the world around meKnowing that I'm strong enoughto let you goAnd I will fall in love againBecause I canGonna climb the mountainAnd look the eagle in the eyeI won't let fear clip my wingsand tell me how high I can flyHow could I have ever believedThat love had to be so blindWhen freedom was waiting, down at the stationAll I had to dowas make up my mindAnd buy a one-way ticketon a west bound trainSee how far I can goCause I'm gonna go outdancing in the pouring rainAnd talk to someone I don't knowI will face the world around meKnowing that I'm strong enoughto let you goAnd I will fall in love againBecause I canWell,I have walked through the fireAnd crawled on my kneesthrough the valleyof the shadow of doubtThen the truth came shininglike a light on meand now I can see my way outBuy a one-way ticketon a west bound trainSee how far I can goCause I'm gonna go outdancing in the pouring rainAnd talk to someone I don't knowBuy a one-way ticketon a west bound trainI'm gonna have my breakfastwith some pink champagneGonna sail the ocean,gonna spread my wingsGonna climb that mountain,gonna do everything;23.080;Sabe de quem é a composição? Envie pra gente.
Only The Young;https://www.letras.mus.br/taylor-swift/only-the-young/;It keeps me awakeThe look on your faceThe moment you heard the newsYou're screaming insideAnd frozen in timeYou did all that you could doThe game was rigged, the ref got trickedThe wrong ones think they're rightYou were outnumbered, this timeBut only the youngOnly the youngOnly the youngOnly the young can runCan runSo runAnd run, and runSo every day nowYou brace for the soundYou've only heard on TVYou go to class scaredWondering where the best hiding spot would beAnd the big bad man and his big bad clanTheir hands are stained with redOh, how quickly they forgetThey aren't gonna help usToo busy helping themselvesThey aren't gonna change thisWe gotta do it ourselvesThey think that it's overBut it's just begunOnly one thing can save usOnly the young (only the young)Only the young (only the young)Only the young (only the young)Only the youngOnly the young (only the young)Only the young (only the young)Only the young (only the young)Only the youngOnly the young (only the young)Only the young (don't say you're too tired to fight) (only the young)Only the young (it's just a matter of time) (only the young)Only the young (up there's the finish line) (only the young)Only the youngCan runDon't say you're too tired to fightIt's just a matter of time (can run)Up there's the finish lineSo run, and run, and runDon't say you're too tired to fightIt's just a matter of time (so run)Up there's the finish lineAnd run, and run, and runOnly the youngOnly the youngOnly the young;92.761;Joel Little / Taylor Swift
Our Last Night;https://www.letras.mus.br/taylor-swift/1479604/;We were standing in an empty roomThe moonlight was fallingYou were holding my hand when the car pulled up for youAnd I could have spent a life with youBut those days were overYou were calling my name when your face faded from viewAnd wasn't it you who told me?The sun would always chase the dayAnd wasn't it you who told me?Angels fly in the air tonightSaying, wasn't it just like swimming out on the lake?And stars collide and the air's aliveOr was it just like those promises that you madeOn our last night?I remember waking up with youThe days doing nothingYou meant more to me then than I think you ever knewBut you were gonna be a doctor, a movie starA poet at a Nobel seminarI hope the world never tore that out of youAnd wasn't it you who told me?The sun would always chase the dayAnd wasn't it you who told me?Angels fly in the air tonightSaying, wasn't it just like swimming out on the lake?And stars collide and the air's aliveOr was it just like those promises that you madeOn our last night?And what ever happened to the things you loved?And the songs we played, and the indian days?What ever happened to the things you gave away?Like Harold and Maude singingI was waving as you drove awayThe sunlight was fallingYou were writing backwards in a dusty window paneAngels fly in the air tonightOr wasn't it just like swimming out on the lake?Stars collide and the air's aliveOr was it just like those promises that you madeOn our last night?On our last night;39.193;Better Than Ezra
Our Song;https://www.letras.mus.br/taylor-swift/826176/;I was riding shotgun with my hair undoneIn the front seat of his carHe's got a one-hand feel on the steering wheelThe other on my heartI look around, turn the radio downHe says: Baby, is something wrong?I say: Nothing, I was just thinkingHow we don't have a songAnd he saysOur song is the slamming screen doorSneakin' out late, tapping on your windowWhen we're on the phone and you talk real slow'Cause it's late and your mama don't knowOur song is the way you laughThe first date: Man, I didn't kiss her and I should haveAnd when I got home, 'fore I said amenAsking God if he could play it againI was walking up the front porch stepsAfter everything that dayHad gone all wrong and been trampled onAnd lost and thrown awayGot to the hallway, well on my wayTo my lovin' bedI almost didn't notice all the rosesAnd the note that saidOur song is the slamming screen doorSneakin' out late, tapping on your windowWhen we're on the phone and you talk real slow'Cause it's late and your mama don't knowOur song is the way you laughThe first date: Man, I didn't kiss her and I should haveAnd when I got home, 'fore I said amenAsking God if he could play it againI've heard every album, listened to the radioWaited for something to come alongThat was as good as our song'Cause our song is the slamming screen doorSneakin' out late, tapping on his windowWhen we're on the phone and he talks real slow'Cause it's late and his mama don't knowOur song is the way he laughsThe first date: Man, I didn't kiss him and I should haveAnd when I got home, 'fore I said amenAsking God if he could play it againPlay it again, oh, yeahI was riding shotgun with my hair undoneIn the front seat of his carI grabbed a pen and an old napkinAnd I wrote down our song;535.644;Taylor Swift
Ours;https://www.letras.mus.br/taylor-swift/1763898/;Elevator buttons and morning airStrangers' silence makes me wanna take the stairsIf you were here, we'd laugh about their vacant staresBut right now, my time is theirsSeems like there's always someone who disapprovesThey'll judge it like they know about me and youAnd the verdict comes from those with nothing else to doThe jury is out, but my choice is youSo, don't you worry your pretty little mindPeople throw rocks at things that shineAnd life makes love look hardThe stakes are high, the water's roughBut this love is oursYou never know what people have up their sleevesGhosts from your past gonna jump out at meLurking in the shadows with their lip gloss smilesBut I don't care, 'cause right now you're mineAnd you say: Don't you worry your pretty little mindPeople throw rocks at things that shineAnd life makes love look hardThe stakes are high, the water's roughBut this love is oursAnd it's not theirs to speculate if it's wrong, andYour hands are tough, but they are where mine belong, andI'll fight their doubt and give you faith with this song for you'Cause I love the gap between your teethAnd I love the riddles that you speakAnd any snide remarks from my father about your tattoosWill be ignored 'cause my heart is yoursSo, don't you worry your pretty little mindPeople throw rocks at things that shineAnd life makes love look hardDon't you worry your pretty little mindPeople throw rocks at things that shineBut they can't take what's oursThey can't take what's oursThe stakes are high, the water's roughBut this love is ours;538.234;Taylor Swift
Out Of The Woods;https://www.letras.mus.br/taylor-swift/out-of-the-woods/;Looking at it nowIt all seems so simpleWe were lying on your couchI rememberYou took a Polaroid of usThen discovered (then discovered)The rest of the world was black and whiteBut we were in screaming colorAnd I remember thinkingAre we out of the woods yet? Are we out of the woods yet?Are we out of the woods yet? Are we out of the woods?Are we in the clear yet? Are we in the clear yet?Are we in the clear yet? In the clear yet? GoodAre we out of the woods yet? Are we out of the woods yet?Are we out of the woods yet? Are we out of the woods?Are we in the clear yet? Are we in the clear yet?Are we in the clear yet? In the clear yet? Good(Are we out of the woods?)Looking at it nowLast December (last December)We were built to fall apartThen fall back together (back together)Ooh, your necklace hanging from my neckThe night we couldn't quite forgetWhen we decided (we decided)To move the furniture so we could danceBaby, like we stood a chanceTwo paper airplanes flying, flying, flyingAnd I remember thinkingAre we out of the woods yet? Are we out of the woods yet?Are we out of the woods yet? Are we out of the woods?Are we in the clear yet? Are we in the clear yet?Are we in the clear yet? In the clear yet? GoodAre we out of the woods yet? Are we out of the woods yet?Are we out of the woods yet? (Oh) are we out of the woods?Are we in the clear yet? Are we in the clear yet?Are we in the clear yet? In the clear yet? Good(Are we out of the woods?)Remember when you hit the brakes too soon?Twenty stitches in the hospital roomWhen you started crying, baby, I did tooBut when the Sun came up, I was looking at youRemember when we couldn't take the heat?I walked out, I said: I'm setting you freeBut the monsters turned out to be just treesWhen the Sun came up, you were looking at meYou were looking at me, ohYou were looking at me (are we out of the woods yet? Are we out of the woods yet?)(Are we out of the woods yet? Are we out of the woods?) I remember(Are we in the clear yet? Are we in the clear yet?)(Are we in the clear yet? In the clear yet? Good) oh, I rememberAre we out of the woods yet? Are we out of the woods yet? (Yeah, yeah)Are we out of the woods yet? Are we out of the woods?Are we in the clear yet? Are we in the clear yet? (Say, are we?)Are we in the clear yet? In the clear yet? GoodAre we out of the woods yet? Are we out of the woods yet?Are we out of the woods yet? Are we out of the woods?Are we in the clear yet? (Yeah) are we in the clear yet? (Yeah)Are we in the clear yet? In the clear yet? Good (clear yet? Good)Are we out of the woods yet? Are we out of the woods yet?Are we out of the woods yet? Are we out of the woods?Are we in the clear yet? Are we in the clear yet?Are we in the clear yet? In the clear yet? Good (do you remember?)Are we out of the woods yet? Are we out of the woods yet?Are we out of the woods yet? Are we out of the woods?Are we in the clear yet? Are we in the clear yet?Are we in the clear yet? In the clear yet? Good;716.802;Jack Antonoff / Taylor Swift
Paper Rings;https://www.letras.mus.br/taylor-swift/paper-rings/;The Moon is highLike your friends were the night that we first metWent home and tried to stalk you on the internetNow I've read all of the books beside your bedThe wine is coldLike the shoulder that I gave you in the streetCat and mouse for a month, or two, or threeNow I wake up in the night and watch you breathe(Ayy)Kiss me once, 'cause you know I had a long night (oh)Kiss me twice, 'cause it's gonna be alright (uh)Three times, 'cause I've waited my whole life (1, 2, 1, 2, 3, 4)I like shiny things, but I'd marry you with paper ringsUh, huh, that's rightDarling, you're the one I wantAnd I hate accidents, except when we went from friends to thisUh, huh, that's rightDarling, you're the one I wantAnd paper rings, and picture frames, and dirty dreamsOh, you're the one I wantIn the winter, in the icy outdoor poolWhen you jumped in first, I went in tooI'm with you even if it makes me blueWhich takes me backTo the color that we painted your brother's wallHoney, without all the exes, fights and flawsWe wouldn't be standing here so tall, so(Ayy)Kiss you once, 'cause I know you had a long night (oh)Kiss you twice, 'cause it's gonna be alright (uh)Three times, 'cause you waited your whole life (1, 2, 1, 2, 3, 4)AhI like shiny things, but I'd marry you with paper ringsUh, huh, that's rightDarling, you're the one I wantAnd I hate accidents, except when we went from friends to thisUh, huh, that's rightDarling, you're the one I wantAnd paper rings, and picture frames, and dirty dreamsOh, you're the one I wantI want to drive away with youI want your complications tooI want your dreary MondaysWrap your arms around me, baby boyI want to drive away with youI want your complications tooI want your dreary MondaysWrap your arms around me, baby boyUh, huhI like shiny things, but I'd marry you with paper ringsUh, huh, that's rightYou're the one I wantI hate accidents, except when we went from friends to thisAh, ah, darling, you're the one I wantI like shiny things, but I'd marry you with paper ringsUh, huh, that's rightDarling, you're the one I wantAnd I hate accidents, except when we went from friends to thisUh, huh, that's rightDarling, you're the one I wantAnd paper rings, and picture frames, and all my dreamsYou're the one I wantPaper rings, and picture frames, and all my dreamsOh, you're the one I wantYou're the one I want, one I wantYou're the one I want, one I want;618.897;Jack Antonoff / Taylor Swfit
Paris;https://www.letras.mus.br/taylor-swift/paris/;Your ex friend's sisterMet someone at a club and he kissed herTurns out it was that guy you hooked up with ages agoSome wannabe Z listerAnd all the outfits were terrible2003, unbearableDid you see the photos?No, I didn't, but thanks, thoughI'm so in love that I might stop breathingDrew a map on your bedroom ceilingNo, I didn't see the news'Cause we were somewhere elseStumbled down pretend alleyways, cheap wineMake believe it's champagneI was taken by the viewLike we were in ParisLike we were somewhere elseLike we were in Paris, ohWe were somewhere else (where else)Privacy sign on the doorAnd on my page and on the whole worldRomance is not dead if you keep it just yoursLevitated thought, all the messes madeSit quiet by my side in the shadeAnd not the kind that's thrownI mean, the kind under where a tree has grownI'm so in love that I might stop breathingDrew a map on your bedroom ceilingNo, I didn't see the news'Cause we were somewhere elseStumbled down pretend alleyways, cheap wineMake believe it's champagneI was taken by the viewLike we were in Paris, ohLike we were somewhere elseLike we were in Paris, ohWe were somewhere else (Paris)I wanna brainwash youInto loving me foreverI wanna transport youTo somewhere the culture's cleverConfess my truthIn swooping sloping cursive lettersLet the only flashing lightsBe the tower at midnightIn my mindWe drew a map on your bedroom ceilingNo, I didn't see the news'Cause we were somewhere elseIn an alleyway, drinking champagne'Cause we were in ParisYes, we were somewhere elseMy love, we were in ParisYes, we were somewhere else;129.150;Taylor Swift / Jack Antonoff
​peace;https://www.letras.mus.br/taylor-swift/peace/;Our coming-of-age has come and goneSuddenly this summer, it's clearI never had the courage of my convictionsAs long as danger is nearAnd it's just around the corner, darlin''Cause it lives in meNo, I could never give you peaceBut I'm a fire and I'll keep your brittle heart warmIf your cascade, ocean wave blues comeAll these people think love's for showBut I would die for you in secretThe devil's in the details, but you got a friend in meWould it be enough if I could never give you peace?Your integrity makes me seem smallYou paint dreamscapes on the wallI talk shit with my friends, it's like I'm wasting your honorAnd you know that I'd swing with you for the fencesSit with you in the trenchesGive you my wild, give you a childGive you the silence that only comes when two people understand each otherFamily that I chose, now that I see your brother as my brotherIs it enough?But there's robbers to the east, clowns to the westI'd give you my sunshine, give you my bestBut the rain is always gonna come if you're standin' with meBut I'm a fire and I'll keep your brittle heart warmIf your cascade, ocean wave blues comeAll these people think love's for showBut I would die for you in secretThe devil's in the details, but you got a friend in meWould it be enough if I could never give you peace?Would it be enough if I could never give you peace?Would it be enough if I could never give you peace?;340.982;Taylor Swift / Aaron Dessner
Perfect Have I Loved;https://www.letras.mus.br/taylor-swift/perfect-have-i-loved/;If you love me then I love youI swear by the freckles on the moonAnd maybe this will be enoughI'd like to keep you 'till I'm oldBut if I can't, at least I'll knowThat, baby, perfect have I lovedDo you rememberThe stupid things we used to do?Before SeptemberStole me away from youThe time we got your truck stuck in the creek'Cause, baby, roads weren't wild enough for you and meSayingIf you love me then I love youI swear by the freckles on the moonAnd maybe this will be enoughI'd like to keep you till I'm oldBut if I can't, at least I'll knowThat, baby, perfect have I lovedPleased to see youDown by the bridge we used to crossI found you waitingTrying to get milesYou would smile that smile and I'd tried so hard to forgetStarting little fires that I still haven't put out yetAnd if you love me then I love youSwear by the freckles on the moonAnd maybe this will be enoughI'd like to keep you 'till I'm oldBut if I can't, at least I'll knowThat, baby,perfect have I lovedLove was all we knewAnd faith was growing on the vinesWords were all we hadAnd for one Summer you were mineSayingIf you love me then I love youI swear by the freckles on the moonAnd maybe this will be enoughI'd like to keep you 'till I'm oldBut if I can't, at least I'll knowThat, baby, perfect have I loved;6.877;Sabe de quem é a composição? Envie pra gente.
Permanent Marker;https://www.letras.mus.br/taylor-swift/1154657/;I know he loved youA long time agoI ain't jealous of youJust thought you should knowYou were never good enough for himOr anything like meSo you might as well sit back'Cause I ain't trying to show maturityX is the shape I drew through your faceIn permanent marker, oh yeahJust like the mark you knew you were makingWho do you think you areTo write on his heartIn permanent marker?I found that pictureOf you in that green dressSure had a good timeCleaning up that messHe found 30 other piecesBut he'll never find 'em allTried to tape them back togetherNow he knows to keep it off the wallX is the shape I drew through your faceIn permanent marker, oh yeahJust like the mark you knew you were makingWho do you think you areTo write on his heartIn permanent marker?X is the shape I drew through your faceIn permanent marker, oh yeahJust like the mark you knew you were makingWho do you think you areTo write on his heart?X is the shape I drew through your faceIn permanent marker, oh yeahJust like that mark that you knew that you were makingWho do you think you areTo write on his heartIn permanent marker?In permanent markerIn permanent markerOh, permanent marker, yeah;30.302;Sabe de quem é a composição? Envie pra gente.
Peter;https://www.letras.mus.br/taylor-swift/peter/;"Forgive me, Peter, my lost fearless leaderIn closets like cedar, preserved from when we were just kidsIs it something I did?The goddess of timing once found us beguilingShe said she was trying; Peter, was she lying?My ribs get the feeling she didAnd I didn't wanna come downI thought it was just goodbye for nowYou said you were gonna grow upThen you were gonna come find meSaid you were gonna grow upThеn you were gonna come find mеSaid you were gonna grow upThen you were gonna come find meWords from the mouths of babesPromises oceans deepBut never to keepOh, never to keepAre you still a mind reader? A natural scene stealer?I've heard great things, Peter, but life was always easier on youThan it was on meAnd sometimes it gets me when crossing your jet streamWe both did the best we could do underneath the same MoonIn different galaxiesAnd I didn't wanna hang aroundWe said it was just goodbye for nowYou said you were gonna grow upThen you were gonna come find meSaid you were gonna grow upThen you were gonna come find meSaid you were gonna grow upThen you were gonna come find meWords from the mouths of babesPromises oceans deepBut never to keepNever to keepAnd I won't confess that I waited, but I let the lamp burnAs the men masqueraded, I hoped you'd returnWith your feet on the ground, tell me all that you'd learned'Cause love's never lost when perspective is earnedAnd you said you'd come and get me, but you were twenty-fiveAnd the shelf life of those fantasies has expiredLost to the Lost Boys chapter of your lifeForgive me, Peter, please know that I triedTo hold on (hold on) to the days (to the days) when you were mineBut the woman who sits by the window has turned out the lightYou said you were gonna grow upThen you were gonna come find meSaid you were gonna grow upYou said you were gonna grow upThen you were gonna come find meSaid you were gonna grow up (aah)You said you were gonna grow upThen you were gonna come find meSaid you were gonna grow upThen you were gonna come find meYou said you were gonna grow upThen you were gonna come find meWords from the mouths of babesPromises oceans deepBut never to keep";157.447;Taylor Swift
Photograph (Feat. Def Leppard);https://www.letras.mus.br/taylor-swift/1518617/;I'm outta luck, outta loveGot a photograph, picture ofPassion killer, you're too muchYou're the only one I wanna touchI see your face everytime I dreamOn every page, every magazineSo wild, so free, so far from meYou're all I want, my fantasyOh, look what you've done to this rock and roll clownOh, look what you've done[CHORUS]I don't want your [photograph]I don't need your [photograph]All I've got is a [photograph]But it's not enoughI'd be your lover, if you were therePut your hurt on me if you dareSuch a woman, you got styleYou make every man feel like a childYou got some kinda hold on meYou're all wrapped up in a mysterySo wild, so free, so far from meYou're all I want, my fantasyOh, look what you've done to this rock and roll clownOh, look what you've done[CHORUS]I don't want your [photograph]I don't need your [photograph]All I've got is a [photograph]I don't want your..[Ohh Ohh Oh Uh]I'll be come back to youI'm not aloneYou're only one;35.444;Sabe de quem é a composição? Envie pra gente.
Picture To Burn;https://www.letras.mus.br/taylor-swift/824929/;State the obvious, I didn't get my perfect fantasyI realize you love yourself more than you could ever love meSo go and tell your friends that I'm obsessive and crazyThat's fine, you won't mind if I sayBy the wayI hate that stupid old pickup truck you never let me driveYou're a redneck heartbreak who's really bad at lyingSo watch me strike a match on all my wasted timeAs far as I'm concerned, you're just another picture to burnThere's no time for tearsI'm just sitting here planning my revengeThere's nothing stopping meFrom going out with all of your best friendsAnd if you come around saying sorry to meMy daddy's gonna show you how sorry you'll be'Cause I hate that stupid old pickup truck you never let me driveYou're a redneck heartbreak who's really bad at lyingSo watch me strike a match on all my wasted timeAs far as I'm concerned, you're just another picture to burnAnd if you're missing me, you'd better keep it to yourself'Cause coming back around here would be bad for your health'Cause I hate that stupid old pickup truck you never let me driveYou're a redneck heartbreak who's really bad at lyingSo watch me strike a match on all my wasted timeIn case you haven't heard, I really, really hate thatStupid old pickup truck you never let me driveYou're a redneck heartbreak who's really bad at lyingSo watch me strike a match on all my wasted timeAs far as I'm concerned, you're just another picture to burnBurn, burn, burn, baby, burnJust another picture to burnBaby, burn;297.476;Liz Rose / Taylor Swift
Point Of View;https://www.letras.mus.br/taylor-swift/point-of-view/;Time is passing slowly for the eight year old next doorBut mama's watch is ticking off the wallJillian and Bobby think that they're a perfect pairThe girls could say he's just a bit too tallYou don't have to do to win bigYou just have to think itSome folks say the glass is half fullOthers choose to drink itSome say the grass could be greenerAnd the other side ain't far away butI'd say that old could be newerAnd love still counts when it doesn't staySome say I love youSome say: Love needs proofIt's all in your point of viewHe hated pink so she threw out her favorite clothesHis NFL was turned to TLCBaby's got an attitude and thinks they just don't knowBut they all do and wish that she could seeYou don't have to do to win bigYou just have to think itSome folks say the glass is half fullOthers choose to drink itSome say the grass could be greenerAnd the other side ain't far away butI'd say that old could be newerAnd love still counts when it doesn't staySome say I love youSome say: Love needs proofIt's all in your point of viewIn the least still MasterpieceDepends on one's opinionWorst of all, they never calledBut don't think that they weren't wishingSome say the grass could be greenerAnd the other side ain't far away butI'd say that old could be newerAnd love still counts when it doesn't staySome say I love youSome say: Love needs proofIt's all in your point of viewIt's all in your point of viewPoint of viewIt's all in your point of view;4.743;Sabe de quem é a composição? Envie pra gente.
Pour Some Sugar On Me (feat. Def Leppard);https://www.letras.mus.br/taylor-swift/1534355/;Love is like a bomb, baby, c'mon get it onLivin' like a lover with a radar phoneLookin' like a tramp, like a video vampDemolition woman, can I be your man?Razzle and a dazzle and a flash a little lightTelevision lover, baby, go all nightSometime, anytime, sugar me sweetLittle miss ah innocent sugar me, yeahYeah!C'mon, take a bottle, shake it upBreak the bubble, break it upPour some sugar on meOoh, in the name of lovePour some sugar on meC'mon fire me upPour your sugar on meOh, I can't get enoughI'm hot, sticky sweetFrom my head to my feet yeahListen! red light, yellow light, green-a-light go!Crazy little woman in a one man showMirror queen, mannequin, rhythm of loveSweet dream, saccharine, loosen upYou gotta squeeze a little, squeeze a littleTease a little moreEasy operator come a knockin' on my doorSometime, anytime, sugar me sweetLittle miss innocent sugar me, yeahYeah!Take a bottle, shake it upBreak the bubble, break it upPour some sugar on meOoh, in the name of lovePour some sugar on meC'mon fire me upPour your sugar on meOh, I can't get enoughI'm hot, sticky sweetFrom my head to my feet, yeahYou got the peaches, I got the creamSweet to taste, saccharineCause I'm hot, say what, sticky sweetFrom my head, my head, to my feetDo you take sugar?One lump or two?Take a bottle, shake it upBreak the bubble, break it upPour some sugar on meOoh, in the name of lovePour some sugar on meC'mon fire me upPour your sugar on meOh, I can't get enoughPour some sugar on meOh, in the name of lovePour some sugar on meGet it, come get itPour your sugar on meOohPour some sugar on meYeah! Sugar me!;20.297;Joe Elliott / Phil Collen / Rick Savage / Robert John Mutt Lange / Steve Clark
Question...?;https://www.letras.mus.br/taylor-swift/question/;(I remember)Good girl, sad boy, big city, wrong choicesWe had one thing going onI swear that it was something, 'cause I don't remember who I wasBefore you painted all my nights a color I've searched for sinceBut one thing after another fucking situationCircumstances, miscommunicationsAnd I have to say, by the wayI just may like some explanationsCan I ask you a question?Did you ever have someone kiss you in a crowded room?And every single one of your friends was making fun of you (you)But fifteen seconds latеr they were clapping, too?Thеn, what did you do?Did you leave her house in the middle of the night? (Oh)Did you wish you put up more of a fight? (Oh)When she said it was too much, do you wish you could still touch her?It's just a questionHalf-Moon eyes, bad surprise, did you realize?Out of time, she was on your mindWith some dickhead guy that you saw that nightBut you were on somethingIt was one drink after another, fucking politics and gender-rolesAnd you're not sure, and I don't knowGot swept away in the grayI just may like to have a conversationCan I ask you a question?Did you ever have someone kiss you in a crowded room?And every single one of your friends was making fun of you (you)But fifteen seconds later they were clapping, too?Then, what did you do?Did you leave her house in the middle of the night? (Oh)Did you wish you put up more of a fight? (Oh)When she said it was too much, do you wish you could still touch her?It's just a questionDoes it feel like everything's just like second-best after that meteor strike?And what's that that I heard, that you're still with her?That's nice, I'm sure that's what's suitableAnd right, but tonightCan I ask you a question? (Can I ask you a question?)Did you ever have someone kiss you in a crowded room? (In a crowded room)And every single one of your friends was making fun of you (making fun of you)But fifteen seconds later they were clapping, too?Then what did you do? (Do)Did you leave her house in the middle of night? (Oh)Did you wish you put up more of a fight? (Oh, more of a fight)When she said it was too much, do you wish you could still touch her?It's just a question;293.286;Taylor Swift /  Jack Antonoff
...Ready For It?;https://www.letras.mus.br/taylor-swift/ready-for-it/;Knew he was a killer first time that I saw himWondered how many girls he had loved and left hauntedBut if he's a ghost, then I can be a phantomHolding him for ransom, someSome boys are trying too hard, he don't try at all, thoughYounger than my exes, but he act like such a man, soI see nothing better, I keep him foreverLike a vendetta-taI, I, I see how this is gon' goTouch me and you'll never be aloneI-Island breeze and lights down lowNo one has to knowIn the middle of the night, in my dreamsYou should see the things we do, baby, mmmIn the middle of the night, in my dreamsI know I'm gonna be with you, so I take my timeAre you ready for it?Knew I was a robber first time that he saw meStealing hearts and running off and never saying sorryBut if I'm a thief, then he can join the heist andWe'll move to an island andAnd he can be my jailer, Burton to this TaylorEvery love I've known in comparison is a failureI forget their names now, I'm so very tame nowNever be the same now, nowI, I, I see how this is gon' go (go)Touch me and you'll never be aloneI-Island breeze and lights down low (low)No one has to know (no one has to know)In the middle of the night, in my dreams (yeah)You should see the things we do (we do), baby, mmm (mmm)In the middle of the night (the night), in my dreams (my dreams)I know I'm gonna be with you, so I take my timeAre you ready for it?OhAre you ready for it?Baby, let the games beginLet the games beginLet the games begin (now)Baby, let the games beginLet the games beginLet the games beginI, I, I see how this is gon' goTouch me and you'll never be aloneI-Island breeze and lights down lowNo one has to knowIn the middle of the night (night), in my dreams (my dreams)You should see the things we do (we do), baby (baby), mmm ('eah)In the middle of the night, in my dreams (my dreams)I know I'm gonna be with you, so I take my time (yeah)In the middle of the nightBaby, let the games beginLet the games beginLet the games beginAre you ready for it?Baby, let the games beginLet the games beginLet the games beginAre you ready for it?;861.004;Shellback / Taylor Swift / Max Martin / Ali Payami
...Ready For It? (BloodPop® Remix);https://www.letras.mus.br/taylor-swift/ready-for-it-bloodpop-r-remix/;Knew he was a killer first time that I saw himWondered how many girls he had loved and left hauntedBut if he's a ghost, then I can be a phantomHoldin' him for ransom, someSome boys are tryin' too hard, he don't try at all thoughYounger than my exes, but he act like such a man, soI see nothing better, I keep him foreverLike a vendetta-taI, I, I see how this is gon' goTouch me and you'll never be aloneI-island breeze and lights down lowNo one has to knowIn the middle of the night, in my dreams (yeah)You should see the things we do, babyIn the middle of the night, in my dreams (the night, my dreams)I know I'm gonna be with you, so I'll take my timeAre you ready for it?Knew I was a robber first time that he saw meStealing hearts and running off and never sayin' sorryBut if I'm a thief, then he can join the heist, andWe'll move to an island, andAnd he can be my jailer, burton to this taylorEvery love I've known in comparison is a failureI forget their names now, I'm so very tame nowNever be the same now, nowI, I, I see how this is gon' goTouch me and you'll never be aloneI-island breeze and lights down lowNo one has to knowIn the middle of the night, in my dreams (night, in my dreams)You should see the things we do, baby (we'd do, baby)Yeah, in the middle of the night in my dreams (my dreams)I know I'm gonna be with you, so I take my timeAre you ready for it?Night, in my dreamsWe'd do, babyYeah, in the middle of the nightBaby, let the games beginLet the games beginLet the games beginBaby, let the games beginLet the games beginLet the games beginIn the middle of the night, in my dreamsYou should see the things we do, baby;1.969;Ali Payami / Max Martin / Shellback / Taylor Swift
R-E-V-E-N-G-E;https://www.letras.mus.br/taylor-swift/r-v-n-e/;I could've keyed your carI could've rolled your yardI know the passwords to your e-mailsEverything you doI could've put them to good useBut I'm dressed to killAnd tonight I'm going out on a dateWith your best friendHe always liked me anywayR-E-V-E-N-G-EMy list of things to do this weekJealously and miseryGonna give you what you gave to meMake you feel so B-A-DBreak you, make you sorryI hope you cry, I'm getting myR-E-V-E-N-G-ESo I'm gonna paint the town with himReplace your memoryEverywhere we've ever beenI don't hang out at smoky barsBut I know we'll see you thereAnd I'll make you hear me laughingLike I just don't careI know you hate my friendsSo tonight I called them allAnd later on you can expectSome prank phone calls, babyR-E-V-E-N-G-EMy list of things to do this weekJealously and miseryAnd I'll give you what you gave to meMake you feel so B-A-DBreak you, make you sorryI hope you cry, I'm getting myR-E-V-E-N-G-ES-A-N-I-T-YI hope you lose yours tonightYou made me crazy too longAnd so I'm working onR-E-V-E-N-G-EMy list of things to do this weekJealously and miseryAnd I'll give you what you gave to meMake you feel so B-A-DBreak you, make you sorryI hope you cry, I'm getting myR-E-V-E-N-G-EBaby, babyR-E-V-E-N-G-EAnd I'll give you what you gave to me;86.313;Sabe de quem é a composição? Envie pra gente.
Radioactive (feat. Imagine Dragons);https://www.letras.mus.br/taylor-swift/radioactive/;I’m waking up to ash and dustI wipe my brow and sweat my rustI’m breathing in the chemicalsI’m breaking in, shaping upThen checking out on the prison busThis is it, the apocalypseOh, ohI’m waking upI feel it in my bonesEnough to make my system blowWelcome to the new ageTo the new ageWelcome to the new ageTo the new ageOh, oh, oh, oh, ohOh, oh, oh, ohI´m radioactiveI´m radioactiveOh, oh, oh, oh, ohOh, oh, oh, ohI'm radioactiveI´m radioactiveI raise my flag, and dye my clothesIt’s a revolution, I supposeWe’re painted red to fit right inOh, ohI’m breaking in, shaping upThen checking out on the prison busThis is it, the apocalypseOh, ohI’m waking upI feel it in my bonesEnough to make my system blowWelcome to the new ageTo the new ageWelcome to the new ageTo the new ageOh, oh, oh, oh, ohOh, oh, oh, ohI'm radioactiveI´m radioactiveOh, oh, oh, oh, ohOh, oh, oh, ohI'm radioactiveI´m radioactiveAll systems goThe sun hasn’t diedDeep in my bonesStraight from insideI’m waking upI feel it in my bonesEnough to make my system blowWelcome to the new ageTo the new ageWelcome to the new ageTo the new ageOh, oh, oh, oh, ohOh, oh, oh, ohI'm radioactiveRadioactiveOh, oh, oh, oh, ohOh, oh, oh, ohI'm radioactiveRadioactive;9.516;Sabe de quem é a composição? Envie pra gente.
Rain Song;https://www.letras.mus.br/taylor-swift/rain-song/;"Just had a conversation with the mirrorIt ended up not having much to sayIt said ""today was for the lovers and believersI hate to tell you, it just ain't your day""So this is my rain songIt's cold outside and I still love youGuess I was dead wrongYou find out when there's clouds above youFinding it ain't worth losing youWhen it all comes down, it comes down toThis lonely rain songYou're on my mind and I still love youI had some complications with the voices'Round and going 'round inside my mindI used to think this heart had lots of choicesBut they all lead to your doorstep every timeThis is my rain songIt's cold outside and I still love youGuess I was dead wrongYou find out when there's clouds above youFinding it ain't worth losing youWhen it all comes down, it comes down toThis lonely rain songYou're on my mind and I still love youSo this is my apologyMy words, my tears, are all meLaid out in front of youLike the thoughts were true on a sunny afternoonThis is a song for youThis is my rain songIt's cold outside and I still love youGuess I was dead wrongYou find out when there's clouds above youFinding it ain't worth losing youWhen it all comes down, it comes down toThis lonely rain songYou’re on my mind and I still love youI still love youI had a conversation with the mirrorIt ended up not having much to say";5.032;Sabe de quem é a composição? Envie pra gente.
Realize;https://www.letras.mus.br/taylor-swift/realize/;Take time to realizeThat your warmth is crashing down on inTake time to realizeThat I am on your sideDidn't I, didn't I tell you?But I can't spell it out for youNo, it's never gonna be that simpleNo, I can't spell it out for youIf you just realize what I just realizedThen we'd be perfect for each other and we'll never find anotherJust realize what I just realizedWe'd never have to wonder if we missed out on each other nowTake time to realizeOh, I'm on your sideDidn't I, didn't I tell you?Take time to realizeThis all can pass you byDidn't I tell you?But I can't spell it out for youNo, it's never gonna be that simpleNo, I can't spell it out for youIf you just realize what I just realizedThen we'd be perfect for each other and we'll never find anotherJust realize what I just realizedWe'd never have to wonder if we missed out on each other, butIt's not the sameNo, it's never the sameIf you don't feel it tooIf you meet me halfwayIf you would meet me halfwayIt could be the same for youIf you just realize what I just realizedThen we'd be perfect for each other and we'll never find anotherJust realize what I just realizedWe'd never have to wonderJust realize what I just realizedIf you just realize what I just realizedMissed out on each other nowMissed out on each other now, yeahRealize, realize, realize, realize;417;Colbie Caillat / Jason Reeves / Mikal Blue
Red;https://www.letras.mus.br/taylor-swift/red/;Loving him is like driving a new MaseratiDown a dead end streetFaster than the wind, passionate as sinEnding so suddenlyLoving him is like trying to change your mindOnce you're already flying through the free fallLike the colours in autumn, so brightJust before they lose it allLosing him was blue, like I'd never knownMissing him was dark gray, all aloneForgetting him was like trying to know somebody you never metBut loving him was red (red, red, red, red)Loving him was red (red, red, red, red)Touching him was like realizing all you ever wantedWas right there in front of youMemorizing him was as easy as knowing all the wordsTo your old favorite songFighting with him was like trying to solve a crosswordAnd realizing there's no right answerRegretting him was like wishing you'd never found outThat love could be that strongLosing him was blue, like I'd never knownMissing him was dark gray, all aloneForgetting him was like trying to know somebody you never metBut loving him was red (red, red)Oh, red (red, red)Burning red (red, red, red, red)Remembering him comes in flashbacks and echoesTell myself it's time now, gotta let goBut moving on from him is impossibleWhen I still see it all in my headIn burning redBurning, it was redOh, losing him was blue, like I'd never knownMissing him was dark gray, all aloneForgetting him was like trying to know somebody you never met'Cause loving him was red (red, red)Yeah, yeah, red (red, red)Oh, burning red (red, red, red, red)And that's why he's spinning 'round in my headComes back to me burning red (red, red)Yeah, yeah (red, red)His love was like driving a new MaseratiDown a dead end street;1.836.714;Taylor Swift
Renegade (feat. Big Red Machine);https://www.letras.mus.br/taylor-swift/renegade-feat-big-red-machine/;I tapped on the window on your darkest nightThe shape of you was jagged and weakThere was nowhere for me to stayBut I stayed anywayIf I would’ve knownHow many pieces you had crumbled intoI might have let them layAre you really gonna talk about timingIn times like these?And let all your damageDamage meCarry your baggage up my streetAnd make me your future historyIt’s time, you’ve come a long wayOpen the blinds, let me see your faceYou wouldn’t be the first renegadeTo need somebodyIs it insensitive for me to sayGet your shit togetherSo I can love you?Is it really your anxietyThat stops you from giving me everythingOr do you just not want to?I tapped on the window on your darkest nightThe shape of you was jagged and weakThere was nowhere for me to stayBut I stayed anywayYou fire off missilesCause you hate yourselfBut do you know you're demolishing me?Then you squeeze my handAs I'm about to leaveAre you really gonna talk about timingIn times like these?And let all your damageDamage meCarry your baggage up my streetAnd make me your future historyIt’s time, you’ve come a long wayOpen the blinds, let me see your faceYou wouldn’t be the first renegadeTo need somebodyIs it insensitive for me to sayGet your shit togetherSo I can love you?Is it really your anxietyThat stops you from giving me everythingOr do you just not want to?And if I would’ve knownHow sharp the pieces wereYou’d crumbled intoI might’ve let them layAre you really gonna talk about timingIn times like these?And let all your damageDamage meCarry your baggage up my streetAnd make me your future historyIt’s time, you’ve come a long wayOpen the blinds, let me see your faceYou wouldn’t be the first renegadeTo need somebody, to need somebodyTo need somebody, to need somebodyTo meIs it insensitive for me to sayGet your shit togetherSo I can love you?Is it really your anxietyThat stops you from giving me everythingOr do you just not want to?;80.689;Aaron Dessner / Taylor Swift
Reputation [Prologue];https://www.letras.mus.br/taylor-swift/reputation-prologue/;Here's something I've learned about peopleWe think we know someone, but the truth is that we only know the version of them they have chosen to show usWe know our friend in a certain light, but we don't know them the way their lover doesJust the way their lover will never know them the same way that you do as their friendTheir mother knows them differently than their roommate, who knows them differently than their colleagueTheir secret admirer looks at them and sees an elaborate sunset of brilliant color and dimension and spirit and pricelessnessAnd yet, a stranger will pass that person and see a faceless member of the crowd, nothing moreWe may hear rumors about a person and believe those things to be trueWe may one day meet the person and feel foolish for believing in gossipThis is the first generation that will be able to look on their entire life story documented in pictures on the internet, and together we will all discover the after-effects of thatUltimately, we post photos online to curate what strangers think of usBut then we wake up, look in the mirror at our faces and see the cracks and scars and blemishes, and cringeWe hope someday we'll meet someone who will see that same morning face and instead see their future, their partner, their foreverSomeone who will still choose us even when they see all of the sides of the story, all the angles of the kaleidoscope that is youThe point being, despite our need to simplify and generalize absolutely everyone and everything this life, humans are intrinsically impossible to simplifyWe are never just good or just badWe are mosaics of our worst selves and our best selves, our deepest secrets and our favorite stories to tell at a dinner party, existing somewhere between our well-lit profile photo and our drivers license shotWe are all a mixture of our selfishness and generosity, loyalty and self-preservation, pragmatism and impulsivenessI've been in the public eye since I was 15 years oldOn the beautiful, lovely side of that, I've been so lucky to make music for living and look out into crowds of loving, vibrant peopleOn the other side of the coin, my mistakes have been used against me, my heartbreaks have been used as entertainment, and my songwriting has been trivialized as oversharingWhen this album comes out, gossip blogs will scour the lyrics for the men they can attribute to each song, as if the inspiration for music is as simple and basic as a paternity testThere will be slideshows of photos backing up each incorrect theory because it's 2017 and if you didn't see a picture of it, couldn't have happened, right?Let me say it again louder for those in the backWe think we know someone, but the truth is we only know the version of them they have chosen to show usThere will be no further explanationThere will be just reputation;92.807;Taylor Swift
right where you left me;https://www.letras.mus.br/taylor-swift/right-where-you-left-me/;Friends break up, friends get marriedStrangers get born, strangers get buriedTrends change, rumors fly through new skiesBut I'm right where you left meMatches burn after the otherPages turn and stick to each otherWages earned and lessons learnedBut I'm right where you left meHelp, I'm still at the restaurantStill sitting in a corner I hauntCross-legged in the dim lightThey say: What a sad sightI, I swear you could hear a hair pin dropRight when I felt the moment stopGlass shattered on the white clothEverybody moved onI, I stayed thereDust collected on my pinned up hairThey expected me to find somewhereSome perspective, but I sat and staredRight where you left meYou left me, noOh, you left me, noYou left me no choice, but to stay here foreverYou left meYou left me, noOh, you left me, noYou left me no choice, but to stay here foreverDid you ever hear about the girl who got frozen?Time went on for everybody else, she won't know itShe's still twenty-three inside her fantasyHow it was supposed to beDid you hear about the girl who lives in delusion?Breakups happen every day, you don't have to lose itShe's still twenty-three inside her fantasyAnd you're sitting in front of meAt the restaurantWhen I was still the one you wantCross-legged in the dim lightEverything was just rightI, I could feel the mascara runYou told me that you met someoneGlass shattered on the white clothEverybody moved onHelp, I'm still at the restaurantStill sitting in a corner I hauntCross-legged in the dim lightThey say: What a sad sightI, I stayed thereDust collected on my pinned up hairI'm sure that you got a wife out thereKids and Christmas, but I'm unaware'Cause I'm right whereI cause no harmMind my business, if our love died youngI can't bear witness, and it's been so longBut if you ever think you got it wrongI'm right where you left meYou left me, noOh, you left me, noYou left me no choice, but to stay here foreverYou left meYou left me, noOh, you left me, noYou left me no choice, but to stay here forever;354.516;Aaron Dessner / Taylor Swift
Riptide;https://www.letras.mus.br/taylor-swift/riptide/;I was scared of dentists and the darkI was scared of pretty girls and starting conversationsAll my friends are turning greenYou're the magician's assistant in their dreamsOoh, ooh, oohAnd they come unstuckLady, running down to the riptideTaken away to the dark sideI wanna be your left hand manI love you when you're singing that songAnd I got a lump in my throat'Cause you're gonna sing the words wrongThere's this movie that I think you'd likeThis guy decides to quit his job and heads to New York CityThis cowboy's running from himselfAnd she's been living on the highest shelfOoh, ooh, oohAnd they come unstuckLady, running down to the riptideTaken away to the dark sideI wanna be your left hand manI love you when you're singing that songAnd I got a lump in my throat'Cause you're gonna sing the words wrongI just wanna, I just wanna knowIf you're gonna, if you're gonna stayI just gotta, I just gotta knowI can't have it, I can't have it any other wayI swear she's destined for the screenClosest thing to Michelle Pfeiffer that you've ever seen, ohLady, running down to the riptideTaken away to the dark sideI wanna be your left hand manI love you when you're singing that songAnd I got a lump in my throat'Cause you're gonna sing the words wrongOh, lady, running down to the riptideTaken away to the dark sideI wanna be your left hand manI love you when you're singing that songAnd I got a lump in my throat'Cause you're gonna sing the words wrongAnd I got a lump in my throat'Cause you're gonna sing the words wrong;42.457;Vance Joy
Robin;https://www.letras.mus.br/taylor-swift/robin/;Long may you reignYou're an animal, you are bloodthirstyOut window panes talking utter nonsense, you have no ideaStrings tied to levers, slowed-down clocks tetheredAll this showmanship to keep it for youIn sweetnessWay to go, tigerHigher and higherWilder and lighterFor youLong may you roarAt your dinosaurs, you're a just rulerCovered in mud, you look ridiculous, and you have no ideaBuried down deep and out of your reachThe secret we all vowed to keep it from youIn sweetnessWay to go, tigerHigher and higherWilder and lighterFor youYou got the dragonflies above your bedYou have a favorite spot on the swing setYou have no room in your dreams for regrets (you have no idea)The time will arrive for the cruel and the meanYou'll learn to bounce back just like your trampolineBut now we'll curtail your curiosityIn sweetnessWay to go, tiger (way to go, tiger)Higher and higher (higher and higher)Wilder and lighterFor you;72.217;Taylor Swift / Aaron Dessner
Ronan;https://www.letras.mus.br/taylor-swift/ronan/;I remember your bare feet, down the hallwayI remember your little laughRace cars on the kitchen floor, plastic dinosaursI love you to the Moon and backI remember your blue eyes looking into mineLike we had our own secret clubI remember you dancing before bed timeThen jumping on me, waking me upI can still feel you hold my hand, little manAnd even the moment I knewYou fought it hard like an army guyRemember I leaned in and whispered to youCome on, baby, with meWe're going to fly away from hereYou were my best four yearsI remember the drive homeWhen the blind hope turned to crying and screaming: Why?Flowers pile up in the worst way, no one knows what to sayAbout a beautiful boy who diedAnd it's about to be HalloweenYou could be anything you wanted if you were still hereI remember the last day, when I kissed your faceAnd whispered in your earCome on, baby, with meWe're going to fly away from hereOut of this curtained roomAnd this hospital gray, we'll just disappearCome on, baby, with meWe're going to fly away from hereYou were my best four yearsWhat if I'm standing in your closet trying to talk to you?And what if I kept the hand-me-downs you won't grow into?And what if I really thought some miracle would see us through?What if the miracle was even getting one moment with you?Come on, baby, with meWe're going to fly away from hereCome on, baby, with meWe're going to fly away from hereYou were my best four yearsI remember your bare feet, down the hallwayI love you to the Moon and back;188.725;Maya Thompson / Taylor Swift
Run (feat. Ed Sheeran);https://www.letras.mus.br/taylor-swift/run-feat-ed-sheeran-taylors-version-from-the-vault/;(One, two, three, four)Give me the keysI'll bring the car back aroundWe shouldn't be in this townAnd my so-called friendsThey don't knowI'd drive away before I let you goSo give me a reason and don't say no, noThere's a chain 'round your throatPiece of paper where I wroteI'll wait for youThere's a key on the chainThere's a picture in a frameTake it with youAnd runLike you'd run from the lawDarling, let's runRun from it allWe can go where our eyes can take usGo where no one else is, runOoh, we'll runOoh, we'll runOoh, we'll runSo you laugh like a childAnd I'll sing like no one caresNo one to be, no one to tellI could see this view a hundred timesPale blue sky reflected in your eyesSo give me a reason and don't say no, noAnd the note from the locketYou keep it in your pocket since I gave it to youThere's a heart on your sleeveI'll take it when I leaveAnd hold it for youAnd runLike you'd run from the lawDarling, let's runRun from it allWe can go like they're trying to chase usGo where no one else is, runOoh, we'll runOoh, we'll runOoh, we'll runThere's been this hole in my heartThis thing was a shot in the darkSay you'll never let 'em tear us apartAnd I'll hold onto you while we run (and we run, and we run, and we run)Like you'd run from the law (and we run, and we run, and we run)Darling, let's run (and we run, and we run, and we run)Run from it all (and we run, and we run, and we run)We can go where our eyes can take usGo where no one else is, runOoh, we'll runOoh, we'll runOoh, we'll runOoh, and we'll run;48.907;Ed Sheeran / Taylor Swift
"""Slut!""";https://www.letras.mus.br/taylor-swift/slut/;Flamingo pink, Sunrise boulevardClink, clink, being this young is artAquamarine, moonlit swimming poolWhat if all I need is you?Got love-struck, went straight to my headGot lovesick all over my bedLove to think you'll never forgetHandprints in wet cementAdorned with smoke on my clothesLovelorn and nobody knowsLove thorns all over this roseI'll pay the price, you won'tBut if I'm all dressed upThey might as well be lookin' at usAnd if they call me a slutYou know it might be worth it for onceAnd if I'm gonna be drunkMight as well be drunk in loveSend the code, he's waitin' thereThe sticks and stones they throw froze mid-airEveryone wants him, that was my crimeThe wrong place at the right timeAnd I break down, then he's pullin' me inIn a world of boys, he's a gentlemanGot love-struck, went straight to my head (straight to my head)Got lovesick all over my bed (over my bed)Love to think you'll never forgetWe'll pay the price, I guessBut if I'm all dressed up (if I'm all dressed up)They might as well be lookin' at us (lookin' at us)And if they call me a slut (if they call me a slut)You know it might be worth it for once (worth it for once)And if I'm gonna be drunkI might as well be drunk in loveHalf asleep, takin' your timeIn the tangerine, neon light, this is luxuryYou're not sayin' you're in love with meBut you're going toHalf awake, takin' your chancesIt's a big mistake, I said, it might blow up in your pretty faceI'm not saying: Do it anyway (do it any)But you're going to(Up)And if they call me a (slut)You know it might be worth it for onceAnd if I'm gonna be (drunk)Might as well be drunk in love;273.786;Jack Antonoff / Patrik Berger / Taylor Swift
Sad Beautiful Tragic;https://www.letras.mus.br/taylor-swift/sad-beautiful-tragic/;Long handwritten notesDeep in your pocketWords, how little they meanWhen you're a little too lateI stood right by the tracksYour face in a locketGood girls, hopeful they'll beAnd long they will waitWe hadA beautiful, magic love thereWhat a sadBeautiful, tragic love affairIn dreamsI meet you in warm conversationAnd we both wakeIn lonely beds and different citiesAnd timeIs taking its sweet time erasing youAnd you've got your demons and, darlingThey all look like me'Cause we hadA beautiful, magic love thereWhat a sadBeautiful, tragic love affairOh, ohDistance, timingBreakdown, fightingSilenceThe train runs off its tracksKiss me, try to fix itCould you just try to listen?Hang up, give upAnd for the life of us we can't get backA beautiful, magic love thereWhat a sadBeautiful, tragicBeautiful, tragicBeautifulWhat we hadA beautiful, magic love thereWhat a sadBeautiful, tragic love affairWe hadA beautiful, magic love thereWhat a sadBeautiful, tragic love affair;257.835;Taylor Swift
Safe & Sound (feat. The Civil Wars);https://www.letras.mus.br/taylor-swift/2002185/;I remember tears streaming down your faceWhen I said: I'll never let you goWhen all those shadows almost killed your lightI remember you said: Don't leave me here aloneBut all that's dead and gone and passed tonightJust close your eyesThe Sun is going downYou'll be alrightNo one can hurt you nowCome morning lightYou and I'll be safe and soundDon't you dare look out your windowDarling, everything's on fireThe war outside our door keeps raging onHold on to this lullabyEven when the music's gone, goneJust close your eyesThe Sun is going downYou'll be alrightNo one can hurt you nowCome morning lightYou and I'll be safe and soundOh, oh, ohOh, oh, ohJust close your eyesYou'll be alrightCome morning lightYou and I'll be safe and soundOh, oh, ohOh, oh, oh;934.384;Taylor Swift / T Bone Burnett / Joy Williams / John Paul White
Same Girl;https://www.letras.mus.br/taylor-swift/same-girl/;I'm still wearing my blue jeansNo I don't know what you meanI'm still the same girlPicking daisies in the fieldI believe in what I feelI've always been the same girlSome moments change your lifeThis could be one of themI'm just living life and thinkingHey this could be funI've always been the same girlLiving in the same worldSinging little songs at the break ofdawn girlSitting on the front porchDo do do do doWatching what you say girlNever blow away girlLiving in the crazy worldI've always been the same girlI still live in one small townBut always love to move aroundI've always been the same girlStill keep diaries that sayWhere I was and did that dayI've always been the same girlSome moments change your lifeThis could be one of themI'm just living life and thinkingHey this could be funI've always been the same girlLiving in the same worldSinging little songs at the break ofdawn girlSitting on the front porchDo do do do doWatching what you say girlNever blow away girlLiving in the crazy worldI've always been the same girlSome days will change your lifeYeah this could be one of themI'm just living life and thinking...I've always been the same girlLiving in the same worldSinging little songs at the break ofdawn girlSitting on the front porchDo do do do doWatching what you say girlNever blow away girlLiving in the crazy worldI've always been the same girlLiving in the crazy worldI've always been the same girl;6.657;Sabe de quem é a composição? Envie pra gente.
Santa Baby;https://www.letras.mus.br/taylor-swift/1317680/;Santa baby, slip a sable under the tree, for meI've been an awful good girl, Santa babySo hurry down the chimney tonightSanta baby, a '54 convertible too, light blueWell, I'll wait up for you, dear, Santa babySo hurry down the chimney tonight, yeahThink of all the fun I've missedThink of all the boys I haven't kissedNext year I could be just as goodIf you check off my Christmas listSanta baby, I want a yacht and really that's not a lotI've been an angel all year, Santa babySo hurry down the chimney tonightSanta, honey, there's one more thing I really do need, the deedTo a platinum mine, Santa honeySo hurry down the chimney tonightCome and trim my Christmas treeWith some decorations bought at Tiffany'sI really do believe in youLet's see if you believe in meSanta baby, forgot to mention one little thing, a ringAnd I don't mean on the phone, Santa babySo hurry down the chimney tonight;33.522;Joan Javits / Philip Springer / Tony Springer
Say Don't Go;https://www.letras.mus.br/taylor-swift/say-dont-go/;I've known it from the very startWe're a shot in the darkest darkOh no, oh no, I'm unarmedThe waiting is a sadnessFading into madnessOh no, oh no, it won't stopI'm standing on a tightrope aloneI hold my breath a little bit longerHalfway out the door, but it won't closeI'm holding out hope for you toSay: Don't goI would stay forever if youSay: Don't goWhy'd you have to lead me on?Why'd you have to twist the knife?Walk away and leave me bleeding, bleeding?Why'd you whisper in the darkJust to leave me in the night?Now your silence has me screaming, screaming(Say) say: (Don't) don't (go) goI would stay forevеr if you(Say) say: (Don't) don't (go) go(Say, say, say, say)Now I'm pacing on shaky groundStrike a match, then you blow it outOh no, oh no, it's not fair'Cause you kiss mе and it stops timeAnd I'm yours, but you're not mineOh no, oh no, you're not thereI'm standing on the sidewalk aloneI wait for you to drive byI'm tryna see the cards that you won't showI'm about to fold unless you(Say) say: (Don't) don't (go) goI would stay forevеr if you(Say) say: (Don't) don't (go) goWhy'd you have to lead me on?Why'd you have to twist the knife?Walk away and leave me bleeding, bleeding?Why'd you whisper in the darkJust to leave me in the night?Now your silence has me screaming, screaming(Say) say: (Don't) don't (go) goI would stay forevеr if you(Say) say: (Don't) don't (go) go(Say, say, say, say)Why'd you have to (why'd you have to)Make me want you? (Make me want you?)Why'd you have to (why'd you have to)Give me nothing back?Why'd you have to (why'd you have to)Make me love you? (Make me love you?)I said: I love you (I said: I love you)You say nothing backWhy'd you have to lead me on?Why'd you have to twist the knife?Walk away and leave me bleeding, bleeding?Why'd you whisper in the darkJust to leave me in the night?Now your silence has me screaming, screaming(Say) say: (Don't) don't (go) goI would stay forevеr if you(Say) say: (Don't) don't (go) go(Say, say, say, say)But you won't, but you won't, but you won'tI would stay forever if you say: Don't goBut you won't, but you won't, but you won't;199.399;Taylor Swift / Diane Warren
September;https://www.letras.mus.br/taylor-swift/september/;Do you rememberThe 28th night of September?Love was changin' the minds of pretendersWhile chasin' the clouds awayOur hearts were ringin'In the key that our souls were singin'As we danced in the night, rememberHow the stars stole the night awayAhh-ahh-ahhHey, say that you rememberAi, ai, dancin' in SeptemberAi, ai, never was a cloudy dayMy thoughts are with youHolding hands with your heart to see youOnly blue talk and loveRemember how we knew love was here to stayNow, December found the love that we shared in SeptemberOnly blue talk and loveRemember the love that we share todayAhh-ahh-ahhHey, say that you rememberAi, ai, dancin' in SeptemberAi, ai, never was a cloudy dayAhh-ahh-ahhHey, say that you rememberAi, ai, dancin' in SeptemberAi, ai, golden dreams were shiny daysDo you rememberThe 28th night of September?Ahh-ahh-ahhHey, say that you rememberAi, ai, dancin' in SeptemberAi, ai, never was a cloudy dayAhh-ahh-ahhHey, say that you rememberAi, ai, dancin' in SeptemberAi, ai, golden dreams were shiny daysAnd there never was a cloudy dayThere never was a cloudy day;28.324;Allee Willis / Maurice White / Al McKay
seven;https://www.letras.mus.br/taylor-swift/seven/;Please, picture me in the treesI hit my peak at sevenFeet in the swing over the creekI was too scared to jump inBut I, I was high in the skyWith Pennsylvania under meAre there still beautiful things?Sweet tea in the summerCross your heart, won't tell no otherAnd though I can't recall your faceI still got love for youYour braids like a patternLove you to the Moon and to SaturnPassed down like folk songsThe love lasts so longAnd I've been meaning to tell youI think your house is hauntedYour dad is always mad and that must be whyAnd I think you should come live with meAnd we can be piratesThen you won't have to cryOr hide in the closetAnd just like a folk songOur love will be passed onPlease, picture me in the weedsBefore I learned civilityI used to scream ferociouslyAny time I wantedI, ISweet tea in the summerCross my heart, won't tell no otherAnd though I can't recall your faceI still got love for youPack your dolls and a sweaterWe'll move to India foreverPassed down like folk songsOur love lasts so long;572.765;Aaron Dessner / Taylor Swift
Shake It Off;https://www.letras.mus.br/taylor-swift/shake-it-off/;I stay out too lateGot nothing in my brainThat's what people say, hm, hmThat's what people say, hm, hmI go on too many datesBut I can't make them stayAt least that's what people say, hm, hmThat's what people say, hm, hmBut I keep cruisingCan't stop, won't stop movingIt's like I got this musicIn my mind, saying it's gonna be alright'Cause the players gonna play (play, play, play, play)And the haters gonna hate (hate, hate, hate, hate)Baby, I'm just gonna shake (shake, shake, shake, shake)I shake it off, I shake it offHeartbreakers gonna break (break, break, break, break)And the fakers gonna fake (fake, fake, fake, fake)Baby, I'm just gonna shake (shake, shake, shake, shake)I shake it off, I shake it offI never miss a beatI'm lightning on my feetAnd that's what they don't see, hm, hmThat's what they don't see, hm, hmI'm dancing on my own (dancing on my own)I make the moves up as I go (moves up as I go)And that's what they don't know, hm, hmThat's what they don't know, hm, hmBut I keep cruisingCan't stop, won't stop groovingIt's like I got this musicIn my mind, saying it's gonna be alright'Cause the players gonna play (play, play, play, play)And the haters gonna hate (hate, hate, hate, hate)Baby, I'm just gonna shake (shake, shake, shake, shake)I shake it off, I shake it offHeartbreakers gonna break (break, break, break, break)And the fakers gonna fake (fake, fake, fake, fake)Baby, I'm just gonna shake (shake, shake, shake, shake)I shake it off, I shake it offShake it off, I shake it offI, I, I shake it off, I shake it offI, I, I shake it off, I shake it offI, I, I shake it off, I shake it offHey, hey, hey!Just think while you've been getting down and out about the liarsAnd the dirty, dirty cheats of the worldYou could've been getting down to this sick beatMy ex-man brought his new girlfriendAnd she's like: Oh my GodBut I'm just gonna shakeAnd to the fella over there with the hella good hairWon't you come on over, baby?We can shake, shake, shakeYeah, oh!'Cause the players gonna play (play, play, play, play)And the haters gonna hate (hate, hate, hate, hate) (haters gonna hate)Baby, I'm just gonna shake (shake, shake, shake, shake)I shake it off, I shake it offHeartbreakers gonna break (break, break, break, break)And the fakers gonna fake (fake, fake, fake, fake)Baby, I'm just gonna shake (shake, shake, shake, shake)I shake it off, I shake it offShake it off, I shake it offI, I, I shake it off, I shake it offI, I, I shake it off, I shake it offI, I, I shake it off, I shake it offShake it off, I shake it offI, I, I shake it off, I shake it offI, I, I shake it off, I shake it offI, I, I shake it off, I shake it offShake it off, I shake it offI, I, I shake it off, I shake it off (you got to)I, I, I shake it off, I shake it offI, I, I shake it off, I shake it off;3.501.052;Taylor Swift / Shellback / Max Martin
Should've Said No;https://www.letras.mus.br/taylor-swift/848633/;It's strange to think the songs we used to singThe smiles, the flowers, everythingIs goneYesterday I found out about youEven now, just lookin' at youFeels wrongYou say that you'd take it all backGiven one chanceIt was a moment of weaknessAnd you said yesYou should've said noYou should've gone homeYou should've thought twice 'fore you let it all goYou should've known that word'Bout what you did with her'd get back to me (get back to me)And I should've been there, in the back of your mindI shouldn't be asking myself whyYou shouldn't be begging for forgiveness at my feetYou should've said noBaby, and you might still have meYou can see that I've been cryin'And, baby, you know all the right thingsTo sayBut do you honestly expect me to believeWe could ever be the same?You say that the past is the pastYou need one chanceIt was a moment of weaknessAnd you said yesYou should've said noYou should've gone homeYou should've thought twice 'fore you let it all goYou should've known that word'Bout what you did with her'd get back to me (get back to me)And I should've been there, in the back of your mindI shouldn't be asking myself whyYou shouldn't be begging for forgiveness at my feetYou should've said noBaby, and you might still have meOh, ohI can't resistBefore you go, tell me thisWas it worth it?Was she worth this?No, noNo, no, no, noYou should've said noYou should've gone homeYou should've thought twice 'fore you let it all goYou should've known that word'Bout what you did with her'd get back to me (get back to me)And I should've been there, in the back of your mindI shouldn't be asking myself whyYou shouldn't be begging for forgiveness at my feetYou should've said noBaby, and you might still have me;263.156;Taylor Swift
Silent Night;https://www.letras.mus.br/taylor-swift/1155154/;Silent night, holy nightAll is calm and all is brightRound yon virgin mother and childHoly infant so tender and mildSleep in heavenly peaceSleep in heavenly peaceSilent night, holy nightShepherds quake at the sightGlories stream from Heaven afarHeavenly hosts sing halleluiaChrist the savior is bornChrist our savior is bornSilent night, holy nightSon of GodLove's pure lightRadiant beams from thy holy faceWith the dawn of redeeming graceJesus Lord at thy birthJesus Lord at thy birthHalleluia!Halleluia!Halleluia!Christ the savior is born;50.255;Franz Gruber / Josef Mohr / Jörgen Elofsson
Smokey Black Nights;https://www.letras.mus.br/taylor-swift/1317685/;Let's watchThe tide chaseThe wavesOnto the sandI wonderIf a broken heartFeel the warmthOn my handAnd I wonderWhat a pieceOf driftwoodHas seen all throughHis lifetimeLet's walk awayThe past throughThe smokey black nightsI've seenA million thingsSpoke a million wordsNow i only wantTo speak to youWaiting for the wordsCounting every birdThere's nothingI'd rather doOn theSmokey black nightsStill throughtThe hazeI can make outConstellationsI'll make oneOf you and meAs we sitIn the sandAnd I sawThat sunset gleaminAs my eyes went wildLet's walk awayThe past throughThe smokey black nightsI've playedA thousand songsSang a thousand wordsNow i only wantTo sing to youWaited on a wireStarin' at the fireThere's nothingI'd rather doOn theSmokey black nightsI've walkedA thousand milesSmiledA thousand smilesNow I only smileWhen I'm with youWaiting for the wordsCounting every birdThere's nothingI'd rather doOn theSmokey black nightsSo walk with meAs the sweetWind dancesI'll write a songFor you and meOn theSmokey black nights;17.579;Sabe de quem é a composição? Envie pra gente.
Snow On The Beach (feat. Lana Del Rey);https://www.letras.mus.br/taylor-swift/snow-on-the-beach-feat-lana-del-rey/;One night, a few Moons agoI saw flecks of what could've been lightsBut it might just have been youPassing by unbeknownst to meLife is emotionally abusiveAnd time can't stop me quite like you didAnd my flight was awful, thanks for askingI'm unglued, thanks to youAnd it's like snow at the beachWeird, but fucking beautifulFlying in a dreamStars by the pocketfulYou wanting meTonight feels impossibleBut it's coming downNo sound, it's all aroundLike snow on the beachLike snow on the beachLike snow on the beachLike snow, ahThis scene feels like what I once saw on a screenI searched: Aurora borealis greenI've never seen someone lit from withinBlurring out my peripheryMy smile is like I won a contestAnd to hide that would be so dishonestAnd it's fine to fake it till you make itTill you do, till it's trueNow it's like snow at the beachWeird, but fucking beautifulFlying in a dreamStars by the pocketfulYou wanting meTonight feels impossibleBut it's coming downNo sound, it's all aroundLike snow on the beachLike snow on the beachLike snow on the beachLike snow, ahI (I) can't (can't) speak, afraid to jinx itI (I) don't (don't) even dare to wish itBut your eyes are flying saucers from another planetNow I'm all for you like JanetCan this be a real thing? Can it?Are we falling like snow at the beach? (Snow at the beach)Weird, but fucking beautifulFlying in a dream (flying in a dream)Stars by the pocketfulYou wanting me (you wanting me)Tonight feels impossibleBut it's coming downNo sound, it's all aroundLike snow on the beach (snow on the beach)Like snow on the beach (snow on the beach)Like snow on the beach (snow on the beach)Like snow, ahIt's coming downNo sound, it's all aroundLike snow on the beach(It's coming down, it's coming down)(It's coming down, it's coming down)Like snow on the beach(It's coming down, it's coming down)(It's coming down, it's coming down)(It's coming down, it's coming down)(It's coming down, it's coming down)(It's coming down, it's coming down)(It's coming down, it's coming down);393.677;Taylor Swift /  Lana Del Rey /  Jack Antonoff
Snow On The Beach (feat. More Lana Del Rey);https://www.letras.mus.br/taylor-swift/snow-on-the-beach-feat-more-lana-del-rey/;One night, a few Moons agoI saw flecks of what could've been lightsBut it might just have been youPassing by unbeknownst to meLife is emotionally abusiveAnd time can't stop me quite like you didAnd my flight was awful, thanks for askingI'm unglued, thanks to youAnd it's like snow at the beachWeird, but fucking beautifulFlying in a dreamStars by the pocketfulYou wanting meTonight feels impossibleBut it's coming downNo sound, it's all aroundLike snow on the beachLike snow on the beachLike snow on the beachLike snow, ahThis scene feels like what I once saw on a screenI searched: Aurora borealis greenI've never seen someone lit from withinBlurring out my peripheryMy smile is like I won a contestAnd to hide that would be so dishonestAnd it's fine to fake it till you make itTill you do, till it's trueNow it's like snow at the beachWeird, but fucking beautifulFlying in a dreamStars by the pocketfulYou wanting meTonight feels impossibleBut it's coming downNo sound, it's all aroundLike snow on the beachLike snow on the beachLike snow on the beachLike snow, ahI (I) can't (can't) speak, afraid to jinx itI (I) don't (don't) even dare to wish itBut your eyes are flying saucers from another planetNow I'm all for you like JanetCan this be a real thing? Can it?Are we falling like snow at the beach? (Snow at the beach)Weird, but fucking beautifulFlying in a dream (flying in a dream)Stars by the pocketfulYou wanting me (you wanting me)Tonight feels impossibleBut it's coming downNo sound, it's all aroundLike snow on the beach (snow on the beach)Like snow on the beach (snow on the beach)Like snow on the beach (snow on the beach)Like snow, ahIt's coming downNo sound, it's all aroundLike snow on the beachLike snow, like snow, ah;13.081;Jack Antonoff / Lana Del Rey / Taylor Swift
So High School;https://www.letras.mus.br/taylor-swift/so-high-school/;I feel so high school every time I look at youI wanna find you in a crowd just to hide from youAnd in a blink of a crinkling eyeI'm sinking, our fingers entwinedCheeks pink in the twinkling lightsTell me 'bout the first time you saw meI'll drink what you think and I'm highFrom smoking your jokes all damn nightThe brink of a wrinkle in timeBittersweet sixteen suddenlyI'm watching American Pie with you on a Saturday nightYour friends are around, so be quietI'm trying to stifle my sighs'Cause I feel so high school every time I look at you, but look at youBa-ba-ba-ba-baAre you gonna marry, kiss, or kill me (kill me)?It's just a game, but really (really)I'm bettin' on all three (all three) for us twoGet my car door, isn't that sweet (that sweet)?Then pull me to the backsеat (backseat)No one's evеr had me (had me), not like youTruth, dare, spin bottlesYou know how to ball, I know AristotleBrand new, full throttleTouch me while your bros play Grand Theft AutoIt's true, swear, scout's honorYou knew what you wanted, and, boy, you got herBrand new, full throttleYou already know, babeI feel like laughing in the middle of practiceDo that impression you did of your dad againI'm hearing voices like a madmanAnd in a blink of a crinkling eyeI'm sinking, our fingers entwinedCheeks pink in the twinkling lightsTell me 'bout the first time you saw meI'll drink what you think and I'm highFrom smoking your jokes all damn nightThe brink of a wrinkle in timeBittersweet sixteen suddenlyI'm watching American Pie with you on a Saturday nightYour friends are around, so be quietI'm trying to stifle my sighs'Cause I feel so high school (feel so high school) every time I look at you, but look at youTruth, dare, spin bottlesYou know how to ball, I know AristotleBrand new, full throttleTouch me while your bros play Grand Theft AutoIt's true, swear, scout's honorYou knew what you wanted, and, boy, you got herBrand new, full throttleYou already know, babe (you already know, babe);299.302;Taylor Swift / Aaron Dessner
So It Goes...;https://www.letras.mus.br/taylor-swift/so-it-goes/;See you in the darkAll eyes on you, my magicianAll eyes on usYou make everyone disappear, andCut me into piecesGold cage, hostage to my feelingsBack against the wallTrippin', trip-trippin' when you're gone'Cause we break down a littleBut when you get me alone, it's so simple'Cause, baby, I know what you knowWe can feel itAnd all the pieces fallRight into placeGetting caught up in a momentLipstick on your faceSo it goesI'm yours to keepAnd I'm yours to loseYou know I'm not a bad girl, but IDo bad things with youSo it goesMet you in a barAll eyes on me, your illusionistAll eyes on usI make all your gray days clear, andWear you like a necklaceI'm so chill, but you make me jealousBut I got your heartSkippin', skip-skippin' when I'm gone'Cause we break down a littleBut when I get you alone, it's so simple'Cause, baby, I know what you knowWe can feel itAnd all the pieces fallRight into placeGetting caught up in a momentLipstick on your faceSo it goesI'm yours to keepAnd I'm yours to loseYou know I'm not a bad girl, but IDo bad things with youSo it goesCome here, dressed in black nowSo, so, so it goesScratches down your back nowSo, so, so it goesYou did a number on meBut, honestly, baby, who's counting?I did a number on youBut, honestly, baby, who's counting?You did a number on meBut, honestly, baby, who's counting?Who's counting?One, two, threeAnd all the pieces fall (pieces fall)Right into placeGetting caught up in a moment (caught up, caught up)Lipstick on your faceSo it goesI'm yours to keep (oh)And I'm yours to lose (baby)You know I'm not a bad girl, but I (I do)Do bad things with youSo it goesCome here, dressed in black nowSo, so, so it goesScratches down your back nowSo, so, so it goesCome here, dressed in black nowSo, so, so it goesScratches down your back nowSo, so, so it goes;260.525;Taylor Swift / Shellback / OZGO / Max Martin
So Long, London;https://www.letras.mus.br/taylor-swift/so-long-london/;So (so) long (long), Lon– (Lon–) –don (–don)So (so) long (long), Lon– (Lon–) –don (–don)So (so) long (long), Lon– (Lon–) –don (–don)I saw in my mind fairy lights through the mistI kept calm and carried the weight of the riftPulled him in tighter each time he was drifting awayMy spine split from carrying us up the hillWet through my clothes, weary bones caught the chillI stopped trying to make him laugh, stopped trying to drill the safeThinking how much sad did you think I had, did you think I had in me?Oh, the tragedySo long, LondonYou'll find someoneI didn't opt in to be your odd man outI founded the club she's heard great things aboutI left all I knew, you left me at the house by the HеathI stopped CPR, after all, it's no useThе spirit was gone, we would never come toAnd I'm pissed off you let me give you all that youth for freeFor so long, LondonStitches undoneTwo graves, one gunI'll find someoneAnd you say I abandoned the ship, but I was going down with itMy white knuckle dying grip holding tight to your quiet resentmentAnd my friends said it isn't right to be scared every day of a love affairEvery breath feels like rarest air when you're not sure if he wants to be thereSo how much sad did you think I had, did you think I had in me?How much tragedy?Just how low did you think I'd go 'fore I'd self implode?'Fore I'd have to go be free?You swore that you loved me but where were the clues?I died on the altar waiting for the proofYou sacrificed us to the gods of your bluest daysAnd I'm just getting color back into my faceI'm just mad as hell 'cause I loved this place forSo long, LondonHad a good runA moment of warm SunBut I'm not the oneSo long, LondonStitches undoneTwo graves, one gunYou'll find someone;324.926;Aaron Dessner / Taylor Swift
Songs About You;https://www.letras.mus.br/taylor-swift/1812688/;I can't believe you did it againWalked by and took my heart with youWhy'd you have to look so good?Don't you know I'm trying to hate you?Trying to have a dream without you in itBut how can I put out this fireWhen you're the one that lit it?I can't wait for the day I stop pretendingThat I'm really okay when I'm notI wanna know how it feels to be over you for realAnd 'till I doI'll keep writing songs about youI got a sack of paper so highAnd it's all about you babyKeep thinking maybe ICan make sense of something crazySomething I can get out of my headI write your name, I write your nameAnd I tear it out to shredsI can't wait for the day I stop pretendingThat I'm really okay when I'm notI wanna know how it feels to be over you for realAnd 'till I doI'll keep writing songs about youAnd if you ever change your mindAnd want me back againI hope this song will remind meWhy I shouldn't let you inI can't wait for the day I stop pretendingThat I'm really okay 'cause I'm notI wanna know how it feels to be over you for realAnd 'till I doI'll just wait for the day I stop pretendingThat I'm really okay when I'm notI wanna know how it feels to be over you for realAnd 'till I doI'll keep writing songs about you;23.028;Sabe de quem é a composição? Envie pra gente.
Soon You'll Get Better (feat. The Chicks);https://www.letras.mus.br/taylor-swift/soon-youll-get-better/;The buttons of my coat were tangled in my hairIn doctor's office lighting, I didn't tell you I was scaredThat was the first time we were thereHoly orange bottles, each night I pray to youDesperate people find faith, so now I pray to Jesus tooAnd I say to youOoh-ahSoon you'll get betterOoh-ahSoon you'll get betterOoh-ahYou'll get better soonBecause you have toI know delusion when I see it in the mirrorYou like the nicer nurses, you make the best of a bad dealI just pretend it isn't realI'll paint the kitchen neon, I'll brighten up the skyI know I'll never get it, there's not a day that I won't tryAnd I say to youOoh-ahSoon you'll get betterOoh-ahSoon you'll get betterOoh-ahYou'll get better soonBecause you have toAnd I hate to make this all about meBut who am I supposed to talk to?What am I supposed to doIf there's no you?This won't go back to normal, if it ever wasIt's been years of hoping, and I keep saying it becauseBecause I have toOoh-ahYou'll get betterOoh-ahSoon you'll get betterOoh-ahYou'll get better soonOoh-ahSoon you'll get betterOoh-ahSoon you'll get betterOoh-ahYou'll get better soonBecause you have to;180.830;Taylor Swift / Jack Antonoff
Sparks Fly;https://www.letras.mus.br/taylor-swift/1301687/;The way you move is like a full-on rainstormAnd I'm a house of cardsYou're the kind of reckless that should send me running, but IKinda know that I won't get farAnd you stood there in front of me, justClose enough to touchClose enough to hope you couldn't see what I was thinking ofDrop everything now, meet me in the pouring rainKiss me on the sidewalk, take away the pain'Cause I see sparks fly whenever you smileGet me with those green eyes, baby, as the lights go downGive me something that'll haunt me when you're not around'Cause I see sparks fly whenever you smileMy mind forgets to remind me you're a bad ideaYou touch me once and it's really somethingYou find I'm even better than you imagined I would beI'm on my guard for the rest of the world, but with youI know it's no goodAnd I could wait patiently, but I really wish you wouldDrop everything now, meet me in the pouring rainKiss me on the sidewalk, take away the pain'Cause I see sparks fly whenever you smileGet me with those green eyes, baby, as the lights go downGive me something that'll haunt me when you're not around'Cause I see sparks fly whenever you smileI'll run my fingers through your hair and watch the lights go wildJust keep on keeping your eyes on meIt's just wrong enough to make it feel rightAnd lead me up the staircase, won't you whisper soft and slow?I'm captivated by you, baby, like a fireworks showDrop everything now, meet me in the pouring rainKiss me on the sidewalk, take away the pain'Cause I see sparks fly whenever you smileGet me with those green eyes, baby, as the lights go downGive me something that'll haunt me when you're not around'Cause I see sparks fly whenever you smileAnd the sparks flyOh, baby, smileAnd the sparks fly;536.287;Taylor Swift
Speak Now;https://www.letras.mus.br/taylor-swift/1755277/;I am not the kind of girlWho should be rudely barging in on a white veil occasionBut you are not the kind of boyWho should be marrying the wrong girlI sneak in and see your friendsAnd her snotty little family all dressed in pastelAnd she is yelling at a bridesmaidSomewhere back inside a roomWearing a gown shaped like a pastryThis is surely not what you thought it would beI lose myself in a daydream where I stand and sayDon't say yes, run away nowI'll meet you when you're outOf the church at the back doorDon't wait or say a single vowYou need to hear me outAnd they said: Speak nowFond gestures are exchangedAnd the organ starts to play a songThat sounds like a death marchAnd I am hiding in the curtainsIt seems that I was uninvitedBy your lovely bride-to-beShe floats down the aisleLike a pageant queenBut I know you wish it was meYou wish it was meDon't you?Don't say yes, run away nowI'll meet you when you're outOf the church at the back doorDon't wait or say a single vowYou need to hear me outAnd they said: Speak nowDon't say yes, run away nowI'll meet you when you're outOf the church at the back doorDon't wait or say a single vow (or say a single vow)Your time is runnin' outAnd they said: Speak nowI hear the preacher saySpeak now or forever hold your peaceThere's a silence, there's my last chanceI stand up with shaky handsAll eyes on meHorrified looks from everyone in the roomBut I'm only looking at youI am not the kind of girlWho should be rudely barging in on a white veil occasionBut you are not the kind of boyWho should be marrying the wrong girlSo don't say yes, run away nowI'll meet you when you're outOf the church at the back doorDon't wait or say a single vowYou need to hear me outThey said: Speak nowAnd you say: Let's run away nowI'll meet you when I'm outOf my tux at the back doorBaby, I didn't say my vow (didn't say my vow)So glad you were aroundWhen they said: Speak now;540.815;Taylor Swift
Spinning Around;https://www.letras.mus.br/taylor-swift/spinning-around/;Days go by, I wonder if you hear meCan't you read between the linesNow I'm standing still, I am disappearingTake this chance, I'll make you mineAnd don't you wonder whyYou change in timeMakes you feel so empty insideBut love's got me cornered in the back of the roomI'm spinning around, spinning aroundAnd all I see is someone I don't knowLove's got me tangled, tired me tooNo sign of a wall, sign of a wallSpinning me aroundAnd baby all I see is youHe tells lies, are you really thinkingThat you deserve another tryAnd when you see these eyes you see another planetDon't ask how, but fate decidesAnd don't you wonder whyYou change in timeMakes you feel so empty insideBut love's got me cornered in the back of the roomI'm spinning around, spinning aroundAnd all I see is someone I don't knowLove's got me tangled, tired me tooNo sign of a wall, sign of a wallSpinning me aroundAnd baby all I see is youSpinning and turning and living and learningI should be able to handle thisMake it or break it, move it or shake itDo it or fake it, girl you've got to make itBut love's got me cornered in the back of the roomI'm spinning around, spinning aroundAnd all I see is someone I don't knowLove's got me tangled, tired me tooNo sign of a wall, sign of a wallSpinning me aroundAnd baby all I see is youSpinning me aroundAnd baby all I see is youSpinning me aroundAnd baby all I see is you;4.352;Swift
Starlight;https://www.letras.mus.br/taylor-swift/starlight/;I said: Oh my, what a marvellous tuneIt was the best night, never would forget how we movedThe whole place was dressed to the ninesAnd we were dancing, dancingLike we're made of starlightLike we're made of starlightI met Bobby on the boardwalk, summer of '45Picked me up late one night out the windowWe were 17 and crazy, runnin' wild, wildCan't remember what song it was playing when we walked inThe night we snuck into a yacht club partyPretending to be a duchess and a princeAnd I said: Oh my, what a marvellous tuneIt was the best night, never would forget how we movedThe whole place was dressed to the ninesAnd we were dancing, dancingLike we're made of starlight, starlightLike we're made of starlight, starlightHe said: Look at you, worrying too much about things you can't changeYou'll spend your whole life singing the bluesIf you keep thinking that wayHe was trying to skip rocks on the ocean saying to meDon't you see the starlight, starlight?Don't you dream impossible things?Like, oh my, what a marvellous tuneIt was the best night, never would forget how we movedThe whole place was dressed to the ninesAnd we were dancing, dancingLike we're made of starlight, starlightLike we're made of starlight, starlightOoh, ooh, he's talking crazyOoh, ooh, dancing with meOoh, ooh, we could get marriedHave ten kids and teach them how to dreamHoo, hoo, hooHoo, hoo, hooHoo, hoo, hooHoo, hoo, hooOh my, what a marvellous tuneIt was the best night, never would forget how we movedThe whole place was dressed to the ninesAnd we were dancing, dancingLike we're made of starlight, starlightLike we're made of starlight, starlightLike we're made of starlight, starlightLike we dream impossible dreamsLike starlight, starlightLike we dream impossible dreamsDon't you see the starlight, starlight?Don't you dream impossible things?;167.384;Taylor Swift
State Of Grace;https://www.letras.mus.br/taylor-swift/state-of-grace/;I'm walking fast through the traffic lightsBusy streets and busy livesAnd all we knowIs touch and goWe are alone with our changing mindsWe fall in love 'til it hurts or bleedsOr fades in timeAnd I never (never)Saw you comingAnd I'll never (never)Be the sameYou come around and the armor fallsPierce the room like a cannonballNow all we knowIs don't let goWe are alone, just you and meUp in your room and our slates are cleanJust twin fire signsFour blue eyesSo you were never a saintAnd I've loved in shades of wrongWe learn to live with the painMosaic broken heartsBut this love is brave and wildAnd I never (never)Saw you comingAnd I'll never (never)Be the sameThis is a state of graceThis is the worthwhile fightLove is a ruthless gameUnless you play it good and rightThese are the hands of fateYou're my Achilles heelThis is the golden ageOf something good and right and realAnd I never (never)Saw you comingAnd I'll neverBe the sameAnd I never (never)Saw you comingAnd I'll never (so you were never a saint and I've loved in shades of wrong)Be the same (we learn to live with the pain, mosaic broken hearts)(But this love is brave and wild)This is a state of graceThis is the worthwhile fightLove is a ruthless gameUnless you play it good and right;426.568;Taylor Swift
State Of Grace (Acoustic Version);https://www.letras.mus.br/taylor-swift/state-of-grace-acoustic-version/;I'm walking fast through the traffic lightsBusy streets and busy livesAnd all we know is touch and goWe are alone with our changing mindsWe fall in love till it hurts or bleedsOr fades in timeAnd I never saw you comin'And I'll never be the sameYou come around and the armor fallsPierce the room like a cannonballNow all we know is don't let goWe are alone, just you and meUp in your room and our slates are cleanJust twin fire signs, four blue eyesSo you were never a saint and I loved in shades of wrongWе learn to live with the pain, mosaic brokеn heartsBut this love is brave and wildI never saw you comin'And I'll never be the sameThis is a state of graceThis is the worthwhile fightLove is a ruthless gameUnless you play it good and rightThese are the hands of fateYou're my Achilles heelThis is the golden ageOf something good and right and realAnd I never saw you comin'And I'll never be the sameOh, I never saw you comin'And I'Il never be the sameThis is a state of graceThis is the worthwhile fightLove is a ruthless gameUnless you play it good and right;9.395;Taylor Swift
Stay Beautiful;https://www.letras.mus.br/taylor-swift/848634/;Cory's eyes are like a jungleHe smiles, it's like the radioHe whispers songs into my windowIn words that nobody knowsThere's pretty girls on every cornerThat watch him as he's walking homeSaying: Does he know?Will you ever know?You're beautifulEvery little piece, love, and don't you knowYou're really gonna be someone, ask anyoneAnd when you find everything you looked forI hope your life leads you back to my doorOh, but if it don't, stay beautifulCory finds another way to beThe highlight of my dayI'm taking pictures in my mindSo I can save them for a rainy dayIt's hard to make conversationWhen he's taking my breath awayI should say: Hey, by the wayYou're beautifulEvery little piece, love, and don't you knowYou're really gonna be someone, ask anyoneAnd when you find everything you looked forI hope your life leads you back to my doorOh, but if it don't, stay beautifulIf you and I are a storyThat never gets toldIf what you are is a daydreamI'll never get to hold, at least you'll knowYou're beautifulEvery little piece, love, and don't you knowYou're really gonna be someone, ask anyoneAnd when you find everything you looked forI hope your life leads you back to my front doorOh, but if it don't, will you stayBeautiful, a beautiful, a beautiful?Beautiful, a beautiful, a beautiful?La, la, la, laOh-oh-oh, ohOh, but if it don't, stay beautifulStay beautifulNa, na, na, na, na;122.066;Liz Rose / Taylor Swift
Stay Stay Stay;https://www.letras.mus.br/taylor-swift/stay-stay-stay/;I'm pretty sure we almost broke up last nightI threw my phone across the room, at youI was expecting some dramatic turn awayBut you stayedThis morning I said we should talk about it'Cause I read you should never leave a fight unresolvedThat's when you came in wearing a football helmetAnd said: Okay, let's talk!And I saidStay, stay, stayI've been loving you for quite some time, time, timeYou think that it's funny when I'm mad, mad, madBut I think that it's best if we both stayBefore you, I'd only dated self-indulgent takersWho took all of their problems out on meBut you carry my groceries, and now I'm always laughingAnd I love you because you have given meNo choice but toStay, stay, stayI've been loving you for quite some time, time, timeYou think that it's funny when I'm mad, mad, madBut I think that it's best if we both stay, stay, stay, stayYou took the time to memorize meMy fears, my hopes and dreamsI just like hanging out with youAll the timeAll those times that you didn't leaveIt's been occurring to meI'd like to hang out with youFor my whole lifeStayAnd I'll be loving you for quite some timeNo one else is gonna love me when I get mad, mad, madSo I think that it's best if we both stay, stay, stayStay, stay, stayStay, stay, stayI've been loving you for quite some time, time, timeYou think that it's funny when I'm mad, mad, madBut I think that it's best if we both stay, stay, stayStay, stay, stayStay, stay, stayI've been loving you for quite some time, time, timeYou think that it's funny when I'm mad, mad, madBut I think that it's best if we both stayThat's so fun!;212.151;Taylor Swift
Stupid Boy;https://www.letras.mus.br/taylor-swift/stupid-boy/;Let me know how's it feelTo be under my skinWrapped around my heartIs it like anywhere you've been?And everything I do, I do it just for youSo why the hell don't you love me?Why the hell don't you need meLike I need you?Why are you so far above me?Don't you know that there's nothing I wouldn't do?But I was just a toyThat's what you destroyedStupid boyI have been, looking inTrying to read your mindGive you the benefit of the doubtEvery single timeBut didn't you waltz right byI'm screamin' out insideWhy the hell don't you love me?Why the hell don't you need meLike I need you?Why are you so far above me?Don't you know that there's nothing I wouldn't do?But I was just a toyThat's what you destroyedStupid boyWhat happens when you wake upAnd see what you've lostTake one look at me causeThat's what it costI was gonna be everything you needCause you are everything to meSo why the hell don't you love me?Why the hell don't you need meLike I need you?Why are you so far above me?Don't you know that there's nothing I wouldn't do?But I was just a toyThat's what you destroyedStupid boyLet me know how's it feelTo be under my skin;15.581;Taylor Swift
Style;https://www.letras.mus.br/taylor-swift/style/;MidnightYou come and pick me up, no headlightsA long driveCould end in burning flames or paradiseFade into view, ohIt's been a while since I have even heard from you(Heard from you)And I should just tell you to leave, 'cause IKnow exactly where it leads, but IWatch us go 'round and 'round each timeYou got that James Dean daydream look in your eyeAnd I got that red lip, classic thing that you likeAnd when we go crashing down, we come back every time'Cause we never go out of styleWe never go out of styleYou got that long hair, slicked back, white t-shirtAnd I got that good girl faith and a tight little skirtAnd when we go crashing down, we come back every time'Cause we never go out of styleWe never go out of styleSo it goesHe can't keep his wild eyes on the roadTakes me homeThe lights are off, he's taking off his coatI say: I heard, ohThat you've been out and about with some other girl(Some other girl)He says: What you heard is true, but ICan't stop thinking about you, and II said: I've been there too, a few times'Cause you got that James Dean daydream look in your eyeAnd I got that red lip, classic thing that you likeAnd when we go crashing down, we come back every time'Cause we never go out of styleWe never go out of styleYou got that long hair, slicked back, white t-shirtAnd I got that good girl faith and a tight little skirt (a tight little skirt)And when we go crashing down, we come back every time'Cause we never go out of style (we never go, we never go)We never go out of styleTake me homeJust take me homeYeah, just take me homeOh, oh, oh(Out of style)You got that James Dean daydream look in your eyeAnd I got that red lip, classic thing that you likeAnd when we go crashing down, we come back every time (and when we go)'Cause we never go out of styleWe never go out of style;2.495.692;Ali Payami / Max Martin / Shellback / Taylor Swift
Style / Love Story / You Belong With Me (medley);https://www.letras.mus.br/taylor-swift/style-love-story-you-belong-with-me-medley/;You got that James Dean, daydream look in your eyesAnd I got that red lip, classic thing that you likeAnd when we go crashing downWe come back every time'Cause we never go out of styleWe never go out of styleYou got that long hair slicked backWhite T-shirtAnd I got that good girl faithAnd a tight little skirtAnd when we go crashing downWe come back every time'Cause we never go out of styleWe never go out of styleMidnight, you come and pick me upNo headlightsLong drive, could end in burning flamesOr paradiseFade into viewIt's been a while since I have even heard from you(Heard from you)And I should just tell you to leave, 'cause IKnow exactly where it leads, but IWatch us go 'round and 'round each timeYou got that James Dean, daydream look in your eyesAnd I got that red lip, classic thing that you likeAnd when we go crashing downWe come back every time'Cause we never go out of styleWe never go out of styleYou got that long hair slicked backWhite T-shirtAnd I got that good girl faithAnd a tight little skirtAnd when we go crashing downWe come back every time'Cause we never go out of styleWe never go out of styleWe were both youngWhen I first saw youI closed my eyesAnd the flashback startsI'm standing thereOn a balcony in summer airI see the lightsSee the party the ball gownsI see you make your wayThrough the crowdAnd say HelloLittle did I knowThat you were RomeoYou were throwing pebbles'Till my daddy said Stay away from JulietAnd I was crying on the staircaseBeggin' you Please don't goAnd I saidRomeo take meSomewhere we can be aloneI'll be waitingAll that's left to do is runYou'll be the PrinceAnd I'll be the PrincessIt's a Love StoryBaby just say YesI got tired of waitingWonderin' if you were ever comin' aroundMy faith in you was fadingWhen I met you on the outskirts of townAnd I saidRomeo save meI've been feelin' so aloneI keep waiting for youBut you never comeIs this in my head?I don't know what to thinkHe knelt to the groundAnd pulled out a ringAnd saysMarry me JulietYou never have to be aloneI love youAnd that's all I really knowI talked to your dadGo pick out a white dressIt's a Love StoryBaby just say YesOh, I remember youDriving to my houseIn the middle of the nightI'm the one who makes you laughWhen you know you're about to cryAnd I know your favorite songsAnd you tell me about your dreamsThink I know where you belongThink I know it's with meCan't you seeThat I'm the oneWho understands youBeen here all alongSo why can't you see?You belong with meStanding by and waiting at your backdoorAll this timeHow could you not know babyYou belong with meYou belong with meYou belong with meHave you ever thoughtJust maybeYou belong with meYou belong with me;8.404;Taylor Swift
Suburban Legends;https://www.letras.mus.br/taylor-swift/suburban-legends/;You had people who called you on unmarked numbersIn my peripheral visionI let it slide like a hose on a slippery plastic summerAll was quickly forgivenYou were so magnetic, it was almost obnoxiousFlush with the currency of coolI was always turnin' out my empty pocketsAnd when it came to youI didn't come here to make friendsWe were born to be suburban legendsWhen you hold me, it holds me togetherAnd you kiss me in a way that's gonna screw me up foreverI had the fantasy that maybe our mismatched star signsWould surprise the whole schoolWhen I ended up back at our class reunionWalkin' in with youYou'd be more than a chapter in my old diariesWith the pages ripped outI am standin' in a nineteen-fifty's gymnasiumAnd I can still see you nowI didn't come here to make friendsWe were born to be suburban legendsWhen you hold me, it holds me togetherAnd you kiss me in a way that's gonna screw me up foreverI know that you still rememberWe were born to be national treasuresWhen you told me we'd get back togetherAnd you kissed me in a way that's gonna screw me up foreverTick-tock on the clock, I pace down your blockI broke my own heart 'cause you were too polite to do itWaves crash on the shore, I dash to the doorYou don't knock anymore and my whole life's ruinedTick-tock on the clock, I pace down your blockI broke my own heart 'cause you were too polite to do itWaves crash to the shore, I dash to the doorYou don't knock anymore and I always knew itThat my life would be ruined;87.610;Jack Antonoff / Taylor Swift
Sugar;https://www.letras.mus.br/taylor-swift/sugar/;What a thing to see, what a thing to beWhat a perfect love, what a perfect home'Cause every time she walks andEvery time she talksIs every time he knows what a perfect world he's living onBut whenever he's goneAnd when she is all aloneHis heart goes out to her on the telephoneAnd he says sugar, how I love youHow I think about you all the timeHe calls her sugar'Cause she's the sweetest thingOh, she's the best thing he'll ever findWith her midnight hair andWith his favorite stareShe's a southern belle, he's a rock out kingWhen she looks aroundOh she knows she's foundSuch a perfect life, such a perfect thingAnd whenever he's goneAnd when she is all aloneHis heart goes out to her on the telephoneAnd he says sugar, how I love youHow I think about you all the timeHe calls her sugar'Cause she's the sweetest thingOh, she's the best thing he'll ever findOh there's a reason for every seasonThere's a change within the range of every heartBut the reason and the seasonSeem to be right so farAnd he says sugar, how I love youHow I think about you all the timeHe calls her sugar'Cause she's the sweetest thingOh, she's the best thing he'll ever findHe calls her sugar;5.383;Sabe de quem é a composição? Envie pra gente.
Summer Of 69';https://www.letras.mus.br/taylor-swift/summer-of-69/;I got my first real six stringBought it at the five and dimePlayed it till my fingers bledWas the summer of '69Me and some guys from schoolHad a band and we tried real hardJimmy quit and Jody got marriedI shoulda known we'd never get farOh when I look back nowThat summer seemed to last foreverAnd if I had the choiceYa - I'd always wanna be thereThose were the best days of my lifeAin't no use in complainin'When you got a job to doSpent my evenin's down at the drive-inAnd that's when I met you - yaStandin' on your mama's porchYou told me that you'd wait foreverOh and when you held my handI knew that it was now or neverThose were the best days of my lifeBack in the summer of '69Man we were killin' timeWe were young and recklessWe needed to unwindI guess nothin' can last forever - forever, noAnd now the times are changin'Look at everything that's come and goneSometimes when I play that old six stringI think about you wonder what went wrongStandin' on your mama's porchYou told me that it'd last foreverOh and when you held my handI knew that it was now or neverThose were the best days of my lifeBack in the summer of '69;2.111;Bryan Adams / Jim Vallance
Superman;https://www.letras.mus.br/taylor-swift/1763903/;Tall, dark and SupermanHe puts papers in his briefcase and drives awayTo save the world or go to workIt's the same thing to meHe's got his mother's eyes, his father's ambitionI wonder if he knows how much that I miss himI hang on every word you sayAnd you smile and say: How are you?I say: Just fineI always forget to tell you I love youI love you foreverI watch Superman fly awayYou've got a busy day todayGo save the world, I'll be aroundAnd I watch Superman fly awayCome back, I'll be with you somedayI'll be right here on the groundWhen you come back downTall, dark and beautifulHe's complicated, he's irrationalBut I hope someday he'll take me away and save the day, yeahSomething in his deep brown eyes has me sayingHe's not all bad like his reputationAnd I can't hear one single word they sayAnd you'll leave, got places to beAnd I'll be okayI always forget to tell you I love youI loved you from the very first dayI watch Superman fly awayYou've got a busy day todayGo save the world, I'll be aroundAnd I watch Superman fly awayCome back, I'll be with you somedayI'll be right here on the groundWhen you come back downAnd I watch you fly around the worldAnd I hope you don't save some other girlDon't forget, don't forget about meI'm far away but I never let you goI'm lovestruck and looking out the windowDon't forget, don't forget where I'll beRight here wishing the flowers were from youWishing the card was from youWishing the call was from you‘Cause I loved you from the very first dayI watch Superman fly awayYou've got a busy day todayGo save the world, I'll be aroundForever and everI watch Superman fly awayI swear, I'll be with you somedayI'll be right here on the groundWhen you come back downWhen you come back down;131.905;Taylor Swift
SuperStar;https://www.letras.mus.br/taylor-swift/1563332/;This is wrong, but I can't help but feel likeThere ain't nothing more right, babyMisty morning comes again and I can't helpBut wish I could see your faceAnd I knew from the first note playedI'd be breaking all my rules to see youAnd you smile, that beautiful smileAnd all the girls in the front row scream your nameSo dim that spotlightTell me things likeI can't keep my eyes off of youI am no one specialJust another wide-eyed girlWho's desperately in love with youGive me a photograph to hang on my wallSuperstarMorning loneliness comes aroundWhen I'm not dreaming about youWhen my world wakes up todayYou'll be in another townAnd I knew when I saw your faceI'd be counting down the ways to see youAnd you smile, that beautiful smileAnd all the girls in the front row scream your nameSo dim that spotlightTell me things likeI can't take my eyes off of youI am no one specialJust another wide-eyed girlWho's desperately in love with youGive me a photograph to hang on my wallSuperstarYou played in bars, you play guitarAnd I'm invisible and everyone knows who you areAnd you'll never see you sing me to sleepEvery night from the radioSo dim that spotlightTell me things likeI can't take my eyes off of youI am no one specialJust another wide-eyed girlWho's desperately in love with youGive me a photograph to hang on my wallSuperstarSweet, sweet superstarSuperstar;151.237;Liz Rose / Taylor Swift
Sweet Escape;https://www.letras.mus.br/taylor-swift/sweet-escape/;Ooh, oohOoh, oohOoh, oohIf I could be sweetI would, but first of all let me sayI must apologize for acting stank and treating you this way'Cause I've been acting like sour milk all on the floorIt's your fault you didn't shut the refrigeratorMaybe that's the reason I've been acting so coldIf I could escapeAnd recreate a place as my own worldAnd I could be your favourite girl foreverPerfectly togetherNow tell me, boy, now wouldn't that be sweet?If I could be sweetI'm sorry but I know I've been a real bad girlI didn't mean for you to get hurt, whatsoeverWe can make it betterNow tell me, boy, now wouldn't that be sweet?Sweet escapeSweet escapeOoh, oohOohYou let me drownI'm at my lowest boiling pointCome help me outI need to get me out of this jointCome on, let's bounceCounting on you to turn me aroundInstead of clowning aroundLet's look for some common groundOh, babyTime's been getting a little crazyI've been getting a little lazyWaiting for you to come save meI can see that you're angryBy the way the you treat meHopefully, you don't leave meWanna take you with meIf I could escapeAnd recreate a place as my own worldAnd I could be your favourite girl foreverPerfectly togetherNow tell me, boy, now wouldn't that be sweet?If I could be sweetI'm sorry but I know I've been a real bad girlI didn't mean for you to get hurt, whatsoeverWe can make it betterNow tell me, boy, now wouldn't that be sweet?Sweet escapeOoh, oohOoh, oohOoh, oohOoh;4.011;Aliaune Akon Thiam / Giorgio Tuinfort / Gwen Stefani
Sweet Nothing;https://www.letras.mus.br/taylor-swift/sweet-nothing/;I spy with my little tired eyeTiny as a firefly, a pebble that we picked up last JulyDown deep inside your pocketWe almost forgot itDoes it ever miss Wicklow sometimes?Ooh, oohThey said the end is comin'Everyone's up to somethingI found myself running home to your sweet nothingsOutside they're push and shovingYou're in the kitchen hummingAll that you ever wanted from me was sweet nothingOn the way homeI wrote a poemYou say: What a mindThis happens all the timeOoh, ooh, ooh, ooh'Cause they said the end is comin'Everyone's up to somethingI found myself running home to your sweet nothingsOutside they're push and shovingYou're in the kitchen hummingAll that you ever wanted from me was nothingIndustry disruptors and soul deconstructorsAnd smooth-talking hucksters out-glad-handing each otherAnd the voices that implore: You should be doing moreTo you I can admit that I'm just too soft for all of itOoh, ooh, ooh, oohThey said the end is comin'Everyone's up to somethingI found myself running home to your sweet nothingsOutside they're push and shovingYou're in the kitchen hummingAll that you ever wanted from me was sweet nothingThey said the end is comin' (they said the end is comin')Everyone's up to something (everyone's up to something)I found myself running home to your sweet nothingsOutside they're push and shoving (outside they're push and shoving)You're in the kitchen humming (you're in the kitchen humming)All that you ever wanted from me was sweet nothing;327.438;Taylor Swift / William Bowery
Sweet Tea & God's Graces;https://www.letras.mus.br/taylor-swift/1831232/;Tire swings, summer dreamsHoneysuckle on the breezeWhistle county creekLaying in the green grassI was watching clouds passBaby, you were watching meCold barn, struck bedEverything you saidSlowly educating meI never had a lesson so sweetYou can get high on a first kissAnd you can get by on sweet tea and God's gracesYou can love like a sinner, lose like a winnerNothing's shatterproofYou can crash and burnAnd come back someone newAnd that's what I learned from youAutumn rain, window paneLooking how the leaves changeJust like the two of usStill got your laugh, your ghost, your jacketGuess I loved you way too muchBut I'm a little smarterMy heart's a little harderBut it's still soft enough to cry'Cause I remember those timesI rememberYou can get high on a first kissAnd you can get by on sweet tea and God's gracesYou can love like a sinner, lose like a winnerNothing's shatterproofYou can crash and burnAnd come back someone newAnd that's what I learned from youI saw you just the other dayAll that I could think to sayWas: Hey, how have you been?You caught me with that old smileAnd said: It's really been a whileI still think about back whenWe used to get high on the first kissAnd we could get by on sweet tea and JesusAnd you can love like a sinner, lose like a winnerNothing's shatterproofYou can crash and burnAnd now I'm someone newAnd that's what I learned from youOh, that's what I learned from youThat's what I learned from you, oh, youOh, that's what I learned from you;10.953;Taylor Swift
Sweeter Than Fiction;https://www.letras.mus.br/taylor-swift/sweeter-than-fiction/;Hit the ground, hit the ground, hit the ground, oh, ohOnly sound, only sound that you hear is: NoYou never saw it coming, slipped when you started runningAnd now you've come undone andI, I, I, ISeen you fall, seen you crawl on your knees, eh, ayySeen you lost in a crowd, seen your colors fadeWish I could make it better, someday you won't rememberThis pain you thought would last forever and everThere you'll stand, ten feet tallI will say: I knew it all alongYour eyes are wider than distanceThis life is sweeter than fictionJust a shot, just a shot in the dark, oh, ohAll you got, all you got are your shattered hopesThey never saw it coming, you hit the ground runningAnd now you're on to somethingI, I, I sayWhat a sight, what a sight when the light came onProved me right, proved me right when you proved them wrongAnd, in this perfect weather, it's like we don't rememberThe rain we thought would last forever and everThere you'll stand, ten feet tallI will say: I knew it all alongYour eyes are wider than distanceThis life is sweeter than fiction (sweeter than fiction)There you'll stand, next to me (next to me)All at once, the rest is history (ooh)Your eyes are wider than distanceThis life is sweeter than fiction (sweeter than fiction)I'll be one of the many sayingLook at you now, look at you now and nowI'll be one of the many sayingYou've made us proud, you've made us proud, proudI'll be one of the many sayingLook at you now, look at you now and nowI'll be one of the many sayingYou've made us proud, you've made us proud, proudAnd when they call your name and theyPut your picture in a frameYou know that I'll be there time and again'Cause I loved you whenWhen youHit the ground, hit the ground, hit the ground, oh, ohOnly sound, only sound that you heard was: NoNow, in this perfect weather, it's like we don't rememberThe rain we thought would last forever and ever (forever)There you'll stand, ten feet tall (ten feet tall)I will say: I knew it all along (all along)Your eyes are wider than distance (I knew it all along)This life is sweeter than fiction (sweeter than fiction)There you'll stand, next to me (next to me)All at once, the rest is history (ooh)Your eyes are wider than distance (I knew it all along)This life is sweeter than fiction (it's sweeter than fiction)It's sweeter than fictionIt's sweeter, yeahIt's sweeter, it's sweeterIt's sweeter than fiction;55.968;Jack Antonoff / Taylor Swift
‘tis the damn season;https://www.letras.mus.br/taylor-swift/tis-the-damn-season/;If I wanted to know who you were hanging withWhile I was gone, I would've asked youIt's the kind of cold fogs up windshield glassBut I felt it when I passed youThere's an ache in you put there by the ache in meBut if it's all the same to youIt's the same to meSo we could call it evenYou could call me Babe for the weekend​'Tis the damn season, write this downI'm stayin' at my parents' houseAnd the road not taken looks real good nowAnd it always leads to you and my hometownI parkеd my car right between the MethodistAnd thе school that used to be oursThe holidays linger like bad perfumeYou can run, but only so farI escaped it too, remember how you watched me leaveBut if it's okay with youIt's okay with meWe could call it evenYou could call me Babe for the weekend​'Tis the damn season, write this downI'm stayin' at my parents' houseAnd the road not taken looks real good nowTime flies, messy as the mud on your truck tiresNow I'm missing your smile, hear me outWe could just ride aroundAnd the road not taken looks real good nowAnd it always leads to you and my hometownSleep in half the day just for old times' sakeI won't ask you to wait if you don't ask me to staySo I'll go back to L.A. and the so-called friendsWho'll write books about me, if I ever make itAnd wonder about the only soul who can tell which smiles I'm fakin'And the heart I know I'm breakin' is my ownTo leave the warmest bed I've ever knownWe could call it evenEven though I'm leavin'And I'll be yours for the weekend​'Tis the damn seasonWe could call it evenYou could call me Babe for the weekend​'Tis the damn season, write this downI'm stayin' at my parents' houseAnd the road not taken looks real good nowTime flies, messy as the mud on your truck tiresNow I'm missing your smile, hear me outWe could just ride aroundAnd the road not taken looks real good nowAnd it always leads to you and my hometownIt always leads to you and my hometown;292.755;Aaron Dessner / Taylor Swift
Teardrops On My Guitar;https://www.letras.mus.br/taylor-swift/1213560/;Drew looks at me, I fake a smile so he won't seeThat I want and I'm needing everything that we should beI'll bet she's beautiful, that girl he talks aboutAnd she's got everything that I have to live withoutDrew talks to me, I laugh 'cause it's just so funnyThat I can't even see anyone when he's with meHe says he's so in love, he's finally got it rightI wonder if he knows he's all I think about at nightHe's the reason for the teardrops on my guitarThe only thing that keeps me wishing on a wishing starHe's the song in the car I keep singing, don't know why I doDrew walks by me, can he tell that I can't breathe?And there he goes, so perfectlyThe kind of flawless I wish I could beShe'd better hold him tight, give him all her loveLook in those beautiful eyes and know she's lucky 'causeHe's the reason for the teardrops on my guitarThe only thing that keeps me wishing on a wishing starHe's the song in the car I keep singing, don't know why I doSo I drive home alone, as I turn out the lightI'll put his picture down and maybe get some sleep tonight'Cause he's the reason for the teardrops on my guitarThe only one who's got enough for me to break my heartHe's the song in the car I keep singing, don't know why I doHe's the time taken up, but there's never enoughAnd he's all that I need to fall intoDrew looks at me, I fake a smile so he won't see;532.226;Liz Rose / Taylor Swift
Tell Me;https://www.letras.mus.br/taylor-swift/tell-me/;It was something like a perfect start toThis love yesterday but now who are youI thought I knewYour eyes how to know to look right through meIt's like you forgot the words you whispered to meThey weren't trueIt's like it wasn't youCould you tell me what did I doBecause it can't be we're already throughDid you sell me out for a foolAfter you held me is that just what you doWhat did you need from meTell meTake time to realise I knowThat people change their mindsBut that was something I wished you would sayTo my faceBut you run awayCould you tell me what did I doBecause it can't be we're already throughDid you sell me out for a foolAfter you held me is that just what you doWhat did you need from meTell meIf I had a reason or a simple goodbyeBaby even a lieYeah, yeahTell me what did I doBeause baby suddenly we're already throughDid you sell me out for a foolAfter you held me is that just what you doWhat did you need from meTell meAnd tell meOoh yeahTell meTell Me;16.054;Liz Rose / Taylor Swift
Tell Me Why;https://www.letras.mus.br/taylor-swift/1374065/;I took a chance, I took a shotAnd you might think I'm bulletproof, but I'm notYou took a swing, I took it hardAnd down here from the ground I see who you areI'm sick and tired of your attitudeI'm feeling like I don't know youYou tell me that you love me then cut me downAnd I need you like a heartbeatBut you know you got a mean streakMakes me run for cover when you're aroundAnd here's to you and your temperYes, I remember what you said last nightAnd I know that you see what you're doing to meTell me whyYou could write a book onHow to ruin someone's perfect dayWell, I get so confused and frustratedForget what I'm trying to sayI'm sick and tired of your reasonsI've got no one to believe inYou tell me that you want me then push me aroundAnd I need you like a heartbeatBut you know you got a mean streakMakes me run for cover when you're aroundHere's to you and your temperYes, I remember what you said last nightAnd I know that you see what you're doing to meTell me whyWhy do you have to make me feel small?So you can feel whole insideWhy do you have to put down my dreams?So you're the only thing on my mindAnd I'm sick and tired of your attitudeI'm feeling like I don't know youYou tell me that you want me then cut me downI'm sick and tired of your reasonsI've got no one to believe inYou ask me for my love then you push me aroundHere's to you and your temperYes, I remember what you said last nightAnd I know that you see what you're doing to meTell me whyWhy, tell me whyI take a step back and let you goI told you I'm not bulletproof, now you know;229.289;Liz Rose / Taylor Swift
Ten Dollars And a Six Pack;https://www.letras.mus.br/taylor-swift/ten-dollars-and-a-six-pack/;"You were what I wantedWhen I wanted what I just couldn't haveYou were country lovin'Really somethin' for three months and a halfEverybody said that you were bad newsBut, baby, I was betting on youSo I guess I owe my friends ten dollars and a six-packI got myself a big country serving of paybackI guess I'm gonna have to listen to my mama's ""I told you so's""Well, you ain't worth all of thatTen dollars and a six-packI said ""let them say we're crazy""You said ""let's go fishing tonight""Midnight moon was blazin', babyI was looking into your eyesEverything changed when you took me to townCaughtcha starin' every other girl downSo I guess I owe my friends ten dollars and a six-packI got myself a big country serving of paybackI guess I'm gonna have to listen to my mama's ""I told you so's""Well, you ain't worth all of thatTen dollars and a six-packCan't believe the time you lost meI can't believe what it cost meI owe my friends ten dollars and a six-packI got myself a big country serving of paybackHave to go and listen to my mama's ""I told you so's""Well, you were never been through thatWell, you ain't worth all of thatTen dollars and a six-packYou ain't worth all thatTen dollars and a six-packDa da da daTen dollars and a six-pack";2.449;Sabe de quem é a composição? Envie pra gente.
Tenerife Sea (feat. Ed Sheeran);https://www.letras.mus.br/taylor-swift/tenerife-sea/;You look so wonderful in your dressI love your hair like thatThe way it falls on the side of your neckDown your shoulders and backWe are surrounded by all of these liesAnd people who talk too muchYou've got that kind of look in your eyesAs if no one knows anything but usShould this be the last thing I seeI want you to know it's enough for me'Cause all that you are is all that I'll ever needI'm so in love, so in loveSo in love, so in loveYou look so beautiful in this lightYour silhouette over meThe way it brings out the blue in your eyesIs the tenerife seaAnd all of the voices surrounding us hereThey just fade out as you take a breathJust say the word and I will disappearInto the wildernessShould this be the last thing I seeI want you to know it's enough for me'Cause all that you are is all that I'll ever needI'm so in love, so in loveSo in love, so in loveLumière, darlingLumière over meShould this be the last thing I seeI want you to know that's enough for me'Cause all that you are is all that I'll ever needI'm so in love, so in loveSo in love, love, love, loveSo in loveYou look so wonderful in your dressI love your hair like thatAnd in a moment I knew you were back;8.218;Sabe de quem é a composição? Envie pra gente.
Tennessee;https://www.letras.mus.br/taylor-swift/tennessee/;Standing on a streetSomewhere I don't want to beIn a town that's made of stoneSome bad directions must have me here by mistake'Cause this sure ain't what I call homeLet me close my eyes for a secondSee if I can get out of here andLet my hair hang downAnd I can feel the golden sunAnd watch a pickup truck drive byAnd I want to tell the worldHow good it is to be right hereBut I don't, I just sit under this treeI'm in TennesseeStanding on a roadLeading to a barnWith a cat named EloiseLater on we'll all go fishing in the pondBut all we'll catch is just a summer breezeLet me close my eyes for a secondSee if I can stay right here andLet my hair hang downAnd I can feel the golden sunAnd watch a pickup truck drive byAnd I want to tell the worldHow good it is to be right hereBut I don't, I just sit under this treeI'm in TennesseeWhen the pond is gone and Eloise floats awayI find myself staring at the same old thingsI need to go back, back where I feel so freeWell it looks like I'm going back to TennesseeLet my hair hang downAnd I can feel the golden sunAnd watch a pickup truck drive byAnd I want to tell the worldHow good it is to be right hereBut I don't, I just sit under this treeJust me and EloiseI'm in Tennessee;2.801;Taylor Swift
​​thanK you aIMee;https://www.letras.mus.br/taylor-swift/thank-you-aimee/;When I picture my hometownThere's a bronze, spray-tanned statue of youAnd a plaque underneath itThat threatens to push me down the stairs at our schoolAnd it was always the same searing painBut I dreamed that one day I could sayAll that time you were throwin' punches, I was buildin' somethin'And I can't forgive the way you made me feelScreamed: Fuck you, Aimee! To the night sky as the blood was gushin'But I can't forget the way you made me healAnd it wasn't a fair fight, or a clean killEach time that Aimee stomped across my gravеAnd then she wrote hеadlines in the local paperLaughing at each baby step I'd takeAnd it was always the same searing painBut I prayed that one day I could sayAll that time you were throwin' punches, I was buildin' somethin'And I couldn't wait to show you it was realScreamed: Fuck you, Aimee! To the night sky as the blood was gushin'But I can't forget the way you made me healEveryone knows that my mother is a saintly womanBut she used to say she wished that you were deadI push each boulder up the hillYour words are still just ringing in my head, ringing in my headI wrote a thousand songs that you find uncoolI built a legacy, which you can't undoBut when I count the scars, there's a moment of truthThat there wouldn't be this if there hadn't been youAnd maybe you've reframed itAnd in your mind, you never beat my spirit black and blueI don't think you've changed muchAnd so I changed your name and any real defining cluesAnd one day, your kid comes home singin'A song that only us two is gonna know is about you, 'causeAll that time you were throwin' punches, it was all for nothin'And our town, it looks so small from way up hereScreamed: Thank you, Aimee! To the night sky, and the stars are stunnin''Cause I can't forget the way you made me healEveryone knows that my mother is a saintly womanBut she used to say she wished that you were deadSo I pushed each boulder up that hillYour words were still just ringin' in my head, ringin' in my headThank you, AimeeThank you, Aimee;120.142;Aaron Dessner / Taylor Swift
That's Life;https://www.letras.mus.br/taylor-swift/thats-life/;Like one of those firefliesOh, it looks so good, 'till it's in your handIt's like one of those memoriesWhere you can't let go, but you just can't standIt's like one of those crazy dreamsAnd the permanent screens in the magazinesSaying: Why'd I love?All it does is break your heartOne morning does it all add upOr am I just standing on the edge of crazy?You're getting close to giving upIn a big old way, knocks you down into theOther side, every timeLove or lie, live or dieI, well, I guess that's lifeLike one of those peopleWith the beautiful eyes and the perfect faceIt's like one of those storiesWhere the hero dies in the very last raceLike one of those endless criesAnd the crazy lies of a hurting childSaying: Why did love have to hurt?It broke my heartOne morning does it all add upOr am I just standing on the edge of crazy?You're getting close to giving upIn a big old way, knocks you down into theDarker side, every timeLove or lie, live or dieI, well, I guess that's lifeI always liked to thinkThat I was always brave enoughTo try to master any push and shoveWell, I guess I never qualified loveOne morning does it all add upOr am I just standing on the edge of crazy?You're getting close to giving upIn a big old way, knocks you down into theOther side, every timeLove or lie, live or dieI, oh, well, I guess that's lifeOh, I guess that's lifeOh, well, I guess that's life;4.672;Sabe de quem é a composição? Envie pra gente.
That's What You Get (feat. Hayley Williams);https://www.letras.mus.br/taylor-swift/1967105/;No sir, I don't wanna be the blame, not anymoreIt's your turn, so take a seat we're settling the final scoreAnd why do we like to hurt so much?I can't decide you have made it harder just to go onAnd why all the possibilities well, I was wrongThat's what you get when you let your heart win, whoaThat's what you get when you let your heart win, whoaI drowned out all my sense with the sound of this beatingAnd that's what you get when you let your heart win, whoaI wonder, how am I supposed to feel when you're not here?'Cause I burned every bridge I ever built when you were hereI still try holdin' on to silly things I never learnOh why, all the possibilities I'm sure you've heardThat's what you get when you let your heart win, whoaThat's what you get when you let your heart win, whoaI drowned out all my sense with the sound of this beatingAnd that's what you get when you let your heart win, whoaPain, make you way to me, to meAnd I'll always be just so invitingIf I ever start to think straightThis heart will start a riot in meLet's start, start, hey!Why do we like to hurt so much?Oh, why do we like to hurt so much?That's what you get when you let your heart win, whoaThat's what you get when you let your heart win, whoaThat's what you get when you let your heart win, whoaNow I can't trust myself with anything but thisAnd that's what you get when you let your heart win, whoa;10.186;Sabe de quem é a composição? Envie pra gente.
That's When (feat. Keith Urban);https://www.letras.mus.br/taylor-swift/thats-when/;You said: I knowWhen I said: I need some time, need some spaceTo think about all of thisYou watched me goAnd I knew my words were hard to hearAnd harder to ever take backAnd I said: When can I, I, I come back?And you said: That's whenWhen I wake up in the morningThat's when, when it's sunny or stormingLaughing, when I'm cryingAnd that's when, I'll be waiting at the front gateThat's when, when I see your faceI'll let you in, and baby, that's whenHmm, hmmI said: I knowWhen you said: I did you wrong, made mistakesAnd put you through all of this (through all of this)Then through the phoneCame all your tearsAnd I said: Leave those all in our pastAnd you said: When can I, I, I come back?And I said: That's whenWhen I wake up in the morningThat's when, when it's sunny or stormingLaughing, when I'm cryingAnd that's when I'll be waiting at the front gateThat's when, when I see your faceI'll let you in, and baby, that's whenAnd you say: HonestlyWhen you were goneDid you ever think of me?And I saidThat's when, when I woke up in the morningThat's when, it was sunny or stormingLaughing, when I was cryingAnd that's when, you were waiting at the front gateThat's when, when I saw your faceYou let me in, and baby, that's whenThat's when, when I wake up in the morning (yeah)That's when, when it's sunny or stormingWhen I'm laughing, when I'm cryingThat's when I'll be waiting at the front gate(That when I miss you, that's when I want you)That's when, when I see your faceThat's when I love you, that's when;53.373;Brett Warren / Brad Warren / Taylor Swift
​the 1;https://www.letras.mus.br/taylor-swift/the-1/;I'm doing good, I'm on some new shitBeen saying yes instead of noI thought I saw you at the bus stop, I didn't thoughI hit the ground running each nightI hit the Sunday matinéeYou know, the greatest films of all time were never madeI guess you never know, never knowAnd if you wanted me, you really should've showedAnd if you never bleed, you're never gonna growAnd it's alright nowBut we were something, don't you think so?Roaring twenties, tossing pennies in the poolAnd if my wishes came trueIt would've been youIn my defense, I have noneFor never leaving well enough aloneBut it would've been funIf you would've been the one(Ooh)I had this dream you're doing cool shitHaving adventures on your ownYou meet some woman on the internet and take her homeWe never painted by the numbers, babyBut we were making it countYou know, the greatest loves of all time are over nowI guess you never know, never knowAnd it's another day waking up aloneBut we were something, don't you think so?Roaring twenties, tossing pennies in the poolAnd if my wishes came trueIt would've been youIn my defense, I have noneFor never leaving well enough aloneBut it would've been funIf you would've been the oneI, I, I persist and resist the temptation to ask youIf one thing had been differentWould everything be different today?We were something, don't you think so?Rosé flowing with your chosen familyAnd it would've been sweetIf it could've been meIn my defense, I have noneFor digging up the grave another timeBut it would've been funIf you would've been the one(Ooh);1.068.292;Aaron Dessner / Taylor Swift
The Albatross;https://www.letras.mus.br/taylor-swift/the-albatross/;Wise men once saidWild winds are death to the candleA rose by any other name is a scandalCautions issued, he stoodShooting the messengersThey tried to warn him about herCross your thoughtless heartOnly liquor anoints youShe's the albatrossShe is here to destroy youWise men once saidOne bad seed kills the gardenOne less temptress, one less dagger to sharpenLocked me up in towersBut I'd visit in your dreamsAnd they tried to warn you about meCross your thoughtless heartOnly liquor anoints youShe's the albatrossShe is here to destroy youDevils that you knowRaise worse hell than a strangerShe's the death you choseYou're in terrible dangerAnd when that sky rains fire on youAnd you're persona non grataI'll tell you how I've been there tooAnd that none of it mattersWise men once read fake newsAnd they believed itJackals raised their hacklesYou couldn't conceive itYou were sleeping soundly when they dragged you from your bedAnd I tried to warn you about themSo I crossed my thoughtless heartSpread my wings like a parachuteI'm the albatrossI swept in at the rescueThe devil that you knowLooks now more like an angelI'm the life you choseAnd all this terrible danger (ah-ah-ah-ah)This terrible danger (ah-ah-ah-ah)So cross your thoughtless heart (ah-ah-ah-ah)She's the albatross (ah-ah-ah-ah)She is here to destroy you;101.769;Aaron Dessner / Taylor Swift
The Alchemy;https://www.letras.mus.br/taylor-swift/the-alchemy/;This happens once every few lifetimesThese chemicals hit me like white wineWhat if I told you I'm back?The hospital was a dragWorst sleep that I ever hadI circled you on a mapI haven't come around in so longBut I'm coming back so strongSo when I touch-downCall the amateurs and cut 'em from the teamDitch the clowns, get the crownBaby, I'm the one to beat'Cause the sign on your heart said it's still reserved for meHonestly, who are we to fight thе alchemy?Hey, you, what if I told you we'rе cool?That child's play back in schoolIs forgiven under my ruleI haven't come around in so longBut I'm making a comeback to where I belongSo when I touch-downCall the amateurs and cut 'em from the teamDitch the clowns, get the crownBaby, I'm the one to beat'Cause the sign on your heart said it's still reserved for meHonestly, who are we to fight the alchemy?These blokes warm the benchesWe've been on a winning streakHe jokes that it's heroin, but this time with an E'Cause the sign on your heart said it's still reserved for meHonestly, who are we to fight the alchemy?Shirts off, and your friends lift you up over their headsBeer stickin' to the floor, cheers chanted 'cause they saidThere was no chance trying to be the greatest in the leagueWhere's the trophy? He just comes, running over to meTouch-down, call the amateurs and cut 'em from the teamDitch the clowns, get the crownBaby, I'm the one to beat'Cause the sign on your heart said it's still reserved for meHonestly, who are we to fight the alchemy?These blokes warm the benchesWe've been on a winning streakHe jokes that it's heroin, but this time with an E'Cause the sign on your heart said it's still reserved for meHonestly, who are we to fight the alchemy?This happens once every few lifetimesThese chemicals hit me like white wine;214.774;Jack Antonoff / Taylor Swift
The Alcott (feat. The National);https://www.letras.mus.br/taylor-swift/the-alcott-feat-the-national/;I'd get myself twisted in threadsTo meet you at The AlcottI'd go to the corner in the backWhere you'd always beAnd there you are, sitting as usualWith your golden notebookWriting something about someoneWho used to be meAnd the last thing you wantedIs the first thing I doI tell you my problemsYou tell me the truthIt's the last thing you wantedIt's the first thing I doI tell you that I think I'm fallingBack in love with youI sit there silently, waitin' for you to look up (ah)I see you smile when you see it's meI had to do something to break into your golden thinking (ah)How many times will I do this and you'll still believe? (ah)It's the last thing you wanted(Tell me, which side are you on, dear?)It's the first thing you do(Give me some tips to forget you)You tell me your problems(Have I become one of your problems?)And I tell you the truth(Could it be easy this once?)It's the last thing you wanted(Everything that's mine is a landmine)It's the first thing I do(Did my love aid and abet you?)I tell you that I think I'm fallingBack in love with youAnd I'll ruin it all overI'll ruin it for youI'll ruin it all over and overLike I always do(Why don't you) I'll ruin it all over(Rain on my parade?) I'll ruin it for you(Shred my evenin' gown) I'll ruin it all over(Read my sentence out loud) and over like I always do('Cause I love this curse on our house)It's the last thing I wanted(Tell me, which side are you on, dear?)It's the first thing I do(Give me some tips to forget you)I tell you my problems(Have I become one of your problems?)And you tell me the truth(Could it be easy this once?)It's the last thing I wanted(Everything that's mine is a landmine)It's the first thing I do(Did my love aid and abet you?)I tell you that I think I'm fallingBack in love (back in love)Back in love with youBack in love with you;5.429;Aaron Dessner / Matt Berninger / Taylor Swift
The Archer;https://www.letras.mus.br/taylor-swift/the-archer/;Combat, I'm ready for combatI say I don't want that, but what if I do?'Cause cruelty wins in the moviesI've got a hundred thrown-out speeches I almost said to youEasy they come, easy they goI jump from the train, I ride off aloneI never grew up, it's getting so oldHelp me hold on to youI've been the archerI've been the preyWho could ever leave me, darling?But who could stay?Dark side, I search for your dark sideBut what if I'm all right, right, right, right here?And I cut off my nose just to spite my faceThen I hate my reflection for years and yearsI wake in the night, I pace like a ghostThe room is on fire, invisible smokeAnd all of my heroes died all aloneHelp me hold on to youI've been the archerI've been the preyScreaming: Who could ever leave me, darling?But who could stay?(I see right through me, I see right through me)'Cause they see right through meThey see right through meThey see right throughCan you see right through me?They see right throughThey see right through meI see right through meI see right through meAll the king's horses, all the king's menCouldn't put me together again'Cause all of my enemies started out friendsHelp me hold on to youI've been the archerI've been the preyWho could ever leave me, darling?But who could stay?(I see right through me, I see right through me)Who could stay?Who could stay?Who could stay?You could stayYou could stayCombat, I'm ready for combat;562.361;Jack Antonoff / Taylor Swift
The Best Day;https://www.letras.mus.br/taylor-swift/1374063/;I'm five years old, it's getting cold, I've got my big coat onI hear your laugh and look up smiling at you, I run and runPast the pumpkin patch and the tractor ridesLook now, the sky is goldI hug your legs and fall asleep on the way homeI don't know why all the trees change in the fallBut I know you're not scared of anything at allDon't know if Snow White's house is near or far awayBut I know I had the best day with you todayI'm thirteen nowAnd don't know how my friends could be so meanI come home crying and you hold me tight and grab the keysAnd we drive and drive until we found a town far enough awayAnd we talk and window shop till I've forgotten all their namesI don't know who I'm going to talk to now at schoolBut I know I'm laughing on the car ride home with youDon't know how long it's going to take to feel okayBut I know I had the best day with you todayI have an excellent father, his strength is making me strongerGod smiles on my little brotherInside and out he's better than I amI grew up in a pretty house and I had space to runAnd I had the best days with youThere is a video I found from back when I was threeYou set up a paint set in the kitchen and you're talking to meIt's the age of princesses and pirate ships and the seven dwarfsDaddy's smart and you're the prettiest lady in the whole wide worldNow I know why all the trees change in the fallI know you were on my side even when I was wrongAnd I love you for giving me your eyesFor staying back and watching me shineAnd I didn't know if you knewSo I'm taking this chance to sayThat I had the best day with you today;396.770;Taylor Swift
The Black Dog;https://www.letras.mus.br/taylor-swift/the-black-dog/;I am someone who until recent eventsYou shared your secrets withAnd your location, you forgot to turn it offAnd so I watch as you walkInto some bar called The Black DogAnd pierce new holes in my heartYou forgot to turn it offAnd it hits meI just don't understandHow you don't miss me in The Black DogWhen someone plays The Starting LineAnd you jump up, but she's too young to know this songThat was intertwined in the magic fabric of our dreamingOld habits die screamingI move through the world with a heart brokenMy longing state unspokenAnd I may never open up thе way I did for youAnd all of those best laid plansYou said I needed a bravе manThen proceeded to play himUntil I believed it tooAnd it kills meI just don't understandHow you don't miss me in the showerAnd remember how my rain-soaked body was shakin'Do you hate me?Was it hazing for a cruel fraternity?I pledged and I still mean itOld habits die screamingSix weeks of breathin' clean airI still miss the smokeWere you makin' fun of meWith some esoteric joke?Now I wanna sell my houseAnd set fire to all my clothesAnd hire a priest to come and exorcise my demonsEven if I die screamingAnd I hope you hear itAnd I hope it's shitty in The Black DogWhen someone plays The Starting LineAnd you jump up, but she's too young to know this songThat was intertwined in the tragic fabric of our dreaming'Cause tail between your legs, you're leavin'I still can't believe it'Cause old habits die screaming;160.252;Taylor Swift
The Bolter;https://www.letras.mus.br/taylor-swift/the-bolter/;By all accounts, she almost drownedWhen she was six, in frigid waterAnd I can confirm she madeA curious child, ever reviled by everyoneExcept her own fatherWith a quite bewitching faceSplendidly selfish, charmingly helplessExcellent fun till you get to know herThen she runs like it's a raceBehind her back, her best mates laughedAnd they nicknamed her The BolterStarted with a kiss, oh, we must stop meeting like thisBut it always ends up with a town car speedingOut the drive one eveningEnded with the slam of a door, then he'll call her a whoreWish he wouldn't be sore, but as she was leavingIt felt like breathingAll her fuckin' lives flashed before her eyesIt feels like the time she fell through the iceThen came out aliveHe was a cad, wanted her badJust like any good trophy hunterAnd she liked the way he tastesTaming a bear, making him careWatching him jump then pulling him underAnd at first blush, this is fateWhen it's all roses, portrait posesCentral Park Lake in tiny rowboatsWhat a charming SaturdayThat's when she sees the littlest leaksDown in the floorboards, and she just knowsShe must boltStarted with a kiss, oh, we must stop meeting like thisBut it always ends up with a town car speedingOut the drive one eveningEnded with the slam of a door, then he'll call her a whoreWish he wouldn't be sore, but as she was leavingIt felt like breathingAll her fuckin' lives flashed before her eyes (ah, ah, ah-ah-ah)It feels like the time she fell through the iceThen came out aliveShe's been many places withMen of many facesFirst, they're off to the racesAnd she's laughing, drawin' acesBut none of it is changin'That the chariot is waitin'Hearts are hers for the breakin'There's an escape in escapingStarted with a kiss, oh, we must stop meeting like thisBut it always ends up with a town car speedingOut the drive one eveningEnded with the slam of a door, but she's got the best storiesYou can be sure that as she was leavingIt felt like freedomAll her fuckin' lives flashed before her eyes(And she realized) it feels like the time she fell through the iceThen came out alive;138.403;Taylor Swift / Aaron Dessner
The Diary Of Me (Unreleased);https://www.letras.mus.br/taylor-swift/1846444/;I'm a laid backT-shirt, blue jean, mood ringKinda girlHey yeah what's the word on youLay low I'm a mission rebelAngel devilLittle lamb upper mentalSometimes I get temper mentalBut here I am an open bookTurn the page it's all the rageGet a look on the insideOh what you get is what seeBaby you hold the keyTo the diary of meI'm poetry, complicatedSimply statedHey yeah baby how about youI was born freeI'm a cell phone hippieAre you with me?When I mess up I don't get upI just get down yeahBut here I am an open bookTurn the page it's all the rageGet a look on the insideOh what you get is what seeBaby you hold the keyTo the diary of meIt's raining on SundayThere's nothing on TVYesterday was lonelyYou're the only one who gets meMy mind is like an islandDrifting through the oceanI can't stop thinking about youI bet you're thinking of me tooWell here I am an open bookTurn the page it's all the rageGet a look on the insideOh what you get is what seeBaby you hold the keyTo the diary of meYeah here I am an open bookTurn the page it's all the rageGet a look on the insideOh what you get is what seeBaby you hold the keyTo the diary of me;30.914;Brophy / J
The Great War;https://www.letras.mus.br/taylor-swift/the-great-war/;My knuckles were bruised like violetsSucker punching walls, cursed you as I sleep talkedSpineless in my tomb of silenceTore your banners down, took the battle undergroundAnd maybe it was ego swingingMaybe it was herFlashes of the battle come back to me in a blurAll that bloodshed, crimson cloverUh-huh, sweet dream was overMy hand was the one you reached forAll throughout the Great WarAlways rememberUh-huh, tears on the letterI vowed not to cry anymoreIf we survived the Great WarYou drew up some good faith treatiesI drew curtains closed, drank my poison all aloneYou said I have to trust more freelyBut diesel is desire, you were playing with fireAnd maybe it's the past that's talkingScreaming from a cryptTelling me to punish you for things you never didSo I justified itAll that bloodshed, crimson cloverUh-huh, the bombs were close andMy hand was the one you reached forAll throughout the Great WarAlways rememberUh-huh, the burning embersI vowed not to fight anymoreIf we survived the Great WarUh-huhUh-huhIt turned into something biggerSomewhere in the haze got a sense I'd been betrayedYour finger on my hairpin triggersSoldier down on that icy groundLooked up at me with honor and truthBroken and blue, so I called off the troopsThat was the night I nearly lost youI really thought I'd lost youWe can plant a memory gardenSay a solemn prayer, place a poppy in my hairThere's no morning glory, it was war, it wasn't fairAnd we will never go backTo that bloodshed, crimson cloverUh-huh, the worst was overMy hand was the one you reached forAll throughout the Great WarAlways rememberUh-huh, we're burned for betterI vow I will always be yours'Cause we survived the Great WarUh-huhUh-huhI'll always be yours'Cause we survived the Great WarUh-huhI vow I will always be yours;454.771;Taylor Swift / Aaron Dessner
The Joker and the Queen (feat. Ed Sheeran);https://www.letras.mus.br/taylor-swift/the-joker-and-the-queen-remix-feat-ed-sheeran/;How was I to know? It's a crazy thingI showed you my hand and you still let me winAnd who was I to say that this was meant to be?The road that was broken brought us togetherAnd I know you could fall for a thousand kingsAnd hearts that would give you a diamond ringWhen I fold, you see the best in meThe joker and the queenI've been played before, if you hadn't guessedSo I kept my cards close to my foolproof vestBut you called my bluff (but you called my bluff)And saw through all my tells (and saw through all my tells)And then you went all-inAnd we left togetherAnd I know you think that what makes a kingIs gold, a palace and diamond ringsWhen I fold, you see the best in mеThe joker and the queenAnd I know you could fall for a thousand kingsAnd hеarts that would give you a diamond ringWhen I folded, you saw the best in meThe joker and the queenThe joker and the queen;25.676;Sabe de quem é a composição? Envie pra gente.
the lakes;https://www.letras.mus.br/taylor-swift/the-lakes/;Is it romantic how all my elegiesEulogize me?I'm not cut out for all these cynical clonesThese hunters with cell phonesTake me to the LakesWhere all the poets went to dieI don't belongAnd, my beloved, neither do youThose Windermere peaksLook like a perfect place to cryI'm setting offBut not without my museWhat should be overBurrowed under my skinIn heart-stopping waves of hurtI've come too far to watch some name-dropping sleazeTell me what are my words worthTake me to the LakesWhere all the poets went to dieI don't belongAnd, my beloved, neither do youThose Windermere peaksLook like a perfect place to cryI'm setting offBut not without my museI want auroras and sad proseI want to watch wisteria growRight over my bare feet'Cause I haven't moved in yearsAnd I want you right hereA red rose grew up out of ice frozen groundWith no one around to tweet itWhile I bathe in cliffside poolsWith my calamitous love and insurmountable griefTake me to the LakesWhere all the poets went to dieI don't belongAnd, my beloved, neither do youThose Windermere peaksLook like a perfect place to cryI'm setting offBut not without my museNo, not without you;283.634;Jack Antonoff / Taylor Swift
the last great american dynasty;https://www.letras.mus.br/taylor-swift/the-last-great-american-dynasty/;Rebekah rode up on the afternoon train, it was sunnyHer saltbox house on the coast took her mind off St. LouisBill was the heir to the Standard Oil name and moneyAnd the town said: How did a middle-class divorcée do it?The wedding was charming, if a little gaucheThere's only so far new money goesThey picked out a home and called it Holiday HouseTheir parties were tasteful, if a little loudThe doctor had told him to settle downIt must have been her fault his heart gave outAnd they saidThere goes the last great American dynastyWho knows, if she never showed up, what could've beenThere goes the maddest woman this town has ever seenShe had a marvelous time ruining everythingRebekah gave up on the Rhode Island set foreverFlew in all her bitch pack friends from the cityFilled the pool with champagne and swam with the big namesAnd blew through the money on the boys and the balletAnd losing on card game bets with DalíAnd they saidThere goes the last great American dynastyWho knows, if she never showed up, what could've beenThere goes the most shameless woman this town has ever seenShe had a marvelous time ruining everythingThey say she was seen on occasionPacing the rocks, staring out at the midnight seaAnd in a feud with her neighborShe stole his dog and dyed it key lime greenFifty years is a long timeHoliday House sat quietly on that beachFree of women with madness, their men and bad habitsAnd then it was bought by meWho knows, if I never showed up, what could've beenThere goes the loudest woman this town has ever seenI had a marvelous time ruining everythingI had a marvelous time ruining everythingA marvelous time ruining everythingA marvelous timeI had a marvelous time;283.064;Aaron Dessner / Taylor Swift
The Last Time (feat. Gary Lightbody);https://www.letras.mus.br/taylor-swift/the-last-time/;I find myself at your doorJust like all those times beforeI'm not sure how I got thereAll roads, they lead me hereI imagine you are homeIn your room, all aloneAnd you open your eyes into mineAnd everything feels betterAnd right before your eyesI'm breakingNo past, no reasons whyJust you and meThis is the last time I'm asking you thisPut my name at the top of your listThis is the last time I'm asking you whyYou break my heart in the blink of an eye, eye, eyeYou find yourself at my doorAnd just like all those times beforeYou wear your best apologyBut I was there to watch you leaveAnd all the times I let you inJust for you to go againDisappear when you come backEverything is betterAnd right before your eyesI'm achingNo past, nowhere to hideJust you and meThis is the last time I'm asking you thisPut my name at the top of your listThis is the last time I'm asking you whyYou break my heart in the blink of an eye, eye, eyeThis is the last time you tell me I've got it wrongThis is the last time I say: It's been you all alongThis is the last time I let you in my doorThis is the last time, I won't hurt you anymoreOh, ohThis is the last time I'm asking you thisPut my name at the top of your listThis is the last time I'm asking you whyYou break my heart in the blink of an eyeThis is the last time I'm asking you this (this is the last time I'm asking you this)Put my name at the top of your list (put my name at the top of your list)This is the last time I'm asking you why (this is the last time I'm asking you why)You break my heart in the blink of an eye (you break my heart)This is the last time I'm asking youLast time I'm asking youLast time I'm asking you thisThis is the last time I'm asking youLast time I'm asking youLast time I'm asking you thisThis is the last time I'm asking youLast time I'm asking youLast time I'm asking you thisThis is the last time I'm asking youLast time I'm asking youLast time I'm asking you this;360.132;Gary Lightbody / Jacknife Lee / Taylor Swift
The Lucky One;https://www.letras.mus.br/taylor-swift/the-lucky-one/;New to town with a made up nameIn the angel's cityChasing fortune and fameAnd the camera flashesMake it look like a dreamYou had it figured outSince you were in schoolEverybody loves prettyEverybody loves coolSo overnight you look likeA sixties' queenAnother name goes up in lightsLike diamonds in the skyAnd they’ll tell you nowYou're the lucky oneYeah, they’ll tell you nowYou're the lucky oneBut can you tell me nowYou're the lucky one?Oh, oh, ohNow it's big black cars and Riviera viewsAnd your lover in the foyerDoesn't even know youAnd your secrets end upSplashed on the news front pageAnd they tell you that you're luckyBut you're so confused'Cause you don't feel prettyYou just feel usedAnd all the young thingsLine up to take your placeAnother name goes up in lightsYou wonder if you'll make it out aliveAnd they’ll tell you nowYou're the lucky oneYeah, they’ll tell you nowYou're the lucky oneCan you tell me nowYou're the lucky one?Oh, oh, ohIt was a few years later I showed up hereAnd they still tell the legendOf how you disappearedHow you took the money and your dignityAnd got the hell outThey say you boughtA bunch of land somewhereChose the Rose Garden over Madison SquareAnd it took some timeBut I understand it now'Cause now my name is up in lightsBut I think you got it rightLet me tell you nowYou're the lucky oneLet me tell you nowYou're the lucky oneLet me tell you nowYou're the lucky oneOh, oh, ohYeah, they’ll tell you nowYou're the lucky oneYeah, they’ll tell you nowYou're the lucky oneYeah, they'll tell you nowYou're the lucky oneOh, oh, oh;186.805;Taylor Swift
The Man;https://www.letras.mus.br/taylor-swift/the-man/;I would be complex, I would be coolThey'd say I played the field before I found someone to commit toAnd that would be okay for me to doEvery conquest I had made would make me more of a boss to youI'd be a fearless leaderI'd be an alpha typeWhen everyone believes yaWhat's that like?I'm so sick of running as fast as I canWondering if I'd get there quicker if I was a manAnd I'm so sick of them coming at me again'Cause if I was a man, then I'd be the manI'd be the manI'd be the manThey'd say I hustled, put in the workThey wouldn't shake their heads and question how much of this I deserveWhat I was wearing, if I was rudeCould all be separated from my good ideas and power movesAnd they would toast to me, oh, let the players playI'd be just like Leo in Saint TropezI'm so sick of running as fast as I canWondering if I'd get there quicker if I was a manAnd I'm so sick of them coming at me again'Cause if I was a man, then I'd be the manI'd be the manI'd be the manWhat's it like to brag about raking in dollars and getting bitches and models?And it's all good if you're badAnd it's okay if you're madIf I was out flashing my dollars, I'd be a bitch not a ballerThey'd paint me out to be badSo, it's okay that I'm madI'm so sick of running as fast as I canWondering if I'd get there quicker if I was a man (you know that)And I'm so sick of them coming at me again (coming at me again)'Cause if I was a man (if I was a man)Then I'd be the man (then I'd be the man)I'm so sick of running as fast as I can (as fast as I can)Wondering if I'd get there quicker if I was a man (hey)And I'm so sick of them coming at me again (coming at me again)'Cause if I was a man (if I was a man), then I'd be the manI'd be the manI'd be the man (oh)I'd be the man (yeah)I'd be the man (I'd be the man)If I was a man, then I'd be the man;836.166;Taylor Swift / Joel Little
The Manuscript;https://www.letras.mus.br/taylor-swift/the-manuscript/;Now and then she re-reads the manuscriptOf the entire torrid affairThey compared their licenses, he said: I'm not a donor, butI'd give you my heart if you needed itShe rolled her eyes and said: You're a professionalHe said: No, just a good samaritanHe said that if the sex was half as good as the conversation wasSoon they'd be pushin' strollersBut soon it was overIn the age of him, she wished she was thirtyAnd made coffee every morning in a Frеnch pressAfterwards, she only atе kids' cerealAnd couldn't sleep unless it was in her mother's bedThen she dated boys who were her own ageWith dartboards on the backs of their doorsShe thought about how he said since she was so wise beyond her yearsEverything had been above boardShe wasn't sureAnd the years passed like scenes of a showThe professor said to write what you knowLookin' backwards, might be the only way to move forwardThen the actors were hitting their marksAnd the slow dance was alight with the sparksAnd the tears fell in synchronicity with the scoreAnd at last, she knew what the agony had been forThe only thing that's left is the manuscriptOne last souvenir from my trip to your shoresNow and then I re-read the manuscriptBut the story isn't mine anymore;96.636;Taylor Swift
The Moment I Knew;https://www.letras.mus.br/taylor-swift/the-moment-i-knew/;You should've been thereShould've burst through the doorWith thatBaby, I'm right here, smileAnd it would've felt likeA million little shining starsHad just alignedAnd I would've been so happyChristmas lights glistenI've got my eye on the doorJust waiting for you to walk inBut the time is just tickingPeople ask me how I've beenAs I comb back through my memoryHow you said you'd be hereYou said you'd be hereAnd it was like slow motionStanding there in my party dressIn red lipstickWith no one to impressAnd they're all laughingAs I'm looking around the roomBut there was one thing missingAnd that was the moment I knewAnd the hours pass byNow I just want to be aloneBut your close friendsAlways seem to knowWhen there's something really wrongSo they follow me down the hallAnd there in the bathroomI try not to fall apartAnd the sinking feeling startsAs I say hopelesslyHe said he'd be hereAnd it was like slow motionStanding there in my party dressIn red lipstickWith no one to impressAnd they're all laughingAnd asking me about youBut there was one thing missingAnd that was the moment I knewWhat do you sayWhen tears are streaming down your faceIn front of everyone you know?And what do you doWhen the one who means the most to youIs the one who didn't show?You should've been hereAnd I would've been so happyAnd it was like slow motionStanding there in my party dressIn red lipstickWith no one to impressAnd they're all standing around meSinging happy birthday to youBut there was one thing missingAnd that was the moment I knewOoh, I knewYou called me laterAnd said: I'm sorry, I didn't make itAnd I said: I'm sorry, tooAnd that was the moment I knew;279.491;Taylor Swift
The Other Side Of The Door;https://www.letras.mus.br/taylor-swift/1573869/;In the heat of the fight, I walked awayIgnoring words that you were sayingTrying to make me stayI said: This time, I've had enoughAnd you've called a hundred timesBut I'm not picking up'Cause I'm so madI might tell you that it's overBut if you look a little closerI said: Leave, but all I really want is youTo stand outside my window throwing pebblesScreaming: I'm in love with youWait there in the pouring rain coming back for moreAnd don't you leave 'cause I know all I needIs on the other side of the doorMe and my stupid pride are sitting here aloneGoing through the photographsStaring at the phoneI keep going back over things we both saidAnd I remember the slamming doorAnd all the things that I misreadSo babe, if you know everythingTell me why you couldn't see?That when I left I wanted you to chase after me, yeahI said Leave, but all I really want is youTo stand outside my window throwing pebblesScreaming: I'm in love with youWait there in the pouring rain coming back for moreAnd don't you leave 'cause I know all I needIs on the other side of the doorAnd I'll scream out the windowI can't even look at youI don't need you, but I doI do, I doI'll say: There's nothing you can sayTo make this right againI mean it, I mean itBut what I mean isI said Leave, but baby, all I want is youTo stand outside my window throwing pebblesScreaming: I'm in love with youWait there in the pouring rain coming back for moreAnd don't you leave 'cause I know all I needIs on the other side of the doorWith your face and the beautiful eyesAnd the conversation with the little white liesAnd the faded picture of a beautiful nightYou carried me from your car up the stairsAnd I broke down crying, was she worth this mess?After everything and that little black dressAfter everything, I must confess:I need you;115.115;Taylor Swift
The Outside;https://www.letras.mus.br/taylor-swift/848632/;I didn't know what I would findWhen I went looking for a reasonI know I didn't read between the linesAnd, baby, I've got nowhere to goI tried to take the road less traveled byBut nothing seems to work the first few times, am I right?So, how can I ever try to be better?Nobody ever let's me inAnd I can still see you, this ain't the best viewOn the outside looking inI've been a lot of lonely placesI've never been on the outsideYou saw me there but never knewThat I would give it all up to beA part of this, a part of youAnd now it's all too late so you seeYou could have helped if you had wanted toBut no one notices until it's too late to do anythingHow can I ever try to be better?Nobody ever let's me inAnd I can still see you, this ain't the best viewOn the outside looking inI've been a lot of lonely placesI've never been on the outsideOh, yeahHow can I ever try to be better?Nobody ever let's me inAnd I can still see you, this ain't the best viewOn the outside looking inI've been a lot of lonely placesI've never been on the outsideOh, oh, oh-ohOh, oh-oh;76.351;Taylor Swift
The Prophecy;https://www.letras.mus.br/taylor-swift/the-prophecy/;Hand on the throttle, thought I caught lightning in a bottleOh, but it's gone againAnd it was written, I got cursed like Eve got bittenOh, was it punishment?Pad around when I get home, I guess a lesser woman would've lost hopeA greater woman wouldn't beg, but I looked to the sky and saidPlease, I've been on my knees, change the prophecyDon't want money, just someone who wants my companyLet it once be me, who do I have to speak toAbout if they can redo the prophecy?Cards on thе table, mine play out like fools in a fablеOh, it was sinking in (sinking in) (aah)Slow is the quicksand, poison blood from the wound of the pricked handOh, still I dream of himPlease, I've been on my knees, change the prophecyDon't want money, just someone who wants my companyLet it once be me, who do I have to speak toAbout if they can redo the prophecy?And I sound like an infant, feelin' like the very last drops of an ink penA greater woman stays cool, but I howl like a wolf at the MoonAnd I look unstable, gathered with a coven 'round a sorceress' tableA greater woman has faith, but even statues crumble if they're made to waitI'm so afraid I sealed my fate, no sign of soulmatesI'm just a paperweight in shades of greigeSpendin' my last coin so someone will tell meIt'll be okayOoh, oohOoh, oohPlease, I've been on my knees, change the prophecyDon't want money, just someone who wants my companyLet it once be me, who do I have to speak toAbout if they can redo the prophecy?Who do I have to speak to to change the prophecy?Hand on the throttle, thought I caught lightning in a bottleOh, but it's gone againPad around when I get home, I guess a lesser woman would've lost hopeA greater woman wouldn't beg, but I looked to the sky and saidPlease;329.686;Aaron Dessner / Taylor Swift
The Smallest Man Who Ever Lived;https://www.letras.mus.br/taylor-swift/the-smallest-man-who-ever-lived/;Was any of it true?Gazing at me starry-eyedIn your Jehovah's witness suitWho the fuck was that guy?You tried to buy some pillsFrom a friend of friends of mineThey just ghosted youNow you know what it feels likeAnd I don't even want you back, I just want to knowIf rusting my sparkling summer was the goalAnd I don't miss what we had, but could someone giveA message to the smallest man who ever lived?You hung me on your wallStabbed me with your push pinsIn public, showed me offThen sank in stoned oblivion'Cause once your queen had comeYou'd treat her likе an also-ranYou didn't measure upIn any measurе of a manAnd I don't even want you back, I just want to knowIf rusting my sparkling summer was the goalAnd I don't miss what we had, but could someone giveA message to the smallest man who ever lived?Were you sent by someone who wanted me dead?Did you sleep with a gun underneath our bed?Were you writing a book?Were you a Sleeper Cell spy?In fifty years, will all this be declassified?And you'll confess why you did itAnd I'll say: Good riddance'Cause it wasn't sexy once it wasn't forbiddenI would've died for your sinsInstead, I just died insideAnd you deserve prison, but you won't get timeYou'll slide into inboxes and slip through the barsYou crashed my party and your rental carYou said normal girls were boringBut you were gone by the morningYou kicked out the stage lights, but you're still performingAnd in plain sight you hidBut you are what you didAnd I'll forget you, but I'll never forgiveThe smallest man who ever lived;300.987;Taylor Swift / Aaron Dessner
The Story Of Us;https://www.letras.mus.br/taylor-swift/1763904/;I used to think one day we'd tell the story of usHow we met and the sparks flew instantlyAnd people would say: They're the lucky onesI used to know my place was the spot next to youNow I'm searching the room for an empty seat'Cause lately I don't even know what page you're onOh, a simple complicationMiscommunications lead to falloutSo many things that I wish you knewSo many walls up I can't break throughNow I'm standing alone in a crowded room and we're not speakingAnd I'm dying to know: Is it killing you like it's killing me, yeah?I don't know what to say since the twist of fate when it all broke downAnd the story of us looks a lot like a tragedy nowNext chapterHow'd we end up this way?See me nervously pulling at my clothes and trying to look busyAnd you're doing your best to avoid meI'm starting to think one day I'll tell the story of usHow I was losing my mind when I saw you hereBut you held your pride like you should've held meOh, I'm scared to see the endingWhy are we pretending this is nothing?I'd tell you I miss you, but I don't know howI've never heard silence quite this loudNow I'm standing alone in a crowded room and we're not speakingAnd I'm dying to know: Is it killing you like it's killing me, yeah?I don't know what to say since the twist of fate when it all broke downAnd the story of us looks a lot like a tragedy nowThis is looking like a contestOf who can act like they care lessBut I liked it better when you were on my sideThe battle's in your hands nowBut I would lay my armor downIf you said you'd rather love than fightSo many things that you wish I knewBut the story of us might be ending soonNow I'm standing alone in a crowded room and we're not speakingAnd I'm dying to know: Is it killing you like it's killing me, yeah?And I don't know what to say since the twist of fate when it all broke downAnd the story of us looks a lot like a tragedy now, now, nowAnd we're not speakingAnd I'm dying to know: Is it killing you like it's killing me, yeah?I don't know what to say since the twist of fate 'cause we're goin' downAnd the story of us looks a lot like a tragedy nowThe end;718.461;Taylor Swift
The Tortured Poets Department;https://www.letras.mus.br/taylor-swift/the-tortured-poets-department/;(Ooh) you left your typewriter at my apartmentStraight from the tortured poets departmentI think some things I never sayLike: Who uses typewriters anyway?But you're in self-sabotage modeThrowing spikes down on the roadBut I've seen this episode and still love the showWho else decodes you?And who's gonna hold you like me?And who's gonna know you, if not me?I laughed in your face and saidYou're not Dylan Thomas (oh), I'm not Patti Smith (oh)This ain't the Chelsea Hotel, we'rе modern idiotsAnd who's gonna hold you like me?NobodyNo-fucking-bodyNobodyYou smokеd, then ate seven bars of chocolateWe declared Charlie Puth should be a bigger artistI scratch your head, you fall asleepLike a tattooed golden retrieverBut you awaken with dreadPounding nails in your headBut I've read this one where you come undoneI chose this cyclone with youAnd who's gonna hold you like me? (Who's gonna hold you? Who's gonna hold you?)And who's gonna know you like me? (Who's gonna know you?)I laughed in your face and saidYou're not Dylan Thomas (oh), I'm not Patti Smith (oh)This ain't the Chelsea Hotel, we're modern idiotsAnd who's gonna hold you like me? (Who's gonna hold you? Who's gonna hold you?)No-fucking-body (who's gonna hold you? Who's gonna hold you?)Nobody (who's gonna hold you, gonna know you, gonna troll you?)Nobody (ooh-ooh)Sometimes, I wonder if you're gonna screw this up with meBut you told Lucy you'd kill yourself if I ever leaveAnd I had said that to Jack about you, so I felt seenEveryone we know understands why it's meant to be (oh)'Cause we're crazySo tell me, who else is gonna know me?At dinner, you take my ring off my middle fingerAnd put it on the one people put wedding rings onAnd that's the closest I've come to my heart explodingWho's gonna hold you? (Who?) MeWho's gonna know you? (Who?) MeAnd you're not Dylan Thomas (oh), I'm not Patti Smith (oh)This ain't the Chelsea Hotel, we're two idiotsWho's gonna hold you?Who's gonna hold you? (Who's gonna hold you?)Who's gonna hold you? (Who's gonna hold you?)Who's gonna hold you?Who's gonna hold you?Who's gonna hold you, gonna know you, gonna troll you?You left your typewriter at my apartmentStraight from the tortured poets departmentWho else decodes you? (Ooh-ooh)(Ooh-ooh)(Ooh-ooh);343.512;Jack Antonoff / Taylor Swift
The Trick To Holding On;https://www.letras.mus.br/taylor-swift/the-trick-to-holding-on/;Let go of the ones who hurt youLet go of the ones you outgrowLet go of the words they hurl your wayAs you’re walking out the doorThe only thing cut and dryIn this hedge-maze lifeIs the fact that their words will cutBut your tears will dryThey don’t tell you this when you are youngYou can’t hold on to everythingCan’t show up for everyoneYou pick your poisonOr your curePhone numbers you know by heartAnd the ones you don’t answer any moreHold on to the faint recognition inThe eye of a strangerAs it catches you in its lustrous netHow quickly we become intertwinedHow wonderful it is to forgetAll the times your intuition failed youBut it hasn’t killed you yetHold on to childlike whims and moonlightSwims and your blazing self-respectAnd if you drive the roads of this townOnes you’ve gone down so many times beforeFlashback to all the timesLife nearly ran you off the roadBut tonight your hand is steadySuddenly you’ll knowThe trick to holding onWas all that letting go;7.519;Taylor Swift
The Very First Night;https://www.letras.mus.br/taylor-swift/the-very-first-night-taylors-version-from-the-vault/;I wish I could flyI'd pick you up and we'd go back in timeI'd write this in the skyI miss you like it was the very first nightAnd so it goesEvery weekend this same partyI never go aloneAnd I don't seem brokenheartedMy friends all say they knowEverything I'm going throughI drive down different roadsBut they all lead back to you'Cause they don't know about the night in the hotelThey weren't riding in the car when we both fellDidn't read the note on the Polaroid pictureThey don't know how much I miss youI wish I could flyI'd pick you up and we'd go back in timeI'd write this in the skyI miss you like it was the very first nightAnd so it wasWe never saw it comingNot trying to fall in loveBut we did like children runningBack then we didn't knowWe were built to fall apartWe broke the status quoThen we broke each other's heartsBut don't forget about the night out in LADance in the kitchen, chase me down through the hallwayNo one knows about the words that we whisperedNo one knows how much I miss youI wish I could flyI'd pick you up and we'd go back in timeI'd write this in the skyI miss you like it was the very first nightTake me away, take me awayTake me away to you, to youTake me away, take me awayTake me away to you, to youI remember the night at the hotelI was riding in the car when we both fellI'm the one on the phone as you whisperDo you know how much I miss you?I wish that we could go back in timeAnd I'd say to youI miss you like it was the very first nightI wish I could flyI'd pick you up and we'd go back in timeI'd write this in the skyI miss you like it was the very first nightTake me away, take me awayTake me away to you, to youTake me away, take me awayTake me away to you, to you;100.091;Amund Björklund / Espen Lind / Taylor Swift
The Way I Loved You;https://www.letras.mus.br/taylor-swift/1375144/;He is sensible and so incredibleAnd all my single friends are jealousHe says everything I need to hearAnd it's like I couldn't ask for anything betterHe opens up my door and I get into his carAnd he says: You look beautiful tonightAnd I feel perfectly fineBut I miss screaming and fighting and kissing in the rainAnd it's 2AM and I'm cursing your nameSo in love that you act insaneAnd that's the way I loved youBreakin' down and coming undoneIt's a roller coaster kinda rushAnd I never knew I could feel that muchAnd that's the way I loved youHe respects my space and never makes me waitAnd he calls exactly when he says he willHe's close to my mother, talks business with my fatherHe's charming and endearing, and I'm comfortableBut I miss screaming and fighting and kissing in the rainAnd it's 2AM and I'm cursing your nameSo in love that you act insaneAnd that's the way I loved youBreakin' down and coming undoneIt's a roller coaster kinda rushAnd I never knew I could feel that muchAnd that's the way I loved youHe can't see the smile I'm fakingAnd my heart's not breaking'Cause I'm not feeling anything at allAnd you were wild and crazyJust so frustratingIntoxicating, complicatedGot away by some mistake and nowI miss screaming and fighting and kissing in the rainIt's 2AM and I'm cursing your nameSo in love that I acted insaneAnd that's the way I loved youBreakin' down and coming undoneIt's a roller coaster kinda rushAnd I never knew I could feel that muchAnd that's the way I loved youOh, and that's the way I loved youNever knew I could feel that muchAnd that's the way I loved you;856.539;Taylor Swift / John Rich
There's Your Trouble;https://www.letras.mus.br/taylor-swift/1317696/;Should have been different butit wasn't different, was itsame old story, dear john,and so longshould have fit like a gloveshould have fit like a ringlike a diamond ringa token of true loveshould have all worked outbut it didn'tshe should be here nowbut she isn'tThere's your trouble,there's your troubleyou keep seeing doublewith the wrong oneyou can't see i love you,you can't see she doesn'tbut you just keep holding onthere's your troubleSo now you're thinking 'boutall you're missing howdeep you're sinking,round and round and dragging downwhy don't you cash in your chipswhy don't you call it a lossnot such a big loss,chalk it up better luckcould have been true lovebut it wasn'tit should all add upbut it doesn'tThere's your trouble,there's your troubleyou keep seeing doublewith the wrong oneyou can't see i love you,you can't see she doesn'tbut you just keep holding onthere's your troubleShould have all worked outbut it didn'tshe should be here nowbut she isn'tThere's your trouble,there's your troubleyou keep seeing doublewith the wrong oneyou can't see i love you,you can't see she doesn'tbut you just keep holding onthere's your trouble;21.947;Sabe de quem é a composição? Envie pra gente.
Thinking About You (Unreleased);https://www.letras.mus.br/taylor-swift/thinking-about-you/;I walked into a chair today'Cause I was thinking 'bout youYour face jumped right in my wayLike lately things doOh, baby, can't you see?The thought of you makes a mess of meI walked into a chair today'Cause I was thinking 'bout youAnd now II can't walk straight, I can't talk straightI can't think about anything but the wayIt should be and it could beAnd 'till you come 'round again I will beDoing what I usually doThinking 'bout youI get lost when I drive around townThinking 'bout your smileI always end up on your side of townAnd I don't know whyThere must be something under this hoodThat’s got a mighty strong liking to youI walked into a chair today'Cause I was thinking 'bout youLatelyI can't walk straight, I can't talk straightI can't think about anything but the wayIt should be and it could beAnd until you come 'round again I will beDoing what I usually doThinking 'bout youYour eyes are the color ofThe deep blue seaThe one that I go swimming inEvery time you look at meI can't walk straight, I can't talk straightI can't think about anything but the wayIt should be and it could beAnd 'till you come 'round again I will beDoing what I usually doThinking about youI walked into a chair today'Cause I was thinking 'bout you;8.824;Sabe de quem é a composição? Envie pra gente.
Thirteen Blocks (Can't Call It Love);https://www.letras.mus.br/taylor-swift/thirteen-blocks-cant-call-it-love/;Stumbled off the porch stepsI sat down in the carOnly thirteen blocks across this townTo get to where you areAnd that don't offer me much timeTo make up my mindSo I best be driving slowOn my way to letting goThese headlights, they just want to fadeOff into the nightBut if they're half as stubborn as meThey’ll just keep on shining brightI ain't ever been one to settle likeThe dust does on the dashAnd since the feeling ain't strong, I'll just move onAnd leave this in my pastOnce you're gone, I know your memoryWill somehow get the best of meSo why question everything I do?Unsure of turning you awayWondering 'bout how I'll act todayIf you have found somebody newSo I've been holding on way too longBut not another minuteI might miss you bad, butCan't call it love if you ain't in itRed light turns to greenThen back to red againI wish there were some other travelers out hereTo slow my travelingBut even though the wheel rolled onInside I still don't knowOh, and it troubles me soOnce you're gone, I know your memoryWill somehow get the best of meSo why question everything I do?Unsure of turning you awayWondering 'bout how I'll feel todayI see you found somebody newAnd I've been holding on way too longBut not another minuteI might miss you bad, butCan't call it love if you ain't in itOnce you're gone, I know your memoryWill somehow get the best of meSo why question everything I do?Unsure of turning you awayWondering 'bout how I'll feel todayI see you found somebody newSure, I've been holding on way too longBut not another minuteI might miss you bad, butCan't call it love if you ain't in itYour car comes to a rest in the driveYou open up the door and I see you, you smile;3.924;Taylor Swift
This Here Guitar;https://www.letras.mus.br/taylor-swift/this-here-guitar/;Walking downtown shuffling my feetI try to dream my dreams above the concreteStore windows, traveled for milesBut something I passed really caught my eyeIt was cracked down the middle, permanent scarsBut I fell in love with this here guitarNice to meet youCan I teach you all I know?Can you show me what you do?Where have you been?What have you seen?Who were you before you even knew me?Have you been played for endless hoursOr were you left in the corner?Or were you someone's best friend?This here guitarIt was my baby, anyone could seeI love the cracks, the curves, I hear the beautyBut I can't help wondering whyIt came to me and when we'll say goodbyeThe cracks down the middle can't see where they areSince I fell in love with this here guitarNice to meet youCan I teach you all I know?Can you show me what you do?Where have you been?What have you seen?Who were you before you even knew me?Have you been played for endless hoursOr were you left in the corner?Or were you someone's best friend?This here guitarWere you a present from a father to a son?Did he forget you?Or just play you 'till you came undone?Hey, did some primadonna love you'Till she got her fame and fortune?I won't do that to you nowNice to meet youI can teach you all I knowYou can show me what you doWhere have you been?What have you seen?Who were you before you even knew me?And I played you for endless hoursNever left you in the cornerYou're my one and only friendNow I know where life lessons areThis here guitarYou're my guitarThis here guitar;1.990;Sabe de quem é a composição? Envie pra gente.
​this is me trying;https://www.letras.mus.br/taylor-swift/this-is-me-trying/;I've been having a hard time adjustingI had the shiniest wheels, now they're rustingI didn't know if you'd care if I came backI have a lot of regrets about thatPulled the car off the road to the lookoutCould've followed my fears all the way downAnd maybe I don't quite know what to sayBut I'm here in your doorwayI just wanted you to know that this is me tryingI just wanted you to know that this is me tryingThey told me all of my cages were mentalSo I got wasted like all my potentialAnd my words shoot to kill when I'm madI have a lot of regrets about thatI was so ahead of the curve, the curve became a sphereFell behind all my classmates and I ended up herePouring out my heart to a strangerBut I didn't pour the whiskeyI just wanted you to know that this is me tryingI just wanted you to know that this is me tryingAt least I'm tryingAnd it's hard to be at a party when I feel like an open woundIt's hard to be anywhere these days when all I want is youYou're a flashback in a film reel on the one screen in my townAnd I just wanted you to know that this is me trying(And maybe I don't quite know what to say)I just wanted you to know that this is me tryingAt least I'm trying;579.307;Taylor Swift /  Jack Antonoff
This Is Really Happening;https://www.letras.mus.br/taylor-swift/1831228/;Beneath the chandelierOf star and atmosphereTangled like the roots on the groundThe window's openThe wind is blowingAnd we're both not making a soundIt's like I'm melting all into youGive me a reason why we should ever moveAnd tell meYou'll never leave meThat I'm not crazyAnd that this is really happeningThat this is really happeningCould this be better?You write me lettersThough you see me everydayYou tend to treat me likeMy name is up in lightsIt really blows me awayLock me up in a dark roomAnd I still can't take my eyes off youTell meYou'll never leave meAnd I'm not crazyAnd that this is really happeningThat this is really happeningAll those kisses up against your carFor all those wishes on planes we thought were starsMemories like photographsOh, baby, here we areTell meYou'll never leave meAnd I'm not crazyOh, and that this is really happeningOh, oh, babyTell meYou'll always need meThat I drive you crazyAnd that this is really happeningOh, that this is really happeningOh, love meNeed meTell meBabyTell meOh, oh, oh;15.811;Taylor Swift
This Is Why We Can't Have Nice Things;https://www.letras.mus.br/taylor-swift/this-is-why-we-cant-have-nice-things/;It was so nice throwing big partiesJump into the pool from the balconyEveryone swimming in a champagne seaAnd there are no rules when you show up hereBass beat rattling the chandelierFeeling so Gatsby for that whole yearSo why'd you have to rain on my parade?I'm shaking my headAnd locking the gatesThis is why we can't have nice things, darlingBecause you break themI had to take them awayThis is why we can't have nice things, honeyDid you think I wouldn't hear all the things you said about me?This is why we can't have nice thingsIt was so nice being friends againThere I was, giving you a second chanceBut you stabbed me in the back while shaking my handAnd therein lies the issueFriends don't try to trick youGet you on the phone and mind-twist youAnd so I took an axe to a mended fenceBut I'm not the only friend you've lost latelyIf only you weren't so shadyThis is why we can't have nice things, darlingBecause you break themI had to take them awayThis is why we can't have nice (nice things) things (baby), honeyDid you think I wouldn't hear all the things you said about me?This is why we can't haveHere's a toast to my real friendsThey don't care about the he-said, she-saidAnd here's to my babyHe ain't reading what they call me latelyAnd here's to my mamaHad to listen to all this dramaAnd here's to you'Cause forgiveness is a nice thing to doHaha, I can't even say it with a straight face!This is why we can't have nice things, darling (darling)Because you break themI had to take them awayThis is why we can't have nice things (oh, no), honey (baby, oh)Did you think I wouldn't hear all the things you said about me?This is why we can't have nice things, darling(And here's to my real friends)Because you break themI had to take them away (and here's to my baby)Nice things, honey (they didn't care about that he-said, she-said)Did you think I wouldn't hear all the things you said about me?This is why we can't have nice things;293.123;Jack Antonoff / Taylor Swift
This Love;https://www.letras.mus.br/taylor-swift/this-love/;Clear blue waterHigh tide came and brought you inAnd I could go on and on, on and onAnd I willSkies grew darkerCurrents swept you out againAnd you were just gone and goneGone and goneIn silent screamsIn wildest dreamsI never dreamed of thisThis love is good, this love is badThis love is alive back from the dead, ohThese hands had to let it go freeAnd this love came back to me, ohOh, ohTossing, turningStruggled through the night with someone newBaby, I could go on and onOn and onLantern, burningFlickered in my mind for only youBut you were still goneGone, goneIn losing gripOn sinking shipsYou showed up just in timeThis love is good, this love is badThis love is alive back from the dead, ohThese hands had to let it go freeAnd this love came back to me, ohThis love left a permanent markThis love is glowing in the dark, ohThese hands had to let it go freeAnd this love came back to me, ohThis love (this love, this love, this love)This love (this love, this love, this love)This love (this love, this love, this love)This love (this love, this love, this love)Your kiss, my cheekI watched you leaveYour smile, my ghostI fell to my kneesWhen you're youngYou just runBut you come backTo what you needThis love is good, this love is badThis love is alive back from the dead, ohThese hands had to let it go freeAnd this love came back to me, oh(This love) this love left a permanent mark(This love) this love is glowing in the dark, oh(This love) these hands had to let it go free(This love) and this love came back to me, ohThis love (this love, this love, this love, oh)This love (this love, this love, this love, oh)This love (this love, this love, this love)(This love) this love came back to me, oh;470.637;Taylor Swift
Thug Story (feat. T-Pain);https://www.letras.mus.br/taylor-swift/1504085/;Hey Hey, T-Swizzle (T-Swizzle)T-Pizzle (T-Pizzle)I'm like eight foot fo', blonde hair to the floorYou shorties never thought I dreamed about rapping hardcoreNo I ain't got a gun, no I never really been in a clubStill live with my parents, but I'm still a thugI'm so gangster, you can find me baking cookies at nightYou out clubbing but I just made caramel delightsT-Swift and T-Pain rapping on the same trackIt's a thug story, tell me can you handle that?I had a dream last nightI had high top NikesI had diamonds in my mouthAnd diamonds on my micBy the time I woke I was singingI'm on a boat, whoa oh-oh'Cause I'm a singer turned rapperShorty I'm a make yaStraight to the top, yoShorty I'm a take yaYou can call me T-SweezyNow I'm a rap starHey, It's a thug storyNow tell 'em who you areSinger turned gangsterYou don't want to fight meStraight to the topIn my extra small white teeT-Swift and T-Pain all up on the same trackIt's a thug story now can you get with that?What? What? I knit sweaters, yo!What? What? Don't test me (beep)!Hey, hold onHold on, I didn't even say anythingI didn't even s-What?I said: YoYupYou guys bleeped me and I didn't even say anythingI didn't even swearShe didn't, she didn- she didn't even swearHello? Ugh!;35.031;Sabe de quem é a composição? Envie pra gente.
Tied Together With a Smile;https://www.letras.mus.br/taylor-swift/848635/;Seems the only one who doesn't see your beautyIs the face in the mirror looking back at youYou walk around here thinking you're not prettyBut that's not true, 'cause I know youHold on, baby, you're losing itThe water's high, you're jumping into itAnd letting go, and no one knowsThat you cry, but you don't tell anyoneThat you might not be the golden oneAnd you're tied together with a smileBut you're coming undoneI guess it's true that love was all you wanted'Cause you're giving it away like it's extra changeHoping it will end up in his pocketBut he leaves you out like a penny in the rainOh, 'cause it's not his price to payIt's not his price to payHold on, baby, you're losing itThe water's high, you're jumping into itAnd letting go, and no one knowsThat you cry, but you don't tell anyoneThat you might not be the golden oneAnd you're tied together with a smileBut you're coming undoneHold on, baby, you're losing itThe water's high, you're jumping into itAnd letting go, and no one knowsThat you cry, but you don't tell anyoneThat you might not be the golden oneAnd you're tied together with a smileBut you're coming undoneYou're tied together with a smileBut you're coming undoneGoodbye, babyWith a smile, baby, baby;107.003;Liz Rose / Taylor Swift
Till Brad Pitt Comes Along;https://www.letras.mus.br/taylor-swift/till-brad-pitt-comes-along/;"Do you remember the dayI leaned up against your carAnd it started rolling down the street?You screamed and ran after itAnd tried to open the doorAnd it ran over your footAnd I was too busy laughing on the ground to seeIt would take Brad Pitt to leave youIt takes five seconds to need youWhen I'm mad at all the lovebirds'Cause they don't know to play our songI wish that pretty girls couldn't see youI wish that all your roads would lead youRight to me 'cause that's where you belongUntil Brad Pitt comes alongDo you remember the time we watched CarrieAnd you said it reminded you of meAnd I threw the remote at youAnd you said, ""My point exactly""And later on that nightUnder the neon city lightsYou paid a homeless guy to sing a song to meIt would take Brad Pitt to leave youIt takes five seconds to need youWhen I'm mad at all the lovebirds'Cause they don't know to play our songI wish that pretty girls couldn't see youI wish that all your roads would lead youRight to me 'cause that's where you belongUntil Brad Pitt comes alongYou call me lucky'Cause I lose everythingBut I swear I'd be careful with itIf you gave me a ringAnd it would take Brad Pitt to leave youIt takes five seconds to need youWhen I'm mad at all the lovebirds'Cause they don't play our songI wish that pretty girls wouldn't see youI wish that all your roads would lead youRight to me 'cause that's where you belongUntil Brad Pitt comes along'Till Brad Pitt comes along, yeahUntil Brad Pitt comes along";3.861;Taylor Swift
Tim McGraw;https://www.letras.mus.br/taylor-swift/820705/;He said the way my blue eyes shinedPut those Georgia stars to shame that nightI said: That's a lieJust a boy in a Chevy truck that had a tendencyOf getting stuck on backroads at nightAnd I was right there, beside him, all summer longAnd then the time we woke up to find that summer goneBut when you think Tim McGrawI hope you think my favorite songThe one we danced to all night longThe Moon like a spotlight on the lakeWhen you think happinessI hope you think that little black dressThink of my head on your chestAnd my old faded blue jeansWhen you think Tim McGrawI hope you think of meSeptember saw a month of tearsAnd thanking God that you weren't hereTo see me like thatBut in a box beneath my bedIs a letter that you never readFrom three summers backIt's hard not to find it all a little bittersweetAnd looking back on all of that, it's nice to believeWhen you think Tim McGrawI hope you think my favorite songThe one we danced to all night longThe Moon like a spotlight on the lakeWhen you think happinessI hope you think that little black dressThink of my head on your chestAnd my old faded blue jeansWhen you think Tim McGrawI hope you think of meAnd I'm back for the first time since thenI'm standing on your streetAnd there's a letter left on your doorstepAnd the first thing that you'll readIs when you think Tim McGrawI hope you think my favorite songSome day you'll turn your radio onI hope it takes you back to that placeWhen you think happinessI hope you think that little black dressThink of my head on your chestAnd my old faded blue jeansWhen you think Tim McGrawI hope you think of meOh, think of meHe said the way my blue eyes shinedPut those Georgia stars to shame that nightI said: That's a lie;250.388;Taylor Swift
Time Of Your Life;https://www.letras.mus.br/taylor-swift/time-of-your-life-green-day-cover/;Another turning pointA fork stuck in the roadTime grabs you by the wristDirects you where to goSo make the best of this testAnd don't ask whyIt's not a questionJust a lesson learned in timeIt's something unpredictableBut in the end it's rightI hope you had the time of your lifeSo take the photographsAnd still frames in your mindHang it on a shelfOf good health and good timeTattoos of memoriesAnd dead skin on trialFor what it's worthIt was worth all the whileIt's something unpredictableBut in the end it's rightI hope you had the time of your lifeIt's something unpredictableBut in the end it's rightI hope you had the time of your lifeThe time of your life...;3.588;Billie Joe Armstrong
Timeless;https://www.letras.mus.br/taylor-swift/timeless/;Down the block, there's an antique shopAnd something in my head said: Stop, so I walked inOn the counter was a cardboard boxAnd the sign said: Photos, twenty-five cents eachBlack and white, saw a thirties brideAnd school lovers laughing on the porch of their first houseThe kinda love that you only find once in a lifetimeThe kind you don't put downAnd that's when I called you and it's so hard to explain, butIn those photos, I saw us insteadAnd somehow I know that you and I would've found each otherIn another life, you still would've turned my headEven if we'd met on a crowded street in 1944And you were headed off to fight in the warYou still would've been mine, we would have been timelessI would've read your love letters every single nightAnd prayed to God you'd be coming home all rightAnd you would've been fine, we would have been timeless'Cause I believe that we were supposed to find thisSo, even in a different lifeYou still would've been mine, we would've been timelessI had to smile when it caught my eyeThere was one of a teenage couple in the drivewayHolding hands, on the way to a danceAnd the date on the back said 1958Which brought me back to the first time I saw youTime stood still like something in this old shopI thought about it as I started looking 'roundAt these precious things that time forgotThat's when I came upon a book covered in cobwebsStory of a romance torn apart by fateHundreds of years ago, they fell in love like we didAnd I'd die for you in the same wayIf I first saw your face in the fifteen hundreds, off in a foreign landAnd I was forced to marry another manYou still would've been mine, we would have been timelessI would've read your love letters every single nightAnd run away and left it all behindYou still would've been mine, we would've been timeless'Cause I believe that we were supposed to find thisSo, even in a different lifeYou still would've been mine, we would've been timelessTime breaks down your mind and bodyDon't you let it touch your soulIt was like an age-old classicThe first time that you saw meThe story started when you said: HelloIn a crowded room, a few short years agoAnd sometimes there's no proof, you just knowYou're always gonna be mine, we're gonna beI'm gonna love you when our hair is turning greyWe'll have a cardboard box of photos of the life we've madeAnd you'll say: Oh my, we really were timelessWe're gonna be timeless, timelessYou still would've been mine, we would've beenEven if we'd met on a crowded street in 1944You still would've been mine, we would've beenDown the block, there's an antique shopAnd something in my head said: Stop, so I walked in;160.701;Taylor Swift
Today Was a Fairytale;https://www.letras.mus.br/taylor-swift/1616005/;Today was a fairytaleYou were the princeI used to be a damsel in distressYou took me by the handAnd you picked me up at sixToday was a fairytaleToday was a fairytaleToday was a fairytaleI wore a dressYou wore a dark grey t-shirtYou told me I was prettyWhen I looked like a messToday was a fairytaleTime slows downWhenever you're aroundBut can you feel this magic in the air?It must have been the way you kissed meFell in love when I saw you standing thereIt must have been the wayToday was a fairytaleIt must have been the wayToday was a fairytaleToday was a fairytaleYou've got a smileThat takes me to another planetEvery move you makeEverything you say is rightToday was a fairytaleToday was a fairytaleAll that I can sayIs now it's getting so much clearerNothing made senseTill the time I saw your faceToday was a fairytaleTime slows downWhenever you're aroundYeahBut can you feel this magic in the air?It must have been the way you kissed meFell in love when I saw you standing thereIt must have been the wayToday was a fairytaleIt must have been the wayToday was a fairytaleTime slows downWhenever you're aroundI can feel my heartIt's beating in my chestDid you feel it?I can't put this downBut can you feel this magic in the air?It must have been the way you kissed meFell in love when I saw you standing thereIt must have been the wayBut can you feel this magic in the air?It must have been the way you kissed meFell in love when I saw you standing thereIt must have been the wayToday was a fairytaleIt must have been the wayToday was a fairytaleToday was a fairytale;339.269;Taylor Swift
tolerate it;https://www.letras.mus.br/taylor-swift/tolerate-it/;I sit and watch you reading with your head lowI wake and watch you breathing with your eyes closedI sit and watch youI notice everything you do or don't doYou're so much older and wiser and II wait by the door like I'm just a kidUse my best colors for your portraitLay the table with the fancy shitAnd watch you tolerate itIf it's all in my head, tell me nowTell me I've got it wrong somehowI know my love should be celebratedBut you tolerate itI greet you with a battle hero's welcomeI take your indiscretions all in good funI sit and listеnI polish plates until they gleam and glistеnYou're so much older and wiser and II wait by the door like I'm just a kidUse my best colors for your portraitLay the table with the fancy shitAnd watch you tolerate itIf it's all in my head, tell me nowTell me I've got it wrong somehowI know my love should be celebratedBut you tolerate itWhile you were out building other worlds, where was I?Where's that man who'd throw blankets over my barbed wire?I made you my temple, my mural, my skyNow I'm begging for footnotes in the story of your lifeDrawing hearts in the bylineAlways taking up too much space or timeYou assume I'm fine, but what would you do if IBreak free and leave us in ruinsTook this dagger in me and removed itGain the weight of you then lose itBelieve me, I could do itIf it's all in my head, tell me nowTell me I've got it wrong somehowI know my love should be celebratedBut you tolerate itI sit and watch you;802.838;Aaron Dessner / Taylor Swift
Treacherous;https://www.letras.mus.br/taylor-swift/treacherous/;Put your lips close to mineAs long as they don't touchOut of focus, eye to eyeTill the gravity's too muchAnd I'll do anything you sayIf you say it with your handsAnd I'd be smart to walk awayBut you're quicksandThis slope is treacherousThis path is recklessThis slope is treacherousAnd I, I, I like itI can't decide if it's a choiceGetting swept awayI hear the sound of my own voiceAsking you to stayAll we are is skin and boneTrained to get alongForever going with the flowBut you're frictionThis slope is treacherousThis path is recklessThis slope is treacherousI, I, I like itTwo headlights shine through the sleepless nightAnd I will get you a—, get you aloneYour name has echoed through my mindAnd I just think you should, think you should knowThat nothing safe is worth the driveAnd I will follow you, follow you homeI'll follow you, follow you homeThis hope is treacherousThis daydream is dangerousThis hope is treacherousI, I, II, I, II, I, ITwo headlights shine through the sleepless nightAnd I will get you a, get you aloneYour name has echoed through my mindAnd I just think you should, think you should knowThat nothing safe is worth the driveAnd I will follow you, follow you homeI'll follow you, follow you homeI'll follow you, follow you homeI'll follow you, follow you homeThis slope is treacherousI, I, I like it;323.021;Dan Wilson / Taylor Swift
Two Is Better Than One (feat. Boys Like Girls);https://www.letras.mus.br/taylor-swift/1539603/;I remember what you wore on our first dateYou came into my life and I thought: HeyYou know, this could be something'Cause everything you do and words you sayYou know that it all takes my breath awayAnd now I'm left with nothingSo maybe it's trueThat I can't live without youAnd maybe two is better than oneBut there's so much timeTo figure out the rest of my lifeAnd you've already got me coming undoneAnd I'm thinking two is better than oneI remember every look upon your faceThe way you roll your eyes, the way you tasteYou make it hard for breathing'Cause when I close my eyes I drift awayI think of you and everything's okayI'm finally now believingThat maybe it's trueThat I can't live without youAnd maybe two is better than oneBut there's so much timeTo figure out the rest of my lifeAnd you've already got me coming undoneAnd I'm thinking two is better than oneI remember what you wore on our first dateYou came into my life and I thought: HeyMaybe it's trueThat I can't live without youAnd maybe two is better than oneBut there's so much timeTo figure out the rest of my lifeAnd you've already got me coming undoneAnd I'm thinking, oohI can't live without you'Cause baby, two is better than oneThere's so much timeTo figure out the rest of my lifeBut I'll figure out when all is said and doneTwo is better than oneTwo is better than one;927.644;Sabe de quem é a composição? Envie pra gente.
Two Steps Behind (feat. Def Leppard);https://www.letras.mus.br/taylor-swift/two-steps-behind-feat-def-leppard/;Walk away, if you want toIts ok, if you need toYou can runBut you can never hideFrom the shadow that's creepin' up inside youThere's a magic running through your soulBut you can't have it all(Whatever you do)I'll be two steps behind you(Wherever you go)And I'll be there to remindThat it only takes a minuteOf your precious timeTo turn aroundI'll be two steps behindTake your time, to think about itJust walk the lineYou know you just can't fight itTake a look aroundYou'll see what you can't findLike the fire that's burning up inside meThere's a magic running through your soulBut you can't have it all(Whatever you do)I'll be two steps behind you(Wherever you go)And I'll be there to remindThat it only takes a minuteOf your precious timeTo turn aroundI'll be two steps behind;865;Sabe de quem é a composição? Envie pra gente.
Umbrella;https://www.letras.mus.br/taylor-swift/1317681/;You have my heartWe'll never beWorld's apartMay be in magazineBut you'll stillBe my starBabyCause in the darkYou can't seeShiny carsThat's when youNeed me thereWith youI'll always shareBecauseWhen the sun shineWe'll shine togetherTold youI'll be here foreverSaid that I'll alwaysBe a friendTook an oathI'ma stick it outTo the endNow it's raining moreThan everKnow that we'll stillHave each otherYou can standUnder my umbrellaYou can standUnder my umbrellaElla, ella, eh, yea, ehUnder my umbrellaElla, ellaEh, eh, eh, eh, eh, eh;49.870;Sabe de quem é a composição? Envie pra gente.
Under My Head;https://www.letras.mus.br/taylor-swift/under-my-head/;Are you trying to make me fall?'Cause with a face like that babyi won't take too longKeep on melting me with those eyesAnd I think in a while I'll be here, no doubts, sittin' here sayingOoh, ooh, ooh, I love you, I love youOoh, ooh, ooh, come a little closerOhh, ohh, I love you, I love youYeah I'm down to my last threadTryina get my heels back under my headDa da da da daBaby somewhere around the timeThe moment I saw you with your hair all stickin' upI was so caught up, 'cause baby you're so damn cuteI need you to need meSee the train is coming for meHelp me, save me from this crash at lastOoh, ooh, ooh, I love you, I love youOoh, ooh, ooh, come a little closerOhh, ohh, I love you, I love youYeah I'm down to my last threadTryina get my heels back under my headNa na na na na na na na na na naYou seem to be just what I tried to findAnd your name looks so good written next to mineNext to mine, next to mine, yeahOoh, ooh, ooh, I love you, I love youOoh, ooh, ooh, I really, really want youOhh, ohh, I love you, I love youOhh, ohh, yeahOoh, ooh, ooh, I love you, I love youOoh, ooh, ooh, come a little closerOhh, ohh, I love you, I love youYeah I'm down to my last threadTryina get my heels back under my head;2.972;Taylor Swift
Untouchable;https://www.letras.mus.br/taylor-swift/1311186/;Untouchable like a distant diamond skyI'm reaching out and I just can't tell you whyI'm caught up in youI'm caught up in youUntouchable, burning brighter than the SunAnd when you're close, I feel like coming undoneIn the middle of the night, when I'm in this dreamIt's like a million little stars spelling out your nameYou gotta come on, come onSay that we'll be togetherCome on, come onLittle taste of heavenIt's half full and I won't wait here all dayI know you're saying that you'd be here anywayBut you're untouchable, burning brighter than the SunAnd now that you're close, I feel like coming undoneIn the middle of the night, when I'm in this dreamIt's like a million little stars spelling out your nameYou gotta come on, come onSay that we'll be togetherCome on, come on, ohIn the middle of the night, waking from this dreamI want to feel you by my side, standing next to meYou gotta come on, come onSay that we'll be togetherCome on, come onLittle taste of heavenI'm caught up in you, oh, ohBut you're untouchable, burning brighter than the SunNow that you're close, I feel like coming undoneIn the middle of the night, when I'm in this dreamIt's like a million little stars spelling out your nameYou gotta come on, come onSay that we'll be togetherCome on, come on, ohIn the middle of the night, when I'm in this dreamIt's like a million little stars spelling out your nameYou gotta come on, come onSay that we'll be togetherCome on, come onCome onIn the middle of the night, waking from this dreamI want to feel you by my side, standing next to meYou gotta come on, come onSay that we'll be togetherCome on, come onLittle taste of heavenAnd in the middle of the night, when I'm in this dreamIt's like a million little stars spelling out your nameYou gotta come on, come onOh, come on, come onCome on, come onOh, oh, oh, ohIt's like a million little stars spelling out your nameSpelling out your name, oh;222.708;Tommy Lee James / Taylor Swift / Cary Barlowe / Nathan Barlowe
us. (feat. Gracie Abrams);https://www.letras.mus.br/taylor-swift/us-feat-gracie-abrams/;I know you knowIt felt just like a jokeI show, you don'tAnd now we're talkin'I know your ghostI see her through the smokeShe'll play her showAnd you'll be watchin'And if history's clear, someone always ends up in ruinsAnd what seemed like fate becomes: What the hell was I doin'?Babylon lovers hangin', lifetimes on a vine (ooh)Do you miss mine?Do you miss us, us?I felt it, you held itDo you miss us, us?Wonder if you regret the secret of us, usUs (us), us (us), us (us)I know you knowIt felt like somethin' oldIt felt like somethin' holy, like souls bleedin', soIt felt like what I've knownYou're twenty-nine years oldSo how can you be cold when I open my home?And if history's clear, the flames always end up in ashesAnd what seemed like fate, give it ten months, and you'll be past it (you'll be past it)Babylon lovers hangin', missed calls on the lineI gave you mineDid you mind us, us?I felt it, you held itDo you miss us, us?Wonder if you regret the secret of us, usUs (us), us (us), us (us)That night, you were talkin' false prophets and profitsThey make in the margins of poetry sonnetsYou never read up on it, shame, could've learned somethin'Robert Bly on my nightstand, gifts from you, how ironicA curse or a miracle, hearse or an oracleYou're incomparable, fuck, it was chemicalYou (you) plus (plus) me (me) wasUs, us, usI felt it, you held itDo you miss us, us?Wonder if you regret the secret of us, usMistaken for strangers the way it was, wasThe pain of, the reign of, the flame of us, usThe outline, well, sometimes, do you miss us, us?The best kind, well, sometimes, do you miss us?;3.667;Aaron Dessner / Gracie Abrams / Taylor Swift
Vigilante Shit;https://www.letras.mus.br/taylor-swift/vigilante-shit/;Draw the cat eye sharp enough to kill a manYou did some bad things, but I'm the worst of themSometimes I wonder which one will be your last lieThey say looks can kill, and I might tryI don't dress for women, I don't dress for menLately, I've been dressing for revengeI don't start shit, but I can tell you how it endsDon't get sad, get evenSo on the weekends, I don't dress for friendsLately, I've been dressing for revengeShe needed a cold, hard proof, so I gave her someShe had the envelope, where you think she got it from?Now she gets the house, gets the kids, gets the pridePicture me, thick as thieves with your ex-wifeAnd she looks so prettyDriving in your BenzLately, she's been dressing for revengeShe don't start shit, but she can tell you how it endsDon't get sad, get evenSo on the weekends, she don't dress for friendsLately, she's been dressing for revengeLadies always rise aboveLadies know what people wantSomeone sweet, and kind, and funThe lady simply had enoughWhile he was doing linesAnd crossing all of mineSomeone told his white collar crimes to the FBIAnd I don't dress for villainsOr for innocentsI'm on my vigilante shit againI don't start shit, but I can tell you how it endsDon't get sad, get evenSo on the weekends, I don't dress for friendsLately, I've been dressing for revenge;369.741;Taylor Swift
Viva La Vida;https://www.letras.mus.br/taylor-swift/1770330/;"I used to rule the worldSeas would rise when I gave the wordNow in the morning I sleep aloneSweep the streets I used to ownI used to roll the diceFeel the fear in my enemy's eyesListened as the crowd would sing""Now the old king is dead! Long live the king!""One minute I held the keyNext the walls were closed on meAnd I discovered that my castles standUpon pillars of salt and pillars of sandI hear Jerusalem bells are ringingRoman Cavalry choirs is singingBe my mirror, my sword and shieldMy missionaries in a foreign fieldFor some reason I can't explainOnce you'd gone there was neverNever an honest wordThat was when I ruled the worldIt was the wicked and wild windBlew down the doors to let me inShattered windows and the sound of drumsPeople couldn't believe what I'd becomeRevolutionaries waitFor my head on a silver plateJust a puppet on a lonely stringOh who would ever want to be king?I hear Jerusalem bells are ringingRoman Cavalry choirs are singingBe my mirror, my sword and shieldMy missionaries in a foreign fieldFor some reason I can't explainI know Saint Peter won't call my nameNever an honest wordBut that was when I ruled the worldOh, oh, oh, oh, ohHear Jerusalem bells are ringingRoman Cavalry choirs are singingBe my mirror, my sword and shieldMy missionaries in a foreign fieldFor some reason I can't explainI know Saint Peter won't call my nameNever an honest wordBut that was when I ruled the world";33.608;Guy Berryman / Jon Buckland / Will Champion / Chris Martin
Wait For Me;https://www.letras.mus.br/taylor-swift/wait-for-me/;If you had only gotten to me firstIf I could write a book on how this hurtsIf you could see the way your smile looks to meIf I wasn’t scared of the world aloneIf I didn’t know he loves me soIf I could only find the strength to leaveYou’d be with me, so, babyDon’t you look in my eyesI might fall in loveWith a beautiful boyI wish that I could touchYou go I hope you think of meAs the stars fall down and the heavens fadeThis girl is begging wait for meIt’s so wrong that all I wanna doIs forget it all and just be with youI have to go ‘cause he don’t knowBut the writing’s on the wallBut here we are in so deepSoaking wetJumping in without no safety netAnd I don’t know what kinda ropesWould break this kinda fall, so, babyDon’t you look in my eyesI might fall in loveWith a beautiful boyI wish that I could touchYou go, I hope you think of meAs the stars fall down and the heavens fadeThis girl is begging wait, wait for meWe can’t be together right nowGuess there’s no use in tryingBut if you look at me right nowCan you tell that I’m dyingTo hold you?But it would be wrong toSo don’t you look in my eyesI might fall in loveWith a beautiful boyI wish that I could touchYou go, I hope you think of meAs the stars fall down and the heavens fadeThis girl is begging wait for meDon’t you look nowDon’t you look nowI might fall in loveDon’t you look now;9.709;Sabe de quem é a composição? Envie pra gente.
We Are Never Ever Getting Back Together;https://www.letras.mus.br/taylor-swift/we-are-never-ever-ever-getting-back-together/;I remember when we broke up, the first timeSaying: This is it, I’ve had enough! ‘Cause, likeWe hadn’t seen each other in a monthWhen you said you needed space (what?)Then you come around again and say: BabyI miss you and I swear I'm gonna change, trust meRemember how that lasted for a day?I say: I hate you, we break up, you call me, I love youOoh, ooh, ooh, ooh, oohWe called it off again last night, butOoh, ooh, ooh, ooh, oohThis time, I'm telling you, I'm telling youWe are never, ever, everGetting back togetherWe are never, ever, everGetting back togetherYou go talk to your friendsTalk to my friends, talk to meBut we are never, ever, ever, everGetting back togetherLike, ever!I'm really gonna miss you picking fights, and meFalling for it, screaming that I'm right, and youWould hide away and find your peace of mind with someIndie record that’s much cooler than mineOoh, ooh, ooh, ooh, oohYou called me up again tonight, butOoh, ooh, ooh, ooh, oohThis time, I'm telling you, I'm telling youWe are never, ever, everGetting back togetherWe are never, ever, everGetting back togetherYou go talk to your friendsTalk to my friends, talk to meBut we are never, ever, ever, everGetting back togetherOoh, yeah, ooh, yeahOoh, yeah, oh, oh, ohI used to think that we were forever, everAnd I used to say: Never say neverUgh, so he calls me up and he’s like: I still love youAnd I'm like, I'm justYeah, I mean, this is exhausting, you know?Like, we are never getting back togetherLike, ever!NoWe are never, ever, everGetting back togetherWe are never, ever, everGetting back togetherYou go talk to your friendsTalk to my friends, talk to meBut we are never, ever, ever, everGetting back together(We) getting back together (ooh, ooh, ooh)(We) getting back together (ooh, ooh, ooh)You go talk to your friendsTalk to my friends, talk to me (talk to me)But we are never, ever, ever, everGetting back together;2.506.977;Max Martin / Shellback / Taylor Swift
We Are Never Getting Back Together (remix) (feat. D'nme);https://www.letras.mus.br/taylor-swift/we-are-never-getting-back-together/;I’m the one to blame, I took you forGranted, you were looking forward to usWorking out, in my mind there were no doubtsThat that would happen eventuallyBut I made you wait and that was wrongEspecially ‘cause we had a problem that I just throw came out upon nowI’m more worse for wear than youYou’re over me, I know that you gon see through me, you have every rightTo feel that way and take a leave of absence from me actuallyI’m dazed in how I treated youI know just how the saying goes, you reap what you fuckin’ sowI remember when we broke up the first timeSaying this is it, I've had enough, 'cause likeWe haven't seen each other in a monthWhen you, said you, needed space, what?Then you come around again and sayBaby, I miss you and I swear I'm gonna changeTrust me, remember how that lasted for a dayI say, I hate you, we break up, you call me, I love youOooh we called it off again last nightBut Oooh, this time I'm telling you, I'm telling youWe are never ever ever getting back togetherWe are never ever ever getting back togetherYou go talk to your friends talkTo my friends talk to meBut we are never ever ever ever getting back togetherLike ever...I'm really gonna miss you picking fightsAnd me, falling for a screaming that I'm rightAnd you, will hide away and find your peace of mind with some indie record that's much cooler than mineOooh you called me up again tonightBut Oooh, this time I'm telling you, I'm telling youWe are never ever ever getting back togetherWe are never ever ever getting back togetherYou go talk to your friends talkTo my friends talk to meBut we are never ever ever ever getting back togetherIf that’s your wish it’s cool with me‘Cause now I know it’s virtually impossible to get you backYou’ve made it clear, once I look atThe shit I’ve put you through for months of screamingAll the fucking fuss it made you leave, it made me thinkWhat a load of crap you might’ve thinkYou hold your breath? NoNo, you’d let go of me sooner or laterNo matter what I say you won’t come back to me right soAll that’s left for me to doIs accept what I’ve done to you, I know it fully through ‘causeWe are never ever ever getting back togetherWe are never ever ever getting back togetherYou go talk to your friends talkTo my friends talk to meBut we are never ever ever ever getting back togetherWe, oooh, oooh, not back together, weOh, getting back togetherYou go talk to your friends talkTo my friends talk to meBut we are never ever ever ever getting back together;10.971;Max Martin / Shellback / Taylor Swift
We Were Happy;https://www.letras.mus.br/taylor-swift/1831229/;We used to walk along the streetWhen the porch lights were shining brightBefore I had somewhere to beBack when we had all nightAnd we were happyI do recall a good while backWe snuck into the circusYou threw your arms around my neckBack when I deserved itAnd we were happyWhen it was good, babyIt was good, babyWe showed 'em all upNo one could touch the way weLaughed in the darkTalking about your daddy's farmWe were gonna buy somedayAnd we were happyWe used to watch the Sun go downOn the boats in the waterThat's sorta how I feel right nowAnd goodbye's so much harder'Cause we were happyWhen it was good, babyIt was good, babyWe showed 'em all upNo one could touch the way weLaughed in the darkTalking about your daddy's farmWe were gonna buy somedayAnd we were happyWe were happyOh, I hate those voicesTelling me I'm not in love anymoreBut they don't give me choicesAnd that's what these tears are for'Cause we were happyWe were happyWhen it was good, babyIt was good, babyWe showed 'em all upNo one could touch the way weLaughed in the darkTalking about your daddy's farmAnd you were gonna marry meAnd we were happyWe were happyOh, oh, ohWe were happy;60.807;Taylor Swift / Liz Rose
Welcome Back Grunwald;https://www.letras.mus.br/taylor-swift/1317684/;Turn WYCD onYou'reOn your GrunwaldBack from the AmazonAh huh huhHe's hereWith doctor DonI heardThey dropped him offIn the amazonAh huh huhHe caught an AnacondaAte some piranhasThat's kinda disgustingBut whateverMakes you happyAnd I heardSome naked boyShowed him aroundYeahGrunwald'sBack in town;14.333;Sabe de quem é a composição? Envie pra gente.
Welcome Distraction;https://www.letras.mus.br/taylor-swift/welcome-distraction/;I got a little thing I call self control'Cause I get a little crazy when I let too much goLove's a little messy and you are tooRight now I'm scared of both of youI laugh and I play and I wasn't gonna straySwore I'd never let a man in my wayYou're the last thing I needed todayAnd I don't know where I lost controlAnd couldn't take it any longerMust have been somewhere between your smileAnd the way you say my nameI can't win so I give inThe more I fight, it just gets strongerYou're an inconvenient kind of satisfactionWelcome distractionWelcome distractionGone and spilled my coffee tryna get to the phone'Cause it might be you, you just never knowCan't talk to my friends without you coming upIt's even kind of cute the way you cussI wrote your name down a hundred thousand times'Cause it looks so good right next to mineYou're the last thing I needed tonightAnd I don't know where I lost controlAnd couldn't take it any longerMust have been somewhere between your smileAnd the way you say my nameI can't win so I give inThe more I fight, it just gets strongerYou're an inconvenient kind of satisfactionWelcome distractionWelcome distractionI'm acting like a girlWith nothing to loseWhen did I stop caring aboutAnything but youAnd I don't know where I lost controlAnd couldn't take it any longerMust have been somewhere between your smileAnd the way you say my nameI can't win so I give inThe more I fight, it just gets strongerYou're an inconvenient kind of satisfactionWelcome distractionWelcome distractionWelcome distractionWelcome distraction;4.473;Sabe de quem é a composição? Envie pra gente.
Welcome To New York;https://www.letras.mus.br/taylor-swift/welcome-to-new-york/;Walking through a crowd, the village is aglowKaleidoscope of loud heartbeats under coatsEverybody here wanted something moreSearching for a sound we hadn't heard beforeAnd it saidWelcome to New YorkIt's been waiting for youWelcome to New YorkWelcome to New YorkWelcome to New YorkIt's been waiting for youWelcome to New YorkWelcome to New YorkIt's a new soundtrack, I could dance to this beat, beatForever moreThe lights are so bright, but they never blind me, meWelcome to New YorkIt's been waiting for youWelcome to New YorkWelcome to New YorkWhen we first dropped our bags on apartment floorsTook our broken hearts, put them in a drawerEverybody here was someone else beforeAnd you can want who you wantBoys and boys and girls and girlsWelcome to New YorkIt's been waiting for youWelcome to New YorkWelcome to New YorkWelcome to New YorkIt's been waiting for youWelcome to New YorkWelcome to New YorkIt's a new soundtrack, I could dance to this beat, beatForever moreThe lights are so bright, but they never blind me, meWelcome to New York (New York)It's been waiting for youWelcome to New YorkWelcome to New YorkLike any great love, it keeps you guessingLike any real love, it's ever changingLike any true love, it drives you crazyBut you know you wouldn't change anything, anything, anythingWelcome to New YorkIt's been waiting for youWelcome to New YorkWelcome to New YorkWelcome to New YorkIt's been waiting for youWelcome to New YorkWelcome to New YorkIt's a new soundtrack, I could dance to this beatThe lights are so bright, but they never blind me (welcome to New York)New soundtrack (it's been waiting for you)(Welcome to New York) the lights are so bright, but they never blind me(Welcome to New York) so bright, they never blind me(Welcome to New York)Welcome to New York;573.453;Ryan Tedder / Taylor Swift
What do You Say?;https://www.letras.mus.br/taylor-swift/1831230/;What do you sayWhen you just knowThat he's the oneAnd you wanna go fast but he's taking it slow?And what do you doWhen he's next to youBut he's a little bit shy?Well, here's something you can tryHey, hey, what do you say?We go walking down the river all togetherIt's a warm and beautiful dayAnd I feel like I could talk to you foreverWith the sun shining bright, it feels just like a dayWhen everything's gonna go just rightI know it'll be a sweet memory for you and me someday-ay-ayHey, what do you say?What do you seeWhen you look in his eyesThere's something thereThat he can't disguise, no matter how he tries?And what do you feelWhen you know it's realAnd you can't sit still?If you don't then I will, yeahHey, hey, what do you say?We go walking down the river all togetherIt's a warm and beautiful dayAnd I feel like I could talk to you foreverWith the sun shining bright, it feels just like a dayWhen everything's gonna go just rightI know it'll be a sweet memory for you and me someday-ay-ayHey, what do you say?My imagination'sRunning away, justDreaming about whatI want you to sayHey, hey, what do you say?We go walking down the river all togetherIt's a warm and beautiful dayAnd I feel like I could talk to you foreverWith the sun shining bright, it feels just like a dayWhen everything's gonna go just rightI know it'll be a sweet memory for you and me someday-ay-ayHey, what do you say?What do you say?;21.093;Taylor Swift
What To Wear;https://www.letras.mus.br/taylor-swift/1492200/;She's looking in the mirrorThe moments getting nearerShe thinks about it as she walks her walkUp and down the staircaseMakeup fresh on her faceShe thinks about it as she talks her talkSchool dance, first chance, always been a dreamerThere's one guy, she's shy, sees him through the mirrorAnd everybody looks at her,She thinks about itBlue dress angel face, looking in the mirror,Shoes, purse, hair tied back and you should see her,She's got her magic, floating through the air,Peace, Love, One thing leads into anotherDream big, Aim smallMan you gotta love herShe's got her hopes upGot 'em up to thereWonderin' what to wearShe's standing in her bedroomHe'll be pullin' up soonShe thinks about it as she sees headlightsLooking out the window she's got her diary to showThat she's been waiting for this all her lifeFirst date, can't waitLookin' in the mirrorHeart all wrapped upWait until he sees herHe's lookin' right at herShe thinks about itSixteen blue jeans Abercrombie t-shirtShoes purse hair tied back and you should see herShe's got her magic floating through the airPeace, Love, One thing leads into anotherDream big, Aim smallMan you gotta love herShe's got her hopes upGot 'em up to thereWonderin' what to wearThe years went byThe mirror saw her cryShe got up againShe got up againThe wind blew by the small town lightsShe got up againMove outFind out where the world can take herBright lights late nights livin' for the greaterMove to Paris livin' on a prayerPeace, Love, One thing leads into anotherDream big, Aim smallMan you gotta love herShe's got her hopes upGot 'em up to thereShe's got her hopes upGot 'em up to thereWonderin' what to wearOoo OooWonderin' what to wear;20.429;Sabe de quem é a composição? Envie pra gente.
When Emma Falls in Love;https://www.letras.mus.br/taylor-swift/when-emma-falls-in-love/;When Emma falls in love she paces the floorCloses the blinds and locks the doorWhen Emma falls in love she calls up her momJokes about the ways that this one could go wrongShe waits and takes her time'Cause little Miss Sunshine always thinks it's gonna rainWhen Emma falls in love I know that boy will never be the same'Cause she's the kind of book that you can't put downLike if Cleopatra grew up in a small townAnd all the bad boys would be good boysIf they only had a chance to love herAnd to tell you the truth, sometimes I wish I was herWhen Emma falls in love it's all on her faceHangs in the air like stars in outer spaceWhen Emma falls in love she disappearsAnd we all just laugh after seeing it all these yearsWhen Emma falls apart, it's when she's aloneShe takes on the pain and bears it on her own'Cause when Emma falls in love she's in it for keepsShe won't walk away unless she knows she absolutely has to leave'Cause she's the kind of book that you can't put downLike if Cleopatra grew up in a small townAnd all the bad boys would be good boysIf they only had a chance to love herAnd to tell you the truth, sometimes I wish I was herWell, she's so New York when she's in LAShe won't lose herself in love the way that I did'Cause she'll call you out, she'll put you in your placeWhen Emma falls in love, I'm learningEmma met a boy with eyes like a manTurns out her heart fits right in the palm of his handNow he'll be her shelter when it rainsLittle does he know his whole world is about to change'Cause she's the kind of book that you can't put downLike if Cleopatra grew up in a small townAnd all the bad boys would be good boysIf they only had a chance to love herAnd to tell you the truth, sometimes I wish I was herYeah, between me and you, sometimes I wish I was her;82.217;Taylor Swift
When Love And Hate Collide (feat. Def Leppard);https://www.letras.mus.br/taylor-swift/1534354/;You could have a change of heartIf you would only change your mindInstead of slamming down the phone babyFor the hundredth timeI got your number on my wallBut I ain't gonna make that callWhen divided we stand babyUnited we fallGot the time got a chance gonna make itGot my hands on your heart gonna take itAll I know I can't fight this flameOh you could have a change of heartIf you would only change your mindCause I'm crazy 'bout you babyTime after timeWithout youOne night aloneIs like a year without you babyDo you have a heart of stoneWithout youI Can't stop the hurt insideWhen love and hate collideI don't wanna fight no moreI don't know what we're fighting forWhen we treat each other babyLike an act of warAnd I could tell a million liesAnd it would come as no surpriseWhen the truth is like a strangerHits you right between the eyesThere's a time and a place and a reasonAnd I know I got a love to believe inAll I know got to win this timeWithout youOne night aloneIs like a year without you babyDo you have a heart of stoneWithout youI Can't stop the hurt insideWhen love and hate collideYou could have a change of heartIf you would only change your mindCause I'm crazy 'bout you babyCrazy, CrazyWithout youOne night aloneIs like a year without you babyDo you have a heart of stoneWithout youOne night aloneIs like a year without you babyIf you have a heart at allWithout youCan't stop the hurt insideWhen love and hate collide;32.033;Joe Elliott / Phil Collen / Rick Allen / Rick Savage / Vivian Campbell
White Blank Page;https://www.letras.mus.br/taylor-swift/1867043/;Can you lie next to her and give her your heart, your heart?As well as your body, and can you lie next to her and confess your love, your love?As well as your folly and can you kneel before the king and say I'm clean, I'm cleanBut tell me now where was my fault, in loving you with my whole heart?Oh tell me now where was my fault, in loving you with my whole heart?Her white blank page and a swelling rage, rageYou did not think when you sent me to the brink, to the brinkYou desired my attention but denied my affections, my affectionsSo tell me now where was my fault, in loving you with my whole heart?Oh tell me now where was my fault, in loving you with my whole heart?Heart, heart...Lead me to the truth and I will follow you with my whole lifeOh lead me to the truth and I will follow you with my whole lifeHeart, heart...;10.164;Mumford / Sons
White Christmas;https://www.letras.mus.br/taylor-swift/1155150/;I'm dreaming of a white ChristmasJust like the ones I used to knowWhere the tree tops glisten and children listenTo hear sleigh bells in the snowI'm dreaming of a white ChristmasWith every Christmas card I writeMay your days be merry and brightAnd may all your Christmases be whiteI'm dreaming of a white ChristmasJust like the ones I used to knowSo may your days be merry and brightAnd may all your Christmases be whiteMay your days be merry and brightAnd may all your Christmases be white;31.640;Irving Berlin
White Horse;https://www.letras.mus.br/taylor-swift/1343174/;Say you're sorry, that face of an angelComes out just when you need it toAs I paced back and forth all this time'Cause I honestly believed in youHolding on the days drag onStupid girl, I should've known, I should've knownThat I'm not a princessThis ain't a fairytaleI'm not the one you'll sweep off her feetLead her up the stairwellThis ain't HollywoodThis is a small townI was a dreamer before you went and let me downNow it's too late for you and your white horseTo come aroundMaybe I was naive, got lost in your eyesAnd never really had a chanceMy mistake, I didn't know to be in loveYou had to fight to have the upper handI had so many dreams about you and meHappy endings, but now I knowThat I'm not a princessThis ain't a fairytaleI'm not the one you'll sweep off her feetLead her up the stairwellThis ain't HollywoodThis is a small townI was a dreamer before you went and let me downNow it's too late for you and your white horseTo come aroundAnd there you are on your kneesBegging for forgiveness, begging for meJust like I always wanted, but I'm so sorry'Cause I'm not your princessThis ain't a fairytaleI'm gonna find someone somedayWho might actually treat me wellThis is a big worldThat was a small townThere in my rearview mirror disappearing nowAnd it's too late for you and your white horseNow it's too late for you and your white horseTo catch me nowOh, oh, oh, ohTry and catch me nowIt's too late to catch me now;955.558;Liz Rose / Taylor Swift
Who I've Always Been;https://www.letras.mus.br/taylor-swift/1973101/;You walk in here with your guitar manYour shiny boots and your full-on bandA smile on your face, a knife in your handSinging songs you got memorizedWith whatever talent money buysSo polished that it slips right through your handsBut don't worry yourself, I ain't your competitionBut don't flatter yourself, that was never my intentionI want to talk about what you are that I ain'tLet's talk about what you do that I can'tLet's talk about me and you in an empty room and who winsLet's talk about what you did to get hereLet's talk about blood and sweat and tearsLet's talk about what you want to be and who I've always beenI walk in here with a beat up caseThe same guitar I've always playedAnd the words I wrote down on a pageWhen I was 12 years old and small town raisedYou tell the crowd you're paying duesI tell them this is what I doAnd it's what I put my life intoAs I breathe the smoke and cheap perfumeAnd say life on music row is rough conditionsOh, but the easy ride was never my ambitionI want to talk about what you are that I ain'tLet's talk about what you do that I can'tLet's talk about me and you in an empty room and who winsLet's talk about what you did to get hereLet's talk about blood and sweat and tearsLet's talk about what you want to be and who I've always beenLet's talk about your childhood daysYou were the prom queen, I was on this stageSo where's that crown gotten you these daysWhen it's me and you and the same damn games?So what have you got that I ain't?And what do you do that I can't?Let's put me and you in an empty room and see who winsLet's talk about what you did to get hereLet's talk about blood and sweat and tearsLet's talk about who you want to be, girlAnd who I've always been;6.939;Taylor Swift
Who Says;https://www.letras.mus.br/taylor-swift/1991781/;Wouldn't wanna be anybody elseYou made me insecureTold me I wasn't good enoughBut who are you to judgeWhen you're a diamond in the roughI'm sure you got some thingsYou'd like to change about yourselfBut when it comes to meI wouldn't want to be anybody elseNa na naNa na naI'm no beauty queenI'm just beautiful meNa na naNa na naYou've got every rightTo a beautiful lifeC'monWho saysWho says you're not perfectWho says you're not worth itWho says you're the only one that's hurtingTrust meThat's the price of beautyWho says you're not prettyWho says you're not beautifulWho saysIt's such a funny thingHow nothing's funny when it's youYou tell 'em what you meanBut they keep whiting out the truthIt's like a work of artThat never gets to see the lightKeep you beneath the starsWon't let you touch the skyNa na naNa na naI'm no beauty queenI'm just beautiful meNa na naNa na naYou've got every rightTo a beautiful lifeC'monWho saysWho says you're not perfectWho says you're not worth itWho says you're the only one that's hurtingTrust meThat's the price of beautyWho says you're not prettyWho says you're not beautifulWho saysWho says you're not start potentialWho says you're not presidentialWho says you can't be in moviesListen to me, listen to meWho says you don't pass the testWho says you can't be the bestWho said, who saidWon't you tell me who said thatWho saysWho says you're not perfectWho says you're not worth itWho says you're the only one that's hurtingTrust meThat's the price of beautyWho says you're not prettyWho says you're not beautiful (2x);17.626;Selena Gomez
Who's Afraid of Little Old Me?;https://www.letras.mus.br/taylor-swift/whos-afraid-of-little-old-me/;The who's who of who's that is poised for the attackBut my bare hands paved their pathsYou don't get to tell me about sadIf you wanted me dead you should've just saidNothing makes me feel more aliveSo I leap from the gallows and I levitate down your streetCrash the party like a record scratch as I screamWho’s afraid of little old me?You should beThe scandal was containedThe bullet had just grazedAt all costs, keep your good nameYou don't get to tell me you feel badIs it a wonder I broke?Let's hear one morе jokeThen we could all just laugh until I crySo I lеap from the gallows and I levitate down your streetCrash the party like a record scratch as I screamWho's afraid of little old me?I was tame, I was gentle till the circus life made me meanDon't you worry, folks, we took out all her teethWho's afraid of little old me?Well, you should be (you should be)You should be (you should be)You should beYou should be (you should be)You should be (you should be)You should beSo tell me everything is not about me, but what if it is?Then say they didn't do it to hurt me, but what if they did?I wanna snarl and show you just how disturbed this has made meYou wouldn't last an hour in the asylum where they raised meSo all you kids can sneak into my house with all the cobwebsI'm always drunk on my own tears, isn't that what they all said?That I'll sue you if you step on my lawnThat I'm fearsome, and I'm wretched and I'm wrongPut narcotics into all of my songsAnd that's why you're still singing alongSo I leap from the gallows and I levitate down your streetCrash the party like a record scratch as I screamWho’s afraid of little old me?I was tame, I was gentle till the circus life made me meanDon't you worry, folks, we took out all her teethWho's afraid of little old me?Well you should be (you should be)You should be (you should be)You should be'Cause you lured me (you should be)And you hurt me (you should be)And you taught meYou caged me and then you called me crazyI am what I am 'cause you trained meSo who's afraid of me?So who's afraid of little old me?Who's afraid of little old me?;350.416;Taylor Swift
Why She Disappeared;https://www.letras.mus.br/taylor-swift/why-she-disappeared/;When she fell, she fell apartCracked her bones on the pavement she once decoratedAs a child with sidewalk chalkWhen she crashed, her clothes disintegrated and blew awayWith the winds that took all of her fair-weather friendsWhen she looked around, her skin was spattered with inkForming the words of a thousand voicesEchoes she heard even in her sleepWhatever you say, it is not rightWhatever you do, it is not enoughYour kindness is fakeYour pain is manipulativeWhen she lay there on the groundShe dreamed of time machines and revengeAnd a love that was really somethingNot just the idea of somethingWhen she finally rose, she rose slowlyAvoiding old haunts and sidestepping shiny penniesWary of phone calls and promisesCharmers, dandies and get-love-quick-schemesWhen she stood, she stood with a desolate knowingnessWaded out into the dark, wild ocean up to her neckBathed in her brokennessSaid a prayer of gratitude for each chink in the armorShe never knew she neededStanding broad-shouldered next to herWas a love that was really somethingNot just the idea of somethingWhen she turned to go homeShe heard the echoes of new wordsMay your heart remain breakableBut never by the same hand twiceAnd even louderWithout your pastYou could never have arrived-So wondrously and brutallyBy design or some violent, exquisite happenstanceHereAnd in the death of her reputationShe felt truly alive;72.972;Taylor Swift
Wildest Dreams;https://www.letras.mus.br/taylor-swift/wildest-dreams/;He said: Let's get out of this townDrive out of the cityAway from the crowdsI thought: Heaven can't help me nowNothing lasts foreverBut this is gonna take me downHe's so tall and handsome as hellHe's so bad, but he does it so wellI can see the end as it beginsMy one condition isSay you'll remember meStanding in a nice dressStaring at the sunset, babeRed lips and rosy cheeksSay you'll see me againEven if it's just in yourWildest dreams, ah, ah, aahWildest dreams, ah, ah, aahI said: No one has to know what we doHis hands are in my hairHis clothes are in the roomAnd his voice is a familiar soundNothing lasts foreverBut this is getting good nowHe's so tall and handsome as hellHe's so bad, but he does it so wellAnd when we've had our very last kissMy last request, it isSay you'll remember meStanding in a nice dressStaring at the sunset, babeRed lips and rosy cheeksSay you'll see me againEven if it's just in yourWildest dreams, ah, ah, aah (aah)Wildest dreams, ah, ah, aahYou'll see me in hindsightTangled up with you all nightBurning it downSomeday, when you leave meI bet these memoriesFollow you aroundYou'll see me in hindsightTangled up with you all nightBurning (burning) it (it) down (down)Someday, when you leave meI bet these memoriesFollow (follow) you (you) around (around) (follow you around)Say you'll remember meStanding in a nice dressStaring at the sunset, babeRed lips and rosy cheeksSay you'll see me againEven if it's just pretendSay you'll remember meStanding in a nice dressStaring at the sunset, babeRed lips and rosy cheeksSay you'll see me againEven if it's just in your (just pretend, just pretend)Wildest dreams, ah, ah, aah (aah)Wildest dreams, ah, ah, aahEven if it's just in your wildest dreams, ah, ah, aahIn your wildest dreams, ah, ah, aah;1.929.294;Max Martin Martin / Shellback / Taylor Swift
willow;https://www.letras.mus.br/taylor-swift/willow/;I'm like the water when your ship rolled in that nightRough on the surface, but you cut through like a knifeAnd if it was an open-shut caseI never would have known from the look on your faceLost in your current like a priceless wineThe more that you say, the less I knowWherever you stray, I followI'm begging for you to take my handWreck my plans, that's my manLife was a willow and it bent right to your windHead on the pillow, I can feel you sneakin' inAs if you are a mythical thingLike you were a trophy or a champion ringAnd there was one prize I'd cheat to winThe more that you say, the less I knowWherever you stray, I followI'm begging for you to take my handWreck my plans, that's my manYou know that my train could take you homeAnywhere else is hollowI'm begging for you to take my handWreck my plans, that's my manLife was a willow, and it bent right to your windThey count me out time and time againLife was a willow, and it bent right to your windBut I come back stronger than a '90s trendWait for the signal, and I'll meet you after darkShow me the places where the others gave you scarsNow this is an open-shut caseI guess I should've known from the look on your faceEvery bait-and-switch was a work of artThe more that you say, the less I knowWherever you stray, I followI'm begging for you to take my handWreck my plans, that's my manYou know that my train could take you homeAnywhere else is hollowI'm begging for you to take my handWreck my plans, that's my manThe more that you say, the less I knowWherever you stray, I followI'm begging for you to take my handWreck my plans, that's my manYou know that my train could take you homeAnywhere else is hollowI'm begging for you to take my handWreck my plans, that's my manHey, that's my manThat's my manYeah, that's my manEvery bait-and-switch was a work of artThat's my manHey, that's my manI'm begging for you to take my handWreck my plans, that's my man;850.315;Aaron Dessner / Taylor Swift
Without Solution;https://www.letras.mus.br/taylor-swift/without-solution/;Will I fit in your heart?All times wasted without youLove without the very heartWasted no reasonAll the same feelings without feelingDealing with time I criedIn the time that I built inside meThe days in which we planWithout control fearIn that get lost inside of meThe way it cameI have not forgotten the same dayAll the words that I saidAs if being deadBut here I am sinkingI'm dying againCome and put your portion about meI'm more than readyAfter all this timeSinking and wasting my lifeAll the time I pretend youTelling me that I felt very wellAll credits when I donatedAll feelings exhaustedYou become part of my lifeSo quickly that neither I realizeTaught me the mysteries of lifeNow, I'm just beingDo not worry about me, loveAll times lastingNow, do not spend a secondThanks for being in my lifeAll those nights we spent togetherIn search of dreamsIt seems that everything is a nightmareYou were always on my sideWhen needed you mostYou took care of meEven with so many troublesI'm bankrupt in his loveWhat had justMore in one placeNow I'm no solutionNow I'm no solutionNow I'm no solutionHis overwhelming love got me likeFalling into their trapNow I'm no solutionNow I'm no solutionNow I'm no solution;2.131;Lubernazaco
Wonderland;https://www.letras.mus.br/taylor-swift/wonderland-2/;Flashing lights and weTook a wrong turn and weFell down a rabbit holeYou held on tight to me'Cause nothing's as it seemsAnd spinning out of controlDidn't they tell us: Don't rush into things?Didn't you flash your green eyes at me?Haven't you heard what becomes of curious minds?Ooh, didn't it all seem new and exciting?I felt your arms twisting around meI should have slept with one eye open at nightWe found WonderlandYou and I got lost in itAnd we pretended it could last forever (eh, eh)We found WonderlandYou and I got lost in itAnd life was never worse, but never better(Eh, eh, eh, eh, eh, eh, eh, eh) in Wonderland(Eh, eh, eh, eh, eh, eh) in Wonderland(Eh, eh, eh, eh, eh, eh) in Wonderland(Eh, eh, eh, eh, eh, eh) in WonderlandSo we went on our wayToo in love to think straightAll alone, or so it seemedBut there were strangers watchingAnd whispers turned to talkingAnd talking turned to screams, ohDidn't they tell us: Don't rush into things?Didn't you flash your green eyes at me?Didn't you calm my fears with a Cheshire Cat smile?Ooh, didn't it all seem new and exciting?I felt your arms twisting around meIt's all fun and games till somebody loses their mindBut, darling, we found WonderlandYou and I got lost in itAnd we pretended it could last forever (eh, eh)We found WonderlandYou and I got lost in itAnd life was never worse, but never better(Eh, eh, eh, eh, eh, eh, eh, eh) in Wonderland(Eh, eh, eh, eh, eh, eh) eh, eh, in Wonderland(Eh, eh, eh, eh, eh, eh) in Wonderland(Eh, eh, eh, eh, eh, eh) woah, in WonderlandI reached for you, but you were goneI knew I had to go back homeYou searched the world for something elseTo make you feel like what we hadAnd in the end, in Wonderland, we both went mad(Oh) we found WonderlandYou and I got lost in itAnd we pretended it could last forever (eh, eh) (could last forever)We found WonderlandYou and I got lost in it (got lost in it)And life was never worse, but never better (never better)(Eh, eh, eh, eh, eh, eh, eh) we found Wonderland(Eh, eh, eh, eh, eh, eh) you and I got lost in it (in Wonderland)(Eh, eh, eh, eh, eh, eh) and we pretended it could last forever (in Wonderland)(Eh, eh, eh, eh, eh, eh) we found Wonderland(Eh, eh, eh, eh, eh, eh) you and I got lost in it (in Wonderland)(Eh, eh, eh, eh, eh) and life was never worse, but never betterIn Wonderland;327.264;Taylor Swift / Max Martin / Shellback
Would've, Could've, Should've;https://www.letras.mus.br/taylor-swift/wouldve-couldve-shouldve/;If you would've blinked, then I would'veLooked away at the first glanceIf you tasted poison, you could'veSpit me out at the first chanceAnd if I was some paint, did it splatterOn a promising grown man?And if I was a child, did it matterIf you got to wash your hands?Oh, all I used to do was prayWould've, could've, should'veIf you'd never looked my wayI would've stayed on my kneesAnd I damn sure never would've danced with the devilAt nineteenAnd the God's honest truth is that the pain was heavenAnd now that I'm grown, I'm scared of ghostsMemories feel like weaponsAnd now that I know, I wish you'd left me wonderingIf you never touched me, I would'veGone along with the righteousIf I never blushed, then they could'veNever whispered about thisAnd if you never saved me from boredomI could've gone on as I wasBut, Lord, you made me feel importantAnd then you tried to erase usOh, you're a crisis of my faithWould've, could've, should'veIf I'd only played it safeI would've stayed on my kneesAnd I damn sure never would've danced with the devilAt nineteenAnd the God's honest truth is that the pain was heavenAnd now that I'm grown, I'm scared of ghostsMemories feel like weaponsAnd now that I know, I wish you'd left me wonderingGod rest my soulI miss who I used to beThe tomb won't closeStained glass windows in my mindI regret you all the timeI can't let this goI fight with you in my sleepThe wound won't closeI keep on waiting for a signI regret you all the timeIf clarity's in death, then why won't this die?Years of tearing down our banners, you and ILiving for the thrill of hitting you where it hurtsGive me back my girlhood, it was mine firstAnd I damn sure never would've danced with the devilAt nineteenAnd the God's honest truth is that the pain was heavenAnd now that I'm grown, I'm scared of ghostsMemories feel like weaponsAnd now that I know, I wish you'd left me wonderingGod rest my soulI miss who I used to beThe tomb won't closeStained glass windows in my mindI regret you all the timeI can't let this goI fight with you in my sleepThe wound won't closeI keep on waiting for a signI regret you all the timeOh, God, rest my soulI miss who I used to beThe tomb won't closeStained glass windows in my mindI regret you all the timeI can't let this goI fight with you in my sleepThe wound won't closeI keep on waiting for a signI regret you all the time;295.364;Aaron Dessner / Taylor Swift
You All Over Me (feat. Maren Morris);https://www.letras.mus.br/taylor-swift/you-all-over-me-feat-maren-morris/;Once the last drop of rain has dried off the pavementShouldn't I find a stain, but I never doThe way the tires turn stones on old county roadsThey leave 'em muddy underneath reminds me of youYou find graffiti on the walls of old bathroom stallsYou know, you can scratch it right off it's how it used to beBut like the dollar in your pocket that's been spent and traded inYou can't change where it's been reminds me of meAnd I lived, and I learnedHad you, got burnedHeld out, and held onGod knows, too longAnd wasted time lost tearsSwore that I'd get out of hereBut no amount of freedom gets you cleanI've still got you all over meThe best and worst day of JuneWas the one that I met youWith your hands in your pocketsAnd your: Don't you wish you had me grin?But I did, so I smiled and I melted like a childNow every breath of air I breathe reminds me of thenAnd I lived, and I learnedHad you, got burnedHeld out, and held onGod knows, too long and wasted timeLost tears, swore that I'd get out of hereBut no amount of freedom gets you cleanI've still got you all over meAnd I lived, and I learnedAnd found out what it was to turn aroundAnd see that weWere never really meant to beSo I lied, and I criedAnd I watched a part of myself die'Cause no amount of freedom gets you cleanI've still got you all over meI've still got you all over meI've still got you all over me;75.383;Scooter Carusoe / Taylor Swift
You Are In Love;https://www.letras.mus.br/taylor-swift/you-r-in-love/;One look, dark roomMeant just for youTime moved too fastYou play it backButtons on a coatLighthearted jokeNo proof, not muchBut you saw enoughSmall talk, he drivesCoffee at midnightThe light reflectsThe chain on your neckHe says: Look upAnd your shoulders brushNo proof, one touchBut you felt enoughYou can hear it in the silence (silence), silence (silence) (you)You can feel it on the way home (way home), way home (way home) (you)You can see it with the lights out (lights out), lights out (lights out)You are in love (in love), true love (true love)You are in loveMorning, his placeBurn toast, SundayYou keep his shirtHe keeps his wordAnd for once you let goOf your fears and your ghostsOne step, not muchBut it said enoughYou kiss on sidewalksYou fight, then you talkOne night, he wakesStrange look on his facePauses, then saysYou're my best friendAnd you knew what it wasHe is in loveYou can hear it in the silence (silence), silence (silence) (you)You can feel it on the way home (way home), way home (way home) (you)You can see it with the lights out (lights out), lights out (lights out)You are in love (in love), true love (true love)You are in loveAnd so it goesYou two are dancing in a snowglobe, 'round and 'roundAnd he keeps a picture of you in his office downtownAnd you understand now why they lost their mindsAnd fought the warsAnd why I've spent my whole life trying to put it into words'Cause you can hear in the silenceYou can feel it on the way homeYou can see it with the lights outYou are in love, true loveYou are in loveYou can hear it in the silence (silence), silence (silence) (you)You can feel it on the way home (way home), way home (way home) (you)You can see it with the lights out (lights out), lights out (lights out)You are in love (in love), true love (true love)You are in loveYou can hear it in the silence, silence (you)You can feel it on the way home (way home), way home (way home) (you)You can see it with the lights out (lights out), lights out (lights out)You are in love (in love), true love (true love)You are in love;290.074;Jack Antonoff / Taylor Swift
You Belong With Me;https://www.letras.mus.br/taylor-swift/1372185/;You're on the phone with your girlfriend, she's upsetShe's going off about something that you said'Cause she doesn't get your humor like I doI'm in my room, it's a typical Tuesday nightI'm listening to the kind of music she doesn't likeAnd she'll never know your story like I do'Cause she wears short skirts, I wear t-shirtsShe's cheer captain and I'm on the bleachersDreaming 'bout the day when you wake up and findThat what you're looking for has been here the whole timeIf you could see that I'm the one who understands youBeen here all along, so why can't you see?You belong with meYou belong with meWalking in the streets with you and your worn-out jeansI can't help thinking this is how it ought to beLaughing on a park bench thinking to myselfHey, isn't this easy?And you've got a smile that could light up this whole townI haven't seen it in a while since she brought you downYou say you're fine, I know you better than thatHey, what ya doing with a girl like that?She wears high heels, I wear sneakersShe's cheer captain and I'm on the bleachersDreaming about the day when you wake up and findThat what you're looking for has been here the whole timeIf you could see that I'm the one who understands youBeen here all along, so why can't you see?You belong with meStanding by and waiting at your backdoorAll this time how could you not know, baby?You belong with meYou belong with meOh, I remember you driving to my houseIn the middle of the nightI'm the one who makes you laughWhen you know you're about to cryI know your favorite songsAnd you tell me about your dreamsThink I know where you belongThink I know it's with meCan't you see that I'm the one who understands you?Been here all along, so why can't you see?You belong with meStanding by and waiting at your backdoorAll this time how could you not know, baby?You belong with meYou belong with meYou belong with meHave you ever thought just maybeYou belong with meYou belong with me;4.054.210;Liz Rose / Taylor Swift
You Do;https://www.letras.mus.br/taylor-swift/you-do/;Here I am once againIn your driveway, thinking I should be leavingI should go, but it's soEntertaining watching you breathingWell, you went and got to me likeThe stupid song on the radioThat you try to forgetBut it sticks in your headSo goodbye, it's not goodnight'Cause I'll be seeing you in my dreamingBoy, you got me like a shock to the heartGot me shakin' so bad, spilled my coffee in the carCaught a red light I ran right throughGotta call my friends and tell them all about youOh, it's looking like one of those timesWhen you're thinkin' 'bout a kiss 'till the morning lightYou've got me, you doIn a daze, pull the shadesClose my eyes and picture you at my windowI relax, I go backTo all the things you said that only I knowBoy, you got me like a shock to the heartGot me shakin' so bad, spilled my coffee in the carCaught a red light I ran right throughGotta call all my friends and tell them all about youOh, it's looking like one of those nightsWhen you're thinkin' 'bout a kiss 'til the morning lightYou've got me, you doI run in out to my carAnd I pull out the driveIt's only been ten minutesBut I have to see you one more time'Cause you got me like a shock to the heartGot me shakin' so bad, spilled my coffee in the carCaught a red light I ran right throughGotta call all my friends and tell them all about youAnd it's looking like one of those nightsWhen you're thinkin' 'bout a kiss 'till the morning lightYou've got me, you doYou've got me, you do;4.621;Sabe de quem é a composição? Envie pra gente.
You Got It All... Wrong;https://www.letras.mus.br/taylor-swift/1511292/;You wanna dance you really wanna let it goYou want it bad but this time they told you to goYou want itYou try it fast when you really should do it slowYou got it bad and it's time I told you noYou're on itBad it's true, but I don't wanna knowWhat you had or you didSo just let it goOh no!You wanna laugh and you really wanna let them knowYou're so relaxed and you really gonna let it showYou want itDo you recall when we were two of a kindBut you chose your way, and I chose mineYou're on itBad it's true, but I don't wanna knowWhat you had or you didSo just let it goOh no!Remote controlled but you got it allOh no!You stand ten feet tall, cause you got it allOh no!Remote controlled but you got it all and you got it allBut you got it all wrong!We had a laugh, but it turned into a coughWe got along but now I wanna get offYou're on itI was a kid when I did what you doI put a lid on and thought that's it, I'm throughYou're on itBad it's true, but I don't wanna knowWhat you had or you didSo just let it goOh no!Remote controlled but you got it allOh no!You stand ten feet tall, cause you got it allOh no!Remote controlled but you got it allOh no!You stand ten feet tall, cause you got it allOh no!And when I say you lose it, you don't believe it at allOh no!It's such a long way to fall, the writings on the wallOh no!But when I said you'd lose it, I can't even recallOh no!If it was the best of all your brain a bit too smallBecause you got it all, you got it all, you got it allBut you got it all wrong!;20.965;Sabe de quem é a composição? Envie pra gente.
You Learn / Baby / She's So High / You Belong With Me;https://www.letras.mus.br/taylor-swift/you-learn-baby-shes-so-high-you-belong-with-me-medley/;You live, you learnYou love, you learnYou cry, you learnYou lose, you learnYou bleed, you learnYou scream, you learnYou know you love me,I know you careYou shout whenever, and I'll be thereYou want my love, you want my heartAnd we will never ever ever be apartAnd I was likeBaby, baby, baby ooohMy baby, baby, baby nooMy baby, baby, baby ooohI thought you'd always be mine mineShe's so highHigh above meShe's so lovelyShe's so highLike Cleopatra, Joan of Arc, or AphroditeIf you could seeThat I'm the oneWho understands youBeen here all alongSo why can't youSee, you belong with meStanding by and waiting at your backdoorAll this timeHow could you not know babyYou belong with meYou belong with meYou're on the phone with your girlfriend, she's upsetShe's going off about Something that you saidShe doesn't get your humor like I doI'm in my roomIt's a typical Tuesday nightI'm listening to the kind of musicShe doesn't likeShe'll never know your story like I doBut she wears short skirts, I wear t-shirtsShe's cheer captain, and I'm on the bleachersDreaming about the day when you wake up and findThat what you're looking for has been here the whole timeIf you could see that I'm the one Who understands youBeen here all along so why can't you see meYou belong with meYou belong with meWalking the streetsWith you and your worn out jeansI can't help thinking this is how it ought to beLaughing on a park bench thinking to myselfHey, isn't this easy?And you've got a smileThat could light up this whole townI haven't seen it in a whileSince she brought you downYou say you're fineI know you better than thatHey what are you doing with a girl like thatBut she wears high heelsI wear sneakersShe's cheer captainI'm on the bleachersDreaming about the dayWhen you wake up and findThat what you're looking forHas been here the whole timeIf you could see That I'm the one Who understands youBeen here all along So why can't you seeyou belong with meStanding by and waiting at your backdoorAll this time, How could you not know, babyYou belong with meYou belong with meOh, I remember you Driving to my houseIn the middle of the nightI'm the one who makes you laughWhen you know you're about to cryAnd I know your favorite songsAnd you tell me about your dreamsThink I know where you belongThink I know it's with meYou can see that I'm the one Who understands youBeen here all along so why can't you see?You belong with meStanding by and waiting at your backdoorAll this time, how could you not know babyYou belong with meYou belong with meYou can see that I'm the one Who understands youBeen here all along so why can't you see?You belong with meStanding by and waiting at your backdoorAll this time, how could you not know babyYou belong with meYou belong with meYou belong with meHave you ever thought, just maybeYou belong with meYou belong with me;3.363;Sabe de quem é a composição? Envie pra gente.
You Need To Calm Down;https://www.letras.mus.br/taylor-swift/you-need-to-calm-down/;You are somebody that I don't knowBut you're taking shots at me like it's PatrónAnd I'm just like: DamnIt's 7 AMSay it in the street, that's a knock-outBut you say it in a tweet, that's a cop-outAnd I'm just like: HeyAre you okay?And I ain't tryna mess with your self-expressionBut I've learned a lesson that stressing and obsessing 'bout somebody else is no funAnd snakes and stones never broke my bonesSo oh-oh, oh-oh, oh-oh, oh-oh, oh-ohYou need to calm downYou're being too loudAnd I'm just like oh-oh, oh-oh, oh-oh, oh-oh, oh-oh (oh)You need to just stopLike, can you just not step on my gown?You need to calm downYou are somebody that we don't knowBut you're coming at my friends like a missileWhy are you madWhen you could be GLAAD? (You could be GLAAD)Sunshine on the street at the paradeBut you would rather be in the dark agesMaking that signMust've taken all nightYou just need to take several seats and then try to restore the peaceAnd control your urges to scream about all the people you hate'Cause shade never made anybody less gaySo oh-oh, oh-oh, oh-oh, oh-oh, oh-ohYou need to calm downYou're being too loudAnd I'm just like oh-oh, oh-oh, oh-oh, oh-oh, oh-oh (oh)You need to just stopLike, can you just not step on his gown?You need to calm downAnd we see you over there on the internetComparing all the girls who are killing itBut we figured you out, we all know nowWe all got crownsYou need to calm downOh-oh, oh-oh, oh-oh, oh-oh, oh-ohYou need to calm down (you need to calm down)You're being too loud (you're being too loud)And I'm just like oh-oh, oh-oh, oh-oh, oh-oh, oh-oh (oh)You need to just stop (can you stop?)Like, can you just not step on our gowns?You need to calm down;733.742;Joel Little / Taylor Swift
You Need To Calm Down (remix) (feat. Clean Bandit);https://www.letras.mus.br/taylor-swift/you-need-to-calm-down-clean-bandit-remix/;You are somebody that I don't knowBut you're takin' shots at me like it's PatrónAnd I'm just like, damn, it's 7 AMSay it in the street, that's a knock-outBut you say it in a Tweet, that's a cop-outAnd I'm just like, hey, are you okay?And I ain't tryna mess with your self-expressionBut I've learned a lesson that stressin'And obsessin' 'bout somebody else is no funAnd snakes and stones never broke my bonesSo oh-oh, oh-oh, oh-oh, oh-oh, oh-ohYou need to calm down, you're being too loudAnd I'm just like oh-oh, oh-oh, oh-oh, oh-oh, oh-oh (oh)You need to just stop, like can you just not step on my gown?You need to calm downYou are somebody that we don't knowBut you're comin' at my friends like a missileWhy are you mad when you could be GLAAD? (You could be GLAAD)Sunshine on the street at the paradeBut you would rather be in the dark agesMakin' that sign must've taken all nightYou just need to take several seatsAnd then try to restore the peaceAnd control your urges to screamAbout all the people you hate'Cause shade never made anybody less gaySo oh-oh, oh-oh, oh-oh, oh-oh, oh-ohYou need to calm down, you're being too loudAnd I'm just like oh-oh, oh-oh, oh-oh, oh-oh, oh-oh (oh)You need to just stop, like can you just not step on his gown?You need to calm downAnd we see you over there on the internetComparing all the girls who are killing itBut we figured you outWe all know now we all got crownsYou need to calm downOh-oh, oh-oh, oh-oh, oh-oh, oh-ohYou need to calm down (you need to calm down)You're being too loud (you're being too loud)And I'm just like oh-oh, oh-oh, oh-oh, oh-oh, oh-oh (oh)You need to just stop (can you stop?)Like can you just not step on our gowns?You need to calm down;2.816;Joel Little / Taylor Swift
You're Losing Me;https://www.letras.mus.br/taylor-swift/youre-losing-me/;You say: I don't understand, and I say: I know you don'tWe thought a cure would come through in time, now, I fear it won'tRemember looking at this room, we loved it 'cause of the lightNow I just sit in the dark and wonder if it's timeDo I throw out everything we built or keep it?I'm getting tired, even for a phoenixAlways rising from the ashesMending all her gashesYou might just have dealt the final blowStop, you're losing meStop, you're losing meStop, you're losing meI can't find a pulseMy heart won't start anymoreFor you'Cause you're losing meEvery morning, I glared at you with storms in my eyesHow can you say that you love someone you can't tell is dying?I sent you signals and bit my nails down to the quickMy face was gray, but you wouldn't admit that we were sickAnd the air is thick with loss and indecisionI know my pain is such an impositionNow, you're running down the hallwayAnd you know what they all sayYou don't know what you got until it's goneStop, you're losing meStop, you're losing meStop, you're losing meI can't find a pulseMy heart won't start anymoreFor you'Cause you're losing me'Cause you're losing meStop (stop)'Cause you're losing meMy heart won't start anymore (stop, 'cause you're losing me)My heart won't start anymore (stop, 'cause you're losing me)How long could we be a sad song?Till we were too far gone to bring back to life?I gave you all my best me's, my endless empathyAnd all I did was bleed as I tried to be the bravest soldierFighting in only your army, frontlines, don't you ignore meI'm the best thing at this party (you're losing me)And I wouldn't marry me eitherA pathological people pleaserWho only wanted you to see herAnd I'm fading, thinkingDo something, babe, say something (say something)Lose something, babe, risk something (you're losing me)Choose something, babe, I got nothing (I got nothing)To believe, unless you're choosing meYou're losing meStop (stop, stop), you're losing meStop (stop, stop), you're losing meI can't find a pulseMy heart won't start anymore;654.671;Jack Antonoff / Taylor Swift / Aaron Dessner
You're Not Sorry;https://www.letras.mus.br/taylor-swift/1364667/;All this time I was wastingHoping you would come aroundI've been giving out chances every timeAnd all you do is let me downAnd it's taken me this long, babyBut I've figured you outAnd you're thinking we'll be fine againBut not this time aroundYou don't have to call anymoreI won't pick up the phoneThis is the last strawDon't wanna hurt anymoreAnd you can tell me that you're sorryBut I don't believe you, babyLike I did beforeYou're not sorry, no, no, no, noYou're looking so innocentI might believe you if I didn't knowCould've loved you all my lifeIf you hadn't left me waiting in the coldAnd you've got your share of secretsAnd I'm tired of being last to know, ohAnd now you're asking me to listen'Cause it's worked each time beforeBut you don't have to call anymoreI won't pick up the phoneThis is the last strawDon't wanna hurt anymoreAnd you can tell me that you're sorryBut I don't believe you, babyLike I did beforeYou're not sorry, no, noYou're not sorry, no, noYou had me crawling for you, honeyAnd it never would've gone away, noYou used to shine so brightBut I watched all of it fadeSo you don't have to call anymoreI won't pick up the phoneThis is the last strawThere's nothing left to beg forAnd you can tell me that you're sorryBut I don't believe you, babyLike I did beforeYou're not sorry, no, noYou're not sorry, no, noNo, no, no, no, noNo, no, no, no, no, no, noWoah, oh, oh, oh, oh, oh, ohOh, oh, oh, noNo, no, no, no, no;405.538;Taylor Swift
You're Not Sorry (CSI Remix);https://www.letras.mus.br/taylor-swift/youre-not-sorry-csi-remix/;All this time I was wastingHoping you would come aroundI've been giving out chances every timeAnd all you do is let me downAnd it's taking me this longBaby but I figured you outAnd you're thinking we'll be fine againBut not this time aroundYou don't have to call anymoreI won't pick up the phoneThis is the last strawDon't wanna hurt anymoreAnd you can tell me that you're sorryBut I don't believe you babyLike I did beforeYou're not sorry, no no, no noLooking so innocentI might believe you if I didn't knowCould've loved you all my lifeIf you hadn't left me waiting in the coldAnd you got your share of secretsAnd I'm tired of being last to knowAnd now you're asking me to listenCause it's worked each time beforeBut you don't have to call anymoreI won't pick up the phoneThis is the last strawDon't wanna hurt anymoreAnd you can tell me that you're sorryBut I don't believe you babyLike I did beforeYou're not sorry, no noYou're not sorry, no noYou had me crawling for you honeyAnd it never would've gone away, noYou used to shine so brightBut I watched all of it fadeYou don't have to call anymoreI won't pick up the phoneThis is the last straw there's nothing left to beg forAnd you can tell me that you're sorryBut I don't believe you babyLike I did before you're not sorryNo, no, noYou're not sorry, no no (no);206;Taylor Swift
You're Not Sorry / All Goes Around;https://www.letras.mus.br/taylor-swift/1672008/;All this time I was wastingHoping you would come aroundI've been givin' out chances every timeAnd all you do is let me downAnd it's taken me this long babyBut I figured you outAnd you think it would be fine againBut not this time aroundYou don't have to call anymoreI won't pick up the phoneThis is the last strawDon't wanna hurt anymoreAnd you can tell me that you're sorryBut I don't believe you babyLike I did beforeYou're not sorryOh no, no, noLooking so innocentI might believe you if I didn't knowCould've loved you all my lifeIf you hadn't left me waitin' in the coldAnd you got to share your secretsAnd I'm tired of being last to knowAnd now you're asking me to listenCause it's worked each time beforeBut you don't have to call anymoreI won't pick up the phoneThis is the last strawDon't wanna hurt anymoreAnd you can tell me that you're sorryBut I don't believe you babyLike I did beforeYou're not sorryNo, no, OhYou're not sorryNo, no, OhYou had me crawling for you honeyAnd it never would have gone away, noYou used to shine so brightBut watched all of it fade(All Goes Around - Justin Timberlake Cover)Don't wanna think about itDon't wanna talk about itI'm just so sick about itI can't believe it's ending this wayJust so confused about itFeeling the blues about itI just can't do without yaTell me is this fairIs the way it's really going down?Is this how we say goodbye?Shoulda known better when you came aroundThat you were gonna make me cryIt's breaking my heart to watch you run aroundCause I know that you're living a lieBut that's ok, baby, cause in time you will findWhat goes around, goes around, goes around, comes all the way back aroundWhat goes around, goes around, goes around, comes all the way back aroundWhat goes around, goes around, goes around, comes all the way back aroundWhat goes around, goes around, goes around, comes all the way back aroundYeahWhat goes around, goes around, goes around, comes all the way back aroundWhat goes around, goes around, goes around, comes all the way back aroundWhat goes around, goes around, goes around, comes all the way back aroundWhat goes around, goes around, goes around, comes all the way back aroundYeahSo you don't have to call anymoreI won't pick up the phoneThis is the last strawThere's nothing left to beg forAnd you can tell me that you're sorryBut I don't believe you babyLike I did beforeYou're not sorryNo, no, OhNo, noYou spend your nights aloneAnd she never comes homeAnd everytime you call her, all you get is a busy toneWhat she's doing to youWhat you did to meTale as old as timeBoy, you got what you deserved;14.418;Taylor Swift
You're On Your Own, Kid;https://www.letras.mus.br/taylor-swift/youre-on-your-own-kid/;Summer went away, still, the yearning staysI play it cool with the best of themI wait patiently, he's gonna notice meIt's okay, we're the best of friendsAnywayI hear it in your voice, you're smoking with your boysI touch my phone as if it's your faceI didn't choose this town, I dream of getting outThere's just one who could make me stayAll my daysFrom sprinkler splashes to fireplace ashesI waited ages to see you thereI searched the party of better bodiesJust to learn that you never caredYou're on your own, kidYou always have beenI see the great escape, so long, Daisy MaeI picked the petals, he loves me notSomething different bloomed, writing in my roomI play my songs in the parking lotI'll run awayFrom sprinkler splashes to fireplace ashesI called a taxi to take me thereI searched the party of better bodiesJust to learn that my dreams aren't rareYou're on your own, kidYou always have beenFrom sprinkler splashes to fireplace ashesI gave my blood, sweat, and tears for thisI hosted parties and starved my bodyLike I'd be saved by a perfect kissThe jokes weren't funny, I took the moneyMy friends from home don't know what to sayI looked around in a blood-soaked gownAnd I saw something they can't take away'Cause there were pages turned with the bridges burnedEverything you lose is a step you takeSo, make the friendship bracelets, take the moment and taste itYou've got no reason to be afraidYou're on your own, kidYeah, you can face thisYou're on your own, kidYou always have been;738.861;Taylor Swift / Jack Antonoff
Your Anything;https://www.letras.mus.br/taylor-swift/1235826/;Bet you lie awake at night, trying to make up your sweet mindWondering if you'll ever find just what you wantA home-town number one or a cowboy and loaded gunBut you know you'll make it one, well that's what you thoughtHere's what you got:ChorusI could be your favorite blue jeans with the holes in the kneesIn the bottom of the top drawer.I could be your little beauty queen, just a little out of reach,Or the girl living next door.I'll be your angel giving up her wings.If that's what you need, I'd give everything to be your anything.Be your anythingIf you want hard to get, if you want ... (giggles)All you have to do is let me know.If you want a bumpy ride, or someone with a softer sideEither one'll be alright, just let me know.Is this where we go?I could be your favorite blue jeans with the holes in the kneesIn the bottom of the top drawer.I could be your little beauty queen, just a little out of reach,Or the girl living next door.I'll be your angel giving up her wings.If that's what you need, I'd give everything to be your anything.It's not like I'm giving up who I am for youBut with someone like you, it's just so easy to do.I could be your favorite blue jeans with the holes in the kneesIn the bottom of the top drawer.I could be your little beauty queen, just a little out of reach,Or the girl living next door.I'll be your angel giving up her wings.If that's what you need, I'd give everything to be your anything. (2x);32.786;Sabe de quem é a composição? Envie pra gente.
Your Face;https://www.letras.mus.br/taylor-swift/1301685/;I heard a songTonight on the radioAnother girl sings about a boyShe sees his faceIn every space, every roomAnd I know thatIf I turn around youWon't be thereIf I close my eyesWill you be there?I don't wanna lose your faceAnd I don't wanna wake up one dayAnd not remember what time erasedI don't wanna turn around'Cause I'm not scaredOf what love gave me and took awayAnd I don't wanna lose your faceI've got a picture of youIn my bedroomAnd I hope it never fallsI hope I never lose that feelinI used to get when you calledAnd then I wonder to myselfWho are you, where are youWere you ever here at all?I don't wanna lose your faceAnd I don't wanna wake up one dayAnd not remember what time erasedI don't wanna turn around'Cause I'm not scaredOf what love gave me and took awayAnd I don't wanna lose your faceThat girl in the songHad it so goodI wish I could close my eyesAnd see youI wish the sky had your faceAnd the oceans had your eyesAnd the sunset had your lipsAnd I had youI don't wanna lose your faceAnd I don't wanna wake up one dayAnd not remember what time erasedI don't wanna turn around'Cause I'm not scaredOf what love gave me and took awayAnd I don't wanna lose your faceOh, no, noI don't wanna lose your faceI don't wanna turn aroundOh, oh, oh;70.216;Sabe de quem é a composição? Envie pra gente.
